监管文件编号,主题,文件名称,发文字号,发布日期,时效状态
RFN-344cac5f135b22be,T1销售行为与消费者保护,关于印发《保险兼业代理管理暂行办法》的通知,保监发[2000]144号,2000-08-09,repealed
RFN-c80e1ebc19b1b605,T1销售行为与消费者保护,关于分红保险销售人员从业年限条件的通知（已废止）,保监发[2000]252号,2005-12-19,repealed
RFN-127e28adb342a8cb,T1销售行为与消费者保护,关于规范人身保险经营行为有关问题的通知（已废止）,保监发[2000]133号,2005-12-19,repealed
RFN-255f2ffb3344ec7f,T1销售行为与消费者保护,关于贯彻执行保险中介机构管理规定有关问题的通知,保监发〔2001〕195号,2005-12-19,valid
RFN-e85247e670b4cf47,T1销售行为与消费者保护,关于调整投资连结保险销售人员资格限制的通知（已失效）,保监发〔2001〕137号,2005-12-19,expired
RFN-3ff60475d67decf3,T1销售行为与消费者保护,关于加强保险代理业务管理有关问题的通知,保监发〔2001〕158号,2005-12-19,valid
RFN-b37fedf7a00a8e8c,T2产品与精算制度,关于加强新型产品销售管理工作的紧急通知（已失效）,保监发〔2002〕35号,2005-12-19,expired
RFN-e5c9143ec2516746,T8机构准入与组织监管,关于执行《保险公司营销服务部管理办法》有关事项的通知,保监发〔2002〕25号,2005-12-20,repealed
RFN-5dee4a762b15b1ef,T8机构准入与组织监管,《保险公司营销服务部管理办法》废止令（中国保险监督管理委员会令2009年第2号）,保监会令〔2002〕1号,2009-10-21,valid
RFN-37187a0550e339b8,T1销售行为与消费者保护,关于保险兼业代理机构外设网点合规性等问题的复函,保监办函〔2003〕136号,2005-12-19,valid
RFN-9518bd88f7bb8ae5,T1销售行为与消费者保护,关于加强银行代理人身保险业务管理的通知（已废止）,保监发〔2003〕25号,2005-12-19,repealed
RFN-7b748ed64f5b01d8,T10数据治理与信息披露,关于修订保险中介监管报表有关事宜的通知,保监发〔2003〕143号,2005-12-19,valid
RFN-808e4d5936f1598e,T1销售行为与消费者保护,关于保险营销员工商登记有关问题的通知（已废止）,保监办发〔2003〕90号,2005-12-19,repealed
RFN-b2aa69abdc44dd7a,T1销售行为与消费者保护,关于妥善处理人身保险新型产品客户投诉有关问题的通知（已失效）,保监办发〔2003〕24号,2005-12-19,expired
RFN-f9f3907f57cda0c0,T1销售行为与消费者保护,关于发布保险中介从业人员职业道德指引的通知,保监发〔2004〕143号,2005-12-19,valid
RFN-1ece336900ef4ca6,T1销售行为与消费者保护,关于落实《国家税务总局中国保险监督管理委员会关于规范保险中介服务发票有关问题的通知》的通知（已废止）,保监发〔2004〕57号,2005-12-19,repealed
RFN-f32c810b83446232,T8机构准入与组织监管,关于保险中介机构设立分支机构有关事项的通知,保监发〔2004〕1号,2005-12-19,valid
RFN-a62e18ba957ab6d7,T2产品与精算制度,关于银行代理销售投资连结和万能保险产品的通知（已废止）,保监发〔2004〕22号,2005-12-19,repealed
RFN-7b2738a04086507f,T2产品与精算制度,关于人身保险新型产品销售区域有关问题的通知（已失效）,保监发〔2004〕66号,2005-12-19,expired
RFN-7513caa410e286c5,T1销售行为与消费者保护,关于规范银行代理保险业务的通知,国税发〔2004〕51号,2006-07-04,valid
RFN-6106eb1cfa89c082,T1销售行为与消费者保护,关于印发《保险中介机构外部审计指引》的通知,保监发〔2005〕1号,2005-12-22,valid
RFN-eb50909f70be5f39,T1销售行为与消费者保护,关于加强保险公估机构管理的通知,保监中介〔2005〕619号,2005-07-14,valid
RFN-db6909510692f430,T1销售行为与消费者保护,关于加强万能保险销售管理有关事项的通知,保监发〔2005〕94号,2005-10-26,valid
RFN-e8c0d6c9e201231a,T1销售行为与消费者保护,关于规范寿险公司赠送保险有关行为的通知,保监发〔2005〕98号,2005-11-01,valid
RFN-27f996b11536bc0b,T8机构准入与组织监管,关于印发《保险中介机构法人治理指引（试行）》和《保险中介机构内部控制指引（试行）》的通知（已废止）,保监发〔2005〕21号,2005-12-22,repealed
RFN-399edab2a63677f2,T1销售行为与消费者保护,关于规范人身保险业务有关问题的通知,保监发〔2005〕22号,2005-12-22,valid
RFN-3bb7e36bdf374796,T1销售行为与消费者保护,关于明确保险营销员佣金构成的通知,保监发〔2006〕48号,2006-05-24,valid
RFN-778619b33b988a39,T1销售行为与消费者保护,关于规范保险经纪、公估机构法人许可证期满换发流程的通知,保监厅发〔2006〕48号,2006-07-01,valid
RFN-e66b61bef8b5b765,T1销售行为与消费者保护,关于促进农村人身保险健康规范发展的通知（已废止）,保监发〔2006〕105号,2006-10-19,repealed
RFN-716a2ec78544f772,T1销售行为与消费者保护,保险销售从业人员监管办法,保监会令〔2013〕2号,2013-01-15,repealed
RFN-31e260aef067c3a4,T1销售行为与消费者保护,关于印发《保险营销员诚信记录管理办法》的通知,保监发〔2007〕98号,2007-10-09,valid
RFN-97ed5b70a6aee3b1,T1销售行为与消费者保护,关于规范保险营销团队管理的通知,保监发〔2007〕93号,2007-09-27,valid
RFN-ddb2c9cf3445983d,T2产品与精算制度,关于加强航空意外保险管理有关事项的通知,保监发〔2007〕94号,2007-09-26,valid
RFN-a416e99a11f00300,T7反洗钱与反恐怖融资,中国人民银行 国家金融监督管理总局 中国证券监督管理委员会令〔2025〕第11号（金融机构客户尽职调查和客户身份资料及交易记录保存管理办法）,中国保险监督管理委员会令〔2007〕第2号,2025-11-28,valid
RFN-39f8c53608f7b422,T10数据治理与信息披露,关于加强保险中介机构信息化建设的通知,保监发〔2007〕28号,2007-04-25,valid
RFN-bdcf2e6288ea2d45,T1销售行为与消费者保护,关于加强投资连结保险销售管理有关事项的通知,保监发〔2007〕76号,2007-09-11,valid
RFN-56eadda7a101a149,T1销售行为与消费者保护,关于保险中介市场发展的若干意见（已废止）,保监发〔2007〕107号,2007-11-28,repealed
RFN-3310d99e961c2ade,T1销售行为与消费者保护,关于规范代理制保险营销员管理制度的通知（已废止）,保监发〔2007〕123号,2007-12-26,repealed
RFN-065949029b3a294c,T1销售行为与消费者保护,关于实施农村保险营销员资格分类管理有关事宜的通知,保监发〔2008〕17号,2008-03-14,valid
RFN-dc3d3bc52b3c5889,T1销售行为与消费者保护,关于加强人身保险收付费相关环节风险管理的通知,保监发〔2008〕97号,2008-11-17,valid
RFN-e2c9508cb1532948,T1销售行为与消费者保护,关于印发《保险专业中介机构分类监管暂行办法》的通知,保监发〔2008〕122号,2009-01-04,valid
RFN-9924f4571c35d789,T9风险处置与案件合规,关于遏制保险中介机构挪用侵占保费违法违规行为的通知,保监发〔2008〕117号,2009-01-14,valid
RFN-c923da73935a62fa,T1销售行为与消费者保护,关于公布保险理赔（给付）程序 进一步做好理赔服务工作的通知,保监发〔2008〕100号,2008-11-25,valid
RFN-b9e94212a13f4880,T1销售行为与消费者保护,关于提示人身保险银邮代理业务风险的通知,保监寿险〔2008〕576号,2008-05-22,valid
RFN-c7ee30cfb4e294d6,T1销售行为与消费者保护,关于促进寿险公司电话营销业务规范发展的通知,保监发〔2008〕38号,2008-05-28,valid
RFN-233baf71fb13ddc2,T1销售行为与消费者保护,关于进一步规范代理制保险营销员管理有关问题的通知,保监厅发〔2008〕27号,2008-06-04,valid
RFN-f016ac399473a884,T1销售行为与消费者保护,关于调整农村保险营销员资格直接授予方案报备程序的通知,保监中介〔2008〕1075号,2008-08-26,valid
RFN-a0dea92c7cb3e043,T1销售行为与消费者保护,关于调整保险经纪、保险公估法人许可证换发和高级管理人员任职资格核准工作流程有关事宜的通知,保监发〔2008〕119号,2009-01-11,valid
RFN-b7257d89ba777dcf,T1销售行为与消费者保护,关于进一步加强投资连结保险销售管理的通知,保监发〔2009〕10号,2009-02-02,valid
RFN-bac68062f80d3053,T1销售行为与消费者保护,关于加强和完善保险营销员管理工作有关事项的通知,保监发〔2009〕98号,2009-10-09,valid
RFN-96ac98a56e401cdd,T1销售行为与消费者保护,关于贯彻落实《保险专业代理机构监管规定》、《保险经纪机构监管规定》、《保险公估机构监管规定》有关事宜的通知,保监发〔2009〕130号,2009-12-31,valid
RFN-28b33b7919097bdb,T1销售行为与消费者保护,关于推进投保提示工作的通知,保监发〔2009〕68号,2009-06-03,valid
RFN-6ea73d00894ffb08,T10数据治理与信息披露,关于发布《寿险柜面服务规范》行业标准的通知,保监发〔2009〕32号,2009-04-16,valid
RFN-404b1753c48bdcd1,T2产品与精算制度,关于加快业务结构调整进一步发挥保险保障功能的指导意见,保监发〔2009〕11号,2009-02-09,valid
RFN-60aec5122f4c8f5e,T1销售行为与消费者保护,关于改革完善保险营销员管理体制的意见,保监发〔2010〕84号,2010-10-21,valid
RFN-201ab43ff9f14a29,T1销售行为与消费者保护,关于进一步加强和完善保险营销员管理工作有关事项的通知,保监中介〔2010〕544号,2010-05-24,valid
RFN-9510822956113cd9,T1销售行为与消费者保护,关于单位能否为员工投保个人保险产品的复函,保监厅函[2010]111号,2010-03-30,valid
RFN-ee2a85429237e4b1,T1销售行为与消费者保护,关于意外险出单管理有关问题的复函,保监寿险[2010]1066号,2010-09-03,repealed
RFN-e5f6438ee020d740,T2产品与精算制度,关于规范激活注册式意外险业务经营行为的通知,保监寿险〔2010〕921号,2010-08-06,valid
RFN-78d47fac28a8319e,T1销售行为与消费者保护,关于保险公司中介业务检查中代理人、经纪人佣金监管有关问题的通知,保监中介〔2010〕507号,2010-05-10,valid
RFN-afe4f139484908f1,T8机构准入与组织监管,关于规范保险公司相互代理业务有关事项的通知,保监中介〔2010〕325号,2010-04-07,valid
RFN-ddfffd5a5aa8bb42,T9风险处置与案件合规,关于依法严肃处理保险公司中介业务违法违规机构和责任人员有关问题的通知,保监中介〔2010〕248号,2010-03-23,valid
RFN-f125bc8f22821dfc,T1销售行为与消费者保护,关于加强保险公司中介业务管理的通知,保监发[2010]107号,2010-12-23,valid
RFN-b1c08c3785a08395,T1销售行为与消费者保护,关于加强银行代理寿险业务结构调整促进银行代理寿险业务健康发展的通知（已废止）,保监发〔2010〕4号,2010-01-19,repealed
RFN-30fe8eab1eae6696,T1销售行为与消费者保护,关于严格规范保险专业中介机构激励行为的通知,保监中介〔2010〕1333号,2010-11-18,valid
RFN-6d5fe958d8be4cc1,T1销售行为与消费者保护,关于进一步规范人身保险电话营销和电话约访行为的通知,保监发〔2010〕99号,2010-12-07,valid
RFN-5adce45a2655d6c3,T1销售行为与消费者保护,关于调整保险营销员诚信记录登记事项的通知,保监发〔2011〕27号,2011-05-27,valid
RFN-fde12c590486cfd5,T1销售行为与消费者保护,关于加强保险公司与商业银行保单质押贷款业务合作管理有关问题的通知,保监寿险〔2011〕1312号,2011-08-29,valid
RFN-7caadd410cf2edcf,T1销售行为与消费者保护,关于印发《保险中介服务集团公司监管办法（试行）》的通知,保监发〔2011〕54号,2011-10-09,valid
RFN-7f16772184818047,T1销售行为与消费者保护,关于规范人身保险业务经营有关问题的通知,保监发〔2011〕36号,2011-07-01,valid
RFN-752423551e5257fe,T1销售行为与消费者保护,关于印发《保险代理、经纪公司互联网保险业务监管办法（试行）》的通知,保监发〔2011〕53号,2011-09-27,valid
RFN-eddfdcf713ef5e47,T1销售行为与消费者保护,中国保监会关于印发《人身保险业综合治理销售误导评价办法（试行）》的通知,保监发〔2012〕105号,2012-11-10,valid
RFN-bcfc514b94391a98,T1销售行为与消费者保护,中国保监会关于印发《人身保险公司销售误导责任追究指导意见》的通知,保监发〔2012〕99号,2012-11-09,valid
RFN-a429aecda05abca9,T1销售行为与消费者保护,中国保监会关于印发《人身保险销售误导行为认定指引》的通知,保监发〔2012〕87号,2012-10-16,valid
RFN-0e22460fd96dca27,T1销售行为与消费者保护,关于人身保险业综合治理销售误导有关工作的通知,保监发〔2012〕14号,2012-02-16,valid
RFN-9f118d8b4f935440,T1销售行为与消费者保护,关于尽快遏制电销扰民有关事项的通知,保监消保〔2012〕1436号,2012-12-20,valid
RFN-79d528d0366d0068,T1销售行为与消费者保护,关于做好保险消费者权益保护工作的通知,保监发〔2012〕9号,2012-02-09,valid
RFN-3c3859b938b9a995,T1销售行为与消费者保护,关于进一步规范保险专业中介机构激励行为的通知,保监中介〔2012〕202号,2012-03-13,valid
RFN-0e1df71593d3a9f3,T8机构准入与组织监管,关于进一步规范保险中介市场准入的通知（已废止）,保监中介〔2012〕693号,2013-09-02,repealed
RFN-aedbf0e9b08f138f,T1销售行为与消费者保护,中国保监会关于印发《人身保险电话销售业务管理办法》的通知,保监发〔2013〕40号,2013-05-02,valid
RFN-3426f86e4664d8a4,T1销售行为与消费者保护,关于实施《保险专业代理机构基本服务标准》《保险经纪机构基本服务标准》《保险公估机构基本服务标准》的通知,保监发〔2013〕3号,2013-01-21,valid
RFN-46e6b360a0b63c9b,T1销售行为与消费者保护,中国保监会关于进一步发挥保险经纪公司促进保险创新作用的意见,保监发〔2013〕16号,2013-03-01,valid
RFN-486bfdb11f7dfd67,T1销售行为与消费者保护,中国保监会办公厅关于保险销售、保险经纪、保险公估从业人员资格证书和执业证书有关事项的通知,保监厅发〔2013〕30号,2013-04-23,repealed
RFN-0bd80ef2b6fcaebc,T1销售行为与消费者保护,中国保监会关于印发《人身保险公司服务评价管理办法》的通知,保监发〔2013〕73号,2013-09-26,valid
RFN-949ffc4890a853bb,T1销售行为与消费者保护,中国保监会关于严格规范非保险金融产品销售的通知,保监发〔2014〕90号,2014-11-18,valid
RFN-6025708b82d19a85,T1销售行为与消费者保护,关于印发《中国保监会关于加强保险消费者权益保护工作的意见》的通知,保监发〔2014〕89号,2014-11-18,repealed
RFN-8b17476e653926b8,T1销售行为与消费者保护,中国保监会关于保险中介从业人员管理有关问题的通知,保监中介〔2015〕139号,2015-08-03,valid
RFN-c8bb43e3d0cc918d,T2产品与精算制度,中国保监会关于规范人身保险公司赠送保险有关行为的通知,保监发〔2015〕12号,2015-01-29,valid
RFN-b2dc070aae6d7995,T1销售行为与消费者保护,保险经纪机构监管规定（2015年修订）,中国保险监督管理委员会令2009年第6号,2015-12-03,valid
RFN-d13e858182803995,T1销售行为与消费者保护,中国保监会关于印发《保险小额理赔服务指引（试行）》的通知,保监消保〔2015〕201号,2015-11-03,valid
RFN-449377d09304d076,T1销售行为与消费者保护,关于印发《保险公司服务评价管理办法（试行）》的通知,保监发〔2015〕75号,2015-08-04,valid
RFN-166ed20d89384579,T8机构准入与组织监管,中国保监会关于实施再保险登记管理有关事项的通知,保监发〔2015〕28号,2015-03-12,valid
RFN-3d2e4e77b9696c64,T1销售行为与消费者保护,保险公估机构监管规定（2015年修订）,中国保险监督管理委员会令2009年第7号,2015-12-03,valid
RFN-55f91e7c0fcda473,T1销售行为与消费者保护,中国保监会关于印发《互联网保险业务监管暂行办法》的通知,保监发〔2015〕69号,2015-07-27,repealed
RFN-70560b5acf8d17f8,T10数据治理与信息披露,关于发布《保险机构投诉处理规范（JR/T 0127－2015）》行业标准的通知,保监发〔2015〕70号,2015-08-10,repealed
RFN-e334d8cce1f13776,T1销售行为与消费者保护,中国保监会关于深化保险中介市场改革的意见,保监发〔2015〕91号,2015-09-23,valid
RFN-1eb5a997aca74bd9,T1销售行为与消费者保护,中国保监会关于进一步规范保险理赔服务有关事项的通知,保监寿险〔2016〕131号,2016-07-26,valid
RFN-a7368ce63f54a8ed,T6养老与健康保险专项,中国保监会关于发布《保险公司参与社会医疗保险服务数据交换规范（JR/T 0147-2016）》行业标准的通知,保监发〔2016〕70号,2016-08-30,valid
RFN-4ab1a1555817bbc8,T1销售行为与消费者保护,中国保监会关于印发《保险销售行为可回溯管理暂行办法》的通知,保监发〔2017〕54号,2017-07-10,valid
RFN-d2e7a82477f02321,T1销售行为与消费者保护,中国保监会关于进一步加强人身保险公司销售管理工作的通知,保监人身险〔2017〕136号,2017-05-19,valid
RFN-456cbc25ed7abfd4,T1销售行为与消费者保护,关于加强自媒体营销宣传行为管理的通知,银保监发〔2018〕27号,2018-06-01,pending
RFN-9d16004cb5c41e51,T6养老与健康保险专项,中国银行保险监督管理委员会关于印发《个人税收递延型商业养老保险业务管理暂行办法》的通知,的通知银保监发〔2018〕23号,2018-05-18,valid
RFN-580182301b2bbb2f,T2产品与精算制度,关于印发 《个人税收递延型商业养老保险产品开发指引 》的通知,银保监发〔2018〕20号,2018-05-29,pending
RFN-e4ad445337272c70,T5资金运用与资产负债管理,中国银保监会关于保险资产管理公司设立专项产品有关事项的通知,银保监发〔2018〕65号,2018-10-25,pending
RFN-2faa19cd0d52b724,T2产品与精算制度,中国银行保险监督管理委员会办公厅关于印发人身保险公司《精算报告》编报规则的通知,编报规则的通知银保监办发〔2018〕45号,2018-06-12,valid
RFN-1801df174a88699e,T6养老与健康保险专项,中国银保监会关于扩大老年人住房反向抵押养老保险开展范围的通知,银保监发〔2018〕43号,2018-08-08,valid
RFN-4519bfab6d37349a,T5资金运用与资产负债管理,中国银保监会关于印发《个人税收递延型商业养老保险资金运用管理暂行办法》的通知,的通知银保监发〔2018〕32号,2018-07-06,repealed
RFN-94a1e55c54595567,T1销售行为与消费者保护,保险经纪人监管规定,中国保险监督管理委员会令〔2018〕3号,2018-02-09,valid
RFN-fdd4c59c39fd50f8,T1销售行为与消费者保护,保险公估人监管规定,保监会令〔2018〕2号,2018-02-09,pending
RFN-c616b2b4ff8e65be,T1销售行为与消费者保护,中国银行保险监督管理委员会关于放开外资保险经纪公司经营范围的通知,银保监发〔2018〕19号,2018-04-27,pending
RFN-41cbdba31797f083,T1销售行为与消费者保护,中国银行保险监督管理委员会关于印发《保险公估基本准则》的通知,银保监发〔2018〕21号,2018-05-29,valid
RFN-37ef5d9afec33701,T8机构准入与组织监管,中国银保监会关于允许境外投资者来华经营保险公估业务的通知,银保监发〔2018〕29号,2018-06-28,valid
RFN-97dd365b27c0157a,T8机构准入与组织监管,中国银保监会关于允许境外投资者来华经营保险代理业务的通知,银保监发〔2018〕30号,2018-06-28,valid
RFN-763780caf95292c6,T1销售行为与消费者保护,中国银保监会关于切实加强和改进保险服务的通知,银保监发〔2018〕40号,2018-08-08,pending
RFN-39c0fc086c78c90d,T1销售行为与消费者保护,中国银保监会办公厅关于做好港澳台居民居住证使用工作有关事项的通知,银保监办发[2018]83号,2018-09-01,pending
RFN-c497a8d9d2e8134e,T5资金运用与资产负债管理,中国银行保险监督管理委员会关于保险资金参与长租市场有关事项的通知,银保监发〔2018〕26号,2018-06-01,pending
RFN-29968296549c56bc,T10数据治理与信息披露,中国银保监会办公厅关于进一步做好信贷工作 提升服务实体经济质效的通知,银保监办发〔2018〕76号,2018-08-18,pending
RFN-723ff41eb9823b54,T4公司治理与股权关联交易,中国银保监会关于印发《保险机构独立董事管理办法》的通知,的通知银保监发〔2018〕35号,2018-07-09,valid
RFN-19f7ec81e17cdf73,T3资本与偿付能力监管,中国银保监会关于印发《保险公司偿付能力监管规则——问题解答第1号：偿付能力监管等效框架协议过渡期内的香港地区再保险交易对手违约风险因子》的通知,的通知银保监发[2018]34号,2018-07-17,repealed
RFN-adec00b96bdb096e,T10数据治理与信息披露,中国银行保险监督管理委员会关于发布《保险电子签名技术应用规范(JRT0161-2018)》行业标准的通知,银保监发〔2018〕17号,2018-05-09,valid
RFN-79ee1919cdfd991e,T10数据治理与信息披露,中国银保监会关于发布《保险业车联网基础数据元目录(JR/T0165-2018)》行业标准的通知,银保监发〔2018〕44号,2018-08-22,valid
RFN-2c2826f69b405f9f,T6养老与健康保险专项,中国银行保险监督管理委员会 财政部 人力资源社会保障部 税务总局关于印发《个人税收递延型商业养老保险产品开发指引》的通知,的通知银保监发〔2018〕20号,2018-05-07,valid
RFN-799c0c56335d722d,T5资金运用与资产负债管理,中国银保监会办公厅关于报送保险资产负债管理能力自评估结果有关事项的通知,银保监办发[2018]78号,2018-08-20,valid
RFN-6f569cc29f16a71b,T2产品与精算制度,中国银保监会办公厅关于完善人身保险业责任准备金评估利率形成机制及调整责任准备金评估利率有关事项的通知,银保监办发〔2019〕182号,2019-08-30,pending
RFN-6c7d2ac10152570c,T2产品与精算制度,中国银保监会办公厅关于规范两全保险产品有关问题的通知,银保监办发[2019]228号,2019-12-04,valid
RFN-280bba93cfa3b5dd,T1销售行为与消费者保护,中国银保监会办公厅关于加强保险公司中介渠道业务管理的通知,银保监办发〔2019〕19号,2019-02-26,valid
RFN-c845291d924f0b48,T1销售行为与消费者保护,中国人民银行 中国银行保险监督管理委员会 中国证券监督管理委员会 国家外汇管理局关于进一步规范金融营销宣传行为的通知（银发〔2019〕316号）,银发〔2019〕316号,2019-12-25,pending
RFN-1f6000fdb3c3a1ba,T1销售行为与消费者保护,中国银保监会办公厅关于坚决杜绝保险机构及从业人员违规销售非保险金融产品的通知,银保监办发〔2019〕20号,2019-02-01,valid
RFN-0101b070be1f1aa2,T1销售行为与消费者保护,《关于开展保险公司销售从业人员执业登记数据清核工作的通知》,银保监办发〔2019〕71号,2019-03-15,valid
RFN-e5a60d918465f9ee,T1销售行为与消费者保护,中国银保监会办公厅关于印发《商业银行代理保险业务管理办法》的通知,银保监办发〔2019〕179号,2019-08-27,pending
RFN-8d08e4069595e6da,T1销售行为与消费者保护,中国银保监会办公厅关于开展银行保险机构侵害消费者权益乱象整治工作的通知,中国银保监会办公厅关于开展银行保险机构侵害消费者权益乱象整治工作的通知银保监办发〔2019〕194号,2019-10-10,valid
RFN-73253ae1a83ce441,T1销售行为与消费者保护,中国银保监会关于银行保险机构加强消费者权益保护工作体制机制建设的指导意见,银保监发〔2019〕38号,2019-11-08,pending
RFN-de6540d3191cfce5,T1销售行为与消费者保护,中国银保监会关于开展“巩固治乱象成果 促进合规建设”工作的通知,银保监发[2019]23号,2019-07-10,pending
RFN-88426bc7bf3c8268,T7反洗钱与反恐怖融资,中国银保监会办公厅关于进一步做好银行业保险业反洗钱和反恐怖融资工作的通知,银保监办发[2019]238号,2019-12-30,pending
RFN-47dbf8f341cf0db8,T5资金运用与资产负债管理,中国银保监会关于印发《保险资产负债管理监管暂行办法》的通知,的通知银保监发〔2019〕32号,2019-08-07,valid
RFN-7cccd232fc36550e,T5资金运用与资产负债管理,中国银保监会办公厅关于保险资金投资集合信托有关事项的通知,银保监办发〔2019〕144号,2019-07-01,pending
RFN-dcf8ffb8f9bc1eee,T5资金运用与资产负债管理,中国银保监会办公厅关于保险资金参与信用风险缓释工具和信用保护工具业务的通知,中国银保监会办公厅关于保险资金参与信用风险缓释工具和信用保护工具业务的通知银保监办发〔2019〕121号,2019-05-15,valid
RFN-bcc821eac1f4f5bf,T3资本与偿付能力监管,中国银保监会关于印发《保险公司偿付能力监管规则——问题解答第2号：无固定期限资本债券》的通知,银保监发〔2019〕22号,2019-05-07,pending
RFN-ad1d22dc64f02096,T1销售行为与消费者保护,中国银保监会办公厅关于取消部分证明材料的通知,银保监办发〔2019〕181号,2019-09-03,pending
RFN-f598e0fe8cbc03e3,T4公司治理与股权关联交易,中国银保监会关于银行保险机构员工履职回避工作的指导意见,银保监发[2019]50号,2019-12-25,valid
RFN-6e4930b6f52a0afa,T4公司治理与股权关联交易,中国银保监会关于印发保险公司关联交易管理办法的通知,银保监发〔2019〕35号,2019-08-25,pending
RFN-96b765bc4ce98ec5,T1销售行为与消费者保护,关于保险企业手续费及佣金支出税前扣除政策的公告,财政部、税务总局公告2019年第72号,2019-05-28,valid
RFN-a3abd303e6febeca,T8机构准入与组织监管,中国银保监会办公厅关于延长保险公司跨京津冀区域经营备案管理试点有效期的通知,银保监办发[2019]105号,2019-04-10,valid
RFN-2044962215470332,T8机构准入与组织监管,中国银保监会办公厅关于明确取消合资寿险公司外资股比限制时点的通知,银保监办发〔2019〕230号,2019-12-06,valid
RFN-11debc850c92d549,T5资金运用与资产负债管理,中国银保监会关于将澳门纳入保险资金境外可投资地区的通知,银保监发[2019]48号,2019-12-16,valid
RFN-801959f225db4a1f,T2产品与精算制度,中国银保监会办公厅关于印发普通型人身保险精算规定的通知,银保监办发[2020]7号,2020-02-06,valid
RFN-6e384e54b9892ea1,T2产品与精算制度,中国银保监会办公厅关于强化人身保险精算监管有关事项的通知,银保监办发[2020]6号,2020-02-21,valid
RFN-8e6afa271b0e491d,T2产品与精算制度,中国银保监会办公厅关于加快推进意外险改革的意见,银保监办发[2020]4号,2020-03-05,valid
RFN-cb9c47c7e07b7034,T2产品与精算制度,中国银保监会关于使用《中国人身保险业重大疾病经验发生率表（2020）》有关事项的通知,银保监发[2020]51号,2020-11-05,pending
RFN-7f43eecb5fb0cab5,T2产品与精算制度,中国银保监会办公厅关于长期医疗保险产品费率调整有关问题的通知,银保监办发[2020]27号,2020-04-02,valid
RFN-8956cecc20380d22,T1销售行为与消费者保护,中国银保监会关于规范互联网保险销售行为可回溯管理的通知,银保监发[2020]26号,2020-06-30,valid
RFN-dbacd268f2e2a3ab,T1销售行为与消费者保护,互联网保险业务监管办法,中国银行保险监督管理委员会令[2020]13号,2020-12-14,valid
RFN-51abefb17e408d4d,T1销售行为与消费者保护,保险代理人监管规定,中国银行保险监督管理委员会令[2020]11号,2020-11-12,pending
RFN-538246b44e55863d,T1销售行为与消费者保护,中国银行保险监督管理委员会办公厅关于发展独立个人保险代理人有关事项的通知,银保监办发[2020]118号,2020-12-23,pending
RFN-b6f2e3de87f56668,T1销售行为与消费者保护,中国银保监会办公厅关于落实保险公司主体责任 加强保险销售人员管理的通知,银保监办发[2020]41号,2020-05-19,pending
RFN-07f18128a3d26c01,T6养老与健康保险专项,中国银保监会办公厅关于进一步规范健康保障委托管理业务有关事项的通知,银保监办发[2020]13号,2020-02-26,valid
RFN-2c90ae467fcf41f9,T6养老与健康保险专项,中国银保监会办公厅关于规范保险公司健康管理服务的通知,银保监办发[2020]83号,2020-09-09,pending
RFN-78e7878746afaafd,T1销售行为与消费者保护,中国银保监会办公厅关于切实加强保险专业中介机构从业人员管理的通知,银保监办发[2020]42号,2020-05-19,pending
RFN-cf9bf8df3fefb087,T1销售行为与消费者保护,银行业保险业消费投诉处理管理办法,中国银行保险监督管理委员会令[2020]3号,2020-01-17,pending
RFN-27e45ffafb1ca5e4,T3资本与偿付能力监管,中国银保监会办公厅关于规范银行业金融机构协助有权机关办理保险公司资本保证金账户查询、冻结、扣划有关事宜的通知,银保监办发[2020]91号,2020-09-17,valid
RFN-ca5ea9313202f162,T5资金运用与资产负债管理,中国银保监会关于优化保险机构投资管理能力监管有关事项的通知,银保监发[2020]45号,2020-10-10,pending
RFN-c534c41e49d25c85,T5资金运用与资产负债管理,中国银保监会关于保险资金财务性股权投资有关事项的通知,银保监发[2020]54号,2020-11-13,pending
RFN-1c7a2ea96bfada4e,T5资金运用与资产负债管理,中国银保监会办公厅关于印发保险资金参与金融衍生产品交易办法等三个文件的通知,银保监办发[2020]59号,2020-07-01,valid
RFN-903014c1644dab9b,T5资金运用与资产负债管理,中国银保监会办公厅关于保险资金投资债转股投资计划有关事项的通知,银保监办发[2020]82号,2020-09-09,repealed
RFN-96408816bb15f4cd,T5资金运用与资产负债管理,中国银保监会办公厅关于印发组合类保险资产管理产品实施细则等三个文件的通知,银保监办发[2020]85号,2020-09-11,amended
RFN-13a9d49189b51e8b,T5资金运用与资产负债管理,中国银保监会办公厅关于优化保险公司权益类资产配置监管有关事项的通知,银保监办发[2020]63号,2020-07-17,valid
RFN-3e281549d769f09f,T5资金运用与资产负债管理,中国银保监会关于保险资金投资银行资本补充债券有关事项的通知,银保监发[2020]17号,2020-05-27,pending
RFN-0b6631bb23443a81,T8机构准入与组织监管,中国银保监会行政许可实施程序规定,中国保险监督管理委员会令[2020]7号,2020-06-04,repealed
RFN-9917ff1e2892c493,T9风险处置与案件合规,中国银保监会办公厅关于预防银行业保险业从业人员金融违法犯罪的指导意见,银保监办发[2020]18号,2020-03-06,valid
RFN-1bf23ca657f22343,T9风险处置与案件合规,中国银保监会关于印发银行保险机构涉刑案件管理办法（试行）的通知,银保监发〔2020〕20号,2020-05-22,valid
RFN-9d0c6e9a62b81cae,T10数据治理与信息披露,中国银保监会关于印发监管数据安全管理办法（试行）的通知,银保监发[2020]43号,2021-01-15,repealed
RFN-b18747233ab0f7a3,T2产品与精算制度,中国银保监会办公厅关于印发意外伤害保险业务监管办法的通知,银保监办发[2021]106号,2021-10-13,pending
RFN-ab5de0fe07865503,T6养老与健康保险专项,中国银保监会办公厅关于做好短期健康保险业务客户服务工作的通知,银保监办便函〔2021〕673号,2021-05-17,valid
RFN-cd3687883bfc8c55,T2产品与精算制度,中国银保监会办公厅关于进一步丰富人身保险产品供给的指导意见,银保监办发[2021]107号,2021-10-15,valid
RFN-7684dfbe8a46b362,T1销售行为与消费者保护,中国银保监会办公厅关于进一步规范保险机构互联网人身保险业务有关事项的通知,银保监办发[2021]108号,2021-10-22,pending
RFN-807c3c0c1abb9939,T6养老与健康保险专项,中国银保监会办公厅关于规范短期健康保险业务有关问题的通知,银保监办发[2021]7号,2021-01-11,pending
RFN-aa19f65da57e5ec1,T1销售行为与消费者保护,关于深入开展人身保险市场乱象治理专项工作的通知,银保监办便函〔2021〕477号,2021-04-07,pending
RFN-91195a573dffc274,T6养老与健康保险专项,中国银保监会办公厅关于规范和促进养老保险机构发展的通知,银保监办发[2021]134号,2021-12-17,valid
RFN-7cb63d6e3267a100,T6养老与健康保险专项,中国银保监会办公厅关于规范保险公司参与长期护理保险制度试点服务的通知,银保监办发[2021]65号,2021-05-28,pending
RFN-5b49ba04299b1e65,T6养老与健康保险专项,中国银保监会关于印发保险公司城乡居民大病保险业务管理办法的通知,银保监发[2021]12号,2021-05-21,pending
RFN-537e793f5aa9fa58,T6养老与健康保险专项,中国银保监会办公厅关于规范保险公司城市定制型商业医疗保险业务的通知,银保监办发[2021]66号,2021-06-02,valid
RFN-626725afa3a2ecbc,T8机构准入与组织监管,保险中介行政许可及备案实施办法,中国银行保险监督管理委员会令[2021]12号,2021-11-05,pending
RFN-59b9c4fc9ad76efd,T1销售行为与消费者保护,中国银保监会办公厅关于明确保险中介市场对外开放有关措施的通知,银保监办发[2021]128号,2021-12-17,pending
RFN-fbdaa69875495dfe,T1销售行为与消费者保护,中国银保监会关于印发银行保险机构消费者权益保护监管评价办法的通知,银保监发〔2021〕24号,2021-07-16,pending
RFN-083a6756e550da1d,T1销售行为与消费者保护,中国银保监会关于服务煤电行业正常生产和商品市场有序流通 保障经济平稳运行有关事项的通知,银保监发[2021]42号,2021-10-05,pending
RFN-15cf23e082283da3,T5资金运用与资产负债管理,中国银保监会办公厅关于保险资金参与证券出借业务有关事项的通知,银保监办发[2021]121号,2021-12-03,pending
RFN-36ba886ec6c1aed8,T5资金运用与资产负债管理,中国银保监会办公厅关于保险资金投资公开募集基础设施证券投资基金有关事项的通知,银保监办发[2021]120号,2021-11-17,pending
RFN-bcd5795407b8d858,T5资金运用与资产负债管理,中国银保监会办公厅关于调整保险资金投资债券信用评级要求等有关事项的通知,银保监办发[2021]118号,2021-11-19,pending
RFN-02c6c20ac0c9ff87,T5资金运用与资产负债管理,中国银保监会关于修改保险资金运用领域部分规范性文件的通知,银保监发[2021]47号,2021-12-17,valid
RFN-b775856858a03547,T3资本与偿付能力监管,中国银保监会关于修订《保险公司偿付能力监管规则——问题解答第1号：偿付能力监管等效框架协议过渡期内的香港地区再保险交易对手违约风险因子》的通知,银保监发[2021]30号,2021-08-05,repealed
RFN-49d70defed73b858,T1销售行为与消费者保护,中国银保监会办公厅关于2021年进一步推动小微企业金融服务高质量发展的通知,银保监办发[2021]49号,2021-04-25,pending
RFN-957ee521cd708e26,T5资金运用与资产负债管理,中国银保监会办公厅关于境内保险公司在香港市场发行巨灾债券有关事项的通知,银保监办发[2021]102号,2021-09-27,pending
RFN-3f22ec04be54ee21,T5资金运用与资产负债管理,中国银保监会办公厅关于资产支持计划和保险私募基金登记有关事项的通知,银保监办发[2021]103号,2021-09-28,pending
RFN-9661dd2d093dfcfe,T5资金运用与资产负债管理,中国银保监会办公厅关于精简保险资产管理公司监管报告事项的通知,银保监发[2021]131号,2021-12-24,pending
RFN-27d6a2e1e857bda0,T5资金运用与资产负债管理,中国银保监会办公厅关于印发金融租赁公司项目公司管理办法的通知,银保监办发[2021]143号,2022-01-07,pending
RFN-9eaa3396df6f7385,T4公司治理与股权关联交易,中国银保监会关于印发银行保险机构大股东行为监管办法（试行）的通知,银保监发[2021]43号,2021-10-14,pending
RFN-69f975886ec7bfb5,T4公司治理与股权关联交易,中国银保监会关于印发银行保险机构公司治理准则的通知,银保监发[2021]14号,2021-06-08,pending
RFN-50102bafc397e42e,T9风险处置与案件合规,银行保险机构恢复和处置计划实施暂行办法,银保监发[2021]16号,2021-06-09,pending
RFN-1268fe11f930a793,T8机构准入与组织监管,中国银保监会办公厅关于印发非银行金融机构行政许可事项申请材料目录及格式要求的通知,银保监办发[2021]83号,2021-07-19,pending
RFN-14c7bc4d9cb3ee47,T4公司治理与股权关联交易,中国银保监会办公厅印发关于建立完善银行保险机构绩效薪酬追索扣回机制指导意见的通知,银保监办发[2021]17号,2021-02-05,valid
RFN-e1c4d0b0f6058062,T8机构准入与组织监管,中国银保监会办公厅关于加强保险公司省级分公司以下分支机构负责人管理的通知,银保监办发[2021]74号,2021-06-21,valid
RFN-314cff32a194a1d7,T4公司治理与股权关联交易,中国银保监会关于开展银行业保险业“内控合规管理建设年”活动的通知,银保监发[2021]17号,2021-06-08,valid
RFN-2c5c046f3b50a096,T8机构准入与组织监管,中国银保监会关于印发保险公司分支机构市场准入管理办法的通知,中国银保监会关于印发保险公司分支机构市场准入管理办法的通知银保监发〔2021〕37号,2021-09-13,valid
RFN-959a399a557cae65,T4公司治理与股权关联交易,银行保险机构声誉风险管理办法（试行）,银保监发[2021]4号,2021-02-18,valid
RFN-e6617caf260fb45e,T3资本与偿付能力监管,中国银保监会关于印发保险公司偿付能力监管规则（Ⅱ）的通知,银保监发[2021]51号,2021-12-30,valid
RFN-4550d27d7367058e,T3资本与偿付能力监管,中国银保监会关于实施保险公司偿付能力监管规则（Ⅱ）有关事项的通知,银保监发[2021]52号,2021-12-30,valid
RFN-2e59d19571d19b2e,T10数据治理与信息披露,中国银保监会办公厅关于印发银行保险机构信息科技外包风险监管办法的通知,银保监办发[2021]141号,2021-12-31,pending
RFN-5816d1163e51a4b0,T8机构准入与组织监管,再保险业务管理规定,中国银行保险监督管理委员会令[2021]8号,2021-07-29,valid
RFN-51a114e2f638b70b,T1销售行为与消费者保护,中国银保监会办公厅关于印发保险中介机构信息化工作监管办法的通知,银保监办发[2021]3号,2021-01-12,valid
RFN-4f8ff885f0a76d12,T1销售行为与消费者保护,中国银保监会关于印发人身保险公司监管主体职责改革方案的通知,银保监发[2021]1号,2021-01-12,valid
RFN-f01e4e95dba12025,T8机构准入与组织监管,中国银保监会办公厅关于再次延长保险公司跨京津冀区域经营备案管理试点有效期的通知,银保监办发[2021]27号,2021-02-24,valid
RFN-cf37a691dab2c2a0,T1销售行为与消费者保护,中国银保监会关于清理规章规范性文件的决定,中国银行保险监督管理委员会令[2021]7号,2021-06-28,pending
RFN-1d48caa9c48b47da,T2产品与精算制度,中国银保监会关于印发一年期以上人身保险产品信息披露规则的通知,银保监规[2022]24号,2023-01-04,pending
RFN-88a77c8e05338809,T2产品与精算制度,中国银保监会关于印发保险公司非寿险业务准备金管理办法实施细则（1—7号）的通知,银保监规[2022]6号,2022-03-09,valid
RFN-c6efe53cbf661297,T1销售行为与消费者保护,中国银保监会办公厅关于开展银行保险机构侵害个人信息权益乱象专项整治工作的通知,银保监办发[2022]80号,2022-08-09,valid
RFN-d9a725afed1a974b,T1销售行为与消费者保护,中国银保监会 国家互联网信息办公室工业和信息化部 市场监管总局关于规范“银行”字样使用有关事项的通知,银保监规[2022]18号,2022-12-02,pending
RFN-5a78e0f919a97468,T6养老与健康保险专项,中国银保监会关于保险公司开展个人养老金业务有关事项的通知,银保监规[2022]17号,2022-11-22,pending
RFN-c34308e830ead05b,T6养老与健康保险专项,中国银保监会关于规范和促进商业养老金融业务发展的通知,银保监规[2022]8号,2022-05-10,pending
RFN-24af2c0209f2a1ef,T1销售行为与消费者保护,中国银保监会办公厅关于进一步加强消费投诉处理工作的通知,银保监办发〔2022〕90号,2022-09-28,valid
RFN-864eb2c88b0a5def,T4公司治理与股权关联交易,中国银保监会关于加强保险机构资金运用关联交易监管工作的通知,银保监规〔2022〕11号,2022-06-02,valid
RFN-122a9682820821f9,T5资金运用与资产负债管理,中国银保监会关于印发保险资金委托投资管理办法的通知,银保监规[2022]9号,2022-05-13,valid
RFN-00a507b7a4c33c1d,T5资金运用与资产负债管理,中国银保监会关于保险资金投资有关金融产品的通知,银保监规[2022]7号,2022-05-13,valid
RFN-26b288d62629e5de,T4公司治理与股权关联交易,银行保险机构公司治理监管评估办法,银保监规[2022]19号,2022-11-30,valid
RFN-274307463e9b6d47,T4公司治理与股权关联交易,中国银保监会关于印发银行业保险业绿色金融指引的通知,银保监发[2022]15号,2022-06-02,pending
RFN-29d3d5575cdc896c,T4公司治理与股权关联交易,银行保险机构关联交易管理办法,中国银行保险监督管理委员会令[2022]1号,2022-01-14,pending
RFN-baaf0465f25ad2db,T6养老与健康保险专项,个人养老金实施办法,人力资源社会保障部 财政部 国家税务总局 银保监会 证监会令2022年第1号（人社部发〔2022〕70号）,2022-11-04,pending
RFN-7f4d5c1609742630,T5资金运用与资产负债管理,中国银保监会关于精简保险资金运用监管报告事项的通知,银保监规[2022]1号,2022-01-19,valid
RFN-181834bcb8e6bdfc,T1销售行为与消费者保护,关于规范银行代理渠道保险产品的通知,2023年,,pending
RFN-f1bcee8fe632f6b7,T1销售行为与消费者保护,关于银保产品管理有关事宜的通知,2023年,,pending
RFN-946238a80cf9fab2,T1销售行为与消费者保护,保险销售行为管理办法,国家金融监督管理总局令[2023]2号,2023-09-28,valid
RFN-8c54a4db80812c50,T1销售行为与消费者保护,关于强化管理促进人身险业务平稳健康发展的通知,人身险部函【2023】428号,,pending
RFN-a0b5d56bfe2b37fc,T1销售行为与消费者保护,关于规范人身保险公司银行代理渠道业务有关事项的通知,金办便函〔2024〕66号,2024-01-19,valid
RFN-9241d7927ce170a6,T1销售行为与消费者保护,国家金融监督管理总局关于商业银行代理保险业务有关事项的通知,金规[2024]8号,2024-05-09,pending
RFN-b879cf95ce425985,T1销售行为与消费者保护,国家金融监督管理总局关于推进普惠保险高质量发展的指导意见,金发[2024]13号,2024-06-06,pending
RFN-28e4deb64642fdb6,T1销售行为与消费者保护,国家金融监督管理总局办公厅关于进一步加强金融机构营销行为管理的通知,金办发〔2025〕63号,,valid
RFN-c9e5cb26b9b26f14,T1销售行为与消费者保护,国家金融监督管理总局关于推动深化人身保险行业个人营销体制改革的通知,金规[2025]13号,2025-04-18,pending
RFN-38304c4090cfd1fa,T1销售行为与消费者保护,国家金融监督管理总局关于印发《金融机构消费者权益保护监管评价办法》的通知,金规〔2025〕20号,2025-09-12,valid
RFN-62d36d708fef3329,T1销售行为与消费者保护,金融机构产品适当性管理办法,国家金融监督管理总局令[2025]7号,2025-07-11,valid
RFN-1269f65c0d907a31,T10数据治理与信息披露,保险公司信息披露管理办法,中国银行保险监督管理委员会令2018年第2号,2010-05-26,valid
RFN-ddf8280065cda015,T1销售行为与消费者保护,中国银保监会办公厅关于推广人身保险电子化回访工作的通知,银保监办发〔2020〕11号,,valid
RFN-d00641798692b299,T9风险处置与案件合规,保险公司中介业务违法行为处罚办法,中国保险监督管理委员会令2009年第4号,2009-09-28,valid
RFN-28419373d82254db,T1销售行为与消费者保护,人身保险业务基本服务规定,中国保险监督管理委员会令2010年第4号,2010-02-25,valid
RFN-c376b40dc174f080,T1销售行为与消费者保护,中华人民共和国消费者权益保护法实施条例,中华人民共和国国务院令第778号,2024-03-15,pending
RFN-e7f16ef940e67852,T1销售行为与消费者保护,银行保险机构消费者权益保护管理办法,中国银行保险监督管理委员会令2022年第9号,2022-12-30,valid
RFN-b1da8f220ff6beb8,T1销售行为与消费者保护,保险消费投诉处理管理办法,保监会令〔2013〕8号,2013-07-16,repealed
RFN-79dc56c0dec3a960,T1销售行为与消费者保护,中国银保监会关于进一步加强金融服务民营企业有关工作的通知,银保监发〔2019〕8号,2019-02-25,valid
RFN-c1ef5512ad05a651,T8机构准入与组织监管,中国银保监会办公厅关于授权派出机构实施部分行政许可事项的通知,N/A,2019-03-28,valid
RFN-273a6711bb6f41b1,T2产品与精算制度,中国保险行业协会财产再保险比例及非比例合同范本（中文版）,44511,,pending
RFN-abe0b8e7f6398399,T1销售行为与消费者保护,关于人身保险业务有关问题的通知（已废止）,保监发[1999]15号,2005-12-19,repealed
RFN-4eb8cd10ea814656,T8机构准入与组织监管,保险公司营销服务部管理办法,保监会令〔2002〕1号,2005-12-20,valid
RFN-955e2d85ba32511d,T1销售行为与消费者保护,保险公估机构管理规定 ,保监会令〔2001〕3号,2005-12-20,repealed
RFN-cbab6f767d0dd52e,T1销售行为与消费者保护,保险营销员管理规定,保监会令〔2006〕3号,2006-04-11,repealed
RFN-7d50757a099c2c05,T1销售行为与消费者保护,保险经纪从业人员、保险公估从业人员监管办法,保监会令〔2013〕3号,2013-01-15,repealed
RFN-f3e4a7de6069eb9a,T1销售行为与消费者保护,国家金融监督管理总局关于印发《商业银行代理销售业务管理办法》的通知,金规〔2025〕6号,2025-03-21,pending
RFN-f58d1c0e8ee56049,T1销售行为与消费者保护,金融产品网络营销管理办法,人民银行等八部门公告〔2026〕第9号,2026-04-27,valid
RFN-bb9863080574cf5f,T2产品与精算制度,人身保险公司保险条款和保险费率管理办法（2015年修订）,保监会令2011年第3号（2015年修订）,2015-12-03,valid
RFN-40addb7acdc76ffe,T2产品与精算制度,关于下发《分红保险管理暂行办法》、《投资连结保险管理暂行办法》的通知,保监发[2000]26号,2000-02-21,valid
RFN-493a2f2faf9b4026,T2产品与精算制度,关于2000年末人身保险责任准备金计算有关要求的通知（已废止）,保监发[2000]229号,2005-12-19,repealed
RFN-591edf15c13b0112,T1销售行为与消费者保护,关于严禁违规开展学平险业务的通知（已失效）,保监发[2000]147号,2005-12-19,expired
RFN-1ac12a53d03735e4,T2产品与精算制度,关于放开短期意外险费率及简化短期意外险备案手续的通知,保监发[2000]78号,2005-12-19,valid
RFN-46e81a258a652e4f,T2产品与精算制度,人身保险新型产品信息披露管理办法,保监会令〔2009〕3号,2009-09-27,repealed
RFN-9d9f7ec2e42666a8,T2产品与精算制度,关于做好分红保险专题财务报告编报工作的通知,保监发〔2002〕8号,2005-12-19,valid
RFN-d2d25895a3b8ee1b,T2产品与精算制度,关于人身保险新型产品信息披露有关问题的通知,保监发〔2002〕77号,2005-12-19,valid
RFN-ebac4dce58085b83,T2产品与精算制度,关于在北京等试点城市放宽未成年人死亡保险金额通知,保监发〔2002〕34号,2005-12-19,valid
RFN-fd89ef4b17d6d2e6,T2产品与精算制度,关于贯彻执行《人身保险新型产品信息披露管理暂行办法》有关事项的通知（已废止）,保监办发〔2002〕16号,2005-12-19,repealed
RFN-42dc9d802f918d45,T2产品与精算制度,关于《人身保险新型产品精算规定》实施若干问题的通知（已失效）,保监发[2003]77号,2003-06-06,expired
RFN-e01a5780ae8bae3d,T2产品与精算制度,关于做好分红保险专题财务报告编报工作的补充通知,保监发〔2003〕19号,2005-12-19,valid
RFN-b6b275c8d59f1fbd,T2产品与精算制度,关于印发人身保险新型产品精算规定的通知,保监发〔2003〕67号,2005-12-19,valid
RFN-75e5969942c63ba7,T2产品与精算制度,关于调整人身保险产品监管方式的通知（已失效）,保监发〔2003〕46号,2005-12-19,expired
RFN-2db881a4e388f856,T2产品与精算制度,关于印发人身保险条款存在问题示例的通知,保监发〔2004〕51号,2005-12-19,valid
RFN-cc1d85de95635408,T10数据治理与信息披露,关于在寿险业建立标准保费行业标准的通知,保监发〔2004〕102号,2005-12-19,valid
RFN-45c3d6b1412b3e1e,T2产品与精算制度,保险公司总精算师管理办法,保监会令〔2007〕3号,2007-10-10,amended
RFN-92c99673ce60aa3c,T2产品与精算制度,关于调整终身年金生命表有关事项的通知,保监发〔2004〕31号,2005-12-19,valid
RFN-4419b8953b7a48c6,T2产品与精算制度,关于《人身保险产品审批和备案管理办法》若干问题的通知,保监发〔2004〕76号,2005-12-19,repealed
RFN-78018e2fadcbcd24,T2产品与精算制度,关于印发《推进人身保险条款通俗化工作指导意见》的通知（已废止）,保监发〔2004〕33号,2005-12-19,repealed
RFN-8947647c4bfa7363,T10数据治理与信息披露,关于《关于在寿险业建立标准保费行业标准的通知》的补充通知,保监发〔2005〕25号,2005-12-22,valid
RFN-729498e73f46623f,T2产品与精算制度,关于印发《保险公司非寿险业务准备金管理办法实施细则（试行）》的通知,保监发〔2005〕10号,2005-12-22,valid
RFN-8e553b1417bf38ce,T2产品与精算制度,关于印发《人身保险内含价值报告编制指引》的通知,保监发〔2005〕83号,2005-09-22,valid
RFN-2936734e64927b7f,T2产品与精算制度,关于企业年金产品备案有关问题的通知（已废止）,保监发〔2005〕91号,2005-10-19,repealed
RFN-036cfead5fc7b6dd,T2产品与精算制度,关于2005年末非寿险业务准备金评估有关要求的通知（已失效）,保监发〔2005〕113号,2005-12-08,expired
RFN-a9eec58c9eea2a67,T2产品与精算制度,关于修订精算规定中生命表使用有关事项的通知,保监发〔2005〕118号,2005-12-19,valid
RFN-fef5b435a7151c22,T2产品与精算制度,关于加强非寿险精算责任人任职管理的通知（已废止）,保监发〔2005〕9号,2005-12-22,repealed
RFN-4227deb76c02cc07,T2产品与精算制度,关于印发《精算报告》的通知,保监寿险〔2005〕8号,2005-12-22,valid
RFN-6028d2f72e266791,T2产品与精算制度,关于颁布《中国人寿保险业经验生命表（2000-2003）》的通知,保监发〔2005〕117号,2005-12-23,valid
RFN-7051e29093ff54dc,T2产品与精算制度,关于报送精算报告电子文本有关事项的通知（已废止）,保监厅函〔2006〕50号,2006-03-29,repealed
RFN-d14cffc28f570faa,T2产品与精算制度,关于整改人身保险条款存在问题的通知（已废止）,保监寿险〔2006〕318号,2006-04-18,repealed
RFN-7d135291f3b77fcd,T2产品与精算制度,关于保险业实施新会计准则有关事项的通知,保监发〔2006〕96号,2006-10-08,valid
RFN-38b8fc384bf24f02,T2产品与精算制度,关于印发《关于促进人身保险产品创新工作的指导意见》的通知,保监发〔2006〕110号,2006-11-01,valid
RFN-0f42c3fb4db5e6d2,T2产品与精算制度,关于印发投资连结保险万能保险精算规定的通知,保监寿险〔2007〕335号,2007-04-04,valid
RFN-8eafe702c42eacb6,T2产品与精算制度,关于《保险公司总精算师管理办法》实施有关问题的通知（已废止）,保监寿险〔2008〕57号,2008-01-28,repealed
RFN-06e9db9338123380,T2产品与精算制度,关于修订短期意外伤害保险法定责任准备金评估有关事项的通知（已废止）,保监寿险〔2008〕671号,2008-06-13,repealed
RFN-f6f3d58b67973ade,T2产品与精算制度,关于印发《人身保险产品基础知识问答手册》的通知,保监寿险〔2008〕1640号,2008-12-24,valid
RFN-f338bdaf13de7eb9,T2产品与精算制度,关于执行《人身保险新型产品信息披露管理办法》有关事项的通知,保监发〔2009〕104号,2009-09-28,pending
RFN-74b1a1c1af6fe254,T2产品与精算制度,关于推荐使用《人身保险产品条款部分条目示范写法》的通知,中保协发[2009]161号,,pending
RFN-7360a14851a40d69,T2产品与精算制度,关于印发《人身意外伤害保险业务经营标准》的通知,保监发〔2009〕91号,2009-08-28,valid
RFN-cd7d64530d5dca1d,T2产品与精算制度,关于印发《分红保险专题财务报告编报规则问题解答第1号》的通知,保监财会〔2009〕399号,2009-05-25,valid
RFN-d233b88708815eeb,T2产品与精算制度,关于修订分红保险专题财务报告编报规则的通知,保监发〔2009〕5号,2009-01-16,valid
RFN-6d0383e12b98c551,T2产品与精算制度,关于停止以撕票方式经营短期意外伤害保险的通知（已失效）,保监发〔2009〕7号,2009-01-22,expired
RFN-9437a7b679fdc64e,T2产品与精算制度,关于修订《精算报告——分红保险业务报告》编报规则的通知（已废止）,保监发〔2009〕21号,2009-03-02,repealed
RFN-12e2ec7fa557c6ec,T2产品与精算制度,关于贯彻落实新《保险法》做好人身保险产品变更管理工作的通知（已废止）,保监发〔2009〕76号,2009-06-30,repealed
RFN-c0b231b9385a1bd2,T6养老与健康保险专项,关于进一步加强结构调整 转变发展方式 促进寿险业平稳健康发展的通知（已废止）,保监发〔2009〕84号,2009-08-02,repealed
RFN-8e37d767096e33ab,T2产品与精算制度,关于印发《精算报告》编报规则的通知,保监发〔2009〕121号,2009-11-20,valid
RFN-45f087c7eb811533,T2产品与精算制度,关于人身保险公司定期报送产品总结报告的通知,保监寿险〔2010〕360号,2010-04-09,valid
RFN-01f0ad6d44e1fe03,T2产品与精算制度,关于普通型定期寿险、普通型终身寿险费率厘定等有关问题的通知,保监发[2010]33号,,pending
RFN-f93966dec8a7f371,T2产品与精算制度,关于精算报告编报有关事项的通知,保监发〔2010〕15号,2010-02-24,valid
RFN-50289bcac2d1d779,T2产品与精算制度,关于印发《非寿险业务准备金评估工作底稿规范》的通知,保监发〔2010〕54号,2010-07-13,valid
RFN-939ddf8251eee315,T2产品与精算制度,关于加强非寿险精算工作有关问题的通知,保监发〔2010〕58号,2010-07-23,valid
RFN-dfda2ce04a67ec7a,T2产品与精算制度,关于父母为其未成年子女投保以死亡为给付保险金条件人身保险有关问题的通知,保监发〔2010〕95号,2010-11-18,valid
RFN-c3b1a27c9eccbe8e,T2产品与精算制度,关于开展变额年金保险试点的通知,保监寿险〔2011〕624号,2011-05-10,valid
RFN-0ed3d27380b27e03,T2产品与精算制度,关于印发《变额年金保险管理暂行办法》的通知,保监发〔2011〕25号,2011-05-10,valid
RFN-203955d0289ced60,T3资本与偿付能力监管,关于印发《保险公司偿付能力报告编报规则——问题解答第12号：变额年金、农业保险、季度报告预测信息》的通知,保监财会〔2011〕1342号,2011-08-31,valid
RFN-9c83cfa72ffc76b8,T2产品与精算制度,关于印发《全面推广小额人身保险方案》的通知,保监发〔2012〕53号,2012-07-19,valid
RFN-121d6863d027e70f,T2产品与精算制度,关于《人身保险公司保险条款和保险费率管理办法》若干问题的通知,保监发〔2012〕2号,2012-01-15,valid
RFN-d28ebe1b85b8d7ce,T2产品与精算制度,关于印发《保险公司非寿险业务准备金基础数据、评估与核算内部控制规范》的通知,保监发〔2012〕19号,2012-03-19,valid
RFN-0684729d60cd7da4,T2产品与精算制度,关于印发《保险公司非寿险业务准备金回溯分析管理办法》的通知,的通知保监发〔2012〕46号,2012-05-28,valid
RFN-e8bea8508e4c5f61,T2产品与精算制度,关于编报保险公司非寿险业务准备金评估报告有关事项的通知,保监产险〔2012〕651号,2012-06-19,valid
RFN-e2c2f74df4286e2d,T2产品与精算制度,关于健康保险产品提供健康管理服务有关事项的通知,保监发〔2012〕73号,2012-09-11,valid
RFN-086a92ec84a58020,T2产品与精算制度,中国保监会关于普通型人身保险费率政策改革有关事项的通知,保监发〔2013〕62号,2013-08-02,valid
RFN-3c5d9ffc7cd58c79,T2产品与精算制度,关于人身保险伤残程度与保险金给付比例有关事项的通知,保监发〔2013〕46号,2013-06-07,valid
RFN-38174f106ad14941,T2产品与精算制度,中国保监会关于加强人身保险公司总精算师管理的通知,保监寿险〔2013〕620号,2013-08-02,valid
RFN-42c717ab9f0ed93d,T2产品与精算制度,中国保监会关于《中国人身保险业重大疾病经验发生率表（2006－2010）》 用于法定责任准备金评估有关事项的通知,保监寿险〔2013〕685号,2013-11-14,valid
RFN-c48b382c5eefebeb,T2产品与精算制度,中国保监会关于发布《中国人身保险业重大疾病经验发生率表（2006－2010）》的通知,保监发〔2013〕81号,2013-11-14,valid
RFN-ed7c4707dd0292a6,T3资本与偿付能力监管,中国保监会关于印发《保险公司偿付能力报告编报规则——问题解答第20号：高现金价值产品最低资本》的通知,保监发〔2014〕34号,2014-04-25,valid
RFN-9dfc298601544310,T2产品与精算制度,中国保监会关于发布《人身保险伤残评定标准及代码》行业标准的通知,保监发〔2014〕6号,2014-02-13,valid
RFN-bbbd6847d4ffa6e5,T2产品与精算制度,中国保监会关于规范高现金价值产品有关事项的通知,保监发〔2014〕12号,2014-02-19,valid
RFN-0431c0ac1ebb6dde,T2产品与精算制度,中国保监会关于加强人身保险费率政策改革产品管理有关事项的通知,保监寿险〔2015〕136号,2015-08-10,valid
RFN-e83b6be5635b5f16,T2产品与精算制度,中国保监会关于推进分红型人身保险费率政策改革有关事项的通知,保监发〔2015〕93号,2015-09-28,valid
RFN-3302744bda380f81,T2产品与精算制度,中国保监会关于规范投资连结保险投资账户有关事项的通知,保监发〔2015〕32号,2015-04-01,amended
RFN-2059d907cff9963a,T2产品与精算制度,中国保监会关于万能型人身保险费率政策改革有关事项的通知,保监发〔2015〕19号,2015-02-13,repealed
RFN-14a24d7ee6761dac,T2产品与精算制度,中国保监会关于促进团体保险健康发展有关问题的通知,保监发〔2015〕14号,2015-02-02,valid
RFN-fa3c07bf5c72eb1f,T2产品与精算制度,中国保监会关于父母为其未成年子女投保以死亡为给付保险金条件人身保险有关问题的通知,保监发〔2015〕90号,2015-09-16,valid
RFN-2e965f2ed510a7f4,T2产品与精算制度,中国保监会关于强化人身保险产品监管工作的通知,保监寿险〔2016〕199号,2016-09-06,repealed
RFN-7e94bb9d116a324b,T2产品与精算制度,中国保监会关于进一步完善人身保险精算制度有关事项的通知,保监发〔2016〕76号,2016-09-06,repealed
RFN-b5c74b5ed4a79ad3,T2产品与精算制度,中国保监会关于规范中短存续期人身保险产品有关事项的通知,保监发〔2016〕22号,2016-03-18,repealed
RFN-d42f587bc9f5ec61,T2产品与精算制度,中国保监会关于废止《关于印发〈人身保险内含价值报告编制指引〉的通知》的通知,保监发〔2016〕98号,2016-11-24,valid
RFN-81886b60a0a2cd6a,T2产品与精算制度,中国保监会关于规范人身保险公司产品开发设计行为的通知,保监人身险〔2017]134号,2017-05-11,valid
RFN-852c15ce86dd9c4d,T2产品与精算制度,《重大疾病保险的疾病定义使用规范（2020年修订版）》,,2020-11-05,pending
RFN-161cccaeb7b7e417,T5资金运用与资产负债管理,《保险资产管理产品管理暂行办法》,2020年第5号,,valid
RFN-db229545ea3af41c,T2产品与精算制度,中国银行保险监督管理委员会人身保险监管部关于印发人身保险产品“负面清单”（2021版）的通知,人身险部函〔2021〕31号,2021-01-19,pending
RFN-b7e988dc5da7eff4,T2产品与精算制度,人身保险产品信息披露管理办法,中国银行保险监督管理委员会令[2022]8号,2022-11-17,valid
RFN-8faaef0d177f0833,T2产品与精算制度,国家金融监督管理总局办公厅关于平稳有序做好人身保险产品切换有关工作的通知,金办便函〔2024〕1001号,2024-08-09,pending
RFN-f38f43d420bb7d29,T2产品与精算制度,国家金融监督管理总局关于健全人身保险产品定价机制的通知,金发〔2024〕18号,2024-08-02,valid
RFN-44e55e516c2288f8,T2产品与精算制度,国家金融监督管理总局关于加强万能型人身保险监管有关事项的通知,金规[2025]14号,2025-04-25,valid
RFN-b1cbe84836cab870,T2产品与精算制度,《关于分红险分红水平监管意见的函》,金寿险函〔2025〕374号,2025-06-18,pending
RFN-056f840f7fddf0fe,T10数据治理与信息披露,国家金融监督管理总局办公厅关于印发《银行业保险业数字金融高质量发展实施方案》的通知,金办发[2025]95号,2025-12-26,pending
RFN-fc60da092a912689,T2产品与精算制度,国家金融监督管理总局关于做好《中国人身保险业经验生命表（2025）》发布使用有关事项的通知,金规[2025]21号,2025-10-29,pending
RFN-0d3ddbb0d94865cf,T10数据治理与信息披露,银行保险机构资产管理产品信息披露管理办法,国家金融监督管理总局令[2025]10号,2025-12-25,valid
RFN-c713aeb2a0b708b5,T2产品与精算制度,关于界定责任保险和人身意外伤害保险的通知,保监发[1999]245号,2005-12-19,valid
RFN-e933f5a085bc2f65,T2产品与精算制度,关于下发有关精算规定的通知,保监发[1999]90号,2005-12-19,pending
RFN-ae0c66a57b03979f,T0上位法锚点,中华人民共和国保险法,中华人民共和国主席令第二十六号,2019-12-29,valid
RFN-0e6d9c69e4edbc7d,T0上位法锚点,最高人民法院关于适用《中华人民共和国保险法》若干问题的解释（二）,法释〔2013〕14号,2020-12-29,valid
RFN-95cbe708c5480faa,T0上位法锚点,最高人民法院关于适用《中华人民共和国保险法》若干问题的解释（三）,N/A,2020-12-29,valid
RFN-e8773609446b8fdd,T2产品与精算制度,关于调整寿险保单预定利率的紧急通知,保监发[1999]93号,2005-12-19,valid
RFN-3fcbe695be898a0a,T2产品与精算制度,关于继续使用《中国人寿保险业经验生命表（1990—1993）》的通知（已废止）,保监发[1999]238号,2005-12-19,repealed
RFN-9cdb36a3c85c494b,T2产品与精算制度,关于继续使用《人身保险残疾程度与保险金给付比例表》的通知,保监发[1999]237号,2005-12-19,valid
RFN-8f9f85b9f19a4003,T2产品与精算制度,关于开展教育保险有关事项的通知（已废止）,保监发[1999]91号,2005-12-19,repealed
RFN-d2c2f7ab8d9f3dd3,T1销售行为与消费者保护,关于规范“中小学生平安保险”代办业务有关问题的通知（已废止）,保监发[1999]118号,2005-12-19,repealed
RFN-99215fb01c89cc51,T2产品与精算制度,关于父母为其未成年子女投保死亡人身保险限额的通知,保监发[1999]43号,2005-12-19,valid
RFN-3f113686e748a98f,T2产品与精算制度,人身保险新型产品信息披露管理暂行办法,N/A,2005-12-20,repealed
RFN-35efc275afb4df57,T2产品与精算制度,人身保险产品审批和备案管理办法,保监会令〔2004〕6号,2005-12-21,repealed
RFN-0342cae3577bd20a,T1销售行为与消费者保护,保险产品适当性管理自律规范,,2026-03-27,valid
RFN-e606f42bed9a08df,T3资本与偿付能力监管,财政部 国家税务总局关于人寿保险业务免征营业税若干问题的通知（部分失效）,财税[2001]118号,,pending
RFN-8ddaa2d599ece982,T3资本与偿付能力监管,保险公司偿付能力额度及监管指标管理规定,保监发[2001]53号,2005-12-20,repealed
RFN-d08eab811bdb7d63,T3资本与偿付能力监管,关于非寿险业务保费收入确认的通知,保监发〔2002〕79号,2005-12-20,valid
RFN-b9b9df17265cea39,T3资本与偿付能力监管,关于印发《保险公司偿付能力报告编报规则——问题解答第1号》的通知,保监发〔2003〕121号,2005-12-20,valid
RFN-82e986d9b63dd5ee,T3资本与偿付能力监管,关于做好2002年度偿付能力报告编报工作的通知（已失效）,保监发〔2003〕40号,2005-12-20,expired
RFN-28384a7adbcc5554,T3资本与偿付能力监管,保险公司次级定期债务管理办法,保监会令〔2004〕10号,2013-03-28,valid
RFN-9e05d39470849861,T3资本与偿付能力监管,关于印发偿付能力报告编报规则实务指南的通知,保监发〔2004〕154号,2007-01-29,valid
RFN-548f7e693ca95808,T3资本与偿付能力监管,关于印发偿付能力报告编报规则的通知,保监发〔2004〕153号,2007-01-29,valid
RFN-bcf550a83afb76e6,T5资金运用与资产负债管理,关于调整保险公司投资银行次级债券、银行次级定期债务和企业债券比例的通知（已废止）,保监发〔2004〕77号,2005-12-19,repealed
RFN-85a6030f8bc7cc5e,T3资本与偿付能力监管,关于报送偿付能力季度报告的通知,保监发〔2004〕95号,2005-12-20,valid
RFN-c942d80963902535,T3资本与偿付能力监管,关于严禁利用部分公司偿付能力不足信息诋毁同业的紧急通知（已失效）,保监厅发〔2004〕83号,2005-12-20,expired
RFN-0079d4f412525405,T4公司治理与股权关联交易,关于加强财务资金管理的通知,保监寿险〔2005〕680号,2005-08-08,valid
RFN-7880a66a86c2f3f2,T3资本与偿付能力监管,关于2004年度偿付能力报告编报工作有关问题的通知（已失效）,保监财会〔2005〕109号,2005-02-02,expired
RFN-41a49ac31606fda6,T3资本与偿付能力监管,关于保险公司设立分支机构适用偿付能力要求有关问题的通知（已废止）,保监厅发〔2005〕88号,2005-06-16,repealed
RFN-487f0efea49079f1,T3资本与偿付能力监管,关于保险公司提存资本保证金有关问题的通知,保监发〔2005〕4号,2005-12-22,valid
RFN-1d3a8b84d5f6008b,T2产品与精算制度,关于印发《保险公司费用分摊指引》的通知,保监发〔2006〕90号,2006-09-08,repealed
RFN-48e456a4007ee21b,T3资本与偿付能力监管,关于2005年度偿付能力报告编报工作有关问题的通知（已失效）,保监发〔2006〕1号,2006-01-07,expired
RFN-20f359b9784a1a2f,T3资本与偿付能力监管,关于印发保险公司偿付能力报告编报规则问题解答（3－6号）的通知,保监财会〔2007〕391号,2007-04-13,valid
RFN-a5f9f13913394cd6,T8机构准入与组织监管,关于调整非税收入执收单位和管理办法的通知,保监发〔2007〕88号,2007-09-21,valid
RFN-cea7ce522c5ff728,T3资本与偿付能力监管,关于保险公司偿付能力报告编报工作有关问题的通知,保监发〔2007〕15号,2007-02-25,valid
RFN-a6eb9af1df4f666b,T3资本与偿付能力监管,关于进一步加强偿付能力管理工作有关问题的通知（已失效）,保监发〔2007〕48号,2007-06-15,expired
RFN-c7c500d0edd62248,T3资本与偿付能力监管,关于印发《保险公司资本保证金管理暂行办法》的通知,保监发〔2007〕66号,2007-08-07,valid
RFN-91d31bd4dfbf5bed,T3资本与偿付能力监管,关于编报季度偿付能力报告有关事项的通知,保监财会〔2007〕1301号,2007-10-17,valid
RFN-09c044ca641aad9d,T3资本与偿付能力监管,关于保险集团（控股）公司、相互制保险公司资本保证金提存有关问题的通知,保监发〔2008〕66号,2008-09-01,valid
RFN-f618fbd52080eb16,T3资本与偿付能力监管,关于印发《保险公司偿付能力报告编报规则第14号：保险集团》及其实务指南的通知,保监发〔2008〕33号,2008-05-12,valid
RFN-653abeee8eb81ec9,T10数据治理与信息披露,关于在年度决算报中增加资本属性统计指标的通知,保监统信〔2008〕1570号,2008-12-04,valid
RFN-e5f9f24abd40c795,T10数据治理与信息披露,关于报送保险公司分类监管信息的通知,保监发〔2008〕113号,2008-12-16,valid
RFN-398f3a9d2fdd49b0,T3资本与偿付能力监管,关于编报年度偿付能力报告有关事项的通知,保监发〔2008〕12号,2008-02-18,valid
RFN-b605bd8ecf30c4ad,T3资本与偿付能力监管,关于编报保险集团偿付能力报告有关事项的通知,保监发〔2008〕55号,2008-07-14,valid
RFN-13405c62b90acc0d,T3资本与偿付能力监管,关于实施《保险公司偿付能力管理规定》有关事项的通知,保监发〔2008〕89号,2008-10-31,repealed
RFN-3b40544dd49885be,T10数据治理与信息披露,关于实施分类监管信息报送有关事宜的通知（寿险公司）（已失效）,保监寿险〔2008〕1566号,2008-12-09,expired
RFN-35bec11bb5c64a40,T3资本与偿付能力监管,关于实施保险公司分类监管有关事项的通知,保监发〔2008〕120号,2009-01-04,valid
RFN-2f5598585f3b774e,T3资本与偿付能力监管,关于印发《保险公司偿付能力报告编报规则——问题解答第8号：临时报告》的通知,保监发[2009]89号,2009-08-11,valid
RFN-6320c5a67f0e4821,T3资本与偿付能力监管,关于印发《保险公司偿付能力报告编报规则第15号：再保险业务》及其实务指南的通知,保监发〔2009〕53号,2009-04-16,valid
RFN-0aca4aa4b64c658d,T2产品与精算制度,关于保险业实施《企业会计准则解释第2号》有关事项的通知,保监发〔2009〕1号,2009-01-14,valid
RFN-6aa6f799422b1e57,T3资本与偿付能力监管,关于保监局履行偿付能力监管职责有关事项的通知,保监发〔2009〕124号,2009-12-04,repealed
RFN-155ec733f2078719,T6养老与健康保险专项,关于印发《保险公司分支机构分类监管暂行办法》的通知,保监发〔2010〕45号,2010-06-08,valid
RFN-59a06d09fe240d90,T3资本与偿付能力监管,关于印发《保险公司偿付能力报告编报规则——问题解答第10号：无担保企业（公司）债券、不动产、未上市股权和保险资产管理公司创新试点投资产品》的通知,保监发〔2010〕98号,2010-12-10,valid
RFN-2368a50f99747e46,T3资本与偿付能力监管,关于启用偿付能力监管信息系统的通知,保监财会〔2010〕1638号,2011-01-13,valid
RFN-d6387e203f6e7801,T3资本与偿付能力监管,关于印发《保险公司偿付能力报告编报规则——问题解答第9号：偿付能力报告编报规则与〈企业会计准则解释第2号〉的衔接》的通知,保监发〔2010〕7号,2010-02-02,valid
RFN-f64e32d50bb27901,T2产品与精算制度,关于保险业做好《企业会计准则解释第2号》实施工作的通知,保监发〔2010〕6号,2010-02-02,valid
RFN-0a6ea3a5f8d44a36,T3资本与偿付能力监管,关于印发《保险公司偿付能力报告编报规则——问题解答第11号：动态偿付能力测试的第三方独立审核》的通知,保监发〔2011〕2号,2011-01-19,valid
RFN-9518188060f8032f,T3资本与偿付能力监管,关于动态偿付能力测试有关事项的通知,保监发〔2011〕3号,2011-03-07,valid
RFN-bf24da36b5532f5a,T3资本与偿付能力监管,关于印发《保险公司资本保证金管理办法》的通知,保监发〔2011〕39号,2011-07-22,valid
RFN-f32425c3cf39753a,T3资本与偿付能力监管,关于印发《保险公司偿付能力报告编报规则——问题解答第13号：次级债和股东增资》的通知,保监发〔2011〕66号,2011-11-14,valid
RFN-0c0effabceb78ad2,T3资本与偿付能力监管,关于保险公司加强偿付能力管理有关事项的通知,保监发〔2012〕55号,2012-07-05,repealed
RFN-39bf4d81800c4f30,T3资本与偿付能力监管,关于印发《中国第二代偿付能力监管制度体系建设规划》的通知,保监发[2012]24号,2012-03-29,valid
RFN-67cdd17ae99cde3c,T4公司治理与股权关联交易,关于印发《保险公司财会工作规范》的通知,保监发〔2012〕8号,2012-02-07,valid
RFN-c9b8d1198d70029a,T3资本与偿付能力监管,关于印发《保险公司偿付能力报告编报规则——问题解答第14号：城乡居民大病保险最低资本》的通知,保监发〔2013〕5号,2013-01-30,valid
RFN-ae962547a450c4cb,T3资本与偿付能力监管,中国保监会关于建立分类监管评价结果通报制度的通知,保监财会〔2013〕619号,2013-08-13,valid
RFN-fb0cf3973c963bd5,T3资本与偿付能力监管,关于部分保险公司纳入分类监管实施范围的通知,保监厅发〔2013〕29号,2013-04-23,valid
RFN-ef9310eb02f3379f,T3资本与偿付能力监管,中国保监会关于印发《中国第二代偿付能力监管制度体系整体框架》的通知,保监发〔2013〕42号,2013-05-14,repealed
RFN-6616d2844d8ef7c0,T3资本与偿付能力监管,中国保监会关于印发《保险公司偿付能力报告编报规则——问题解答第23号：历史存量高利率保单资金投资的蓝筹股》的通知,保监发〔2014〕57号,2014-06-27,valid
RFN-cf2d61151e8cfa01,T3资本与偿付能力监管,中国保监会关于印发《保险公司偿付能力报告编报规则——问题解答第24号：信托计划》的通知,保监发〔2014〕77号,2014-09-29,valid
RFN-5502461064aefae3,T3资本与偿付能力监管,中国保监会关于印发《保险公司偿付能力报告编报规则——问题解答第22号：证券投资基金和资产管理产品》的通知,保监发〔2014〕29号,2014-04-14,valid
RFN-b685bd52fd76a267,T3资本与偿付能力监管,中国保监会关于印发《保险公司偿付能力报告编报规则——问题解答第21号：次级可转换债券》的通知,保监发〔2014〕27号,2014-04-14,valid
RFN-198b0a3f770628a7,T3资本与偿付能力监管,中国保监会关于印发《保险公司资本保证金管理办法》的通知,保监发〔2015〕37号,2015-04-27,repealed
RFN-da88f2269feb36fe,T3资本与偿付能力监管,中国保监会关于印发《保险公司偿付能力报告编报规则——问题解答第25号：中国铁路发展基金股份有限公司的优先股》的通知,保监发〔2015〕1号,2015-01-06,valid
RFN-1fec32fdbfdeee97,T3资本与偿付能力监管,中国保监会关于正式实施中国风险导向的偿付能力体系有关事项的通知,保监财会〔2015〕15号,2016-01-29,repealed
RFN-b216553d0a86de92,T3资本与偿付能力监管,中国保监会关于在偿二代过渡期内开展保险公司偿付能力风险管理能力试评估有关事项的通知,保监财会〔2015〕125号,2015-07-17,repealed
RFN-4c1c5c72d12fffda,T3资本与偿付能力监管,中国保监会关于印发《保险公司偿付能力监管规则（1—17号）》的通知,保监发〔2015〕22号,2015-02-17,repealed
RFN-e43348556a56e4c5,T3资本与偿付能力监管,中国人民银行 中国保险监督管理委员会公告〔2015〕第3号（保险公司发行资本补充债券有关事宜）,公告〔2015〕第3号,2015-01-06,valid
RFN-5f10b0b16f3770a1,T4公司治理与股权关联交易,中国保监会关于印发《保险公司经营评价指标体系（试行）》的通知,保监发〔2015〕80号,2015-08-26,repealed
RFN-f1310e01c0706482,T5资金运用与资产负债管理,中国保监会关于保险资金投资政府和社会资本合作项目有关事项的通知,保监发〔2017〕41号,2017-05-05,valid
RFN-30a1c92e34e866fe,T10数据治理与信息披露,关于修订印发《企业会计准则第25号——保险合同》的通知,财会〔2020〕20号,2020-12-19,pending
RFN-efac5b23e7de4de8,T3资本与偿付能力监管,保险公司偿付能力管理规定,中国银行保险监督管理委员会令[2021]1号,2021-01-25,pending
RFN-dddd4931464533fa,T3资本与偿付能力监管,中国人民银行 中国银行保险监督管理委员会关于保险公司发行无固定期限资本债券有关事项的通知,关于保险公司发行无固定期限资本债券银发〔2022〕175号,2022-08-12,valid
RFN-51f4ad8a59c748b3,T3资本与偿付能力监管,关于印发《商业保险公司绩效评价办法》的通知,财金〔2022〕72 号,2022-06-16,valid
RFN-a9234f3e51470cc0,T3资本与偿付能力监管,国家金融监督管理总局关于优化保险公司偿付能力监管标准的通知,金规[2023]5号,2023-09-10,pending
RFN-d57b46072751dc21,T4公司治理与股权关联交易,中国人民银行 国家金融监督管理总局关于印发《系统重要性保险公司评估办法》的通知,国家金融监督管理总局关于银发〔2023〕208号,2023-10-20,valid
RFN-67f0bc1e1e452b7c,T8机构准入与组织监管,国家金融监督管理总局关于印发人身保险公司监管评级办法的通知,金规[2024]4号,2024-03-18,pending
RFN-d4197cda0a439d6c,T3资本与偿付能力监管,国家金融监督管理总局关于延长保险公司偿付能力监管规则（Ⅱ）实施过渡期有关事项的通知,金规[2024]22号,2024-12-20,pending
RFN-3f59c927761d781f,T3资本与偿付能力监管,国家金融监督管理总局关于印发《保险公司资本保证金管理办法》的通知,金规[2025]18号,2025-09-05,pending
RFN-5b3e509b9f4c368c,T8机构准入与组织监管,国家金融监督管理总局关于印发保险公司监管评级办法的通知,金规[2025]1号,2025-01-17,pending
RFN-61a6d96741ffdb65,T10数据治理与信息披露,关于进一步贯彻落实新保险合同会计准则的通知,财会〔2025〕12号,2025-06-06,pending
RFN-db44d241271e6fe2,T3资本与偿付能力监管,国家金融监督管理总局关于调整保险公司相关业务风险因子的通知,金规[2025]24号,2025-12-05,valid
RFN-0a88218a43d6dc15,T3资本与偿付能力监管,中华人民共和国增值税法,N/A,2024-12-25,valid
RFN-d7aba191c5f21118,T4公司治理与股权关联交易,关于印发《国有保险公司监事会检查报告报送程序规定》的通知（已废止）,保监发〔2003〕113号,2005-12-18,repealed
RFN-929e6fea8ab894c4,T4公司治理与股权关联交易,关于“关联交易”范围界定的复函,保监厅函〔2005〕173号,2005-12-23,valid
RFN-386a85262f814287,T4公司治理与股权关联交易,关于印发《关于规范保险公司治理结构的指导意见（试行）》的通知,保监发〔2006〕2号,2006-01-07,valid
RFN-2eb71bc21d10bca2,T4公司治理与股权关联交易,关于印发《寿险公司内部控制评价办法（试行）》的通知,保监发〔2006〕6号,2006-01-11,valid
RFN-68b73ae547042524,T4公司治理与股权关联交易,关于《保险公司董事和高级管理人员任职资格管理规定》具体适用问题的通知（已失效）,保监发〔2006〕93号,2006-09-25,repealed
RFN-61ea7667f4ed5ec2,T4公司治理与股权关联交易,关于印发《保险公司风险管理指引（试行）》的通知,保监发〔2007〕23号,2007-04-18,valid
RFN-422d80f361d23f1f,T4公司治理与股权关联交易,关于印发《保险公司独立董事管理暂行办法》的通知,保监发〔2007〕22号,2007-04-17,valid
RFN-54abcf95adb8d0f7,T4公司治理与股权关联交易,关于印发《保险公司关联交易管理暂行办法》的通知,保监发〔2007〕24号,2007-04-19,valid
RFN-1f04c96c6acecb1d,T4公司治理与股权关联交易,关于印发《保险公司内部审计指引（试行）》的通知,保监发〔2007〕26号,2007-04-20,valid
RFN-f4c1baa5e322f0e4,T4公司治理与股权关联交易,关于印发《保险公司合规管理指引》的通知,保监发〔2007〕91号,2007-09-20,valid
RFN-da7b60172d217569,T4公司治理与股权关联交易,关于印发《关于规范保险公司章程的意见》的通知,保监发〔2008〕57号,2008-07-17,valid
RFN-fee32b16e75155e5,T4公司治理与股权关联交易,关于印发《保险公司董事会运作指引》的通知,保监发〔2008〕58号,2008-07-18,valid
RFN-f2ccbc1fbda987d7,T4公司治理与股权关联交易,关于向保监会派出机构报送保险公司分支机构内部审计报告有关事项的通知,保监发〔2008〕56号,2008-07-16,valid
RFN-5c48b19fb517126a,T4公司治理与股权关联交易,关于外资保险公司关联交易范围界定问题的复函,保监厅函[2008]280号,,pending
RFN-34d357c853594310,T4公司治理与股权关联交易,关于加强寿险公司内部控制自我评估工作有关问题的通知（已废止）,保监发〔2008〕16号,2008-03-03,repealed
RFN-d5384f3d65e2f083,T4公司治理与股权关联交易,关于《保险公司合规管理指引》具体适用有关事宜的通知,保监发〔2008〕29号,2008-05-04,valid
RFN-dd555e05f0334109,T4公司治理与股权关联交易,关于执行《保险公司关联交易管理暂行办法》有关问题的通知,保监发〔2008〕88号,2008-10-21,valid
RFN-b1af28983b0e5cc7,T4公司治理与股权关联交易,关于执行《保险公司董事和高级管理人员任职资格管理规定》若干问题的通知（已失效）,保监发〔2008〕83号,2008-10-22,expired
RFN-31449164fa28b31e,T5资金运用与资产负债管理,关于加强保险资产配置风险管理的通知,保监发〔2009〕17号,2009-02-26,valid
RFN-94a88c9dbc802546,T4公司治理与股权关联交易,关于实施《保险公司财务负责人任职资格管理规定》有关事项的通知,保监发〔2009〕23号,2009-03-06,valid
RFN-e146828784b8125c,T1销售行为与消费者保护,关于印发《保险监管人员行为准则》和《保险从业人员行为准则》的通知,保监发〔2009〕24号,2009-04-08,valid
RFN-86ec87f527d3713d,T4公司治理与股权关联交易,关于印发《保险集团公司管理办法（试行）》的通知,保监发〔2010〕29号,2010-03-24,valid
RFN-a52685b078eca2c9,T4公司治理与股权关联交易,关于印发《保险公司内部控制基本准则》的通知,保监发〔2010〕69号,2010-08-16,valid
RFN-4d9a3d92d09df0f8,T4公司治理与股权关联交易,中国保监会关于印发《保险公司董事及高级管理人员审计管理办法》的通知,保监发〔2010〕78号,2010-09-10,valid
RFN-8211e4f257d246b7,T4公司治理与股权关联交易,中国保监会关于印发《人身保险公司全面风险管理实施指引》的通知,保监发〔2010〕89号,2010-11-03,repealed
RFN-b49620ff58101c1f,T4公司治理与股权关联交易,关于重大关联交易认定有关事宜的复函,保监发改[2010]1199号,,pending
RFN-f97b6c8498d050d6,T5资金运用与资产负债管理,中国保监会关于印发《保险资金投资股权暂行办法》的通知,保监发〔2010〕79号,2010-09-05,repealed
RFN-9ce8ec282f0526f8,T4公司治理与股权关联交易,关于规范报送《保险公司治理报告》的通知,保监发改〔2010〕169号,2010-02-26,valid
RFN-346b58f3f99b3575,T4公司治理与股权关联交易,关于贯彻实施《保险公司董事及高级管理人员审计管理办法》有关事项的通知,保监发〔2012〕102号,2012-11-20,valid
RFN-acd93c63e93e8743,T3资本与偿付能力监管,关于印发《人身保险公司年度全面风险管理报告框架》及风险监测指标的通知,保监寿险〔2012〕193号,2012-03-06,valid
RFN-980f4673ed196dd3,T4公司治理与股权关联交易,关于贯彻实施《保险公司薪酬管理规范指引（试行）》有关事项的通知,保监发〔2012〕101号,2012-11-14,valid
RFN-b6ea01e31f1e9bb4,T4公司治理与股权关联交易,关于印发《保险公司薪酬管理规范指引（试行）》的通知,保监发〔2012〕63号,2012-07-23,valid
RFN-ef2f0c3ef2a0a822,T4公司治理与股权关联交易,中国保监会关于《保险公司股权管理办法》第四条有关问题的通知,保监发〔2013〕29号,2013-04-16,repealed
RFN-6424e233000b3d64,T4公司治理与股权关联交易,中国保监会关于印发《保险公司资金运用信息披露准则第1号：关联交易》的通知,保监发〔2014〕44号,2014-05-22,valid
RFN-03621fb1f3febd36,T4公司治理与股权关联交易,中国保监会关于印发《保险资金运用内控与合规计分监管规则》的通知,保监发〔2014〕54号,2014-06-27,repealed
RFN-2c5e83fa905aa605,T4公司治理与股权关联交易,中国保监会关于印发《保险集团并表监管指引》的通知,保监发[2014]96号,,repealed
RFN-016dac5aac5d3dd6,T4公司治理与股权关联交易,中国保监会关于印发《保险公司声誉风险管理指引》的通知,保监发〔2014〕15号,2014-03-04,valid
RFN-edaadbb037824cf0,T4公司治理与股权关联交易,中国保监会关于加强保险公司再保险关联交易信息披露工作的通知,保监发〔2015〕44号,2015-05-13,valid
RFN-21702f9f0e28b143,T4公司治理与股权关联交易,中国保监会关于印发《保险机构董事、监事和高级管理人员培训管理办法》的通知,保监发〔2015〕43号,2015-04-15,valid
RFN-8df4c7ae09bb4d52,T5资金运用与资产负债管理,中国保监会关于印发《保险资金运用内部控制指引》及应用指引的通知,保监发〔2015〕114号,2015-12-15,valid
RFN-19067d53c35e632c,T4公司治理与股权关联交易,中国保监会关于进一步规范报送《保险公司治理报告》的通知,保监发改〔2015〕95号,2015-06-09,valid
RFN-850a12e5449e849e,T4公司治理与股权关联交易,中国保监会关于印发《关于规范保险机构董事、监事和高级管理人员任职资格考试工作的实施方案》的通知,保监发〔2015〕122号,2015-12-29,valid
RFN-a1844f2b8b9b2470,T4公司治理与股权关联交易,中国保监会关于印发《保险机构内部审计工作规范》的通知,保监发〔2015〕113号,2015-12-11,valid
RFN-145299d1b8a86606,T4公司治理与股权关联交易,中国保监会关于加强保险公司筹建期治理机制有关问题的通知,保监发〔2015〕61号,2015-07-07,valid
RFN-3c08cf471cad2545,T4公司治理与股权关联交易,中国保监会关于进一步规范保险公司关联交易有关问题的通知,保监发〔2015〕36号,2015-04-07,repealed
RFN-16798970243245c6,T4公司治理与股权关联交易,中国保监会关于进一步加强保险公司股权信息披露有关事项的通知,保监发〔2016〕62号,2016-07-26,valid
RFN-6f1433327170757c,T5资金运用与资产负债管理,中国保监会关于印发《保险公司资金运用信息披露准则第4号：大额未上市股权和大额不动产投资》的通知,保监发〔2016〕36号,2016-05-05,valid
RFN-49149ad4cec64473,T4公司治理与股权关联交易,中国保监会关于印发《保险机构董事、监事和高级管理人员任职资格考试管理暂行办法》的通知,保监发〔2016〕6号,2016-01-27,repealed
RFN-618cdff76405c51c,T4公司治理与股权关联交易,中国保监会关于印发《保险公司合规管理办法》的通知,保监发〔2016〕116号,2017-01-04,repealed
RFN-1a3eb467db2eb3d0,T4公司治理与股权关联交易,中国保监会关于进一步加强保险公司合规管理工作有关问题的通知,保监发〔2016〕38号,2016-05-12,repealed
RFN-51133216754b33d3,T4公司治理与股权关联交易,中国保监会关于进一步加强保险公司关联交易信息披露工作有关问题的通知,保监发〔2016〕52号,2016-07-08,repealed
RFN-9b7cdfc6e7be106b,T4公司治理与股权关联交易,中国保监会关于进一步加强保险公司关联交易管理有关事项的通知,保监发〔2017〕52号,2017-06-30,repealed
RFN-b34fbb60ffbcad24,T7反洗钱与反恐怖融资,中国人民反洗钱局关于印发《法人金融机构洗钱和恐怖融资风险管理指引（试行）》的通知,银反洗发[2018]19号,,pending
RFN-5e20e46825f7932a,T5资金运用与资产负债管理,关于加强保险资金股权投资事后报告监管机制有关事项的通知,资金部函〔2018〕34,2018-02-12,pending
RFN-59ace91697b74b57,T5资金运用与资产负债管理,关于印发《保险资金股权投资信息报告监管口径》的通知,资金部函（2018）35号,,pending
RFN-af8219392e2fe4c6,T4公司治理与股权关联交易,保险公司股权管理办法,保监会令〔2018〕5号,2018-03-07,pending
RFN-3f1d5683e4f0e25b,T4公司治理与股权关联交易,保险公司董事、监事和高级管理人员任职资格管理规定,中国银行保险监督管理委员会令[2021]6号,2021-06-21,valid
RFN-8d905c2a008fc11a,T4公司治理与股权关联交易,银行保险机构董事监事履职评价办法（试行）,中国银行保险监督管理委员会令[2021]5号,2021-05-31,pending
RFN-9fc6edfd17d7c304,T4公司治理与股权关联交易,保险集团公司监督管理办法,中国银行保险监督管理委员会令[2021]13号,2021-11-30,pending
RFN-9e622ad84f805d10,T4公司治理与股权关联交易,中国保险行业协会关于印发《保险公司股东权利义务手册》的通知,中保协发〔2022〕12号,2022-03-30,valid
RFN-659c7d5a7f3a42d0,T4公司治理与股权关联交易,银行保险机构操作风险管理办法,国家金融监督管理总局令[2023]5号,2023-12-29,valid
RFN-bd2dc00378b68047,T5资金运用与资产负债管理,国家金融监督管理总局办公厅关于印发《保险资金运用内部控制应用指引（第4号—第6号）》的通知,金办发[2024]122号,2024-12-20,pending
RFN-5941fed4f419fd6d,T4公司治理与股权关联交易,金融机构合规管理办法,国家金融监督管理总局令[2024]7号,2024-12-27,valid
RFN-905dd958d5b846cb,T4公司治理与股权关联交易,保险公司资金运用关联交易管理制度标准,中国保险行业协会　2024年1月,,valid
RFN-12ec06650d1a1479,T4公司治理与股权关联交易,保险机构资金运用关联交易自律规则,中国保险行业协会　2024年1月,,valid
RFN-ebccb5447ebc9b87,T4公司治理与股权关联交易,国家金融监督管理总局关于公司治理监管规定与公司法衔接有关事项的通知,金规[2024]23号,2024-12-27,valid
RFN-595e75ea915efc19,T5资金运用与资产负债管理,国家金融监督管理总局关于保险资金未上市企业重大股权投资有关事项的通知,金规[2025]10号,2025-04-03,pending
RFN-9d6751177b26d220,T5资金运用与资产负债管理,国家金融监督管理总局办公厅关于进一步扩大金融资产投资公司股权投资试点的通知,金办发〔2025】19号,,valid
RFN-a99332dbded1b652,T4公司治理与股权关联交易,国家金融监督管理总局关于印发《保险集团并表监督管理办法》的通知,金规[2025]11号,2025-04-11,pending
RFN-644d4514ce318d75,T4公司治理与股权关联交易,国家金融监督管理总局办公厅关于印发《保险集团集中度风险监管指引》的通知,金办发[2025]10号,2025-02-08,valid
RFN-970309c80fd69a0f,T5资金运用与资产负债管理,关于加强保险资金风险管理的意见,N/A,2006-11-07,valid
RFN-0ee86948e7059ffb,T4公司治理与股权关联交易,保险公司控股股东管理办法,N/A,2012-08-02,valid
RFN-ea0b8b543675e41c,T4公司治理与股权关联交易,保险公司财务负责人任职资格管理规定,N/A,2008-12-21,valid
RFN-76cc011d21ed3195,T4公司治理与股权关联交易,财政部 证监会 审计署 银监会 保监会关于印发《企业内部控制基本规范》的通知,N/A,2008-07-02,valid
RFN-0a0662ee669a6523,T4公司治理与股权关联交易,企业会计准则关联方关系及其交易的披露,,,valid
RFN-936a1959c84fb2c5,T0上位法锚点,中华人民共和国公司法,N/A,N/A,valid
RFN-ba0d34f984fa5ebb,T4公司治理与股权关联交易,关于印发《保险公司内部控制制度建设指导原则》的通知（已废止）,保监发[1999]131号,2005-12-19,repealed
RFN-4c8943024a0dad29,T4公司治理与股权关联交易,关于修改《保险公司高级管理人员任职资格管理规定》有关条文的决定,N/A,2005-12-20,repealed
RFN-f432dd77b4336bd4,T8机构准入与组织监管,保险公司高级管理人员任职资格管理规定,N/A,2005-12-20,valid
RFN-542be408992d9b6c,T4公司治理与股权关联交易,保险公司董事和高级管理人员任职资格管理规定,N/A,2006-07-21,valid
RFN-67ac2e8454da492e,T5资金运用与资产负债管理,关于规范保险公司公布资金运用收益信息行为的通知,保监发〔2002〕127号,2005-12-18,valid
RFN-4b34d83a184e9f82,T5资金运用与资产负债管理,关于重新修订《保险公司投资证券投资基金管理暂行办法》的通知,保监发〔2003〕6号,2005-12-18,valid
RFN-5664287c8e0abdf3,T5资金运用与资产负债管理,保险资金境外投资管理暂行办法,人民银行令〔2004〕9号,2007-07-25,valid
RFN-d959ae842e987fd2,T5资金运用与资产负债管理,关于印发《保险资金运用风险控制指引（试行）》的通知,保监发〔2004〕43号,2005-12-19,valid
RFN-b7dcd83a9c1815b5,T10数据治理与信息披露,关于保险资产管理公司编报2003年年度报告有关问题的通知（已失效）,保监财会[2004]59号,2006-02-27,expired
RFN-9cf88306f033a503,T5资金运用与资产负债管理,关于印发《保险公司股票资产托管指引（试行）》的通知,保监发〔2005〕16号,2005-12-22,valid
RFN-0b7c659e3b176c41,T5资金运用与资产负债管理,关于保险机构投资者股票投资有关问题的通知,保监发〔2005〕14号,2005-02-07,valid
RFN-ae5ca497f51d0e32,T5资金运用与资产负债管理,关于保险机构投资者股票投资交易有关问题的通知,保监发〔2005〕13号,2005-12-26,valid
RFN-2923265780e340cb,T10数据治理与信息披露,关于保险资产管理公司2004年年度报告编报工作有关问题的通知（已失效）,保监财会〔2005〕95号,2005-02-02,expired
RFN-5528fa42833195c2,T9风险处置与案件合规,关于印发《保险保障基金内部管理规定（试行）》和《保险保障基金会计核算办法（试行）》的通知,保监财会〔2005〕770号,2005-09-01,valid
RFN-e35701827004cf91,T9风险处置与案件合规,关于缴纳保险保障基金有关问题的通知,保监发〔2005〕26号,2005-12-22,valid
RFN-61b14ebc7f81a202,T9风险处置与案件合规,关于保险保障基金汇算清缴有关问题的通知,保监发〔2006〕18号,2006-03-07,valid
RFN-64186f9a7f53563d,T9风险处置与案件合规,关于规范保险保障基金缴纳工作有关问题的通知,保监财会〔2006〕1294号,2006-12-26,valid
RFN-41f2ecdea2c8e542,T5资金运用与资产负债管理,关于股票投资有关问题的通知,保监发〔2007〕44号,2007-04-06,valid
RFN-d8b9fdbcdea821fd,T9风险处置与案件合规,关于印发《保险资产管理重大突发事件应急管理指引》的通知,保监发〔2007〕42号,2007-06-14,valid
RFN-e988cc692a930c06,T9风险处置与案件合规,关于缴纳保险保障基金有关事项的通知,保监发〔2008〕116号,2009-01-04,repealed
RFN-890f174b20c5bdf7,T5资金运用与资产负债管理,关于保险资产管理公司年度财务报告有关问题的通知,保监发〔2008〕31号,2008-05-07,repealed
RFN-0d3dfcedd6ac89eb,T5资金运用与资产负债管理,关于加强保险机构债券回购业务管理的通知,保监发〔2009〕106号,2009-10-22,valid
RFN-c1e81c43bf01ca6f,T5资金运用与资产负债管理,关于规范保险机构股票投资业务的通知,保监发〔2009〕45号,2009-04-07,valid
RFN-08b2998991d6554e,T6养老与健康保险专项,关于试行养老保障委托管理业务有关事项的通知,保监发〔2009〕129号,2009-12-28,valid
RFN-fb096a06e469c78a,T5资金运用与资产负债管理,中国保监会关于印发《保险资金投资不动产暂行办法》的通知,保监发〔2010〕80号,2010-09-05,valid
RFN-855bfc08f72b5e80,T10数据治理与信息披露,中国保监会关于印发《保险公司资金运用统计制度》的通知,保监发〔2010〕86号,2010-10-13,valid
RFN-117aff297547d489,T5资金运用与资产负债管理,关于保险机构开展利率互换业务的通知,保监发〔2010〕56号,2010-07-20,valid
RFN-8d22034994f0e5bb,T10数据治理与信息披露,中国保监会关于印发《保险资产管理公司统计制度》的通知,保监发〔2010〕85号,2010-10-13,valid
RFN-10b7297468c33eec,T5资金运用与资产负债管理,关于调整《保险资产管理公司管理暂行规定》有关规定的通知,保监发〔2011〕19号,2011-04-20,repealed
RFN-899102dad2cc5cec,T5资金运用与资产负债管理,中国保监会关于印发《保险资金投资债券暂行办法》的通知,保监发〔2012〕58号,2012-07-19,repealed
RFN-5c7e063e18d20d3e,T5资金运用与资产负债管理,中国保监会关于印发《保险资金委托投资管理暂行办法》的通知,保监发〔2012〕60号,2012-07-23,repealed
RFN-d58cf05febbb90b9,T5资金运用与资产负债管理,中国保监会关于印发《保险资产配置管理暂行办法》的通知,保监发〔2012〕61号,2012-07-27,valid
RFN-885d0dc2e2c8dca7,T5资金运用与资产负债管理,关于印发《保险资金境外投资管理暂行办法实施细则》的通知,保监发〔2012〕93号,2012-10-22,valid
RFN-82f29702d5b1ab6d,T5资金运用与资产负债管理,关于印发《保险资金参与金融衍生产品交易暂行办法》的通知,保监发〔2012〕94号,2012-10-23,valid
RFN-43cedd2b26090af4,T5资金运用与资产负债管理,关于印发《保险资金参与股指期货交易规定》的通知,保监发〔2012〕95号,2012-10-23,valid
RFN-5afd181865011d74,T5资金运用与资产负债管理,中国保监会关于加强保险资金投资债券使用外部信用评级监管的通知,保监发〔2013〕61号,2013-08-05,valid
RFN-6818d5f0094ae98c,T5资金运用与资产负债管理,中国保监会关于保险机构投资风险责任人有关事项的通知,保监发〔2013〕28号,2013-04-16,valid
RFN-d9e570ad3732a7a1,T5资金运用与资产负债管理,非保险机构投资境外保险类企业管理办法（保监会令2013年第4号）,N/A,2013-04-16,valid
RFN-d43da9b6a301b602,T5资金运用与资产负债管理,关于清理规范保险公司投资性房地产评估增值有关事项的通知,保监财会〔2014〕81号,2014-06-05,valid
RFN-fe73537cf9518f03,T5资金运用与资产负债管理,中国保监会关于保险资金投资创业投资基金有关事项的通知,保监发〔2014〕101号,2014-12-15,amended
RFN-8ee61389c515f324,T5资金运用与资产负债管理,中国保监会关于保险资金投资优先股有关事项的通知,保监发〔2014〕80号,2014-10-17,valid
RFN-306a23eecbf1b937,T5资金运用与资产负债管理,中国保监会关于保险资金投资创业板上市公司股票等有关问题的通知,保监发〔2014〕1号,2014-01-07,valid
RFN-ef2c42022d280346,T5资金运用与资产负债管理,中国保监会关于规范保险资金银行存款业务的通知,保监发〔2014〕18号,2014-03-12,valid
RFN-fd8450a7f07ed637,T5资金运用与资产负债管理,中国保监会 中国银监会关于规范保险资产托管业务的通知,保监发〔2014〕84号,2014-10-31,valid
RFN-94d21d2115d42c83,T5资金运用与资产负债管理,中国保监会关于试行《保险资产风险五级分类指引》的通知,保监发〔2014〕82号,2014-10-24,valid
RFN-80bd420e4ec03c17,T5资金运用与资产负债管理,中国保监会办公厅关于保险资金运用属地监管试点工作有关事项的通知,保监厅发〔2014〕76号,2014-12-11,valid
RFN-6b6e402425c7f946,T5资金运用与资产负债管理,中国保监会关于加强和改进保险资金运用比例监管的通知,保监发〔2014〕13号,2014-02-19,valid
RFN-d718617c6d4baa91,T5资金运用与资产负债管理,关于授权北京等保监局开展保险资金运用监管试点工作的通知,保监资金〔2014〕17号,2014-04-09,valid
RFN-3a618cecfaf7cb06,T5资金运用与资产负债管理,中国保监会关于印发《保险公司资金运用信息披露准则第3号：举牌上市公司股票》的通知,保监发〔2015〕121号,2015-12-23,amended
RFN-2152461078d71661,T5资金运用与资产负债管理,中国保监会关于印发《保险公司资金运用信息披露准则第2号：风险责任人》的通知,保监发〔2015〕42号,2015-04-14,valid
RFN-b17bcf0df16484b9,T5资金运用与资产负债管理,中国保监会关于提高保险资金投资蓝筹股票监管比例有关事项的通知,保监发〔2015〕64号,2015-07-08,repealed
RFN-8633658d5623a32e,T5资金运用与资产负债管理,中国保监会关于调整保险资金境外投资有关政策的通知,保监发〔2015〕33号,2015-03-31,valid
RFN-fb6befd091f37ba3,T5资金运用与资产负债管理,中国保监会关于加强保险公司资产配置审慎性监管有关事项的通知,保监资金〔2015〕219号,2015-12-11,repealed
RFN-66eb1d9a4ca88d86,T5资金运用与资产负债管理,中国保监会关于设立保险私募基金有关事项的通知,保监发〔2015〕89号,2015-09-11,amended
RFN-5ac2040a2787abfa,T5资金运用与资产负债管理,中国保监会关于印发《资产支持计划业务管理暂行办法》的通知,保监发〔2015〕85号,2015-09-11,amended
RFN-8ed55859167aa292,T9风险处置与案件合规,关于印发《中国保险保障基金有限责任公司业务监管办法》的通知,保监厅发〔2015〕79号,2015-12-23,valid
RFN-9b74f07a1333096a,T5资金运用与资产负债管理,企业境外投资管理办法,发改委（2017）11号,,valid
RFN-e3d01cc01869fafc,T5资金运用与资产负债管理,保险资金运用管理办法,保险资金运用管理办法保监会令〔2018〕1号,2018-01-26,valid
RFN-48fe1fe6cd6233c3,T5资金运用与资产负债管理,中国人民银行 中国银行保险监督管理委员会 中国证券监督管理委员会 国家外汇管理局关于规范金融机构资产管理业务的指导意见（银发〔2018〕106号）,银发[2018]106号,2018-04-28,pending
RFN-9377e5986668cec6,T5资金运用与资产负债管理,中国保监会 财政部关于加强保险资金运用管理 支持防范化解地方政府债务风险的指导意见,保监发〔2018〕6号,2018-01-18,valid
RFN-c7be83617d6fc9e6,T5资金运用与资产负债管理,中国保监会关于印发《保险资产负债管理监管规则（1－5号）》及开展试运行有关事项的通知,保监发〔2018〕27号,2018-03-01,valid
RFN-4646e0fe770893e6,T5资金运用与资产负债管理,中国银行保险监督管理委员会关于发布保险资产负债管理季度报告XBRL分类标准及启用保险资产负债管理监管信息系统模块的通知,银保监发〔2018〕28号,2018-07-03,valid
RFN-6e9200fcf5b23b77,T5资金运用与资产负债管理,中国保监会 国家外汇管理局关于规范保险机构开展内保外贷业务有关事项的通知,保监发[2018]5号,2018-02-01,valid
RFN-a7c3b3863a4a088a,T5资金运用与资产负债管理,保险资金参与国债期货交易规定,银保监办发〔2020〕59号,2020-07-01,valid
RFN-cabfd3ca0b94c211,T5资金运用与资产负债管理,关于印发《机关事业单位职业年金基金相关业务会计处理规定》的通知,财会〔2021〕19号,2021-09-08,valid
RFN-86c997f8e8e3fffd,T8机构准入与组织监管,中国银保监会关于银行业保险业支持高水平科技自立自强的指导意见,银保监发〔2021〕46号,2021-12-20,pending
RFN-92b37ba95eb0c95c,T9风险处置与案件合规,保险保障基金管理办法,中国银行保险监督管理委员会令[2022]7号,2022-11-10,valid
RFN-6686a0522d059661,T5资金运用与资产负债管理,保险资产管理公司管理规定,中国银行保险监督管理委员会令[2022]2号,2022-08-05,pending
RFN-4ee952d21944ab4d,T5资金运用与资产负债管理,保险资产管理业从业人员职业操守和行为准则,（中国保险资产管理业协会　2023年4月）,,valid
RFN-c0276de758b9f668,T5资金运用与资产负债管理,中国保险资产管理业协会自律监督检查工作暂行办法,（中国保险资产管理业协会2023年4月）,,valid
RFN-52aa9120bc5387cc,T5资金运用与资产负债管理,中国保险资产管理业协会自律评价管理办法,（中国保险资产管理业协会2023年4月）,,valid
RFN-edc11e64a539499c,T9风险处置与案件合规,关于保险保障基金有关税收政策的通知,财税〔2023〕44号,2023-10-15,pending
RFN-66768782981b1368,T5资金运用与资产负债管理,国家金融监督管理总局关于印发保险资产风险分类暂行办法的通知,金规[2024]19号,2024-11-29,pending
RFN-e4fa67e6508db993,T5资金运用与资产负债管理,中国人民银行公开市场业务公告〔2024〕第6号—关于接受符合条件的证券、基金、保险公司申报的公告,中国人民银行公开市场业务公告（〔2024〕第6号）,,pending
RFN-3a51b4bb7cd727a3,T5资金运用与资产负债管理,国家金融监督管理总局关于调整保险资金权益类资产监管比例有关事项的通知,金规[2025]12号,2025-04-08,pending
RFN-5e21059504818112,T5资金运用与资产负债管理,国家金融监督管理总局办公厅关于开展保险资金投资黄金业务试点的通知,金办发[2025]7号,2025-02-07,valid
RFN-3ca8855e25c015c3,T5资金运用与资产负债管理,保险公司投资管理能力信息披露自律管理准则(试行),,2022-06-08,valid
RFN-8524c44509f7af89,T5资金运用与资产负债管理,保险资金间接投资基础设施项目管理办法,N/A,2016-07-03,amended
RFN-12cf62e3a31125ba,T5资金运用与资产负债管理,保险机构投资者股票投资管理暂行办法,N/A,2005-12-21,valid
RFN-7df79dfa0ca9273d,T5资金运用与资产负债管理,保险资产管理公司管理暂行规定,N/A,2005-12-21,valid
RFN-982b10b931bbf439,T5资金运用与资产负债管理,关于印发《保险机构债券投资信用评级指引（试行）》的通知,N/A,2007-02-07,valid
RFN-6d60dc2df66d2260,T5资金运用与资产负债管理,中华人民共和国证券法,N/A,2019-12-28,amended
RFN-68e1e129c7c14a36,T5资金运用与资产负债管理,关于推动中长期资金入市的指导意见,,,pending
RFN-83b739eb62cef7fc,T5资金运用与资产负债管理,保险资金运用管理暂行办法,N/A,2014-04-18,repealed
RFN-b3b1e590d7066a6a,T6养老与健康保险专项,关于印发加快健康保险发展的指导意见的通知（已废止）,保监发〔2002〕130号,2005-12-19,repealed
RFN-8e299b6db7fca20e,T6养老与健康保险专项,关于印发《加快发展养老保险的若干指导意见》的通知（已废止）,保监发〔2004〕152号,2005-12-19,repealed
RFN-8ed8cef777049089,T6养老与健康保险专项,关于《健康保险管理办法》实施中有关问题的通知,保监发〔2006〕95号,2006-09-26,valid
RFN-c344b55959d562f8,T6养老与健康保险专项,关于印发《养老保险公司企业年金业务统计制度（试行）》的通知,保监统信〔2006〕1457号,2006-12-31,valid
RFN-64690958a54d9cf9,T6养老与健康保险专项,关于养老保险公司经营企业年金业务有关问题的通知（已失效）,保监发〔2007〕101号,2007-10-15,expired
RFN-f6e1175201553795,T6养老与健康保险专项,关于印发《健康保险统计制度》的通知,保监发〔2008〕25号,2008-04-16,valid
RFN-1dd1b464ec4a5382,T6养老与健康保险专项,关于印发健康保险统计制度分析指标和分析图表的通知,保监统信〔2008〕664号,2008-06-11,valid
RFN-5483f2b473333550,T6养老与健康保险专项,中国保监会关于免征保险公司经营城乡居民大病保险业务监管费的通知,保监财会〔2013〕250号,2013-04-09,valid
RFN-7efc9ab76809e0d3,T6养老与健康保险专项,中国保监会关于印发《保险公司城乡居民大病保险业务管理暂行办法》的通知,保监发〔2013〕19号,2013-03-20,repealed
RFN-51d17c7f606253fd,T6养老与健康保险专项,中国保监会关于印发《养老保障管理业务管理暂行办法》的通知,保监发〔2013〕43号,2013-05-17,repealed
RFN-6d375356b1fc52a3,T10数据治理与信息披露,中国保监会关于印发《保险养老社区统计制度》的通知,保监发〔2014〕107号,2014-12-31,valid
RFN-631954dd3b562f8e,T6养老与健康保险专项,中国保监会关于开展老年人住房反向抵押养老保险试点的指导意见,保监发〔2014〕53号,2014-06-23,valid
RFN-1446258540bdc328,T6养老与健康保险专项,中国保监会关于印发《养老保障管理业务管理办法》的通知,保监发〔2015〕73号,2015-08-26,valid
RFN-e7d637e1e33fa849,T6养老与健康保险专项,中国保监会关于印发《个人税收优惠型健康保险业务管理暂行办法》的通知,保监发〔2015〕82号,2015-08-20,repealed
RFN-e8e1d145eacd96af,T6养老与健康保险专项,中国保监会关于印发《养老年金保险业务统计制度》的通知,保监发〔2015〕108号,2015-11-26,valid
RFN-58dc072cb618f4a3,T6养老与健康保险专项,中国保监会关于印发《大病保险统计制度》的通知,保监发〔2015〕105号,2015-11-23,valid
RFN-2abdd417fb0d9777,T10数据治理与信息披露,中国保监会关于印发《保险机构企业年金业务统计制度》的通知,保监发〔2015〕104号,2015-11-23,valid
RFN-26cc8f88f549e43e,T6养老与健康保险专项,中国保监会关于印发《老年人住房反向抵押养老保险试点统计制度》的通知,保监发〔2015〕2号,2015-02-17,valid
RFN-9cf7ceade4f13ea1,T6养老与健康保险专项,中国保监会关于印发《保险公司城乡居民大病保险投标管理暂行办法》等制度的通知,保监发〔2016〕86号,2016-10-19,repealed
RFN-cc2102aa4fcac489,T6养老与健康保险专项,中国保监会办公厅关于开展个人税收优惠型健康保险业务有关事项的通知,保监厅发〔2016〕1号,2016-01-05,repealed
RFN-499af08f2e4fdabf,T6养老与健康保险专项,中国保监会关于延长老年人住房反向抵押养老保险试点期间并扩大试点范围的通知,保监发〔2016〕55号,2016-07-15,repealed
RFN-bfd71798c8acfe26,T6养老与健康保险专项,健康保险管理办法（中国银行保险监督管理委员会令2019年第3号）,N/A,2019-11-12,valid
RFN-1c86948d8888bc14,T6养老与健康保险专项,关于进一步明确商业健康保险个人所得税优惠政策适用保险产品范围的通知,财税〔2022〕21号,2022-05-31,pending
RFN-f6b71b89b644f82d,T6养老与健康保险专项,关于个人养老金有关个人所得税政策的公告,财政部 税务总局公告2022年第34号,2022-11-03,pending
RFN-4d87ec365f1d5f20,T6养老与健康保险专项,国家金融监督管理总局关于适用商业健康保险个人所得税优惠政策产品有关事项的通知,金规[2023]2号,2023-07-06,pending
RFN-f792b13d40a82eb5,T6养老与健康保险专项,国家金融监督管理总局关于个人税收递延型商业养老保险试点与个人养老金衔接有关事项的通知,金规[2023]4号,2023-09-05,pending
RFN-88040bc662487e3b,T6养老与健康保险专项,国家金融监督管理总局关于印发养老保险公司监督管理暂行办法的通知,金规[2023]13号,2023-12-15,pending
RFN-533038be2a9180be,T6养老与健康保险专项,国家金融监督管理总局关于促进专属商业养老保险发展有关事项的通知,金规[2023]7号,2023-10-25,pending
RFN-9c75fa95d274936c,T6养老与健康保险专项,国家金融监督管理总局办公厅关于大力发展商业保险年金有关事项的通知,金办发[2024]110号,2024-10-23,pending
RFN-4e9fd3784948d799,T6养老与健康保险专项,人力资源社会保障部、财政部、国家税务总局、金融监管总局、中国证监会关于全面实施个人养老金制度的通知,人社部发〔2024〕87号,2024-12-10,pending
RFN-ae3b7c8be94e1f51,T6养老与健康保险专项,民政部、国家发展改革委、公安部、财政部、中国人民银行、市场监管总局、金融监管总局关于加强养老机构预收费监管的指导意见,民发〔2024〕19号,2024-04-23,pending
RFN-3a6d19f09a88aed2,T1销售行为与消费者保护,国家金融监督管理总局关于进一步提升金融服务适老化水平的指导意见,金发[2024]34号,2024-11-14,pending
RFN-2f005ad7b1c2f297,T6养老与健康保险专项,关于在全国范围实施个人养老金个人所得税优惠政策的公告,财政部、税务总局公告2024年21号,2024-12-12,pending
RFN-1565cf1fcd0f9a27,T6养老与健康保险专项,国家金融监督管理总局办公厅关于印发《银行业保险业养老金融高质量发展实施方案》的通知,金办发[2025]26号,2025-03-28,pending
RFN-56ff2bec4ac3836c,T6养老与健康保险专项,国家金融监督管理总局关于推动健康保险高质量发展的指导意见,金发[2025]34号,2025-09-30,pending
RFN-e2c5cd1ddca78420,T6养老与健康保险专项,保险公司养老保险业务管理办法,N/A,2007-11-12,valid
RFN-45b8541b770ec99e,T6养老与健康保险专项,健康保险管理办法,N/A,2006-08-14,valid
RFN-81935050acb430e5,T6养老与健康保险专项,关于保险公司开展个人养老金业务有关工作提示,,,pending
RFN-a77da0310454e26c,T0上位法锚点,社会保险经办条例,中华人民共和国国务院令第765号,2023-08-16,pending
RFN-fe6795164f58c973,T6养老与健康保险专项,关于配合社会基本医疗保险体制改革有关问题的通知（已失效）,保监发[1999]7号,2005-12-19,expired
RFN-98ddf35e6ed9da61,T9风险处置与案件合规,关于保险公司缴纳罚款等有关问题的通知,保监发〔2003〕41号,2005-12-20,valid
RFN-1d4569b0c83b8ca6,T7反洗钱与反恐怖融资,中国人民银行令〔2006〕第1号（金融机构反洗钱规定）,N/A,2006-11-14,valid
RFN-193d5f3bfd72bede,T9风险处置与案件合规,关于建立治理商业贿赂专项工作联系点的通知,保监办〔2006〕362号,2006-04-21,valid
RFN-3d1df4b836fe1532,T9风险处置与案件合规,关于在地市及以下地区建立保险业与地方治理商业贿赂领导机构沟通协调机制的通知,保监发〔2006〕84号,2006-08-07,valid
RFN-97e04219a84d6523,T9风险处置与案件合规,关于印发《国有保险机构重大案件领导责任追究试行办法》的通知,保监发〔2006〕11号,2006-01-21,valid
RFN-2a5f9307327d6bbf,T7反洗钱与反恐怖融资,中国人民银行关于印发《中国人民银行反洗钱调查实施细则（试行）》的通知(银发〔2007〕158号),银发〔2007〕158号,2007-05-21,valid
RFN-7ec32a236e309d62,T7反洗钱与反恐怖融资,中国人民银行关于印发《保险业大额交易和可疑交易报告要素释义》和《保险业大额交易和可疑交易报告数据报送接口规范[试行]》的通知,银发[2007]34号,,pending
RFN-22aeb33b93ffe81a,T9风险处置与案件合规,关于印发《保险业内涉嫌非法集资活动预警和查处工作暂行办法》的通知,保监发〔2007〕127号,2008-01-03,repealed
RFN-b47c7bcfe15fd611,T7反洗钱与反恐怖融资,关于贯彻落实《反洗钱法》防范保险业洗钱风险的通知,保监发[2007]11号,2007-02-16,valid
RFN-39e70f33653e140c,T7反洗钱与反恐怖融资,中国人民银行关于进一步加强金融机构反洗钱工作的通知(银发〔2008〕391号),银发〔2008〕391号,2008-12-31,valid
RFN-26b5064bb2b4a3bd,T7反洗钱与反恐怖融资,中国人民银行关于印发银行业、证券期货业、保险业大额交易和可疑交易报告数据报送接口规范的通知,银发[2008]248号,,valid
RFN-1bd6faaccdaab05d,T9风险处置与案件合规,关于印发《中国保监会关于在行政执法中及时移送涉嫌犯罪案件的规定》的通知,保监发〔2008〕37号,2008-05-19,valid
RFN-51f149a2c6b49e3f,T7反洗钱与反恐怖融资,中国人民银行关于进一步严格大额交易和可疑交易报告报送情况的通报,银发[2009]123号,,pending
RFN-ce7a37583a65d386,T7反洗钱与反恐怖融资,中国人民银行办公厅关于进一步加强银行卡业务反洗钱工作的通知,银办发[2009]151号,,pending
RFN-50486bd5546c4c0e,T9风险处置与案件合规,关于加强协作配合共同打击保险领域违法犯罪行为的通知,保监发〔2009〕87号,2009-08-11,valid
RFN-93d4a56bc228f26e,T9风险处置与案件合规,关于建立保险司法案件报告制度的通知,保监发[2009]81号,2009-07-14,valid
RFN-0ed1619c9f3b01f0,T9风险处置与案件合规,金融业经营者集中申报营业额计算办法,商务部 中国人民银行 银监会 证监会 保监会令[2009]10号,,valid
RFN-ca71dd7839504069,T9风险处置与案件合规,关于新保险法实施后行政处罚案件中法律适用有关问题的通知,保监厅发〔2009〕66号,2009-09-04,valid
RFN-7d1732f0c76c9e72,T7反洗钱与反恐怖融资,关于加强保险业反洗钱工作的通知,保监发〔2010〕70号,2010-08-31,repealed
RFN-49745450d2099735,T7反洗钱与反恐怖融资,中国人民银行关于明确可疑交易报告制度有关执行问题的通知,银发[2010]48号,,repealed
RFN-66289856debdc68b,T9风险处置与案件合规,关于开展案件责任追究清理工作的通知,保监稽查〔2010〕192号,2010-03-18,valid
RFN-721b88fa2b47265c,T9风险处置与案件合规,关于贯彻落实《保险机构案件责任追究指导意见》的通知,保监发〔2010〕21号,2010-03-18,repealed
RFN-8bf234c5a0474448,T9风险处置与案件合规,关于印发《保险机构案件责任追究指导意见》的通知,保监发〔2010〕12号,2010-03-18,valid
RFN-11aa95929d436a6c,T7反洗钱与反恐怖融资,关于印发《保险业反洗钱工作管理办法》的通知,保监发〔2011〕52号,2011-09-28,valid
RFN-ad5242f3e1520bfb,T9风险处置与案件合规,关于明确保险机构案件责任追究管理有关问题的通知,保监稽查〔2011〕1539号,2011-10-10,repealed
RFN-ec13776526cf0ac1,T7反洗钱与反恐怖融资,关于报送保险业反洗钱工作信息的通知,保监稽查〔2011〕1919号,2011-12-22,valid
RFN-266631d9e9362909,T9风险处置与案件合规,中国保监会关于印发《关于加强反保险欺诈工作的指导意见》的通知,保监发〔2012〕69号,2012-08-28,repealed
RFN-cfae5b810141d4ef,T7反洗钱与反恐怖融资,中国人民银行关于印发《金融机构洗钱和恐怖融资风险评估及客户分类管理指引》的通知(银发〔2013〕2号),银发〔2013〕2号,2013-01-05,valid
RFN-5a653ce853b6eabd,T9风险处置与案件合规,中国保监会关于印发《人身保险公司风险排查管理规定》的通知,保监发〔2013〕48号,2013-07-05,repealed
RFN-6b2021a7fa36fd58,T9风险处置与案件合规,中国保监会关于启动保险业地震应急三级响应程序的通知（已废止）,保监发〔2013〕35号,2013-04-20,repealed
RFN-19f865fb9d7b3de0,T7反洗钱与反恐怖融资,中国人民银行办公厅关于落实《金融机构反洗钱监督管理办法（试行）》有关事项的通知（银办发〔2014〕263号）,〔2014〕263号,2014-12-17,valid
RFN-c6521cc354fb98c3,T7反洗钱与反恐怖融资,中国人民银行办公厅关于进一步加强金融机构和支付机构反恐怖融资工作的通知,银办发[2014]62号,,valid
RFN-136eb6fb5aa95c8c,T7反洗钱与反恐怖融资,涉及恐怖活动资产冻结管理办法,中国人民银行 公安部 国家安全部令[2014]第1号,2014-01-10,repealed
RFN-5cab0874b0ade084,T7反洗钱与反恐怖融资,保险机构洗钱和恐怖融资风险评估及客户分类管理指引,保监发[2014]110号,2014-12-30,valid
RFN-c650f183a84e2a71,T9风险处置与案件合规,中国保监会关于调整上报开展治理商业贿赂专项工作情况的通知,保监监察[2014]20号,2014-04-09,pending
RFN-0fc9aeefcbbefd05,T7反洗钱与反恐怖融资,中国人民银行令〔2025〕第10号（中国人民银行关于修改和废止部分规章的决定）,中国人民银行令〔2025〕第10号,2025-10-11,valid
RFN-5df67fbeabffacee,T8机构准入与组织监管,中国保监会关于印发《广西辖区保险公司分支机构市场退出管理指引》的通知,保监发〔2016〕53号,2016-07-07,repealed
RFN-6ddcdb7ddcef4f2c,T7反洗钱与反恐怖融资,金融机构大额交易和可疑交易报告管理办法,中国人民银行令〔2016〕第3号,2025-10-11,amended
RFN-d638f279529ea78c,T7反洗钱与反恐怖融资,中国人民银行关于加强反洗钱客户身份识别有关工作的通知（银发〔2017〕235号）,银发〔2017〕235号,2017-10-30,valid
RFN-caaf3ecc1123e4be,T7反洗钱与反恐怖融资,国务院办公厅关于完善反洗钱、反恐怖融资、反逃税监管体制机制的意见,国办函[2017]84号,2017-09-13,valid
RFN-1540c2ebea0b9c67,T9风险处置与案件合规,中国保险监督管理委员会行政处罚程序规定,保监会令〔2017〕1号,2017-02-07,repealed
RFN-a69e5b203b206290,T7反洗钱与反恐怖融资,中国人民银行 中国银行保险监督管理委员会 中国证券监督管理委员会关于印发《互联网金融从业机构反洗钱和反恐怖融资管理办法（试行）》的通知（银发〔2018〕230号）,银发[2018]230号,2018-09-29,valid
RFN-cd3c8da678aa0a31,T7反洗钱与反恐怖融资,中国人民银行关于进一步做好受益所有人身份识别工作有关问题的通知（银发〔2018〕164号）,银发[2018]164号,2018-06-28,pending
RFN-0fd9409edddf24bf,T7反洗钱与反恐怖融资,中国人民银行办公厅关于进一步加强反洗钱和反恐怖融资工作的通知（银办发〔2018〕130号）,N/A,2018-07-24,valid
RFN-ac0ab71db17598fe,T9风险处置与案件合规,中国保监会关于印发《反保险欺诈指引》的通知,保监发〔2018〕24号,2018-02-23,repealed
RFN-63076feefad24a6b,T9风险处置与案件合规,银行保险违法行为举报处理办法,中国保险监督管理委员会令[2019]8号,2020-01-14,repealed
RFN-73a29788b6ddf06c,T7反洗钱与反恐怖融资,银行业金融机构反洗钱和反恐怖融资管理办法,银保监会令[2019]1号,2019-02-21,valid
RFN-6327f31d98a27464,T7反洗钱与反恐怖融资,中国人民银行关于印发证券期货保险机构反洗钱执法检查数据提取接口规范的通知（银发〔2019〕63号）,银发〔2019〕63号,2019-03-12,valid
RFN-745152701d454b21,T9风险处置与案件合规,银行保险机构应对突发事件金融服务管理办法,中国银行保险监督管理委员会令[2020]10号,2020-09-16,valid
RFN-8ad9ae930359b260,T7反洗钱与反恐怖融资,中国人民银行令〔2021〕第3号（金融机构反洗钱和反恐怖融资监督管理办法）,中国人民银行令〔2021〕第3号,2021-04-16,valid
RFN-9375b225151c1676,T9风险处置与案件合规,国家金融监督管理总局关于印发《银行保险机构涉刑案件风险防控管理办法》的通知,金规[2023]10号,2023-11-10,pending
RFN-7ba085be0c1fabb8,T9风险处置与案件合规,国家金融监督管理总局关于印发《反保险欺诈工作办法》的通知,金规[2024]10号,2024-07-30,pending
RFN-8858a4a6a7519c69,T9风险处置与案件合规,国家金融监督管理总局关于印发金融机构涉刑案件管理办法的通知,金规[2024]12号,2024-09-06,pending
RFN-e682a1097d0ec9d5,T9风险处置与案件合规,国家金融监督管理总局 公安部印发《关于加强银行业保险业涉嫌犯罪案件移送工作的规定》的通知,金规[2025]7号,2025-03-28,pending
RFN-0c0ffca1ec828e1e,T10数据治理与信息披露,国家金融监督管理总局办公厅 中国人民银行办公厅关于印发《银行业保险业绿色金融高质量发展实施方案》的通知,金办发[2025]15号,2025-02-27,pending
RFN-8ea5ba2763e1a220,T7反洗钱与反恐怖融资,中华人民共和国反洗钱法,N/A,2024-11-08,valid
RFN-9049baa41cac759b,T7反洗钱与反恐怖融资,金融机构客户身份识别和客户身份资料及交易记录保存管理办法,N/A,2007-06-23,repealed
RFN-cfaaba2b946ea10a,T9风险处置与案件合规,行政处罚法、行政许可法、治安管理处罚法,,,pending
RFN-d1e9c4ec9864d827,T9风险处置与案件合规,保险业重大突发事件应急处理规定,N/A,2005-12-20,repealed
RFN-6b37aa0d001c6f92,T9风险处置与案件合规,防范和处置非法集资条例,中华人民共和国国务院令第737号,2021-01-26,valid
RFN-70c6d2f88efc9684,T9风险处置与案件合规,关于禁止商业贿赂行为的暂行规定,国家工商行政管理局令第60号,,pending
RFN-5e4d297bde39f562,T9风险处置与案件合规,最高人民法院最高人民检察院关于印发《关于办理商业贿赂刑事案件适用法律若干问题的意见》的通知,二OO八年十一月二十日下发,,pending
RFN-40ac1a9fcbd30967,T7反洗钱与反恐怖融资,关于加强联合国安理会制裁决议名单管理和FATF公布的高风险国家或地区客户管理的风险提示,,,pending
RFN-cffdc0fb0ba21a2c,T9风险处置与案件合规,中华人民共和国反垄断法,N/A,2022-06-24,valid
RFN-8b8a8d5a0cf8dbb0,T9风险处置与案件合规,中华人民共和国反不正当竞争法,N/A,2025-06-27,valid
RFN-a0259cf4cfd30d55,T9风险处置与案件合规,中华人民共和国刑法,N/A,2020-12-26,amended
RFN-a0df782531548881,T10数据治理与信息披露,关于做好2002年年度报告编报工作的通知,保监发〔2002〕138号,2005-12-20,valid
RFN-8af8d940827e0344,T8机构准入与组织监管,关于保险公司经营区域有关问题的通知,保监发[2003]120号,2003-09-02,valid
RFN-cc72e22499129058,T8机构准入与组织监管,保险公司管理规定,保监会令〔2004〕3号,2009-09-27,repealed
RFN-95f1d09ecebd3704,T8机构准入与组织监管,中国保险监督管理委员会派出机构监管职责规定,保监会令〔2004〕7号,2016-01-26,repealed
RFN-51c1b05ad134a148,T10数据治理与信息披露,关于启用中国保险统计信息系统的通知,保监发〔2004〕123号,2004-09-30,valid
RFN-ab869de108360048,T10数据治理与信息披露,关于印发《人身保险保单标准化工作指引（试行）》的通知,保监发〔2005〕108号,2005-11-18,valid
RFN-a9fedb44d9d78bda,T5资金运用与资产负债管理,转发中国人民银行关于商业银行对外资保险公司办理人民币协议存款业务的利率等相关问题的通知,保监发[2005]23号,,pending
RFN-9e856ea0f51d4ba2,T10数据治理与信息披露,关于印发《保险公司分支机构开业统计与信息化建设验收指引》的通知,保监发〔2005〕44号,2005-12-23,valid
RFN-82cf9ed851220c74,T10数据治理与信息披露,关于印发《中国保监会保险统计现场检查工作规程》的通知,保监发〔2005〕101号,2005-11-02,valid
RFN-2836d315cfaf03af,T10数据治理与信息披露,关于开展保险公司数据质量问题调查的通知,保监厅发〔2005〕80号,2005-06-10,valid
RFN-87790fc16becf971,T10数据治理与信息披露,关于加强保险统计数据信息管理的通知,保监厅发〔2005〕112号,2005-08-17,valid
RFN-73249657e6d19c65,T10数据治理与信息披露,关于发布“机构数”等统计指标填报标准的通知,保监厅发〔2005〕79号,2005-12-23,valid
RFN-a7ba384041a4e177,T10数据治理与信息披露,关于保险公司2004年年度报告编报工作有关问题的通知（已失效）,保监财会〔2005〕94号,2006-02-27,expired
RFN-65dc77bb8b5ce629,T8机构准入与组织监管,保险公司设立境外保险类机构管理办法,中国保险监督管理委员会令[2006]7号,2015-12-03,amended
RFN-022b955f878c1de1,T8机构准入与组织监管,关于印发《寿险公司非现场监管规程（试行）》的通知,保监发〔2006〕5号,2006-01-11,valid
RFN-30de77a90a992c25,T10数据治理与信息披露,关于明确统计口径有关事项的通知,保监厅发〔2006〕94号,2006-11-28,valid
RFN-fdade8975058b7df,T10数据治理与信息披露,关于开展新会计准则下保险统计制度转换和对接系统切换工作的通知,保监统信〔2006〕1334号,2006-12-18,valid
RFN-09c4307bd21bd273,T10数据治理与信息披露,关于印发修订后的保险统计制度的通知,保监发〔2006〕127号,2007-01-08,valid
RFN-c741eef01a9f96d2,T8机构准入与组织监管,关于《保险许可证管理办法》实施有关事宜的通知,保监发〔2007〕70号,2007-08-20,repealed
RFN-012051479f38bb44,T8机构准入与组织监管,关于保险公司地市级分支机构命名等有关问题的批复,保监法规[2007]1497号,,pending
RFN-27bbc28e14e4ddb4,T10数据治理与信息披露,关于发布《保险业务代码集》行业标准的通知,保监发〔2007〕131号,2008-01-10,valid
RFN-394e4243670a7862,T10数据治理与信息披露,关于发布《保险基础数据元目录》行业标准的通知,保监发〔2007〕130号,2008-01-09,valid
RFN-116a8c411faa8949,T10数据治理与信息披露,关于发布《保险行业机构代码编码规范》行业标准的通知,保监发〔2007〕128号,2008-01-08,valid
RFN-e4a6af87b87531a5,T10数据治理与信息披露,关于加强保险业信息化工作重大事项管理的通知,保监厅发〔2007〕8号,2007-03-14,valid
RFN-7ca9431975f9d3dc,T10数据治理与信息披露,信息安全等级保护管理办法[全文],公通字[2007]43号,2007-06-22,pending
RFN-2e9f64324c1043d0,T10数据治理与信息披露,关于印发《人身保险业务档案管理规范》的通知,保监发〔2007〕51号,2007-06-27,valid
RFN-ea942d651ac62a70,T10数据治理与信息披露,关于开展保险业（第二批）信息系统安全等级保护定级工作的通知,保监厅发〔2007〕80号,2008-01-03,valid
RFN-f64069e877c05c52,T10数据治理与信息披露,关于印发《新增长期意外险等业务统计指标》的通知,保监厅发〔2008〕45号,2008-09-11,valid
RFN-cce379e189638296,T10数据治理与信息披露,关于贯彻落实保险行业标准的通知,保监发〔2008〕14号,2008-02-25,valid
RFN-f9dfb560f0ccde51,T10数据治理与信息披露,关于发布《保险标准化工作指南》行业标准的通知,保监发〔2008〕4号,2008-01-31,valid
RFN-d24ca0aac708a923,T10数据治理与信息披露,关于印发《保险业信息系统灾难恢复管理指引》的通知,保监发〔2008〕20号,2008-03-27,valid
RFN-7a0f0ea3e1ef2595,T10数据治理与信息披露,关于调整现金流量类统计指标报送内容有关事项的通知,保监发〔2009〕15号,2009-02-23,valid
RFN-b85b6d91e55aa2cb,T8机构准入与组织监管,关于保险许可证采用新编码规则的通知,保监厅发〔2009〕18号,2009-03-26,valid
RFN-361cbf2932f327c4,T10数据治理与信息披露,关于发布《巨灾保险数据采集规范》行业标准的通知,保监发〔2009〕52号,2009-04-16,valid
RFN-8a98eed7f23b0c5d,T10数据治理与信息披露,关于发布《保险基础数据模型》行业标准的通知,保监发〔2009〕31号,2009-04-16,valid
RFN-b4d289dc1654e895,T10数据治理与信息披露,关于发布《保险公司统计分析指标体系规范》行业标准的通知,保监发〔2009〕30号,2009-04-16,repealed
RFN-8a8ac6b0f395d59d,T10数据治理与信息披露,关于发布《2009版保险术语》行业标准的通知,保监发〔2009〕29号,2009-04-16,valid
RFN-03c5e9251ac78f85,T10数据治理与信息披露,关于印发《保险公司信息化工作管理指引（试行）》的通知,保监发〔2009〕133号,2010-01-04,valid
RFN-eef0843d6f96e953,T10数据治理与信息披露,关于开展保险公司财务业务数据真实性自查工作的通知（已失效）,保监发〔2009〕9号,2009-02-17,expired
RFN-a7b50b34e5b91456,T10数据治理与信息披露,关于发布《寿险单证》行业标准的通知,保监发〔2009〕33号,2009-04-16,valid
RFN-ad41bc09e1aa94d1,T10数据治理与信息披露,关于开展保险数据真实性抽查工作的通知（已失效）,保监发〔2009〕62号,2009-05-05,expired
RFN-af0ff71774687610,T8机构准入与组织监管,关于明确保险公司分支机构管理有关问题的通知,保监发〔2010〕49号,2010-06-18,valid
RFN-899ce5272693a573,T8机构准入与组织监管,关于贯彻实施《保险公司管理规定》有关问题的通知,保监发〔2010〕26号,2010-03-12,expired
RFN-1cd59de0b82e9063,T10数据治理与信息披露,关于发布《保险信息安全风险评估指标体系规范》行业标准的通知,保监发〔2010〕57号,2010-07-23,valid
RFN-c056c6f9e940201b,T8机构准入与组织监管,中国保险监督管理委员会行政复议办法,中国保险监督管理委员会令[2010]1号,2010-01-27,valid
RFN-bfb23e326cb3010c,T8机构准入与组织监管,关于建立人身险公司专管员联系机制的通知（已废止）,保监厅发〔2010〕52号,2010-07-29,repealed
RFN-a38358ef731da863,T10数据治理与信息披露,保险公司信息披露管理办法（中国银行保险监督管理委员会令2018年第2号),保监统信〔2010〕604号,2018-05-10,valid
RFN-aec59f8622f251a3,T8机构准入与组织监管,关于印发《保险公司开业验收指引》的通知,保监发〔2011〕14号,2011-04-26,valid
RFN-eb8790959742975f,T10数据治理与信息披露,中国保监会关于报送年度信息披露报告的通知,保监厅发〔2012〕65号,2012-11-14,valid
RFN-9e69f7092e7568b9,T1销售行为与消费者保护,中国保监会关于印发《人身保险客户信息真实性管理暂行办法》的通知,保监发〔2013〕82号,2013-11-14,valid
RFN-d28d3f2a239e52f1,T8机构准入与组织监管,中国保监会关于印发《保险公司分支机构市场准入管理办法》的通知,保监发〔2013〕20号,2013-03-24,repealed
RFN-ede89d168c2c1a56,T10数据治理与信息披露,保险统计管理规定,保监会令2013年第1号,,repealed
RFN-4fef14fd096ba0d3,T8机构准入与组织监管,中国保监会关于印发《保险公司业务范围分级管理办法》的通知,保监发〔2013〕41号,2013-05-08,valid
RFN-db8d146a4c8fb677,T10数据治理与信息披露,中国保监会办公厅关于进一步做好保险公司公开信息披露工作的通知,保监厅发〔2013〕15号,2013-03-18,repealed
RFN-ff91deca9df634b5,T4公司治理与股权关联交易,中国保监会关于印发《保险公司所属非保险子公司管理暂行办法》的通知,保监发〔2014〕78号,2014-10-11,valid
RFN-ff60636ff757ae9c,T8机构准入与组织监管,保险专业代理机构监管规定（2015年修订）,中国保险监督管理委员会令2009年第5号,2015-12-03,valid
RFN-9b5d48235a21a6cf,T8机构准入与组织监管,中国保监会关于取消和调整一批行政审批项目等事项的通知,保监发〔2015〕35号,2015-03-31,valid
RFN-b6cf2a0a0700111c,T10数据治理与信息披露,中国保监会关于发布《保险术语（JR/T 0032－2015》行业标准的通知,保监发〔2015〕125号,2016-01-04,repealed
RFN-db2a82ff84de69dd,T10数据治理与信息披露,中国保监会关于发布《保险业务代码集（JR/T 0034－2015）》行业标准的通知,保监发〔2015〕124号,2015-01-04,valid
RFN-99c3f00fed1bfa87,T10数据治理与信息披露,关于发布《农业保险数据规范（JR/T 0128－2015）》行业标准的通知,保监发〔2015〕77号,2015-08-18,valid
RFN-4fca05f8ef6a38b8,T10数据治理与信息披露,关于发布《保险基础数据模型（JR/T 0048－2015）》行业标准的通知,保监发〔2015〕72号,2015-08-03,valid
RFN-f492addef0a5b08f,T10数据治理与信息披露,关于发布《保险基础数据元目录（JR/T 0033－2015）》行业标准的通知,保监发〔2015〕71号,2015-08-18,valid
RFN-6607550074f51efa,T8机构准入与组织监管,保险公司管理规定（2015修订）,中国保险监督管理委员会令2015年第3号,2015-10-19,valid
RFN-1941bd04a588e548,T10数据治理与信息披露,中国保监会关于印发《保险集团并表监管统计制度》的通知,保监发〔2016〕29号,2016-04-13,valid
RFN-350ba8cd7b05aefb,T10数据治理与信息披露,中国保险监督管理委员会 中国人民银行关于发布《银行保险业务人寿保险数据交换规范》行业标准的通知,保监发〔2016〕24号,2016-04-05,valid
RFN-0fa630786be84cf0,T10数据治理与信息披露,中国保监会关于印发《新增保险功能服务统计指标》的通知,保监发〔2016〕20号,2016-03-04,valid
RFN-2c4db51d19ff2f20,T8机构准入与组织监管,中国保监会关于进一步加强保险公司开业验收工作的通知,保监发〔2017〕51号,2017-06-23,valid
RFN-2ccd696d3fd16f64,T8机构准入与组织监管,中国银行保险监督管理委员会派出机构监管职责规定,中国银行保险监督管理委员会令[2021]9号,2021-08-09,pending
RFN-4cc516fe3b3639ea,T8机构准入与组织监管,保险公司非现场监管暂行办法,中国银行保险监督管理委员会令[2022]3号,2022-01-20,pending
RFN-143a5bd9228ffc1b,T10数据治理与信息披露,国家金融监督管理总局关于加强科技型企业全生命周期金融服务的通知,金发[2024]2号,2024-01-12,pending
RFN-993e71a24a57ac0a,T10数据治理与信息披露,国家金融监督管理总局办公厅关于印发保险公司县域机构统计制度的通知,金办发[2024]94号,2024-09-06,pending
RFN-68d83278af759a5e,T10数据治理与信息披露,国家金融监督管理总局关于印发银行保险机构数据安全管理办法的通知,金规[2024]24号,2024-12-27,pending
RFN-56bd950dc33c0751,T10数据治理与信息披露,公开发行证券的公司信息披露编报规则第4号——保险公司信息披露特别规定(2024年修订),中国证券监督管理委员会公告（〔2024〕10号）,2024-06-21,valid
RFN-70c43b7d3cf54999,T10数据治理与信息披露,国家金融监督管理总局办公厅关于银行保险机构侵害个人信息权益乱象专项整治发现主要问题的通报,金办发[2024]25号,2024-03-15,pending
RFN-76da31e921fcdf4a,T10数据治理与信息披露,国家金融监督管理总局办公厅关于加强银行业保险业移动互联网应用程序管理的通知,金办发[2024]99号,2024-09-14,pending
RFN-2a98bfae638def14,T10数据治理与信息披露,国家金融监督管理总局办公厅 科技部办公厅  国家发展改革委办公厅关于印发《银行业保险业科技金融高质量发展实施方案》的通知,金办发[2025]31号,2025-04-01,pending
RFN-411be32ea04122d2,T4公司治理与股权关联交易,国家金融监督管理总局关于修改部分规章的决定,国家金融监督管理总局令[2025]4号,2025-05-20,valid
RFN-fb86913deb7eb8db,T8机构准入与组织监管,银行保险机构许可证管理办法,国家金融监督管理总局令[2026]2号,2026-02-06,valid
RFN-a1164d47f2059174,T8机构准入与组织监管,再保险公司设立规定,N/A,2005-12-20,valid
RFN-fc2ff18685a29783,T8机构准入与组织监管,中华人民共和国外资保险公司管理条例,中华人民共和国国务院令第336号,2019-09-30,pending
RFN-a34feee980218d0d,T8机构准入与组织监管,中国保险监督管理委员会关于修改《保险公司设立境外保险类机构管理办法》等八部规章的决定,N/A,2015-10-30,repealed
RFN-dfb8fd4c91ecf924,T8机构准入与组织监管,保险公司保险业务转让管理暂行办法,N/A,2011-09-07,valid
RFN-a886b72c2e0c765d,T8机构准入与组织监管,保险许可证管理办法,N/A,2007-07-02,valid
RFN-9c05fe4a81dd1270,T8机构准入与组织监管,中国保险监督管理委员会行政许可实施办法,N/A,2014-03-04,repealed
RFN-646dc8a542fbd107,T10数据治理与信息披露,银行保险监管统计管理办法,N/A,2023-01-09,valid
RFN-f061897706577104,T10数据治理与信息披露,网络数据安全管理条例,中华人民共和国国务院令第790号,2024-09-24,pending
RFN-343f71b90c38ef6c,T10数据治理与信息披露,保险统计管理暂行规定,N/A,2005-12-21,repealed
RFN-5cd130f376ba34d9,T1销售行为与消费者保护,关于落实《保险销售行为可回溯管理暂行办法》有关事项的通知,保监消保〔2017〕265号,2017-11-01,valid
RFN-0a354aa38c08bc67,T0上位法锚点,中华人民共和国个人信息保护法,中华人民共和国主席令第72号,2021-08-20,valid
RFN-74a3e0f2c57f7302,T0上位法锚点,中华人民共和国广告法,中华人民共和国主席令第22号,2021-04-29,amended
RFN-043b3b9f875acdaf,T0上位法锚点,中华人民共和国数据安全法,中华人民共和国主席令第84号,2021-06-10,valid
RFN-5f0f7ab9a050cd56,T0上位法锚点,国务院办公厅关于加强金融消费者权益保护工作的指导意见,国办发〔2015〕81号,2015-11-04,valid
RFN-600b25ea909a0d88,T1销售行为与消费者保护,中国银监会办公厅关于商业银行开展代理销售基金和保险产品相关业务风险提示的通知,银监办发〔2008〕274号,2008-11-06,repealed
RFN-a3cd627cf001d29f,T1销售行为与消费者保护,中国银保监会2022年规章立法工作计划,N/A,2003-04-28,valid
RFN-bc833e59561e17f2,T5资金运用与资产负债管理,中国保监会关于加强组合类保险资产管理产品业务监管的通知,保监资金〔2016〕104号,2016-06-22,repealed
RFN-f067602094af5b93,T5资金运用与资产负债管理,中国保监会关于保险资产管理产品风险责任人有关事项的通知,保监发〔2015〕24号,2015-02-28,valid
RFN-f52a53c26da1588a,T2产品与精算制度,人身保险公司保险条款和保险费率管理办法,保监发〔2000〕42号,2000-03-29,valid
RFN-1011cd4b926d9c63,T2产品与精算制度,关于进一步扩大农村小额人身保险试点的通知,保监发〔2009〕59号,2009-04-27,pending
RFN-224a51c406448328,T2产品与精算制度,关于印发《农村小额人身保险试点方案》的通知,保监发〔2008〕47号,2008-06-23,pending
RFN-251d4f272a4388ea,T2产品与精算制度,关于人身保险产品税收宣传有关事项的通知（已废止）,保监发〔2008〕43号,2008-06-11,pending
RFN-597cce52d6ec9560,T2产品与精算制度,关于对取得国外精算师资格的拟任总精算师进行考核的通知（已失效）,N/A,2003-04-28,pending
RFN-e148bbd7c66d00bf,T9风险处置与案件合规,关于加强保险中介业务管理防范保险诈骗的通知（已失效）,保监发〔2007〕92号,2007-09-27,pending
RFN-6d1414017a5fe7d6,T2产品与精算制度,关于对人身保险条款及费率进行自查自纠的通知（已失效）,保监发〔2006〕36号,2006-04-10,pending
RFN-0d0e35388992d940,T10数据治理与信息披露,关于启用保险稽核软件系统的通知（已失效）,保监统信〔2006〕264号,2006-04-06,pending
RFN-ab555a753eb70714,T9风险处置与案件合规,关于防范利用保险进行诈骗的通知（已废止）,保监发〔2006〕20号,2006-03-29,pending
RFN-c5f6136678718632,T3资本与偿付能力监管,关于提取资本保证金的批复,保监财会〔2005〕1173号,2005-12-30,pending
RFN-383fc385412254ec,T2产品与精算制度,关于铁路旅客意外伤害强制保险的复函,保监厅函〔2005〕227号,2005-12-23,pending
RFN-dcff50c66c932098,T1销售行为与消费者保护,关于规范团体保险经营行为有关问题的通知,保监发〔2005〕62号,2005-12-23,pending
RFN-30db7bb8ad56799b,T1销售行为与消费者保护,关于严禁协助境外保险公司推销地下保单有关问题的通知,保监发〔2004〕29号,2005-12-20,pending
RFN-0e7ea628db199ba9,T9风险处置与案件合规,关于警惕和防范非法保险经营行为和保险诈骗活动的紧急通知（已废止）,保监发〔2003〕119号,2005-12-20,pending
RFN-f6400e9a60d05a69,T8机构准入与组织监管,关于印发我国加入WTO法律文件有关保险业内容的通知,保监办发〔2002〕14号,2005-12-20,pending
RFN-db5013179a2ae3be,T2产品与精算制度,关于加强航空意外保险规范管理有关问题的通知（已废止）,保监发〔2002〕134号,2005-12-19,pending
RFN-cf85f0dc63c22f2f,T1销售行为与消费者保护,关于在兼业代理网点销售人身保险新型产品的批复,保监函〔2002〕119号,2005-12-19,pending
RFN-70ba4bc78d6148b7,T10数据治理与信息披露,关于人寿保险公司报送人身保险业务季度分析有关情况的通知,保监发[2001]83号,2005-12-19,pending
RFN-0cac56cb6ca84165,T2产品与精算制度,关于建立分红保险、投资连接保险报告制度的批复,保监寿[2000]19号,2005-12-19,pending
RFN-1fde854770f62ca5,T2产品与精算制度,关于保险条款中有关违法犯罪行为作为除外责任含义的批复,保监复[1999]168号,2005-12-19,pending
RFN-0cfbb1fed4a02f5f,T1销售行为与消费者保护,关于调整保险代理从业人员基本资格考试有关事项的通知（已失效）,保监厅发〔2004〕50号,2005-12-19,pending
RFN-30290a24b798f004,T8机构准入与组织监管,关于保险公司分支机构相互代理保险业务有关问题的复函,保监办函〔2003〕227号,2005-12-19,pending
RFN-78973110e538451c,T2产品与精算制度,关于人身保险产品宣传有关问题的通知（已失效）,保监发[1999]57号,2005-12-19,pending
RFN-12c808c0aa98c712,T8机构准入与组织监管,关于印发保险机构许可证编码方案的通知,保监发[2001]81号,2005-12-18,pending
RFN-1875a1d068ecadf9,T2产品与精算制度,关于索赔期限有关问题的批复,保监复[1999]256号,2005-12-17,pending
RFN-28fa90ee667b8e96,T10数据治理与信息披露,关于在保险行业内发布部分保险统计汇总数据的通知（已废止）,保监统信〔2005〕1055号,2005-11-29,pending
RFN-6556e0d430a80454,T1销售行为与消费者保护,关于保险公司代理销售企业年金有关问题的函,保监中介〔2005〕1035号,2005-11-23,pending
RFN-d54da4b489cc13c6,T1销售行为与消费者保护,关于保险公司员工非正常购买保险行为定性问题的复函,保监厅函〔2005〕199号,2005-11-01,pending
RFN-3a158f66a8d6e6b6,T6养老与健康保险专项,关于完善保险业参与新型农村合作医疗试点工作的若干指导意见（已废止）,保监发〔2005〕95号,2005-10-26,pending
RFN-b0f7df910c31db95,T3资本与偿付能力监管,关于提取资本保证金的批复,保监财会〔2005〕877号,2005-10-11,pending
RFN-bfa7525047bb4233,T3资本与偿付能力监管,关于招商信诺人寿保险有限公司资本保证金处置的批复,保监财会〔2005〕868号,2005-09-27,pending
RFN-89617aa386e8aaf9,T2产品与精算制度,关于投资连结型团体年金保险、万能型团体年金保险风险保额有关问题的批复,保监寿险〔2005〕867号,2005-09-27,pending
RFN-1d8012044cbd535b,T10数据治理与信息披露,关于做好保险稽核系统接口程序准备工作的通知（已失效）,保监厅发〔2005〕77号,2005-06-02,pending
RFN-f823e15885305b69,T10数据治理与信息披露,关于一年期以上人身保险业务不宜征收地方教育发展费的复函,保监厅函〔2004〕194号,2004-10-22,pending
RFN-5cc9c04602c81f26,T2产品与精算制度,关于印发《长期健康险法定分保条件》的通知,保监发[2000]50号,2000-04-09,pending
RFN-66248391c74d74e7,T2产品与精算制度,关于印发《人身险法定分保条件实施细则》的通知,保监发[2000]29号,2000-03-09,pending
RFN-0660a162ce940799,T4公司治理与股权关联交易,中国人民银行 国家金融监督管理总局关于印发《系统重要性保险公司评估办法》的通知（银发〔2023〕208号）,银发〔2018〕301号,2018-11-27,pending
RFN-f916174f1bc87898,T9风险处置与案件合规,森林草原防灭火条例,中华人民共和国国务院令第822号,2025-11-16,pending
RFN-d9c806f538c7459e,T10数据治理与信息披露,关于增值税法施行后增值税优惠政策衔接事项的公告,财政部 税务总局公告2026年第10号,2026-01-30,valid
RFN-066a224049dcdc3c,T2产品与精算制度,关于增值税征税具体范围有关事项的公告,财政部 税务总局公告2026年第9号,2026-01-30,pending
RFN-cd2607bcb3975e8c,T10数据治理与信息披露,国家金融监督管理总局关于部分规范性文件废止和宣布失效的通知,金规[2025]22号,2025-10-29,valid
RFN-319734397c70c567,T10数据治理与信息披露,国家金融监督管理总局关于银行业保险业做好金融“五篇大文章”的指导意见,金发[2024]11号,2024-05-09,pending
RFN-37efb918591eff7f,T2产品与精算制度,国家金融监督管理总局 人力资源社会保障部关于印发精算师职业资格规定和精算师职业资格考试实施办法的通知,金规[2023]3号,2023-07-17,pending
RFN-02a4b14ceb0df951,T5资金运用与资产负债管理,中国银保监会办公厅关于印发银行业保险业贯彻落实《国务院关于支持山东深化新旧动能转换推动绿色低碳高质量发展的意见》实施意见的通知,银保监办发[2023]11号,2023-02-20,valid
RFN-880a34fa8a87cd4a,T10数据治理与信息披露,中国银保监会关于印发保险业标准化“十四五”规划的通知,银保监发[2022]11号,2022-05-27,pending
RFN-8d93a321dad29046,T10数据治理与信息披露,中国银保监会办公厅关于2022年银行业保险业服务全面推进乡村振兴重点工作的通知,银保监办发[2022]35号,2022-04-06,pending
RFN-1a58e6f945058610,T8机构准入与组织监管,中国银保监会关于修改《中华人民共和国外资保险公司管理条例实施细则》的决定,N/A,2003-04-28,valid
RFN-0f42203bec02632a,T2产品与精算制度,中国银保监会办公厅关于加强产业链协同复工复产金融服务的通知,银保监办发[2020]28号,2020-03-26,pending
RFN-efa0f809bf932c9e,T6养老与健康保险专项,中国银保监会 发展改革委 教育部 民政部 司法部 财政部 人力资源社会保障部 自然资源部 住房城乡建设部 商务部 卫生健康委 税务总局 医保局关于促进社会服务领域商业保险发展的意见,银保监发[2020]4号,2020-01-23,pending
RFN-b53296b4adf450b5,T8机构准入与组织监管,中华人民共和国外资保险公司管理条例实施细则,中国银行保险监督管理委员会令[2019]4号,2019-12-06,amended
RFN-f9179729195a004b,T9风险处置与案件合规,中国保监会关于印发《打赢保险业防范化解重大风险攻坚战的总体方案》的通知,保监发〔2018〕9号,2018-01-17,valid
RFN-9c7558e2640f5f38,T10数据治理与信息披露,中国保监会关于印发《保险扶贫统计制度（试行）》的通知,保监统信〔2017〕274号,2017-12-13,repealed
RFN-3892677cdf5d7ecc,T10数据治理与信息披露,中国保监会办公厅关于启动中国保险业保单登记管理信息平台第三期建设的通知,保监人身险〔2017〕209号,2017-08-25,valid
RFN-afb646fee1fa0c25,T2产品与精算制度,国家税务总局 财政部 中国人民银行 银监会 证监会 保监会关于发布《非居民金融账户涉税信息尽职调查管理办法》的公告,N/A,2003-04-28,pending
RFN-b79fa64e25fb0507,T10数据治理与信息披露,中国保监会关于保险业服务“一带一路”建设的指导意见,保监发〔2017〕38号,2017-04-27,valid
RFN-8d034d52a8baa74e,T10数据治理与信息披露,中国保监会关于印发《中国保险业发展“十三五”规划纲要》的通知,保监发〔2016〕74号,2016-08-31,pending
RFN-209a68b6d192b73d,T10数据治理与信息披露,中国保监会关于印发《中国保险业标准化“十三五”规划》的通知,保监发〔2016〕73号,2016-08-29,valid
RFN-b9704a30ab4640f6,T10数据治理与信息披露,中国保监会 国务院扶贫开发领导小组办公室关于做好保险业助推脱贫攻坚工作的意见,保监发〔2016〕44号,2016-06-02,valid
RFN-979909a99a339372,T1销售行为与消费者保护,关于银行类保险兼业代理机构行政许可有关事项的通知,保监中介〔2016〕44号,2016-05-20,pending
RFN-15eb0a496c71325e,T8机构准入与组织监管,中国保监会关于调整保险业监管费收费标准等有关事项的通知,保监发〔2016〕9号,2016-01-29,repealed
RFN-0954ada2061d54e9,T10数据治理与信息披露,中国保监会办公厅、北京市金融工作局、北京市石景山区人民政府关于印发《关于加快推动北京保险产业园创新发展的实施办法》的通知,保监厅发〔2015〕83号,2016-01-05,valid
RFN-4e3131787e5a2f80,T1销售行为与消费者保护,中国保监会关于保险业履行社会责任的指导意见,保监发〔2015〕123号,2015-12-28,valid
RFN-90253ef97fd4f33e,T10数据治理与信息披露,中国保监会 天津市人民政府关于加强保险业服务天津自贸试验区建设和京津冀协同发展等重大国家战略的意见,保监发〔2015〕65号,2015-07-21,pending
RFN-b589e0692561ef42,T1销售行为与消费者保护,中国保监会 国家发展改革委关于印发《中国保险业信用体系建设规划（2015－2020年）》的通知,保监发〔2015〕16号,2015-02-26,valid
RFN-df26d096b13a54d4,T4公司治理与股权关联交易,关于印发《中共中国保监会委员会贯彻落实中共中央〈建立健全惩治和预防腐败体系2013－2017年工作规划〉实施办法》的通知,保监党委发〔2014〕23号,2014-10-10,pending
RFN-07aafd48a9f30367,T10数据治理与信息披露,中国保监会关于印发《保险业服务新型城镇化发展的指导意见》的通知,保监发〔2014〕25号,2014-04-14,valid
RFN-bab6f1d840e8764e,T10数据治理与信息披露,中国保监会关于保险业对口支援江西省赣州市定南县等原中央苏区振兴发展的指导意见,保监发〔2014〕23号,2014-03-27,pending
RFN-2c6a41afa6f23bff,T1销售行为与消费者保护,中国保监会 中国银监会关于进一步规范商业银行代理保险业务销售行为的通知,保监发〔2014〕3号,2014-01-16,repealed
RFN-091f79fe4e660f39,T10数据治理与信息披露,中国保监会关于保险业支持经济结构调整和转型升级的指导意见,保监发〔2013〕69号,2013-08-27,valid
RFN-20f83fe1fb0f39c5,T10数据治理与信息披露,中国保监会关于保险业参与加强和创新社会管理的指导意见,保监发〔2011〕69号,2011-12-13,repealed
RFN-c906d3c0876f1680,T4公司治理与股权关联交易,关于印发《中国保险业发展“十二五”规划纲要》的通知,保监发〔2011〕47号,2011-08-18,pending
RFN-5b2fa0008616d1cf,T2产品与精算制度,关于保险业支持文化产业发展有关工作的通知,保监发〔2010〕109号,2011-01-06,pending
RFN-8615ad49a2a4ff13,T8机构准入与组织监管,中国保监会关于第五批取消行政审批项目的通知,保监发〔2010〕75号,2010-09-03,valid
RFN-f76b806101d71f4a,T2产品与精算制度,关于保险业深入贯彻医改意见 积极参与多层次医疗保障体系建设的意见,保监发〔2009〕71号,2009-06-11,pending
RFN-9b1a16df167c1bb7,T10数据治理与信息披露,中国保监会关于成立第二次保险业经济普查领导小组的通知（已失效）,保监发〔2008〕84号,2008-10-10,expired
RFN-726acac621ac4209,T9风险处置与案件合规,关于加强保险业抗灾救灾应急处置工作的通知（已失效）,保监厅发〔2008〕4号,2008-02-02,pending
RFN-28592205e5bf65d0,T1销售行为与消费者保护,关于加快天津滨海新区保险改革试验区创新发展的意见,保监发〔2007〕110号,2007-11-21,pending
RFN-88ca7d111533e829,T10数据治理与信息披露,关于开展保险业信息系统安全等级保护定级工作的通知,保监厅发〔2007〕45号,2007-09-11,pending
RFN-43787614b41f70d6,T2产品与精算制度,关于印发《关于推进保险合同纠纷快速处理机制试点工作的指导意见》的通知,保监法规〔2007〕427号,2007-04-27,pending
RFN-b09313ce7d503d34,T10数据治理与信息披露,关于印发《中国保险业发展“十一五”规划纲要》的通知,保监发〔2006〕97号,2006-10-15,pending
RFN-113e16a1bc5168f3,T9风险处置与案件合规,关于印发《关于保险业开展不正当交易行为自查自纠工作的实施意见》的通知（已失效）,保监发〔2006〕65号,2006-06-13,pending
RFN-77730ccf342b7096,T9风险处置与案件合规,关于印发《关于保险业开展治理商业贿赂专项工作的实施意见》的通知（已废止）,保监发〔2006〕26号,2006-03-29,pending
RFN-28398a5340b9cd20,T2产品与精算制度,关于废止部分规范性文件的通知,保监发〔2005〕18号,2005-12-22,pending
RFN-06e6f7e1ded1d4ad,T1销售行为与消费者保护,关于进一步加强保险业诚信建设的通知（已废止）,保监发〔2005〕7号,2005-01-25,pending
RFN-9334fdf16b283e1a,T9风险处置与案件合规,保险保障基金管理办法（已失效）,N/A,2003-04-28,expired
RFN-d0c1746c53b0665a,T8机构准入与组织监管,保险代理机构管理规定（已废止）,保监会令[2001]4号,2005-12-21,pending
RFN-7c332846273ed3ae,T8机构准入与组织监管,保险公司管理规定（已失效）,保监发[2000]2号,2005-12-21,pending
RFN-c32d310682f19c37,T8机构准入与组织监管,关于印发中国保监会派出机构内设处室及主要职责的通知,保监发〔2004〕25号,2005-12-20,pending
RFN-d63780aab73653cc,T8机构准入与组织监管,关于印发《中国保监会关于加强保险行业协会建设的指导意见》的通知（已废止）,保监发〔2004〕17号,2005-12-20,pending
RFN-40e020d72572dc40,T2产品与精算制度,关于印发《保险业开发针对非典新产品的指导意见》的通知（已失效）,保监发〔2003〕66号,2005-12-20,pending
RFN-f96b7b0074545099,T1销售行为与消费者保护,关于加强保险业宣传工作的通知（已失效）,保监发〔2002〕96号,2005-12-20,pending
RFN-9a761bc98d8dfe08,T5资金运用与资产负债管理,关于印发《保险公司投资企业债券管理暂行办法》的通知（已废止）,保监发〔2003〕74号,2005-12-18,pending
RFN-0fd2f7401e7f689e,T5资金运用与资产负债管理,关于重新修订《保险公司购买中央企业债券管理办法》的通知（已废止）,保监发〔2003〕9号,2005-12-18,pending
RFN-93cf24eecccf929b,T1销售行为与消费者保护,关于加强保险中介从业人员继续教育管理工作的通知（已废止）,保监发〔2005〕107号,2005-11-15,pending
RFN-aa25448f04553219,T1销售行为与消费者保护,关于2005年下半年保险代理从业人员资格考试有关事项的通知,保监发〔2005〕46号,2005-05-18,pending
RFN-5b0aaf8d4e169369,T9风险处置与案件合规,关于开展2005年整顿和规范保险市场秩序工作的通知,国办发〔2005〕19号,2005-05-10,pending
RFN-2d7c38ba49a7bec5,T7反洗钱与反恐怖融资,中国人民银行 中国银行保险监督管理委员会 中国证券监督管理委员会令〔2022〕第1号（金融机构客户尽职调查和客户身份资料及交易记录保存管理办法）,〔2022〕第1号,2022-01-26,pending
RFN-162cd1b11b7b45d0,T4公司治理与股权关联交易,中国人民银行令〔2020〕第4号（金融控股公司监督管理试行办法）,国发〔2020〕12号,2020-09-13,pending
RFN-f8f89bbed0acaedf,T2产品与精算制度,关于保险合同准则转换有关企业所得税处理事项的公告,财政部 税务总局公告2025年第15号,2025-12-22,pending
RFN-009f8e408aa5c4d5,T6养老与健康保险专项,关于修订《中央财政城乡居民基本医疗保险补助资金管理办法》的通知,财社〔2022〕1号,2022-01-12,valid
RFN-4f65ef6fbb1ae140,T6养老与健康保险专项,关于明确养老机构免征增值税等政策的通知,财税〔2019〕20号,2019-02-02,pending
RFN-3144793e0cf8551b,T10数据治理与信息披露,国家金融监督管理总局关于银行业保险业人工智能安全开发应用的指导意见,金发[2026]8号,2026-06-18,valid
RFN-fd23ced41244be9d,T10数据治理与信息披露,科技部 金融监管总局 工业和信息化部 国家知识产权局印发《关于加快推动科技保险高质量发展 有力支撑高水平科技自立自强的若干意见》的通知,N/A,2003-04-28,pending
RFN-b56ccd1ba6ce6c7b,T8机构准入与组织监管,国家金融监督管理总局办公厅印发《关于银行业保险业支持福建建设两岸融合发展示范区的若干措施》的通知,金办发[2025]71号,2025-08-22,pending
RFN-c8cf8b8feb8be070,T4公司治理与股权关联交易,国家金融监督管理总局关于香港、澳门金融机构入股保险公司有关事项的通知,金发[2025]9号,2025-02-26,pending
RFN-3dccbb28eae7bc24,T4公司治理与股权关联交易,国家金融监督管理总局关于推动绿色保险高质量发展的指导意见,金规[2024]5号,2024-04-25,pending
RFN-3a38f57a4a85e2c7,T10数据治理与信息披露,中国银保监会 上海市人民政府关于印发中国（上海）自由贸易试验区临港新片区科技保险创新引领区工作方案的通知,银保监发[2022]16号,2022-07-21,valid
RFN-7e33cdb0dc08ada8,T10数据治理与信息披露,中国银保监会关于银行业保险业支持城市建设和治理的指导意见,银保监发[2022]10号,2022-05-13,valid
RFN-7401ccdf3b72c1be,T10数据治理与信息披露,中国银保监会办公厅关于银行业保险业数字化转型的指导意见,银保监办发[2022]2号,2022-01-26,pending
RFN-bb9ed4da49e5a932,T4公司治理与股权关联交易,中国银保监会关于印发全国银行业保险业开展法治宣传教育的第八个五年规划（2021-2025年）的通知,银保监发[2021]38号,2021-09-10,valid
RFN-75f5ada513870132,T1销售行为与消费者保护,中国银保监会办公厅关于深化银行业保险业“放管服”改革 优化营商环境的通知,银保监办发[2020]129号,2020-12-30,valid
RFN-a79d07f6acb16143,T2产品与精算制度,中国银保监会 财政部 生态环境部关于印发核保险巨灾责任准备金管理办法的通知,银保监发[2020]47号,2020-10-30,valid
RFN-a63c24c77745c181,T4公司治理与股权关联交易,中国银保监会关于印发健全银行业保险业公司治理三年行动方案（2020—2022年）的通知,银保监办发〔2020〕40号,2020-08-28,valid
RFN-d87f91e80a21f732,T1销售行为与消费者保护,中国银保监会关于开展银行业保险业市场乱象整治“回头看”工作的通知,银保监发[2020]27号,2020-06-24,pending
RFN-0bab2c662362a3b1,T5资金运用与资产负债管理,中国证券监督管理委员会、财政部、中国人民银行、中国银行保险监督管理委员会关于商业银行、保险机构参与中国金融期货交易所国债期货交易的公告,保险机构参与中国金融期货证监会公告〔2020〕12号,2020-02-21,pending
RFN-c52c03ee0ac9f135,T1销售行为与消费者保护,中国银保监会关于推动银行业和保险业高质量发展的指导意见,银保监发[2019]52号,2020-01-03,pending
RFN-cf2b8f2b5b03b772,T9风险处置与案件合规,中国银保监会现场检查办法（试行）(中国银行保险监督管理委员会令2019年第7号),中国银行保险监督管理委员会令2019年第7号,2003-04-28,valid
RFN-dfd287d5f2f0c127,T5资金运用与资产负债管理,中国银保监会办公厅关于明确保险资产负债管理报告报送要求的通知,银保监办发〔2019〕98号,2019-04-08,valid
RFN-ba99e1d3cdba2d2f,T7反洗钱与反恐怖融资,银行业金融机构反洗钱和反恐怖融资管理办法（中国银行保险监督管理委员会令2019年第1号）,N/A,2003-04-28,pending
RFN-635f918856e44fe0,T9风险处置与案件合规,中国银保监会关于银行业和保险业做好扫黑除恶专项斗争有关工作的通知,中国银保监会关于银行业和保险业做好扫黑除恶专项斗争有关工作的通知银保监发〔2018〕45号,2018-08-07,valid
RFN-49493953265901e8,T2产品与精算制度,中国保监会关于印发《全国性保险业社团组织收费管理暂行办法》的通知,保监财会〔2018〕47号,2018-01-30,valid
RFN-b4cdf56e50c9be98,T10数据治理与信息披露,中国保监会关于调整“保险金额”“签单数量”等保险监管统计指标报送频率的通知,保监统信〔2018〕7号,2018-01-19,valid
RFN-93f51bde3c1d9108,T10数据治理与信息披露,中国保监会关于印发《保险标准化工作管理办法》的通知,保监发〔2017〕94号,2018-01-11,valid
RFN-3678cb752c5eda74,T1销售行为与消费者保护,中国保监会关于印发《中国保监会关于加强保险消费风险提示工作的意见》的通知,保监发〔2017〕66号,2017-09-13,valid
RFN-0cc7605e7139d3a1,T5资金运用与资产负债管理,中国保监会关于保险业支持实体经济发展的指导意见,保监发〔2017〕42号,2017-05-04,valid
RFN-6a8af52972fe9707,T5资金运用与资产负债管理,中国保监会关于进一步加强保险资金股票投资监管有关事项的通知,保监发〔2017〕9号,2017-01-24,valid
RFN-1424066b74b361a3,T1销售行为与消费者保护,关于全面推进保险纠纷诉讼与调解对接机制建设的意见,法〔2016〕374号,2016-11-18,pending
RFN-90ec65df04036cdd,T4公司治理与股权关联交易,中国保监会关于保险公司在全国中小企业股份转让系统挂牌有关事项的通知,保监发〔2016〕71号,2016-08-15,valid
RFN-797de304b1174246,T1销售行为与消费者保护,中国保监会办公厅关于进一步加强保险业信访工作的指导意见,保监厅发〔2016〕24号,2016-03-28,repealed
RFN-7d3684c4a1ea4c21,T10数据治理与信息披露,中国保监会关于印发《深化保险标准化工作改革方案》的通知,保监发〔2016〕15号,2016-02-04,valid
RFN-7f93b2baccc05369,T4公司治理与股权关联交易,中国保监会关于全面推进保险法治建设的指导意见,保监发〔2016〕7号,2016-01-27,valid
RFN-dcdc09f305205cdb,T10数据治理与信息披露,中国保监会关于印发《保险业功能服务指标体系》的通知,保监发〔2015〕129号,2016-01-07,valid
RFN-ab8b77719a0bd5d3,T9风险处置与案件合规,中国保监会关于进一步做好保险业防范和处置非法集资工作的通知,保监稽查〔2015〕263号,2016-01-07,valid
RFN-ad4dd121386851e0,T4公司治理与股权关联交易,中国保监会关于印发《保险法人机构公司治理评价办法（试行）》的通知,保监发〔2015〕112号,2015-12-15,repealed
RFN-9c51b2b68524b536,T10数据治理与信息披露,中国保监会关于保险业服务京津冀协同发展的指导意见,保监发〔2015〕106号,2015-12-04,valid
RFN-b7c9a94d4eb64cf7,T9风险处置与案件合规,中国保险监督管理委员会行政处罚程序规定（2015年修订）,N/A,2003-04-28,pending
RFN-84daea421e7dcede,T1销售行为与消费者保护,中国保监会关于修改《中国保监会关于严格规范非保险金融产品销售的通知》的通知,保监发〔2015〕100号,2015-10-29,valid
RFN-5074d178c64406e8,T5资金运用与资产负债管理,中国保监会关于保险资产管理产品参与融资融券债权收益权业务有关问题的通知,保监资金〔2015〕114号,2015-07-09,repealed
RFN-23fb8f845baf5965,T4公司治理与股权关联交易,中国保监会办公厅关于优化保险公司章程修改等审批程序的通知,保监厅发〔2015〕42号,2015-06-12,valid
RFN-01e25fd1bd2c5bc5,T9风险处置与案件合规,中国保险监督管理委员会关于修改《中国保险监督管理委员会行政处罚程序规定》的决定,N/A,2003-04-28,repealed
RFN-eaba3583544d0cff,T1销售行为与消费者保护,中国保监会办公厅关于贯彻实施《中国保险业信用体系建设规划（2015-2020年）》的通知,保监厅发〔2015〕19号,2015-03-10,valid
RFN-7a5d67f0c297bd89,T8机构准入与组织监管,中国保监会关于印发《相互保险组织监管试行办法》的通知,保监发〔2015〕11号,2015-02-02,valid
RFN-27a40e9d7443d407,T9风险处置与案件合规,保险违法行为举报处理工作办法,保监会令2015年第1号,2003-04-28,repealed
RFN-8924608a7e543b00,T5资金运用与资产负债管理,关于保险资金投资集合资金信托计划有关事项的通知,保监发〔2014〕38号,2014-05-07,pending
RFN-f289130b5d8a2fd1,T4公司治理与股权关联交易,中国保监会关于印发《保险公司收购合并管理办法》的通知,保监发〔2014〕26号,2014-04-04,valid
RFN-c83199dcc16c369d,T10数据治理与信息披露,中国保监会关于印发《大病保险统计制度（试行）》的通知,保监发〔2013〕77号,2013-10-21,valid
RFN-f1d2465f3a63ec8c,T1销售行为与消费者保护,中国保监会关于禁止强制销售保险的紧急通知,保监消保〔2013〕634号,2013-09-16,valid
RFN-2518efc21ba4410e,T5资金运用与资产负债管理,中国保监会关于规范有限合伙式股权投资企业投资入股保险公司有关问题的通知,保监发〔2013〕36号,2013-04-24,repealed
RFN-ea87b9c442d27464,T10数据治理与信息披露,关于规范保险机构向中国保险监督管理委员会报送文件的通知,保监厅发〔2013〕20号,2013-04-12,pending
RFN-b9f342fc87f344e4,T3资本与偿付能力监管,中国保监会关于印发《保险公司偿付能力报告编报规则——问题解答第15号：信用风险评估方法和信用评级》等5项问题解答的通知,保监发〔2013〕24号,2013-04-09,valid
RFN-df2ad88fbaa24dee,T4公司治理与股权关联交易,中国保监会关于印发《保险公司发展规划管理指引》的通知,保监发〔2013〕18号,2013-03-20,valid
RFN-06f7b3078ec01834,T5资金运用与资产负债管理,中国保监会关于保险资产管理公司开展资产管理产品业务试点有关问题的通知,保监资金〔2013〕124号,2013-02-17,repealed
RFN-7b83962c7eddc55d,T5资金运用与资产负债管理,关于加强和改进保险机构投资管理能力建设有关事项的通知,保监发〔2013〕10号,2013-02-04,pending
RFN-8d1c22b57e567cc6,T5资金运用与资产负债管理,关于保险资金投资有关金融产品的通知,保监发〔2012〕91号,2012-10-22,pending
RFN-3757cab1bacff89d,T1销售行为与消费者保护,关于支持汽车企业代理保险业务专业化经营有关事项的通知,保监发〔2012〕82号,2012-09-24,pending
RFN-b5ae42d7f786b9cf,T5资金运用与资产负债管理,关于保险资金投资股权和不动产有关问题的通知,保监发〔2012〕59号,2012-07-25,pending
RFN-60747fe55af9f278,T1销售行为与消费者保护,关于贯彻依法经营依法监管原则切实维护投保人和被保险人权益的通知（已废止）,保监中介〔2012〕811号,2012-07-20,pending
RFN-e7461206ed46d072,T10数据治理与信息披露,关于印发《保险公司信息系统安全管理指引（试行）》的通知,保监发〔2011〕68号,2011-12-07,pending
RFN-4c1603295100fce6,T9风险处置与案件合规,中国保险监督管理委员会、中国银行业监督管理委员会关于保险监督管理机构查询保险机构及相关单位和个人在金融机构账户有关问题的通知,保监发〔2011〕21号,2011-04-27,valid
RFN-8fdbd77cf70c2a36,T4公司治理与股权关联交易,关于印发《2011年保险业“小金库”专项治理工作实施方案》的通知,保监发〔2011〕15号,2011-03-31,pending
RFN-e00894a2b33837ec,T1销售行为与消费者保护,关于印发《商业银行代理保险业务监管指引》的通知,保监发〔2011〕10号,2011-03-13,pending
RFN-4f4747346d31e9d3,T1销售行为与消费者保护,中国银监会关于进一步加强商业银行代理保险业务合规销售与风险管理的通知,银监发[2010]90号,2010-11-08,valid
RFN-4f44d544d80ebe1b,T5资金运用与资产负债管理,关于调整保险资金投资政策有关问题的通知（已废止）,保监发〔2010〕66号,2010-08-11,pending
RFN-ceb12aa3ca8c3a6f,T10数据治理与信息披露,中国人民银行 中国银行业监督管理委员会 中国证券监督管理委员会 中国保险监督管理委员会关于全面推进农村金融产品和服务方式创新的指导意见,银发〔2010〕198号,2010-07-28,valid
RFN-041a2d1a8851bad6,T5资金运用与资产负债管理,关于保险机构投资无担保企业债券有关事宜的通知,保监发〔2009〕132号,2009-12-31,pending
RFN-4b0ca1af5924a05a,T1销售行为与消费者保护,关于废止部分保险中介规范性文件的通知,保监发〔2009〕128号,2009-12-14,pending
RFN-00ecff9dba1fd0f9,T9风险处置与案件合规,关于贯彻落实《保险公司中介业务违法行为处罚办法》有关事项的通知（已废止）,保监发〔2009〕112号,2009-10-22,pending
RFN-935ddd95dd623e33,T1销售行为与消费者保护,保险公估机构监管规定,保监会令〔2001〕3号,2009-09-28,repealed
RFN-6299b41ed313d187,T1销售行为与消费者保护,保险经纪机构监管规定,保监会令〔2004〕15号,2009-09-28,repealed
RFN-213ec1fa3be1cc65,T1销售行为与消费者保护,保险专业代理机构监管规定,保监会令〔2004〕14号,2009-09-28,repealed
RFN-0e6c350ab17d6826,T1销售行为与消费者保护,关于加强保险中介从业人员继续教育管理工作的通知（已废止）,保监发〔2009〕70号,2009-06-15,pending
RFN-aa06db05ffcc03bb,T10数据治理与信息披露,关于进一步做好保险业参与社会治安综合治理工作的通知（已废止）,保监厅发〔2009〕39号,2009-05-18,pending
RFN-d6174ff6a464bc23,T1销售行为与消费者保护,关于做好新《保险法》宣传工作的通知（已失效）,保监厅发〔2009〕31号,2009-04-22,pending
RFN-dfa1f1cbb084b933,T1销售行为与消费者保护,关于做好2009年保险消费者教育工作的通知（已失效）,保监厅发〔2009〕30号,2009-04-21,pending
RFN-2db149c6176e5ae6,T5资金运用与资产负债管理,关于保险资金投资基础设施债权投资计划的通知,保监发〔2009〕43号,2009-04-07,pending
RFN-c537e12b987a537e,T5资金运用与资产负债管理,关于增加保险机构债券投资品种的通知,保监发〔2009〕42号,2009-04-07,pending
RFN-b878d6635ecfc0d8,T10数据治理与信息披露,关于印发《保险公司第二次经济普查工作方案》的通知（已失效）,保监厅发〔2009〕22号,2009-04-02,pending
RFN-d440356514113d3d,T8机构准入与组织监管,关于报送保险机构和高管人员类行政许可申请事项电子化文档的通知,保监统信〔2009〕222号,2009-03-25,pending
RFN-585c75a95efbf8c9,T4公司治理与股权关联交易,关于2009年保险公司合规工作要求的通知,保监发〔2009〕16号,2009-02-24,pending
RFN-0cf994eb737e99e3,T1销售行为与消费者保护,关于印发《加强保险消费者教育工作方案》的通知,保监发〔2008〕118号,2009-01-13,pending
RFN-a65927d08c1a124a,T10数据治理与信息披露,中国保险监督管理委员会 国务院第二次全国经济普查领导小组办公室 关于印发《第二次保险业经济普查实施方案》的通知（已失效）,保监发〔2008〕91号,2008-10-30,expired
RFN-950d630b983fa780,T10数据治理与信息披露,关于开展第二次保险业经济普查的通知（已失效）,国经普办字〔2008〕16号,2008-09-28,pending
RFN-205b43b21e70392c,T2产品与精算制度,关于保险业参与基本医疗保障管理工作有关问题的通知,保监发〔2008〕60号,2008-07-25,pending
RFN-ddef688f33867b98,T6养老与健康保险专项,关于印发《天津滨海新区补充养老保险试点实施细则》的通知,保监厅发〔2008〕32号,2008-06-20,pending
RFN-55376202e4b80fd1,T4公司治理与股权关联交易,关于印发《保险公司董事、监事及高级管理人员培训管理暂行办法》的通知,保监发〔2008〕27号,2008-04-28,pending
RFN-f25d38a46894ac7c,T8机构准入与组织监管,关于明确保险公司法人机构直接经营保险业务行为监管有关问题的通知,保监机构〔2008〕384号,2008-04-10,pending
RFN-24d0b25dd97f339c,T10数据治理与信息披露,关于发布《保险术语（修订版）》行业标准的通知（已失效）,保监发〔2007〕129号,2008-01-07,pending
RFN-75acf6c38b7b62b6,T4公司治理与股权关联交易,关于开展保险公司治理结构专项自查活动的通知（已废止）,保监发〔2007〕113号,2007-11-27,pending
RFN-2ed7de7b013f5d42,T10数据治理与信息披露,关于修订保险外币统计制度有关内容的通知,保监发〔2007〕41号,2007-06-05,pending
RFN-6a0d0d49ed5659f6,T9风险处置与案件合规,关于保险业对不正当交易行为自查自纠工作进行检查评估的通知（已失效）,保监发〔2007〕30号,2007-04-24,pending
RFN-d4e2caad90cfed0b,T10数据治理与信息披露,关于印发保险外币统计制度的通知,保监发〔2006〕130号,2007-01-16,pending
RFN-97581ae487f77a94,T10数据治理与信息披露,关于印发《保险外币统计币种及折算汇率管理办法》的通知,保监发〔2006〕126号,2006-12-30,pending
RFN-3271031a208f2244,T10数据治理与信息披露,关于印发《中国保险业发展“十一五”规划信息化重点专项规划》的通知,保监发〔2006〕125号,2006-12-27,pending
RFN-3595eb2dd4cfdfde,T10数据治理与信息披露,关于发布《保险术语》行业标准的通知（已失效）,保监发〔2006〕121号,2006-12-18,pending
RFN-9d59496ff1f52318,T2产品与精算制度,关于保险业新会计准则培训有关事项的通知（已失效）,保监财会〔2006〕1142号,2006-11-09,pending
RFN-b113c8287c005c98,T5资金运用与资产负债管理,关于保险机构投资商业银行股权的通知（已废止）,保监发[2006]98号,2006-10-16,pending
RFN-bfe9fc4e05784a46,T9风险处置与案件合规,关于印发《关于保险业依法查处商业贿赂案件的实施意见》的通知（已废止）,保监发〔2006〕64号,2006-06-13,pending
RFN-38217405ecdde580,T9风险处置与案件合规,关于报送保险业商业贿赂案件查处情况的通知（已废止）,N/A,2003-04-28,pending
RFN-bafb544c4ac586e1,T10数据治理与信息披露,中国保险监督管理委员会、中央社会治安综合治理委员会办公室关于保险业参与平安建设的意见,保监发〔2006〕44号,2006-05-24,repealed
RFN-9f0d85aa746cbe1d,T1销售行为与消费者保护,关于实施农村保险营销员资格授予制度有关问题的通知（已废止）,保监发〔2006〕40号,2006-04-11,pending
RFN-aa5bd3e45957da3f,T4公司治理与股权关联交易,关于开展对保险业资本构成等情况调查的通知（已失效）,保监厅发〔2006〕22号,2006-03-29,pending
RFN-490663777515ebff,T5资金运用与资产负债管理,保险资金间接投资基础设施项目试点管理办法,N/A,2003-04-28,repealed
RFN-cd079bdcc667f2ad,T1销售行为与消费者保护,关于进一步做好突发事件的保险新闻宣传工作的通知,保监厅发〔2005〕104号,2005-12-23,pending
RFN-b99f3e470b7d541f,T8机构准入与组织监管,关于印发《保险公司开业验收指引（试行）》的通知（已废止）,保监发改〔2005〕272号,2005-12-23,pending
RFN-27c0b4480ee9d8e4,T9风险处置与案件合规,关于防范保险业非法集资活动有关工作的通知,保监发〔2005〕75号,2005-12-23,pending
RFN-78ca09639f806539,T5资金运用与资产负债管理,关于印发《保险机构投资者债券投资管理暂行办法》的通知（已废止）,保监发〔2005〕72号,2005-12-23,pending
RFN-0f121d512d11454f,T10数据治理与信息披露,关于加强保险统计数据质量管理的通知（已失效）,保监发〔2005〕56号,2005-12-23,pending
RFN-618dc2b29e8a780c,T1销售行为与消费者保护,保险经纪机构管理规定（已废止）,保监会令[2001]5号,2005-12-21,pending
RFN-ed0821042af9e6c2,T3资本与偿付能力监管,关于印发《保险公司偿付能力报告编报规则——问题解答第2号：次级债、可转换债券、股票和境外外汇投资资产》的通知,保监发〔2004〕155号,2005-12-20,pending
RFN-73a271f381feb48f,T1销售行为与消费者保护,关于加强航空意外保险规范管理的补充通知（已废止）,保监发〔2003〕23号,2005-12-19,pending
RFN-e1d0f34066dc3646,T3资本与偿付能力监管,关于保险公司资本保证金存放商业银行有关规定的通知,保监发[2001]6号,2005-12-20,pending
RFN-796af192693bc064,T10数据治理与信息披露,关于保险公司委托会计师事务所开展审计业务有关问题的通知,保监发[1999]235号,2005-12-20,pending
RFN-b9383b393cc34ff5,T9风险处置与案件合规,关于严厉打击境外保险机构在境内非法保险活动及保险诈骗活动的通知（已废止）,保监发〔2004〕52号,2005-12-20,pending
RFN-1d04d79e9ca9f279,T2产品与精算制度,关于就商业保险合同监管主体问题做好有关协调工作的通知,保监发〔2004〕32号,2005-12-20,pending
RFN-ff3110478f7c266f,T9风险处置与案件合规,关于进一步加强和改进保险业突发事件新闻报道工作的通知（已废止）,保监发〔2003〕117号,2005-12-20,pending
RFN-92f92ee8a480d2c6,T9风险处置与案件合规,关于印发《保险业重大上访事件处理办法》的通知（已废止）,保监发〔2003〕116号,2005-12-20,pending
RFN-17042d95ee5b3a4e,T9风险处置与案件合规,关于印发《中国保险监督管理委员会现场检查工作规程》的通知,保监发[2001]104号,2005-12-20,pending
RFN-ab0da5bfe3db7779,T2产品与精算制度,关于处理有关保险合同纠纷问题的意见,保监发[2001]74号,2005-12-20,pending
RFN-e6bde4bd4b9b74a5,T2产品与精算制度,关于在保险条款中设立仲裁条款的通知（已废止）,保监发[1999]147号,2005-12-19,pending
RFN-832642ca77d43ed9,T1销售行为与消费者保护,关于印发《保险业对外宣传管理暂行规定》的通知（已废止）,保监发[1999]18号,2005-12-19,pending
RFN-00181c1a550be989,T8机构准入与组织监管,关于各保险公司要加强对保险代理机构设置远程出单点和委托出单管理的通知（已废止）,保监发〔2001〕161号,2005-12-19,pending
RFN-0b67e315153d21ba,T1销售行为与消费者保护,关于启用保险代理从业人员基本资格证书和展业证书的通知（已失效）,保监发〔2001〕135号,2005-12-19,pending
RFN-3e11a9f1461b8973,T5资金运用与资产负债管理,关于保险公司、保险资产管理公司投资保险公司次级定期债务的通知（已废止）,保监发〔2004〕156号,2005-12-19,pending
RFN-882e866449a723bd,T8机构准入与组织监管,关于外资保险公司在华分公司开立证券账户有关问题的通知,保监厅发〔2004〕85号,2005-12-19,pending
RFN-04631cd5896472e2,T5资金运用与资产负债管理,关于保险公司投资可转换公司债券有关事项的通知（已废止）,保监发〔2004〕94号,2005-12-19,pending
RFN-d320bd69e72d49ab,T5资金运用与资产负债管理,关于保险公司投资银行次级定期债务有关事项的通知（已废止）,保监发〔2004〕23号,2005-12-19,pending
RFN-93edca63e3171e89,T5资金运用与资产负债管理,关于保险公司投资中央银行票据的通知（已废止）,保监发〔2003〕91号,2005-12-19,pending
RFN-ab5d72dded585bfd,T1销售行为与消费者保护,关于进一步落实保险营销员持证上岗制度的通知（已失效）,保监发〔2004〕49号,2005-12-19,pending
RFN-5411f7dff8556566,T1销售行为与消费者保护,关于保险公司员工投资保险中介机构问题的批复,保监中介〔2004〕53号,2005-12-19,pending
RFN-01c98ce91fa76f9c,T5资金运用与资产负债管理,关于严禁保险公司以大额协议存款出质为他人提供担保的通知（已废止）,保监发〔2002〕110号,2005-12-18,pending
RFN-bcf6a94098450808,T5资金运用与资产负债管理,关于允许保险公司购买电信通讯类企业债券的通知（已废止）,保监发[2001]85号,2005-12-18,pending
RFN-e42e3cf5ecbe4d9e,T4公司治理与股权关联交易,关于加强保险公司对持有上市公司股份和法人股集中管理的通知关于加强保险公司对持有上市公司股份和法人股集中管理的通知（已废止）,保监发[2000]90号,2005-12-18,pending
RFN-4c9bf69d7d425799,T4公司治理与股权关联交易,关于保险公司高级管理人员任职资格管理有关问题的复函,保监厅函〔2004〕155号,2005-12-18,pending
RFN-6426ad077b34a3ca,T8机构准入与组织监管,关于明确外国保险机构驻华代表机构申请材料报送程序的通知,保监发〔2004〕21号,2005-12-18,pending
RFN-a6e37a016be69c55,T9风险处置与案件合规,关于对保险公司有关责任人予以处罚相关问题的复函,保监办函〔2003〕118号,2005-12-18,pending
RFN-25ea1d07ae1b63c1,T4公司治理与股权关联交易,关于规范中资保险公司吸收外资参股有关事项的通知（已废止）,保监发〔2001〕126号,2005-12-18,pending
RFN-d52050b6c6e05e6b,T10数据治理与信息披露,关于规范保险机构向保监会行文的通知（已废止）,保监办发[2000]3号,2005-12-18,pending
RFN-100c5013e9342ab0,T9风险处置与案件合规,关于重申严禁保险公司支付“无赔款退费”的通知（已废止）,保监发[1999]275号,2005-12-17,pending
RFN-3b753562f1947ff9,T2产品与精算制度,关于调整储金性保险业务储金率的通知（已废止）,保监发[1999]239号,2005-12-17,pending
RFN-fd82d44341772467,T1销售行为与消费者保护,关于严禁保险公司采取违规手段参与政府采购保险竞标的紧急通知（已废止）,保监发[1999]48号,2005-12-17,pending
RFN-6eeed0a021f16641,T10数据治理与信息披露,关于提前报送2005年保险公司主要指标快报的通知,保监厅函〔2005〕216号,2005-11-24,pending
RFN-165b134a80676190,T5资金运用与资产负债管理,关于开展保险资金托管工作的通知（已废止）,保监发〔2005〕90号,2005-10-14,pending
RFN-f79cca682c61c207,T5资金运用与资产负债管理,关于印发《保险外汇资金境外运用管理暂行办法实施细则》的通知（已废止）,保监发〔2005〕77号,2005-09-01,pending
RFN-97512733c733dbc0,T5资金运用与资产负债管理,关于做好保险业国际收支平衡表和国际投资头寸表编制准备工作的通知（已失效）,保监厅发〔2005〕117号,2005-08-25,pending
RFN-7d624c238dda0552,T9风险处置与案件合规,关于保险业突发事件应急处置工作有关问题的通知（已废止）,保监厅发〔2005〕114号,2005-08-20,pending
RFN-0bd05ec945959c93,T6养老与健康保险专项,关于保险业参与新型农村合作医疗情况的函,保监厅函〔2005〕152号,2005-08-19,pending
RFN-081ecf9726662d05,T5资金运用与资产负债管理,关于保险外汇资金投资境外股票有关问题的通知（已废止）,保监发〔2005〕55号,2005-06-16,pending
RFN-4a9205f71876954e,T1销售行为与消费者保护,关于印发《保险中介从业人员继续教育暂行办法》的通知,保监发〔2005〕41号,2005-04-30,pending
RFN-cffcb1587680188c,T1销售行为与消费者保护,关于开展保险合同纠纷处理机制试点工作的通知,保监厅发〔2005〕53号,2005-04-20,pending
RFN-8e37d9471a591f1d,T8机构准入与组织监管,关于违规受处罚的保险公司申请设立营销服务部有关问题的批复,保监法规〔2005〕318号,2005-04-14,pending
RFN-3cfb650d9582deea,T8机构准入与组织监管,关于保险公司在设有特区、计划单列市的省份展业有关问题的通知（已废止）,保监厅发〔2005〕45号,2005-04-02,pending
RFN-759baacb49543829,T10数据治理与信息披露,关于报送保险信息系统基本情况及安全状况等有关情况的函,保监厅函〔2005〕24号,2005-02-28,pending
RFN-35e613919ce6d52f,T5资金运用与资产负债管理,关于北京保险业经济普查中涉及保险专业中介机构有关问题的复函,保监厅函〔2005〕4号,2005-01-12,pending
RFN-ed1f65fb07bac8ea,T10数据治理与信息披露,关于印发《保险机构开业信息化建设验收指引》的通知（已废止）,保监发[2004]137号,2004-11-22,pending
RFN-5b880a50f3d380a3,T1销售行为与消费者保护,中国银行业监督管理委员会关于香港和澳门银行内地分行从事代理保险业务的公告,N/A,2003-04-28,repealed
RFN-e346b01e2d21392b,T3资本与偿付能力监管,中国人民银行 中国银行保险监督管理委员会关于保险公司发行无固定期限资本债券有关事项的通知（银发〔2022〕175号）,中国人民银行令〔2005〕第1号,2022-08-12,pending
RFN-85c3f92ede073430,T1销售行为与消费者保护,中国人民银行办公厅 保监会办公厅关于投保人与被保险人、受益人关系确认有关事项的通知(银办发〔2016〕270号),〔2016〕270号,2017-01-05,valid
RFN-82d573787fb5915b,T10数据治理与信息披露,中国人民银行 中国银行业监督管理委员会 中国证券监督管理委员会 中国保险监督管理委员会 国家统计局关于印发《金融业企业划型标准规定》的通知（银发〔2015〕309号）,银发〔2015〕309号,2015-09-28,pending
RFN-3c6a6a09aa26c7cc,T10数据治理与信息披露,中国人民银行 工业和信息化部 中国银行业监督管理委员会 中国证券监督管理委员会 中国保险监督管理委员会关于防范比特币风险的通知（银发〔2013〕289号）,银发〔2013〕289号,2013-12-04,pending
RFN-9e135d3ac33a7823,T10数据治理与信息披露,国家金融监督管理总局保险和非银机构检查局《关于修订保险业监管数据标准化规范（人身保险公司2024版）部分数据项报送口径的通知》（金非银检函〔2025〕82号）,金非银检函〔2025〕82号,2025-04-10,valid
RFN-82251997f280d83c,T0上位法锚点,中华人民共和国银行业监督管理法,,2019-12-29,valid
RFN-72312730c784eb56,T0上位法锚点,中华人民共和国商业银行法,,2019-12-29,amended
RFN-e9f1162bf73a38cc,T0上位法锚点,中华人民共和国中国人民银行法（修正）,,2018-04-24,pending
RFN-4e43ba546bed7c4f,T0上位法锚点,中华人民共和国信托法,中华人民共和国主席令第50号,2019-12-29,valid
RFN-a10b14fb1274ab5c,T0上位法锚点,中华人民共和国行政许可法,,,valid
RFN-6f6b4085db7d1aa1,T0上位法锚点,中华人民共和国预算法实施条例,中华人民共和国国务院令第186号,2020-08-03,pending
RFN-ac2c55794ff60a00,T0上位法锚点,中华人民共和国外汇管理条例,中华人民共和国国务院令第193号,2008-08-05,pending
RFN-581756b51ca15165,T0上位法锚点,中华人民共和国外资金融机构管理条例实施细则（中国银行业监督管理委员会令2004年第4号）,中国银行业监督管理委员会令〔2004〕4号,2004-08-03,valid
RFN-cb4390d910cb8d44,T0上位法锚点,中华人民共和国统计法实施条例,中华人民共和国国务院令第681号,2017-05-28,pending
RFN-d944a4bd8059c1c1,T0上位法锚点,中华人民共和国土地管理法实施条例,中华人民共和国国务院令第256号,2021-07-02,pending
RFN-9bec886b0df36a8a,T0上位法锚点,中华人民共和国行政处罚法,,,amended
RFN-3abe86ce5593b4de,T0上位法锚点,中华人民共和国计量法实施细则,,2022-03-29,pending
RFN-9056e083becf571d,T0上位法锚点,中华人民共和国证券投资基金法,,2018-04-24,valid
RFN-71536fa371fcf36c,T0上位法锚点,中华人民共和国人民币管理条例,中华人民共和国国务院令第280号,2018-03-19,pending
RFN-b39f5fe9b6de1962,T0上位法锚点,中华人民共和国外资银行管理条例,中华人民共和国国务院令第478号,2019-09-30,pending
RFN-72840c842ff8aac1,T0上位法锚点,中华人民共和国政府采购法实施条例,中华人民共和国国务院令第658号,2015-01-30,pending
RFN-88da655f5ebab7c0,T0上位法锚点,中华人民共和国著作权法实施条例,中华人民共和国国务院令第359号,2013-01-30,pending
RFN-6b25156dbd2c3da0,T0上位法锚点,中华人民共和国专利法实施细则,中华人民共和国国务院令第306号,2023-12-11,pending
RFN-a6c42737479a5a96,T0上位法锚点,中华人民共和国税收征收管理法实施细则,中华人民共和国国务院令第362号,2016-02-06,pending
RFN-827842054a26f359,T0上位法锚点,中华人民共和国立法法,,,valid
RFN-f8764c29e80025f8,T0上位法锚点,中华人民共和国道路交通安全法实施条例,中华人民共和国国务院令第405号,2017-10-07,pending
RFN-921fc571ddff0f03,T4公司治理与股权关联交易,关于印发中央本级政府购买服务指导性目录的通知,财综〔2020〕57号,2020-12-22,pending
RFN-7b0ac632eb789db5,T0上位法锚点,财政违法行为处罚处分条例,中华人民共和国国务院令第427号,2011-01-08,pending
RFN-f126988846b404b4,T0上位法锚点,非银行支付机构监督管理条例,中华人民共和国国务院令第768号,2023-12-09,pending
RFN-c2f2fff6837aac12,T0上位法锚点,中华人民共和国传染病防治法实施办法,卫生部令第17号,1991-12-06,pending
RFN-48eeaf3a72a64625,T0上位法锚点,中华人民共和国土地增值税暂行条例,中华人民共和国国务院令第138号,2011-01-08,pending
RFN-c65a14f24172852f,T0上位法锚点,中华人民共和国土地增值税暂行条例实施细则,财政部财法字〔1995〕6号,1995-01-27,pending
RFN-b6473b58fb3e2cb8,T0上位法锚点,中华人民共和国归侨侨眷权益保护法实施办法,中华人民共和国国务院令第410号,2004-06-23,pending
RFN-ed4dea3a08e9a9b9,T0上位法锚点,中华人民共和国招标投标法实施条例,中华人民共和国国务院令第613号,2019-03-02,pending
RFN-a317846c6819649c,T0上位法锚点,中华人民共和国治安管理处罚法（2012年修正本）,中华人民共和国主席令第38号,2005-08-28,pending
RFN-5afa030ee0994a66,T0上位法锚点,中华人民共和国渔业法实施细则,,2020-11-29,pending
RFN-73608418b792eae1,T0上位法锚点,中华人民共和国票据法,,2019-12-29,amended
RFN-a9c8fdbc0cde3d9e,T4公司治理与股权关联交易,中国银监会关于印发《银行并表监管指引（试行）》的通知,银监发〔2008〕5号,2008-02-18,repealed
RFN-fa9ea6077b501068,T0上位法锚点,出版管理条例,中华人民共和国国务院令第343号,2024-12-06,pending
RFN-916435cbcc319bf6,T5资金运用与资产负债管理,国务院对确需保留的行政审批项目设定行政许可的决定,中华人民共和国国务院令第412号,2016-08-25,pending
RFN-cc525c8f2819273a,T0上位法锚点,建设工程质量管理条例,中华人民共和国国务院令第279号,2019-04-23,pending
RFN-1dadf526c5464c19,T0上位法锚点,机动车交通事故责任强制保险条例,中华人民共和国国务院令第462号,2019-03-02,pending
RFN-8128b63bab4834b7,T0上位法锚点,规章制定程序条例,中华人民共和国国务院令第322号,2017-12-22,pending
RFN-fbcbc8064cd7b89d,T3资本与偿付能力监管,银行卡清算机构管理办法,其他〔2025〕2号,2025-04-30,pending
RFN-a267c2332c73f9ad,T0上位法锚点,专利代理条例,中华人民共和国国务院令第76号,2018-11-06,pending
RFN-7420c8be8a593dd6,T0上位法锚点,中华人民共和国个人所得税法实施条例,中华人民共和国国务院令第142号,2018-12-18,pending
RFN-e86645e176a5232b,T0上位法锚点,中华人民共和国人民警察使用警械和武器条例,中华人民共和国国务院令第191号,1996-01-16,pending
RFN-edb96331b8e54d47,T0上位法锚点,中华人民共和国保守国家秘密法实施条例,中华人民共和国国务院令第646号,2024-07-10,pending
RFN-ddbb2042c27bcb22,T0上位法锚点,中华人民共和国内河交通安全管理条例,中华人民共和国国务院令第355号,2019-03-02,pending
RFN-c7133958869e5e42,T0上位法锚点,中华人民共和国军事设施保护法实施办法,中华人民共和国国务院令第298号,2001-01-12,pending
RFN-a3481512042529e3,T0上位法锚点,中华人民共和国出境入境边防检查条例,中华人民共和国国务院令第182号,1995-07-20,pending
RFN-1d0afe9cfe75c0a7,T0上位法锚点,中华人民共和国反间谍法实施细则,中华人民共和国国务院令第692号,2017-11-22,pending
RFN-034f3b1111b23486,T0上位法锚点,中华人民共和国发票管理办法,财政部令第6号,2023-07-20,pending
RFN-74e679c299379d2e,T0上位法锚点,中华人民共和国商业银行法（修正）,,2018-04-24,pending
RFN-6b2aa40ea1f937ee,T0上位法锚点,中华人民共和国国境卫生检疫法实施细则,卫生部令第2号,2019-03-02,pending
RFN-4c907b5d2cacbbc0,T0上位法锚点,中华人民共和国国家金库条例实施细则,财政部、中国人民银行财预字〔1989〕68号,1989-12-01,repealed
RFN-5aa7b18027e0a6a3,T0上位法锚点,中华人民共和国外资银行管理条例实施细则,中国银行保险监督管理委员会令〔2019〕6号,2019-12-25,valid
RFN-d847dba1bc55c911,T0上位法锚点,中华人民共和国文物保护法实施条例,中华人民共和国国务院令第377号,2017-10-07,pending
RFN-42eaaa11103dade5,T0上位法锚点,中华人民共和国森林法实施条例,中华人民共和国国务院令第278号,2018-03-19,pending
RFN-6908ef0625531745,T0上位法锚点,中华人民共和国民办教育促进法实施条例,中华人民共和国国务院令第399号,2021-04-07,pending
RFN-333c18ae90903f0b,T0上位法锚点,中华人民共和国测量标志保护条例,中华人民共和国国务院令第203号,2011-01-08,pending
RFN-6d5e31c82180551d,T0上位法锚点,中华人民共和国烟草专卖法实施条例,中华人民共和国国务院令第223号,2023-07-20,pending
RFN-91083d1b11799b64,T0上位法锚点,中华人民共和国知识产权海关保护条例,中华人民共和国国务院令第395号,2018-03-19,pending
RFN-a15dd462fba3a47a,T0上位法锚点,中华人民共和国矿山安全法实施条例,劳动部令第4号,1996-10-30,pending
RFN-2f932de19b92321a,T0上位法锚点,中华人民共和国计算机信息系统安全保护条例,中华人民共和国国务院令第147号,2011-01-08,pending
RFN-0d4ce6e63ac45b52,T0上位法锚点,中华人民共和国进出口商品检验法实施条例,中华人民共和国国务院令第447号,2026-08-08,pending
RFN-51848299fdb5ff48,T0上位法锚点,中华人民共和国邮政法实施细则,中华人民共和国国务院令第65号,1990-11-12,pending
RFN-381ca2dcbdb8eb9f,T0上位法锚点,中华人民共和国集会游行示威法实施条例,公安部令第8号,2011-01-08,pending
RFN-4525be77de268497,T4公司治理与股权关联交易,中国人民银行 财政部 银监会 保监会 林业局关于做好集体林权制度改革与林业发展金融服务工作的指导意见银发〔2009〕170号,国办发〔2008〕126号,2009-05-26,valid
RFN-5b63feaf9bf1476a,T5资金运用与资产负债管理,中国保监会关于债权投资计划投资重大工程有关事项的通知,保监发〔2012〕92号,2017-05-22,repealed
RFN-934102f9d393b8b7,T8机构准入与组织监管,中国保监会行政许可事项实施规程,,2005-12-21,amended
RFN-97bef1e8220050e4,T10数据治理与信息披露,中国银监会关于印发《商业银行并购贷款风险管理指引》的通知银监发〔2008〕84号,银监发〔2008〕84号,2008-12-09,valid
RFN-524da45df0c84cb8,T0上位法锚点,企业财务会计报告条例,中华人民共和国国务院令第287号,2000-06-21,pending
RFN-338f20bb55d982f8,T0上位法锚点,住房公积金管理条例,中华人民共和国国务院令第262号,2026-08-10,pending
RFN-4f520c138eedf245,T0上位法锚点,供水条例,中华人民共和国国务院令第831号,2026-02-11,pending
RFN-f257c62165978e91,T0上位法锚点,储蓄管理条例,中华人民共和国国务院令第107号,2011-01-08,amended
RFN-551d1cf0f5316f9d,T8机构准入与组织监管,关于建立再保险信息定期报告制度的通知,保监发〔2009〕25号,2009-03-12,pending
RFN-c73e81a28b76306a,T8机构准入与组织监管,关于调整保险业务监管费收费标准等有关事项的通知,保监发〔2012〕10号,2012-02-09,pending
RFN-3efb5d9c278b65e9,T5资金运用与资产负债管理,关于运用政府采购政策支持脱贫攻坚的通知,财库〔2019〕27号,2019-05-27,pending
RFN-59a51a2ba1a98671,T4公司治理与股权关联交易,关于进一步规范银行函证及回函工作的通知,财会〔2020〕12号,2020-08-10,pending
RFN-4d489650c58aebd8,T0上位法锚点,农村五保供养工作条例,中华人民共和国国务院令第456号,2006-01-21,pending
RFN-667fdb1bacaec927,T10数据治理与信息披露,农村资金互助社管理暂行规定,银监发〔2007〕7号,2007-01-29,pending
RFN-d34aa9b60cce49cb,T0上位法锚点,印刷业管理条例,中华人民共和国国务院令第315号,2024-12-06,pending
RFN-dccaf0a8ccbd92c2,T0上位法锚点,国防专利条例,中华人民共和国中央军事委员会令第418号,2004-09-17,pending
RFN-78507d71ca03104e,T0上位法锚点,地质灾害防治条例,中华人民共和国国务院令第394号,2003-11-24,pending
RFN-4d38faba4a5a897a,T0上位法锚点,基本农田保护条例,中华人民共和国国务院令第257号,2011-01-08,pending
RFN-eba02286a687d94d,T0上位法锚点,大中型水利水电工程建设征地补偿和移民安置条例,中华人民共和国国务院令第471号,2017-04-14,pending
RFN-d9f3081812e4f19f,T0上位法锚点,娱乐场所管理条例,中华人民共和国国务院令第458号,2020-11-29,pending
RFN-23dfe5f7a283a28b,T0上位法锚点,存款保险条例,中华人民共和国国务院令第660号,2015-02-17,pending
RFN-56a3c7025c641149,T0上位法锚点,广播电视设施保护条例,中华人民共和国国务院令第295号,2000-11-05,pending
RFN-25c1cfbced453455,T0上位法锚点,征信业管理条例,中华人民共和国国务院令第631号,2013-01-21,pending
RFN-074065c0c13b2ff2,T0上位法锚点,旅行社条例,中华人民共和国国务院令第550号,2020-11-29,pending
RFN-2fcac088602ff4e9,T0上位法锚点,电影管理条例,中华人民共和国国务院令第342号,2001-12-25,pending
RFN-7c19ca251b4e0abb,T0上位法锚点,社会团体登记管理条例,中华人民共和国国务院令第250号,2026-03-12,pending
RFN-c075cc13b6717b80,T0上位法锚点,营业性演出管理条例,中华人民共和国国务院令第439号,2020-11-29,pending
RFN-3368e2f11f0cac75,T0上位法锚点,融资担保公司监督管理条例,中华人民共和国国务院令第683号,2017-08-02,pending
RFN-e39dd2e342e01cc9,T10数据治理与信息披露,财政部 人民银行 国务院国资委 银保监会证监会 国家档案局 国家标准化管理委员会关于推进会计师事务所函证数字化相关工作的指导意见,财会〔2020〕13号,2020-09-16,pending
RFN-f984c5930adc692e,T1销售行为与消费者保护,财政部、国家税务总局关于修改《中华人民共和国增值税暂行条例实施细则》和《中华人民共和国营业税暂行条例实施细则》的决定,国家税务总局令第65号,2011-10-28,pending
RFN-af47a1e24bcfbe64,T0上位法锚点,长江三峡工程建设移民条例,中华人民共和国国务院令第299号,2011-01-08,pending
RFN-857596654bcab42c,T0上位法锚点,音像制品管理条例,中华人民共和国国务院令第341号,2024-12-06,pending
RFN-86b9ffc5f687c7bc,T6养老与健康保险专项,国家医保局 财政部关于印发《长期护理保险失能等级评估管理办法（试行）》的通知,医保发〔2023〕29号,2023-12-01,pending
RFN-e699fb7b7903fe3d,T6养老与健康保险专项,中国银保监会办公厅关于开展养老保险公司商业养老金业务试点的通知,银保监办发〔2022〕108号,2022-11-24,pending
RFN-1b69ccdfcca4a3ba,T6养老与健康保险专项,中国银保监会办公厅关于扩大专属商业养老保险试点范围的通知,银保监办发〔2022〕13号,2022-02-15,pending
RFN-415c282a90874324,T2产品与精算制度,保险公司非寿险业务准备金管理办法,中国银行保险监督管理委员会令〔2021〕11号,2021-10-14,pending
RFN-3fa8159015edec88,T6养老与健康保险专项,中国银保监会办公厅关于开展专属商业养老保险试点的通知,银保监办发〔2021〕57号,2021-05-08,pending
RFN-d71a1bd66f383e28,T6养老与健康保险专项,关于开展个人税收递延型商业养老保险试点有关征管问题的公告,公告〔2018〕21号,2018-04-28,pending
RFN-5cbc3066937e6bdd,T6养老与健康保险专项,关于开展个人税收递延型商业养老保险试点的通知,财税〔2018〕22号,2018-04-02,pending
