source,dedup_key,document_number,title,issue_organ,decision,confidence,a_kws,b_kws,c_kws,x_kws,snippet,avail_text_len,has_full_body,in_attr,matched_rfn
gov,65fe9876821229767472cdbe8c1ca4d3a77e6bdb837a30fa2d30a5ab0c3b7cda,中华人民共和国国务院令第262号,住房公积金管理条例,中华人民共和国国务院,EXCLUDE,中,,,分支机构,商业银行|银行业,[body]…房公积金的存、贷利率由国务院决定。 第七条 国务院住房城乡建设主管部门会同国务院财政部门、中国人民银行、国务院银行业监督管理机构拟定住房公积金政策，并监督执行。 省、自治区人民政府住房城乡建设主管部门会同同级财政部门以及中国人…,24198,True,False,
gov,eb165caa95e69ff259f2f857295fc814a32705e0204811006160faa3549a5013,中华人民共和国国务院令第300号,集成电路布图设计保护条例,中华人民共和国国务院,EXCLUDE,—,,,,,,26840,True,False,
gov,bb29802cae81f5f06f0120eaf58c326ea946aa37e68232d36696920449fd2d27,中华人民共和国国务院令第841号,国务院关于出境入境管理的规定,中华人民共和国国务院,EXCLUDE,—,,,,,,14077,True,False,
gov,4cef1fb22a1c9a89e2a1d46a53eea361f0b85b5e32824089806edbc30977b5e0,中华人民共和国国务院令第840号,退役军人就业创业促进条例,中华人民共和国国务院,EXCLUDE,—,,,,,,19516,True,False,
gov,8297174cc42b0e21f780f8b4842868ecc0789f5586ac814b4dfcda966506c3f4,中华人民共和国国务院令第321号,行政法规制定程序条例,中华人民共和国国务院,EXCLUDE,—,,,,,,24663,True,False,
gov,ee92d13ac57e78e49b35630a7881760eb5d750cb50272a19bb5adbf23fe1f85e,中华人民共和国国务院令第839号,中华人民共和国矿产资源法实施条例,中华人民共和国国务院,EXCLUDE,—,,,,,,49863,True,False,
gov,9381d4492eed0977f280938cbc91fcef470499c1acb2ebd61547e766b940d23d,中华人民共和国国务院令第837号,国务院关于对外投资的规定,中华人民共和国国务院,BOUNDARY,低,,,保险机构,银行业金融机构,[body]…定位，遵循市场化、法治化、商业可持续和风险可控原则，在业务范围内为投资者对外投资提供融资等金融服务。鼓励政策性保险机构为投资者对外投资提供海外投资保险等服务。 第九条 有关行业协会商会应当依照法律、法规和章程，加强行业自律，提升…,19995,True,False,
gov,d4b6480d80ae3af32e991fff5eec97786594818dc00f969ebc5d8c8d90492c6c,中华人民共和国国务院令第499号,中华人民共和国行政复议法实施条例,中华人民共和国国务院,EXCLUDE,—,,,,,,39807,True,False,
gov,64e15bd431b6d0a52ee45df995bde6f2696f8bc50f37d369f7cbb8e43782f948,中华人民共和国国务院令第835号,中华人民共和国反外国不当域外管辖条例,中华人民共和国国务院,EXCLUDE,—,,,,,,12093,True,False,
gov,15d734a4ffad347720308f6959cd1fa47dc029ccdc0ecfaa97100e833ba1a192,中华人民共和国国务院令第834号,国务院关于产业链供应链安全的规定,中华人民共和国国务院,EXCLUDE,—,,,,,,10310,True,False,
gov,a1c46651e97a45b8993c83c6cdd4de3db9b23e78d453b527350a01dcb975e729,中华人民共和国国务院令第473号,全国农业普查条例,中华人民共和国国务院,EXCLUDE,—,,,,,,21845,True,False,
gov,27c33e00a8b527e6c1f92f764f1bb0b0ec757c4f422d8fd01ee907efa127eac2,中华人民共和国国务院令第250号,社会团体登记管理条例,中华人民共和国国务院,BOUNDARY,低,,,分支机构,,[body]…记证书》申请刻制印章，开立银行账户。社会团体应当将印章式样和银行账号报登记管理机关备案。 第十七条 社会团体的分支机构、代表机构是社会团体的组成部分，不具有法人资格，应当按照其所属于的社会团体的章程所规定的宗旨和业务范围，在该社…,21103,True,False,
gov,27936d4c02a97d414280e979588894faa1d10dd2448010677f10281913cb18f7,中华人民共和国国务院令第831号,供水条例,中华人民共和国国务院,EXCLUDE,—,,,,,,31357,True,False,
gov,96fe7cb833015852f8284c4224a1236cf9b79ae72125695b4b468f905f7f321c,中华人民共和国国务院令第167号,中华人民共和国自然保护区条例,中华人民共和国国务院,EXCLUDE,—,,,,,,30182,True,False,
gov,ab54e4f3b6d2a08b8fca360ed8efdd04ee13e51725356d613da9e50041536a87,中华人民共和国国务院令第100号,城市绿化条例,中华人民共和国国务院,EXCLUDE,—,,,,,,11975,True,False,
gov,96e6059aa6e0c9f5819b385336e630c154a3fca7d26c6c9645830db47dff7184,中华人民共和国国务院令第53号,中华人民共和国标准化法实施条例,中华人民共和国国务院,EXCLUDE,—,,,,,,20543,True,False,
gov,ffe77ffc72acbaea980380ed59b73ad43083e8c3a75aa84b3ccbb17779684de0,中华人民共和国国务院令第184号,中华人民共和国注册建筑师条例,中华人民共和国国务院,EXCLUDE,—,,,,,,16241,True,False,
gov,735d921940bde850bcdb489247944c3845d1843ecb600ae1184d035e79507642,,植物检疫条例,,EXCLUDE,—,,,,,,12775,True,False,
gov,7455d8f862e74a51526e1cb4138a464fd30adaa82c7e503615a8110969b7b35f,中华人民共和国国务院令第77号,水库大坝安全管理条例,中华人民共和国国务院,EXCLUDE,—,,,,,,12814,True,False,
gov,891f0b37fef028fc1147102b16d7e025903274ae1669d89f9ef83a7dd540dc99,中华人民共和国国务院令第46号,森林病虫害防治条例,中华人民共和国国务院,BOUNDARY,低,,,保险公司,,[body]…防治费用的，各级人民政府应当给予补助。 第二十条 国家在重点林区逐步实行森林病虫害保险制度，具体办法由中国人民保险公司会同国务院林业主管部门制定。 第四章 奖励和惩罚 第二十一条 有下列成绩之一的单位和个人，由人民政府或者林业主…,13643,True,False,
gov,d479d6ad59a78a729004b4e7e732bbb88f23424853295b5bf3da5b4b6a3a82bf,中华人民共和国国务院令第3号,中华人民共和国河道管理条例,中华人民共和国国务院,EXCLUDE,—,,,,,,21829,True,False,
gov,78529c4d80c5b5c32ee172da8246eedcb9cebd05181837b7ee15f5374833ea0e,中华人民共和国国务院令第406号,中华人民共和国道路运输条例,中华人民共和国国务院,EXCLUDE,—,,,,,,41457,True,False,
gov,dd64d72a3edd6026326fca303fd3f2c5398675849ff9a648702fb0b4c2a6dca0,中华人民共和国国务院令第474号,风景名胜区条例,中华人民共和国国务院,EXCLUDE,—,,,,,,26930,True,False,
gov,c6b1b475354eb536f59fa3b9a4b17114d9864de6b04886d8bf59c90d078f0ba8,中华人民共和国国务院令第360号,中华人民共和国药品管理法实施条例,中华人民共和国国务院,EXCLUDE,—,,,,,,60694,True,False,
gov,d24d9fc73cf7e9ddbefb4d812b32ef7ea1568640efa27c4e5300a1ad31f9dd17,中华人民共和国国务院令第827号,商事调解条例,中华人民共和国国务院,EXCLUDE,—,,,,,,15565,True,False,
gov,4e5fb96789850888cc77beaa824f2ca5e86430e04b4faaa2ed60ec9878f412c9,中华人民共和国国务院令第826号,中华人民共和国增值税法实施条例,中华人民共和国国务院,EXCLUDE,中,,,分支机构,信托公司,[body]…用增值税法第三十条规定的以一个季度为一个计税期间： (一)小规模纳税人； (二)一般纳税人中的银行、财务公司、信托公司、信用社； (三)国务院税务、财政主管部门确定的其他纳税人。 第四十四条 按次纳税的纳税人，销售额达到起征点的…,27228,True,False,
gov,faed94fc7571bb21f6f58a48e9c10f8e21aaaf1df475b6d16acc1acd2479d7e9,中华人民共和国国务院令第825号,行政执法监督条例,中华人民共和国国务院,EXCLUDE,—,,,,,,20316,True,False,
gov,e3c2e3e56f1537a7899dd9c7c7459ec8118dc294d9ff035bffc4f74cd729b3d5,中华人民共和国国务院令第225号,殡葬管理条例,中华人民共和国国务院,EXCLUDE,—,,,,,,31675,True,False,
gov,6f67c5698e0c266be9c582f7d305e83d70da7ff2342e0a5e34ced8bf3746ad07,中华人民共和国国务院令第823号,全民阅读促进条例,中华人民共和国国务院,EXCLUDE,—,,,,,,18347,True,False,
gov,47735e5a15f6dbc3e823d7816cc8afc8ad954ed3d3631aa6dac9e9c707f8544b,中华人民共和国国务院令第822号,森林草原防灭火条例,中华人民共和国国务院,BOUNDARY,低,人身保险,,,,[body]…治、抚恤优待；符合烈士评定条件的，按照国家有关规定评定为烈士。 参加森林草原火灾扑救的人员按照国家有关规定享受人身保险等相应保险待遇。 用人单位应当保证其职工在参加森林草原火灾扑救期间的工资待遇和福利不变。 第四十九条 参加森林…,38924,True,True,RFN-f916174f1bc87898;RFN-f916174f1bc87898
gov,8216c120f162d803da20665452951df9bb16c92507bab1a3c0f85eb5f764d1ed,中华人民共和国国务院令第821号,对外使用国徽图案的办法,中华人民共和国国务院,EXCLUDE,—,,,,,,7028,True,False,
gov,9d49f73634d1c5d599103391afd12232b695c371f2adf525a67f4319d4606b2c,中华人民共和国国务院令第820号,生态环境监测条例,中华人民共和国国务院,EXCLUDE,—,,,,,,26303,True,False,
gov,1c6bbad8facb91b59c040bbbe16bc485a2002aa966a05fa6f2fc7ec42763e2e8,中华人民共和国国务院令第819号,密云水库水源保护条例,中华人民共和国国务院,EXCLUDE,—,,,,,,15255,True,False,
gov,764013e140a95043729a795441508f8c4f70aa325ad240940c93fba4dd5a6ddb,中华人民共和国国务院令第335号,中华人民共和国国际海运条例,中华人民共和国国务院,BOUNDARY,低,,,分支机构,,[body]…管部门备案： (一)终止经营； (二)减少运营船舶； (三)变更提单、客票或者多式联运单证； (四)在境外设立分支机构或者子公司经营相应业务； (五)拥有的船舶在境外注册，悬挂外国旗。 国际客船、国际散装液体危险品船运输经营者增…,30637,True,False,
gov,d7b34dc11fdabe897a497003a5f61acecdf217d95eab10d24ede1ff3f8e449c0,中华人民共和国国务院令第818号,生物医学新技术临床研究和临床转化应用管理条例,中华人民共和国国务院,EXCLUDE,—,,,,,,35217,True,False,
gov,b7ba887fb5e71524134ebfc3660339566d05aee2ab4d9f0455be9fdc939dc22e,中华人民共和国中央军事委员会令第816号,军用土地管理条例,中华人民共和国中央军事委员会,EXCLUDE,—,,,,,,14568,True,False,
gov,46cbb905a98e6ef2699f67e1e964b063a4040ce0964d572046604b1fc5ffdd1c,中华人民共和国国务院令第815号,外国驻华外交领事机构中国籍雇员管理条例,中华人民共和国国务院,EXCLUDE,—,,,,,,4772,True,False,
gov,1293a56ebbb32cda791c2d9b44c70286df03a4e23e39b2ea91b9ee6276468006,中华人民共和国国务院令第637号,中华人民共和国外国人入境出境管理条例,中华人民共和国国务院,EXCLUDE,—,,,,,,26530,True,False,
gov,ee52c9afdffc08b7c0728c17ef970fc8482e00138b134c795d69a7b0f0f9799e,中华人民共和国国务院令第812号,住房租赁条例,中华人民共和国国务院,EXCLUDE,—,,,,,,23807,True,False,
gov,a05d29d47c0f47c7999d035d96d72dac11f398ea540846de867bcefa40f69b0f,中华人民共和国国务院令第813号,农村公路条例,中华人民共和国国务院,EXCLUDE,—,,,,,,12880,True,False,
gov,f751946e8bd99815d481825c50df2f25b1cd25b89b6b4a5a4ac6218b483455da,中华人民共和国国务院令第811号,蓄滞洪区运用补偿办法,中华人民共和国国务院,BOUNDARY,低,,,保险机构,,[body]…有关部门按照职责分工，负责蓄滞洪区运用补偿的有关工作。 第六条 国家鼓励、支持在蓄滞洪区推行洪水保险制度，鼓励保险机构根据蓄滞洪区运用后损失情况，开展洪水保险快速理赔和灾害应急预付赔款服务。 第七条 任何组织和个人不得骗取、侵吞…,13838,True,False,
gov,89d40ad4813173c80e7da4ed6a6e6267679aea0e1b126128ca2a17bdca53b24e,中华人民共和国国务院令第810号,互联网平台企业涉税信息报送规定,中华人民共和国国务院,EXCLUDE,—,,,,,,7026,True,False,
gov,501eaa6eea470e771fde83c0527cba1f1ff38ddeab1979a30e1d81e104756671,中华人民共和国国务院令第809号,政务数据共享条例,中华人民共和国国务院,EXCLUDE,—,,,,,,27016,True,False,
gov,762c00e119cb57c429619ffa2bd0a9f79a94eeeea75b68ff3bede8199c9d2213,中华人民共和国中央军事委员会令第808号,重要军工设施保护条例,中华人民共和国中央军事委员会,EXCLUDE,—,,,,,,31108,True,False,
gov,9c73cd516fd402e6bdd89545b7e97f71ec70f5e2c6142522674adf2890c5a9c2,中华人民共和国国务院令第213号,中华人民共和国植物新品种保护条例,中华人民共和国国务院,EXCLUDE,—,,,,,,29991,True,False,
gov,3149acaae4045a979fc97846756342175294f7c3579e2b5929e6dd44b8ebb801,中华人民共和国国务院令第697号,快递暂行条例,中华人民共和国国务院,BOUNDARY,低,,,保险公司|分支机构,,[body]…的业务范围和地域范围，向社会公布取得快递业务经营许可的企业名单，并及时更新。 第十九条 经营快递业务的企业及其分支机构可以根据业务需要开办快递末端网点，并应当自开办之日起20日内向所在地邮政管理部门备案。快递末端网点无需办理营业…,31118,True,False,
gov,b182f6cd020b2f5540410b8e26093a83c5db1f485950be13636386c9adab6c8c,中华人民共和国国务院令第387号,婚姻登记条例,中华人民共和国国务院,EXCLUDE,—,,,,,,16113,True,False,
gov,0d17fab3fd72b6394caed4b5b1d2e7c04fb131ba20e085e7bff9e9d4b6e96ce5,中华人民共和国中央军事委员会令第425号,中国人民解放军实施《中华人民共和国药品管理法》办法,中华人民共和国中央军事委员会,EXCLUDE,—,,,,,,24956,True,False,
gov,665e5e460301edb4600e9f7c21ff08dde9fefbb1a72904f29c3c702c390f93ad,中华人民共和国国务院令第803号,实施《中华人民共和国反外国制裁法》的规定,中华人民共和国国务院,EXCLUDE,—,,,,,,9613,True,False,
gov,df01e994f260bdd1943c60d6d21647c3eaada07163c24b97595be3655b4e227c,中华人民共和国国务院令第728号,保障中小企业款项支付条例,中华人民共和国国务院,EXCLUDE,中,,,,商业银行,[body]…业的交易，部分存在争议但不影响其他部分履行的，对于无争议部分应当履行及时付款义务。 第十六条 鼓励、引导、支持商业银行等金融机构增加对中小企业的信贷投放，降低中小企业综合融资成本，为中小企业以应收账款、知识产权、政府采购合同、存…,21388,True,False,
gov,3a250e36f729c5fbf4523671aa6a73cd3d2e170ca202cd7240f000681ad8f632,中华人民共和国国务院令第801号,国务院关于涉外知识产权纠纷处理的规定,中华人民共和国国务院,BOUNDARY,低,,,保险机构|分支机构,,[body]…纷调解、 仲裁工作的指导。  第八条 鼓励律师事务所、 知识产权服务机构等提高涉外知识产权服务能力， 通过设立分支机构、 联合经营等方式在国外设立执业机构， 为公民、 组织提供优质高效的涉外知识产权相关服务。  国务院司法行政部…,9555,True,False,
gov,14e4b4533f114fada7755e51680dfe7c963d6e75be0882399696c18b7b2fbca6,中华人民共和国国务院令第800号,古树名木保护条例,中华人民共和国国务院,EXCLUDE,—,,,,,,20416,True,False,
gov,4263f409e7eb797e8ed0c44fbed1c0125bbade4110db19936f6e09ed22f7c7a7,中华人民共和国国务院令第799号,公共安全视频图像信息系统管理条例,中华人民共和国国务院,EXCLUDE,—,,,,,,21645,True,False,
gov,ab930570d074bc9e0a341d9ce65095139a61b2422018e476eb09bde9fee22e8f,中华人民共和国国务院令第798号,国务院关于规范中介机构为公司公开发行股票提供服务的规定,中华人民共和国国务院,EXCLUDE,中,,,,证券公司,[meta]…开发行股票提供服务行为，提高上市公司质量，保护投资者合法权益，促进资本市场健康稳定发展，制定本规定。 第二条 证券公司、会计师事务所、律师事务所等机构(以下统称中介机构) 中华人民共和国国务院    国务院关于规范中介机构为公司…,7983,True,False,
gov,c5349d002bcd632c10258aaf09fad2f49521998a3c8482601c0ea5647ca4836d,中华人民共和国国务院令第276号,医疗器械监督管理条例,中华人民共和国国务院,EXCLUDE,—,,,,,,83176,True,False,
gov,204665f339869a628d00aa4ce5ddbe8e0c7c696a0d3c088a8458705b32b61d23,中华人民共和国国务院令第424号,病原微生物实验室生物安全管理条例,中华人民共和国国务院,EXCLUDE,—,,,,,,52246,True,False,
gov,d6abd0dfecd146d8ee90ae431c8800525c2337d1fc4465ccb4f650724ef3d80f,中华人民共和国国务院令第512号,中华人民共和国企业所得税法实施条例,中华人民共和国国务院,BOUNDARY,低,养老保险,,,,[body]…者受雇有关的其他支出。 第三十五条 企业依照国务院有关主管部门或者省级人民政府规定的范围和标准为职工缴纳的基本养老保险费、基本医疗保险费、失业保险费、工伤保险费、生育保险费等基本社会保险费和住房公积金，准予扣除。 企业为投资者或…,68976,True,False,
gov,0fefbdd4677d73e908ef7074d8ca4c97e7b65cb41a6e54a91d1dfb1dcd920132,,外国民用航空器飞行管理规则,,EXCLUDE,—,,,,,,96453,True,False,
gov,fba9a76d021b7e6910ff2ae712ead6216418ff305659f473c0f5941e2a26718c,中华人民共和国国务院令第29号,民用航空运输不定期飞行管理暂行规定,中华人民共和国国务院,EXCLUDE,—,,,,,,4730,True,False,
gov,14510f1036879eebf89807bb19334e0d32321a9515777ad99d952af4741edba7,中华人民共和国国务院令第442号,麻醉药品和精神药品管理条例,中华人民共和国国务院,EXCLUDE,—,,,,,,57442,True,False,
gov,41c9dddf1452d0c6b17cc5ec915db0cd19155fd0be16cd76a019d2a2280e5df9,中华人民共和国国务院令第343号,出版管理条例,中华人民共和国国务院,BOUNDARY,低,,,分支机构,,[body]…由其主办单位承担。 第十七条 出版单位变更名称、主办单位或者其主管机关、业务范围、资本结构，合并或者分立，设立分支机构，出版新的报纸、期刊，或者报纸、期刊变更名称的，应当依照本条例第十二条、第十三条的规定办理审批手续。出版单位属…,44104,True,False,
gov,4e403c37f94c2bae64bb53947d42f673fa4e4a80dd553af4e62f8246cf4a515c,中华人民共和国国务院令第341号,音像制品管理条例,中华人民共和国国务院,EXCLUDE,—,,,,,,32587,True,False,
gov,b1b4796243d7c7409bb3c6e0984466891eb22efca13c0735ad77a306d8f9de17,中华人民共和国国务院令第315号,印刷业管理条例,中华人民共和国国务院,EXCLUDE,—,,,,,,34810,True,False,
gov,897c3e010eacfbd30769d82097dddbccc39bb6ba69c74dffe1a9b7decf7dd2be,中华人民共和国国务院令第352号,使用有毒物品作业场所劳动保护条例,中华人民共和国国务院,EXCLUDE,—,,,,,,47984,True,False,
gov,5cd5e7818c514e97f563918bc2965a57af860dbf9d13e6e6e823178acdcef0f3,中华人民共和国国务院令第409号,地震监测管理条例,中华人民共和国国务院,EXCLUDE,—,,,,,,18552,True,False,
gov,b30706115fa28bfcc2febb6c0aa859440a59a0d8dbca6770c8085bbe90ac0482,中华人民共和国国务院令第363号,互联网上网服务营业场所管理条例,中华人民共和国国务院,EXCLUDE,—,,,,,,24583,True,False,
gov,49230405a8c57ce24617c41540de5e89dc53bd868f86bbb85b880939bc5f3744,中华人民共和国国务院令第228号,广播电视管理条例,中华人民共和国国务院,EXCLUDE,—,,,,,,24408,True,False,
gov,9c2ff1b5169ffe1e6b17b4eed9d2ee2503a753ddb859e40bc15355952130ae4f,中华人民共和国国务院令第25号,放射性药品管理办法,中华人民共和国国务院,EXCLUDE,—,,,,,,12959,True,False,
gov,7e6fa74160e58874b15ba4266a94c00a32b9c83c98a752b2eedefc06a1d4564d,,印铸刻字业暂行管理规则,,EXCLUDE,—,,,,,,6520,True,False,
gov,2879e905585eaf517f3a7807fb5ea2ad9e0a672eccd77ca647014e06badffb92,,公共场所卫生管理条例,,EXCLUDE,—,,,,,,7913,True,False,
gov,e5f4751d5ee7fc3612f65246c1036c017c9aaae921676707ee509052523bbd7a,中华人民共和国国务院令第292号,互联网信息服务管理办法,中华人民共和国国务院,EXCLUDE,—,,,,,,12843,True,False,
gov,4f42dc0593c99d77d95fb9cf849dbdc23b391364707a599769fcb8857d9de2b8,民政部令第15号,外国人在中华人民共和国收养子女登记办法,民政部,EXCLUDE,—,,,,,,12876,True,False,
gov,e017abcd736d466ecf3d9662604aef70f8c9ae557f143f180a0992e657707771,中华人民共和国国务院令第338号,外国律师事务所驻华代表机构管理条例,中华人民共和国国务院,EXCLUDE,—,,,,,,22422,True,False,
gov,322f86280d90d6c097cb224545650a0106a485b54f084ca9d639eb473bbb334d,,全国年节及纪念日放假办法,,EXCLUDE,—,,,,,,3693,True,False,
gov,1a7f49dff145680bb152eb862faf1e949c7ca241f291bad7426829ca9da4d78e,中华人民共和国国务院令第487号,国家自然科学基金条例,中华人民共和国国务院,EXCLUDE,—,,,,,,32340,True,False,
gov,09728fd7f874bf9f4d65839ae3cf72890be47f7783d7aea3959216400c1a5608,中华人民共和国国务院令第793号,城市公共交通条例,中华人民共和国国务院,EXCLUDE,—,,,,,,29328,True,False,
gov,d232c3130cabb4cd88c2c9c2eb900721833f442c463ddd4ab11e5ee66ab8854e,中华人民共和国国务院令第792号,中华人民共和国两用物项出口管制条例,中华人民共和国国务院,BOUNDARY,低,,,分支机构,,[body]…(三)属于列入本条例第二十八条规定的管控名单内的境外组织和个人在中华人民共和国境内设立的独资企业、代表机构、分支机构； (四)国务院商务主管部门规定的其他情形。 已经获得通用许可或者以登记填报信息方式获得出口凭证的出口经营者出…,37987,True,False,
gov,577102830aac3ab4f5209d2d15033116c11aef4e78d833a56880847afc79337b,中华人民共和国国务院令第601号,烈士褒扬条例,中华人民共和国国务院,EXCLUDE,—,,,,,,37093,True,False,
gov,a573caa6c8196a8c12268165d7a4d5cfac5005bf0871ca0199e489789b866d6d,中华人民共和国国务院令第790号,网络数据安全管理条例,中华人民共和国国务院,BOUNDARY,低,,,保险公司,,[body]…网络平台服务提供者、第三方产品和服务提供者、预装应用程序的智能终端等设备生产者应当依法承担相应责任。 国家鼓励保险公司开发网络数据损害赔偿责任险种，鼓励网络平台服务提供者、预装应用程序的智能终端等设备生产者投保。 第四十一条 提…,41860,True,True,RFN-f061897706577104;RFN-f061897706577104
gov,70fbdc57964cc8ab95448234533bcac5562a1a277494aae97fb990914b5f40fe,中华人民共和国国务院令第789号,法规规章备案审查条例,中华人民共和国国务院,EXCLUDE,—,,,,,,14088,True,False,
gov,f78b6304231498c7af894e9b3622c0b278980d01fa73d8c2dd0784bc711226f1,中华人民共和国中央军事委员会令第413号,军人抚恤优待条例,中华人民共和国中央军事委员会,EXCLUDE,—,,,,,,48221,True,False,
gov,d381b3eb46543343d68abf6ef9c5fef284f9681b21e365eadbf5cd36cf872c2f,中华人民共和国中央军事委员会令第787号,退役军人安置条例,中华人民共和国中央军事委员会,BOUNDARY,低,养老保险,,,,[body]…限依法合并计算。 第八十二条 安排工作的退役军士和义务兵在国家规定的待安排工作期间，按照规定参加安置地职工基本养老保险并享受相应待遇，所需费用由安置地人民政府同级财政资金安排。 第八十三条 安置到机关、群团组织、企业事业单位的退…,47569,True,False,
gov,0377ebc93f259355ae884a399e7e4b8f3582247286090081fb9b4350c845e3de,中华人民共和国国务院令第646号,中华人民共和国保守国家秘密法实施条例,中华人民共和国国务院,EXCLUDE,—,,,,,,49607,True,False,
gov,01ab012c5d72c03ed41550479658aeae19f58ec6573ebaacf59cb925fc3ce40c,中华人民共和国国务院令第784号,国务院关于实施《中华人民共和国公司法》注册资本登记管理制度的规定,中华人民共和国国务院,EXCLUDE,—,,,,,,5753,True,False,
gov,40a7016914ce79490b9e9238b5943efd5c5c97f1fd9ae442bdae5eec2f6150b6,中华人民共和国国务院令第785号,稀土管理条例,中华人民共和国国务院,EXCLUDE,—,,,,,,15486,True,False,
gov,7bd93224536b603f8669027fe06bbd168d9860c1999f135120e9db2af08c2424,中华人民共和国国务院令第783号,公平竞争审查条例,中华人民共和国国务院,BOUNDARY,低,,,分支机构,,[body]…，或者阻碍本地经营者迁出，商品、要素输出； (二)排斥、限制、强制或者变相强制外地经营者在本地投资经营或者设立分支机构； (三)排斥、限制或者变相限制外地经营者参加本地政府采购、招标投标； (四)对外地或者进口商品、要素设置歧视…,11770,True,False,
gov,dc106b27a0f91e14ecdae54cfd493913fb9807bb1ab4a1dfb594a7542c7044d5,中华人民共和国国务院令第265号,国家科学技术奖励条例,中华人民共和国国务院,EXCLUDE,—,,,,,,19111,True,False,
gov,05d157090175e941b41f7c1e257c3b710ee33c81c9847b082a64c671f4ec7caa,中华人民共和国国务院令第781号,国有企业管理人员处分条例,中华人民共和国国务院,BOUNDARY,低,,,分支机构,,[body]…二)经党组织或者国家机关，国有独资、全资公司、企业，事业单位提名、推荐、任命、批准等，在国有控股、参股公司及其分支机构中履行组织、领导、管理、监督等职责的人员； (三)经国家出资企业中负有管理、监督国有资产职责的组织批准或者研究…,40886,True,False,
gov,159d00dece2708c3d7e8d798e9d748491055e57007983c0cb6bb2ebd62749779,中华人民共和国国务院令第780号,国际邮轮在中华人民共和国港口靠港补给的规定,中华人民共和国国务院,EXCLUDE,—,,,,,,8902,True,False,
gov,34c49a17962982a9d47b3a66fe3e9097ca08845a807e3995b909d47b485a2504,中华人民共和国国务院令第779号,生态保护补偿条例,中华人民共和国国务院,EXCLUDE,—,,,,,,16557,True,False,
gov,cd3b8e2027cb18f95cf039ef8b173e4dafd23c14a352bebff37de11311573ecf,中华人民共和国国务院令第778号,中华人民共和国消费者权益保护法实施条例,中华人民共和国国务院,EXCLUDE,—,,,,,,29181,True,True,RFN-c376b40dc174f080;RFN-c376b40dc174f080
gov,58891975963e9312fc5ddf60837145d9512617361c6f1c039036969e262d17aa,中华人民共和国国务院令第151号,教学成果奖励条例,中华人民共和国国务院,EXCLUDE,—,,,,,,5264,True,False,
gov,41298dcb9b62e7482c24c2f6f6a9e3020903ecbe58b139ae727e56748d7ce7e2,中华人民共和国国务院令第195号,中华人民共和国计算机信息网络国际联网管理暂行规定,中华人民共和国国务院,EXCLUDE,—,,,,,,7734,True,False,
gov,445f2002c99a0a16521bf35d914a4cb6ab8b6fe62ae5545a1162d8d2a0bdf165,中华人民共和国国务院令第717号,中华人民共和国人类遗传资源管理条例,中华人民共和国国务院,EXCLUDE,—,,,,,,27932,True,False,
gov,f4ebc85a9f9a3de63140d922d535d8532f37338e0ba57a3509166aa8e7b39cfe,中华人民共和国国务院令第584号,外国企业常驻代表机构登记管理条例,中华人民共和国国务院,EXCLUDE,—,,,,,,20101,True,False,
gov,acf6b17543d7c8724b13f311850c01300abb81c70160d79b4eb61135f70b56d6,中华人民共和国国务院令第656号,不动产登记暂行条例,中华人民共和国国务院,EXCLUDE,—,,,,,,17444,True,False,
gov,2cc069f03f7dfa5f40be63d4987c6d615d76de0c74609f0ea7f1072934dd9253,中华人民共和国国务院令第654号,企业信息公示暂行条例,中华人民共和国国务院,EXCLUDE,—,,,,,,14454,True,False,
gov,1b3f50414413fbf232419b04846633cc6f1809e284980c8aea47cfe9ee90b76e,中华人民共和国国务院令第332号,中华人民共和国货物进出口管理条例,中华人民共和国国务院,EXCLUDE,—,,,,,,28961,True,False,
gov,3dc56593abac3bf2a19c353c9d9e1b733c12ce3c394231833051229edca7c17f,中华人民共和国国务院令第776号,节约用水条例,中华人民共和国国务院,EXCLUDE,—,,,,,,25195,True,False,
gov,f4a2f923559d081d81515c6afe60c69af25ee4888d54574eee3d6470bf8d8d9e,中华人民共和国国务院令第775号,碳排放权交易管理暂行条例,中华人民共和国国务院,EXCLUDE,中,,,,银行业,[body]…业务规则，建立风险防控和信息披露制度。 国务院生态环境主管部门会同国务院市场监督管理部门、中国人民银行和国务院银行业监督管理机构，对全国碳排放权注册登记机构和全国碳排放权交易机构进行监督管理，并加强信息共享和执法协作配合。 碳…,23396,True,False,
gov,1215dfc593dff517bfd742e53085aee28de2882ef97b6654b8008de4c3018230,中华人民共和国国务院令第774号,煤矿安全生产条例,中华人民共和国国务院,EXCLUDE,—,,,,,,51053,True,False,
gov,09f78f3eb884d5d0af0c25ea7dc9cb8f1828a7fdc8b6f4e9a42898094ac43980,中华人民共和国国务院令第529号,国务院关于经营者集中申报标准的规定,中华人民共和国国务院,EXCLUDE,—,,,,,,3195,True,False,
gov,9b3d24a79b90cef7f3e1b59f6dea230840d7f15d13eee1be7d929b51247ffbe1,中华人民共和国国务院令第215号,中国人民银行货币政策委员会条例,中华人民共和国国务院,EXCLUDE,中,,,,银行业,[body]…2人； 国家金融监督管理总局局长； 中国证券监督管理委员会主席； 国家统计局局长； 国家外汇管理局局长； 中国银行业协会会长； 专家委员3人。 货币政策委员会组成单位和人员的调整，由国务院决定。 第七条 货币政策委员会委员包括…,8593,True,False,
gov,26b37a2c8184ee8c6f333449e325112a8ac94c9f615939e9714123bee5a578bd,中华人民共和国国务院令第772号,中华人民共和国档案法实施条例,中华人民共和国国务院,EXCLUDE,—,,,,,,31933,True,False,
gov,30f993639fd36e9ed275089b9433845df3997c26cca23ab407d163d249b35e60,中华人民共和国国务院令第573号,消耗臭氧层物质管理条例,中华人民共和国国务院,EXCLUDE,—,,,,,,29360,True,False,
gov,d80356c7693cbb15a5c111b2d7fa8c2e700322d69183d2b6cf430c8786ab0f6e,中华人民共和国国务院令第306号,中华人民共和国专利法实施细则,中华人民共和国国务院,EXCLUDE,—,,,,,,108672,True,False,
gov,471664c542754541725539157f38cb076f0a72e98e62e5c7e57f525bf8025174,中华人民共和国国务院令第768号,非银行支付机构监督管理条例,中华人民共和国国务院,EXCLUDE,中,,,分支机构,商业银行|银行业|银行业金融机构,[body]…》等法律，制定本条例。 第二条 本条例所称非银行支付机构，是指在中华人民共和国境内(以下简称境内)依法设立，除银行业金融机构外，取得支付业务许可，从事根据收款人或者付款人(以下统称用户)提交的电子支付指令转移货币资金等支付业务的有限责…,39514,True,False,
gov,56bfa3975be5fa850b3848e7e8514c5018c0e54f1fcc70cd81168780f2f82d23,中华人民共和国国务院令第767号,人体器官捐献和移植条例,中华人民共和国国务院,EXCLUDE,—,,,,,,34894,True,False,
gov,602a0e3d406665245cfa8fd8fc758821e328b61eec2cc9c076df718ac67285d0,中华人民共和国国务院令第766号,未成年人网络保护条例,中华人民共和国国务院,EXCLUDE,—,,,,,,37542,True,False,
gov,259b6d0789113699f416a723fb41a2cdf95df909ffd63db9f987ef1e3b486063,中华人民共和国国务院令第765号,社会保险经办条例,中华人民共和国国务院,BOUNDARY,低,养老保险,,,,[meta]…，维护用人单位和个人的合法权益，促进社会公平，根据《中华人民共和国社会保险法》，制定本条例。 第二条 经办基本养老保险、基本医疗保险、工伤保险、失业保险、生育 中华人民共和国国务院    社会保险经办条例 (2023年7月21日…,27560,True,True,RFN-a77da0310454e26c;RFN-a77da0310454e26c
gov,830e8d40163e09037f2306ad94ed0abeeedee92fb690a6ff23a9a90f065b63ca,中华人民共和国国务院令第223号,中华人民共和国烟草专卖法实施条例,中华人民共和国国务院,EXCLUDE,—,,,,,,28714,True,False,
gov,2f737d50b102ab53d4fbf5b7a0be7ab8d0876a58c5831e3abd112bea07497ce8,中华人民共和国国务院令第308号,中华人民共和国母婴保健法实施办法,中华人民共和国国务院,EXCLUDE,—,,,,,,22368,True,False,
gov,0c69f12da8739c1fea38e9a5e42a14c62cb8d5d40257284d132008e9299792ba,民政部令第14号,中国公民收养子女登记办法,民政部,EXCLUDE,—,,,,,,10367,True,False,
gov,adc2347431d02883007cc60e6455b69b30f4f9610e400c08a836a76fef447cd6,财政部令第6号,中华人民共和国发票管理办法,财政部,EXCLUDE,—,,,,,,19462,True,False,
gov,2b50b50bef8da79015c557a5944279c18cf582fc670054c07f72ece41968a78a,中华人民共和国国务院令第615号,海洋观测预报管理条例,中华人民共和国国务院,EXCLUDE,—,,,,,,22994,True,False,
gov,1337bd18ca8deb9a75fde5a710e80e83a9a88703bf4d9d26df94e093b29a534a,中华人民共和国国务院令第320号,长江河道采砂管理条例,中华人民共和国国务院,EXCLUDE,—,,,,,,16980,True,False,
gov,30e02f38929d27d696c269cadfc77fb9bdbdfb1a23c9e34e2e9551f3fc75358d,中华人民共和国国务院令第523号,证券公司风险处置条例,中华人民共和国国务院,EXCLUDE,中,,,分支机构,证券公司,[title]…证券公司风险处置条例 证券公司风险处置条例 (2008年4月23日中华人民共和国国务院令第523号公布 根据2016年…,34464,True,False,
gov,07e540edda23cdfc3775a14c57a57be491716fc3da76294f3e76027df7af44f6,中华人民共和国国务院令第625号,国内水路运输管理条例,中华人民共和国国务院,EXCLUDE,—,,,,,,25240,True,False,
gov,34eedf77494e8573864997ec986d952ae2c5bccf9e04c254ca861b2a32633dc7,中华人民共和国国务院令第390号,中华人民共和国认证认可条例,中华人民共和国国务院,EXCLUDE,—,,,,,,35011,True,False,
gov,5ed6eba7d8d76fe1df955fa914abd0204c53099cffe9e39a898a3a67e0a9abbc,中华人民共和国国务院令第440号,中华人民共和国工业产品生产许可证管理条例,中华人民共和国国务院,EXCLUDE,—,,,,,,34489,True,False,
gov,5d58dbf6d2ba0764b7db3738fd65f8aa2cfd2c850a31b4dbe65fb1c727111877,公安部令第16号,废旧金属收购业治安管理办法,公安部,EXCLUDE,—,,,,,,7720,True,False,
gov,db2c87c72423363448ed85f9648964f8733549235e402c667da38455e4c93940,中华人民共和国国务院令第494号,中华人民共和国船员条例,中华人民共和国国务院,BOUNDARY,低,健康保险|养老保险,,,,[body]…他必要措施。 第四章 船员职业保障 第二十一条 船员用人单位和船员应当按照国家有关规定参加工伤保险、医疗保险、养老保险、失业保险以及其他社会保险，并依法按时足额缴纳各项保险费用。 船员用人单位应当为在驶往或者驶经战区、疫区或者运…,35340,True,False,
gov,cac736ec4407c2ee5041720540c1b8c72471d10083b8b66e9f8d854057ec1b7e,中华人民共和国国务院令第763号,中华人民共和国领事保护与协助条例,中华人民共和国国务院,BOUNDARY,低,,,保险公司,,[body]…人员及其他人员进行培训。 第二十四条 国家鼓励有关组织和个人为领事保护与协助工作提供志愿服务。 国家鼓励和支持保险公司、紧急救援机构、律师事务所等社会力量参与领事保护与协助相关工作。 第二十五条 对在领事保护与协助工作中作出突出…,14759,True,False,
gov,c1c550cc207196fa06e6d9d9f69fe3af73fb9580705532272ebe410de11ae380,中华人民共和国国务院令第762号,私募投资基金监督管理条例,中华人民共和国国务院,EXCLUDE,中,,,,证券公司,[body]…大，到期未清偿或者被纳入失信被执行人名单； (五)因违法行为被开除的基金管理人、基金托管人、证券期货交易场所、证券公司、证券登记结算机构、期货公司以及其他机构的从业人员和国家机关工作人员； (六)因违法行为被吊销执业证书或者被取…,43286,True,False,
gov,59c8c02928408b36bb5d984fc665c325cf5cee3d723d1030bf5a1f72d927d0a1,中华人民共和国中央军事委员会令第761号,无人驾驶航空器飞行管理暂行条例,中华人民共和国中央军事委员会,EXCLUDE,—,,,,,,48400,True,False,
gov,fbaf9e718ad4a9ef269d56880b4a856e8e92f5e807f857a8505530f56a1b5a02,中华人民共和国国务院令第273号,商用密码管理条例,中华人民共和国国务院,EXCLUDE,—,,,,,,35905,True,False,
gov,5ccc749640e1a8cbbb14c9b0fe9ba4073c7c0534f0c7b003d1487529d62989e1,中华人民共和国中央军事委员会令第759号,征兵工作条例,中华人民共和国中央军事委员会,EXCLUDE,—,,,,,,41958,True,False,
gov,69e7580f12969d1ff3f952f8c3fb49003eb0a54bb64948e7b8a8fcd9e78b66cc,中华人民共和国中央军事委员会令第438号,中国人民解放军文职人员条例,中华人民共和国中央军事委员会,EXCLUDE,—,,,,,,36761,True,False,
gov,cdebfed07512ce9b029e079d8dde9204cc612361ed4e8ed0ef78db5bed7a970c,中华人民共和国国务院令第756号,缔结条约管理办法,中华人民共和国国务院,EXCLUDE,—,,,,,,79791,True,False,
gov,c66fbc5f4ff39e67f5332a582c3baf632020cf3781822dd913c78a28a6a6a8ef,中华人民共和国国务院令第755号,促进个体工商户发展条例,中华人民共和国国务院,EXCLUDE,—,,,,,,13429,True,False,
gov,01199139cfe837e0647d18539392fe7f6fe6dd8ed2b34218b49a4d130feb5b2c,中华人民共和国国务院令第753号,地名管理条例,中华人民共和国国务院,EXCLUDE,—,,,,,,80004,True,False,
gov,2e6313424d6e335ec4293272a3e16881ef006ceb16ccae435b42ce673cfa3117,中华人民共和国国务院令第216号,农药管理条例,中华人民共和国国务院,BOUNDARY,低,,,分支机构,,[body]…变化的，农药经营者应当按照国务院农业主管部门的规定申请变更农药经营许可证。 取得农药经营许可证的农药经营者设立分支机构的，应当依法申请变更农药经营许可证，并向分支机构所在地县级以上地方人民政府农业主管部门备案，其分支机构免予办理…,144391,True,False,
gov,6986b9d12bb64295431147300afe8b75b85a369f3ba9b15afe29dd7823d85e53,中华人民共和国国务院令第420号,中华人民共和国海关行政处罚实施条例,中华人民共和国国务院,EXCLUDE,—,,,,,,41633,True,False,
gov,a13b6377634e51f93d3ae548f3719d4bcd7009e4b0a5990efdb281d45f97ea3f,中华人民共和国国务院令第564号,保安服务管理条例,中华人民共和国国务院,EXCLUDE,—,,,,,,29401,True,False,
gov,475835b56f392d9e079f377dcebd8138eb116c12d5400cfb213c0aa3a6b63b33,,旅馆业治安管理办法,,EXCLUDE,—,,,,,,6818,True,False,
gov,b80e143b4ad27461e0ef2578aefff07806c22ff16c22b8f814e7a9c1d8eb67d3,中华人民共和国国务院令第333号,外商投资电信企业管理规定,中华人民共和国国务院,EXCLUDE,—,,,,,,8798,True,False,
gov,874fc5a69c9c269fef085580451b03e741625d3e03f230680f35e3ff3775a71b,中华人民共和国国务院令第149号,医疗机构管理条例,中华人民共和国国务院,EXCLUDE,—,,,,,,17982,True,False,
gov,acfa4fac94e52b4f9631ff1debb315ae3aa4483c738fb82d6b369f165058aa48,中华人民共和国国务院令第209号,中华人民共和国海关稽查条例,中华人民共和国国务院,EXCLUDE,中,,,,商业银行,[body]…员和其他有关人员与进出口活动有关的情况和问题；(四)经直属海关关长或者其授权的隶属海关关长批准，查询被稽查人在商业银行或者其他金融机构的存款账户。第十五条 海关进行稽查时，发现被稽查人有可能转移、隐匿、篡改、毁弃账簿、单证等有关…,14293,True,False,
gov,7ae94c801104bc5cd2431968ecf6ff91d22ada784ebe0227d4c7c2e2937fdbba,中华人民共和国国务院令第454号,中华人民共和国海关统计条例,中华人民共和国国务院,EXCLUDE,—,,,,,,7333,True,False,
gov,efeb332eddc9c0b3109aec399c559b9028ab6419954b0e22073f9737c179084c,,中华人民共和国计量法实施细则,,EXCLUDE,—,,,,,,24583,True,False,
gov,eb22f217cd15a767acbbab4fd10fd72337708d986382557501e572c2348dca20,中华人民共和国国务院令第447号,中华人民共和国进出口商品检验法实施条例,中华人民共和国国务院,BOUNDARY,低,,,分支机构,,[body]…管全国进出口商品检验工作。 海关总署设在省、自治区、直辖市以及进出口商品的口岸、集散地的出入境检验检疫机构及其分支机构(以下简称出入境检验检疫机构)，管理所负责地区的进出口商品检验工作。 第三条 海关总署应当依照商检法第四条规定…,95413,True,False,
gov,3066f0e3f221179b9be260a7ac9a06a3f6273f3a2b16508dbe7242216b312e69,中华人民共和国国务院令第42号,中华人民共和国水下文物保护管理条例,中华人民共和国国务院,EXCLUDE,—,,,,,,16171,True,False,
gov,dc81bb20ec09a68bc8653c3063dce8dd1d11b8ce74fff5a1f0ecbbf14eb98e3e,中华人民共和国国务院令第749号,证券期货行政执法当事人承诺制度实施办法,中华人民共和国国务院,EXCLUDE,—,,,,,,14306,True,False,
gov,ba73c777479c20b46e27307b90ed609a74a9f8e84d1087245be3f4b9923c8ca3,中华人民共和国国务院令第748号,地下水管理条例,中华人民共和国国务院,EXCLUDE,—,,,,,,116026,True,False,
gov,2a03c86b610257dbc1b02a405bae5e0e2388becb53b698b4a317dd30e5e0e167,中华人民共和国国务院令第745号,关键信息基础设施安全保护条例,中华人民共和国国务院,EXCLUDE,—,,,,,,70032,True,False,
gov,2b87db42ce718615c9d14eea0c2d76cd78d4ed625d11e83c4c31bd06bd200073,中华人民共和国国务院令第746号,中华人民共和国市场主体登记管理条例,中华人民共和国国务院,BOUNDARY,低,,,分支机构,,[body]…指在中华人民共和国境内以营利为目的从事经营活动的下列自然人、法人及非法人组织： (一)公司、非公司企业法人及其分支机构； (二)个人独资企业、合伙企业及其分支机构； (三)农民专业合作社(联合社)及其分支机构； (四)个体工商户…,103578,True,False,
gov,d0e2eedcd927dfb6aa0cec61011a3e57fe69a9139d9327db2019895cdc5f90f6,中华人民共和国国务院令第744号,建设工程抗震管理条例,中华人民共和国国务院,EXCLUDE,—,,,,,,28324,True,False,
gov,5b96a669efe46f5d69e87a25fd96bd3ae906f09f21f71b1850e9051e95a3b065,中华人民共和国国务院令第256号,中华人民共和国土地管理法实施条例,中华人民共和国国务院,BOUNDARY,低,养老保险,,,,[body]…安置补助费分配办法。地上附着物和青苗等的补偿费用，归其所有权人所有。社会保障费用主要用于符合条件的被征地农民的养老保险等社会保险缴费补贴，按照省、自治区、直辖市的规定单独列支。申请征收土地的县级以上地方人民政府应当及时落实土地补…,39937,True,False,
gov,9eeea59d6df38c500e052f95677ac7e67466a2271ee74746e0d63c2a19da4222,中华人民共和国国务院令第238号,生猪屠宰管理条例,中华人民共和国国务院,EXCLUDE,—,,,,,,28137,True,False,
gov,54d8ada9d617b86d5cd1f39d25c11639ab1d07306e330b61d5d20ba3b5c5faa6,中华人民共和国国务院令第399号,中华人民共和国民办教育促进法实施条例,中华人民共和国国务院,BOUNDARY,低,养老保险,,,,[body]…额支付工资，足额缴纳社会保险费和住房公积金。国家鼓励民办学校按照有关规定为教职工建立职业年金或者企业年金等补充养老保险。实施学前教育、学历教育的民办学校应当从学费收入中提取一定比例建立专项资金或者基金，由学校管理，用于教职工职业…,44492,True,False,
gov,3b6028badd749c6f541a295ba422f64db9e8c2e55cddbf52710be8370560bcda,中华人民共和国国务院令第407号,粮食流通管理条例,中华人民共和国国务院,EXCLUDE,—,,,,,,29145,True,False,
gov,b2062fe7e1d3c481778f1ca4f091f64b44a2944c2a2977b948a9c8edcc58a9ac,中华人民共和国国务院令第738号,行政事业性国有资产管理条例,中华人民共和国国务院,EXCLUDE,—,,,,,,23469,True,False,
gov,2af9c1b0c78f17274338d615f487439d24bdc4c2cce6f4980dcdd8bc34ca5692,中华人民共和国国务院令第737号,防范和处置非法集资条例,中华人民共和国国务院,BOUNDARY,低,,,保险产品|分支机构,,[body]…府应当明确防范和处置非法集资工作机制的牵头部门（以下简称处置非法集资牵头部门），有关部门以及国务院金融管理部门分支机构、派出机构等单位参加工作机制；乡镇人民政府应当明确牵头负责防范和处置非法集资工作的人员。上级地方人民政府应当督…,24075,True,True,RFN-6b37aa0d001c6f92;RFN-6b37aa0d001c6f92
gov,77b8723b9c62d41fded2d217469a4da40ffd4345a40f4a12d9a5d73d83c1a928,中华人民共和国国务院令第736号,排污许可管理条例,中华人民共和国国务院,EXCLUDE,—,,,,,,32646,True,False,
gov,21c5a0e1e7bb08ce0bedcc25ecaf7eecdc94dc33cde7a13f6401bd954495aa74,中华人民共和国国务院令第735号,医疗保障基金使用监督管理条例,中华人民共和国国务院,BOUNDARY,低,,,保险资金,,[body]…附 则第四十九条 职工大额医疗费用补助、公务员医疗补助等医疗保障资金使用的监督管理，参照本条例执行。居民大病保险资金的使用按照国家有关规定执行，医疗保障行政部门应当加强监督。第五十条 本条例自2021年5月1日起施行。 医疗保…,153961,True,False,
gov,f9f5e52b54176880fee2ebacd20691548010189e5113573dd8d8db621d3f2d4f,国家工商行政管理局令第7号,企业名称登记管理规定,国家工商行政管理局,BOUNDARY,低,,,分支机构,,[body]…语。 使用外国投资者字号的外商独资或者控股的外商投资企业，企业名称中可以含有“（中国）”字样。 第十三条 企业分支机构名称应当冠以其所从属企业的名称，并缀以“分公司”、“分厂”、“分店”等字词。境外企业分支机构还应当在名称中标明…,10919,True,False,
gov,f5845d78b8f974c46e00e91954dd4d182c086cd4c48d4040f81f8db85388f343,中华人民共和国国务院令第733号,政府督查工作条例,中华人民共和国国务院,EXCLUDE,—,,,,,,10599,True,False,
gov,92134791c8ef16ae7853b7e7dc8dc24a5dd3618f39e8ccd00fd73d25d4304331,中华人民共和国国务院令第458号,娱乐场所管理条例,中华人民共和国国务院,EXCLUDE,—,,,,,,27139,True,False,
gov,d3cbb36deac6031e3feecb544032521b053efa76f506ffdfb833519f6ef784b9,,外债统计监测暂行规定,,EXCLUDE,—,,,,,,6730,True,False,
gov,548d741a894956874f98c96020995ff2345b183055d6a5156f52a6880b78236c,中华人民共和国国务院令第439号,营业性演出管理条例,中华人民共和国国务院,BOUNDARY,低,,,分支机构,,[body]…构、演出场所经营单位以及由内地方控股的文艺表演团体；香港特别行政区、澳门特别行政区的演出经纪机构可以在内地设立分支机构。 台湾地区的投资者可以在大陆投资设立演出经纪机构、演出场所经营单位，不得设立文艺表演团体。 依照本条规定设立…,38563,True,False,
gov,e3ea4c926da2e7db5be204cb6c9edc4387682d8b942c70a4be42163c6f0a8cc9,中华人民共和国国务院令第331号,中华人民共和国技术进出口管理条例,中华人民共和国国务院,EXCLUDE,—,,,,,,17779,True,False,
gov,df0caeb02b355a8b051e877cb89ea5cb34f97aa2585532b48e46ef3968f4fede,中华人民共和国国务院令第91号,国有资产评估管理办法,中华人民共和国国务院,EXCLUDE,—,,,,,,13577,True,False,
gov,5d0b9c4897a774225a4ac797b0b8914793d16080a21de586a8323b360495bae1,中华人民共和国国务院令第105号,实施国际著作权条约的规定,中华人民共和国国务院,EXCLUDE,—,,,,,,6347,True,False,
gov,e343c6fb672e2a0bdcff1259049fe8beb6fed0d68ee66d2b3b4a2f5ea10de505,化学工业部令第7号,农业化学物质产品行政保护条例,化学工业部,EXCLUDE,—,,,,,,8486,True,False,
gov,5c4dda3001f8f0a5314e9cb8da934ff4c66fcd150da56eee280058f5c1633a5f,中华人民共和国国务院令第248号,城市房地产开发经营管理条例,中华人民共和国国务院,EXCLUDE,—,,,,,,17036,True,False,
gov,defcf622cd6d58d3421eb2df3611e6a127ad9b4943be80c00b9de07806e4c3a3,,中华人民共和国国家金库条例,,BOUNDARY,低,,,分支机构,,[body]…行行长兼国库主任。 第八条 国库业务工作实行垂直领导。各省、自治区、直辖市分库及其所属各级支库，既是中央国库的分支机构，也是地方国库。 第九条 各级国库应当设立专门的工作机构办理国库业务。机构设置按照本条例第六条规定，四级国库分…,26018,True,False,
gov,4a3f97d06fa712b844e9d73b44997eadf525da9360893f21cbdcbb5b9877f74b,中华人民共和国国务院令第274号,中华人民共和国台湾同胞投资保护法实施细则,中华人民共和国国务院,EXCLUDE,—,,,,,,11147,True,False,
gov,51b2c9792733810db83c240111ee535bb51c0af3ee1abca2f63aa17e509fa2bb,中华人民共和国国务院令第232号,中华人民共和国民用航空器国籍登记条例,中华人民共和国国务院,EXCLUDE,—,,,,,,9217,True,False,
gov,c1c9b6eca9943f694641e7f708909874c0355251fbdbb145dfc0588b977068b3,中华人民共和国国务院令第102号,关于外商参与打捞中国沿海水域沉船沉物管理办法,中华人民共和国国务院,EXCLUDE,—,,,,,,9217,True,False,
gov,83f19a4d4f3b72510364c9d699e6a493e24aeb66153cc02de4080489a27c3ec3,中华人民共和国国务院令第550号,旅行社条例,中华人民共和国国务院,EXCLUDE,—,,,,,,32413,True,False,
gov,a1988c49aad03ff58af19e70aa26b0ecca14933452bfe861773c70091a2219e1,中华人民共和国国务院令第55号,中华人民共和国城镇国有土地使用权出让和转让暂行条例,中华人民共和国国务院,EXCLUDE,—,,,,,,16163,True,False,
gov,736fe9d709272d019415db2a5bd2002a2ded3b3d8e46991eb1310675cf9bc3d0,,中华人民共和国渔业法实施细则,,EXCLUDE,—,,,,,,19526,True,False,
gov,ca1e1165313e5a6b518a4015b5c652823ec3059281570a152e461895ac67c4d3,中华人民共和国国务院令第310号,行政执法机关移送涉嫌犯罪案件的规定,中华人民共和国国务院,EXCLUDE,—,,,,,,12759,True,False,
gov,3719db8dd9b71aa1d68f26c35850366ee5b672839adbffc306fab27e7d4b0bf3,中华人民共和国国务院令第186号,中华人民共和国预算法实施条例,中华人民共和国国务院,BOUNDARY,低,,,分支机构,银行业|银行业金融机构,[body]…留解、退付和库款支拨的专门机构。国库分为中央国库和地方国库。 中央国库业务由中国人民银行经理。未设中国人民银行分支机构的地区，由中国人民银行商财政部后，委托有关银行业金融机构办理。 地方国库业务由中国人民银行分支机构经理。未设中…,50718,True,False,
gov,6f2434e1b5d80a4174fef988add84d2e5e95b450176e4252bd82ce679c2117f1,中华人民共和国国务院令第727号,化妆品监督管理条例,中华人民共和国国务院,EXCLUDE,—,,,,,,53818,True,False,
gov,f2e4aa64dd9d7f7d565aa12fa01751a541cb47cd516e75923ddeda462b5f3345,中华人民共和国国务院令第404号,兽药管理条例,中华人民共和国国务院,EXCLUDE,—,,,,,,44246,True,False,
gov,6c341b920e7c0247a122b402d4244fb504854d5ba56284c25cf3d0aaa26798eb,中华人民共和国国务院令第348号,人工影响天气管理条例,中华人民共和国国务院,EXCLUDE,—,,,,,,7504,True,False,
gov,994b1a244079db28b04d5a47d27c3226b492bfc0c52cae87d871d97a44d444d0,中华人民共和国国务院令第517号,护士条例,中华人民共和国国务院,EXCLUDE,—,,,,,,17489,True,False,
gov,a8c14532eb37cd9a1f1fa2edaf85f221f0bc4adfd8f0a7232ce1774cec8ce337,中华人民共和国国务院令第725号,农作物病虫害防治条例,中华人民共和国国务院,BOUNDARY,低,,,保险机构,,[body]…民政府农业农村主管部门商同级人民政府应急管理部门发布，其他组织和个人不得向社会发布。第二十八条 国家鼓励和支持保险机构开展农作物病虫害防治相关保险业务，鼓励和支持农业生产经营者等有关单位和个人参加保险。第四章 应急处置第二十九条…,22922,True,False,
gov,ca40225f3abdfc0806138e9842f8788cec011569fe58f26c4c5bad1ad1b72d17,中华人民共和国国务院令第724号,保障农民工工资支付条例,中华人民共和国国务院,EXCLUDE,—,,,,,,32672,True,False,
gov,ff3b8de4c4b5aa83cbd3cfee9a41239cd127afcb35d0763b284df026339cc326,中华人民共和国国务院令第723号,中华人民共和国外商投资法实施条例,中华人民共和国国务院,EXCLUDE,—,,,,,,27873,True,False,
gov,5df8cc9125f7ccf031122983d27e3e7d0c243ebbf111cea9795aa66ed6ab2781,中华人民共和国国务院令第722号,优化营商环境条例,中华人民共和国国务院,EXCLUDE,中,,,,商业银行,[body]…支持金融机构加大对民营企业、中小企业的支持力度，降低民营企业、中小企业综合融资成本。金融监督管理部门应当完善对商业银行等金融机构的监管考核和激励机制，鼓励、引导其增加对民营企业、中小企业的信贷投放，并合理增加中长期贷款和信用贷款…,42097,True,False,
gov,7be91c4e9f2f1b8749a665dd6d8a7ea5e02c79ed55574b1ba5ba30b7fcda4cc0,中华人民共和国国务院令第557号,中华人民共和国食品安全法实施条例,中华人民共和国国务院,EXCLUDE,—,,,,,,42104,True,False,
gov,659712bdf16c66447a39a26926731ee38f9e51ae5138b59c0ce2072368f27f96,中华人民共和国国务院令第336号,中华人民共和国外资保险公司管理条例,中华人民共和国国务院,BOUNDARY,低,人寿保险|人身保险|健康保险,,,,[body]…国务院保险监督管理机构批准。设立外资保险公司的地区，由国务院保险监督管理机构按照有关规定确定。第六条 设立经营人身保险业务的外资保险公司和经营财产保险业务的外资保险公司，其设立形式、外资比例由国务院保险监督管理机构按照有关规定确…,20144,True,True,RFN-fc2ff18685a29783;RFN-fc2ff18685a29783
gov,c66fb931ad917b3f86d17b0d4a0d87c9f605eaaa40576b9f089639ccffecf9cd,中华人民共和国国务院令第478号,中华人民共和国外资银行管理条例,中华人民共和国国务院,EXCLUDE,中,,,保险公司|分支机构,商业银行|银行业|银行业金融机构,[body]…的决定》第三次修订)第一章 总则第一条 为了适应对外开放和经济发展的需要，加强和完善对外资银行的监督管理，促进银行业的稳健运行，制定本条例。第二条 本条例所称外资银行，是指依照中华人民共和国有关法律、法规，经批准在中华人民共和…,35828,True,False,
gov,fc492860bec32e969cd7cd6d4016f1cebdb52500429c52ac365af810d99a37df,中华人民共和国国务院令第716号,国务院关于在线政务服务的若干规定,中华人民共和国国务院,EXCLUDE,—,,,,,,6757,True,False,
gov,588f00862b11ce5cd792c6f29eaf6daefd598ea05a2f5677eb0fe4f005a4da54,中华人民共和国国务院令第279号,建设工程质量管理条例,中华人民共和国国务院,EXCLUDE,—,,,,,,35767,True,False,
gov,e42d596dac3b021595f273fca4196d11cd66d67272c672190341b7adf96a41e0,中华人民共和国国务院令第715号,报废机动车回收管理办法,中华人民共和国国务院,EXCLUDE,—,,,,,,14752,True,False,
gov,3fda1f464fc49396a375927ebda27aa926e61a5c64d769afb98cb4b6b3610229,中华人民共和国国务院令第713号,重大行政决策程序暂行条例,中华人民共和国国务院,EXCLUDE,—,,,,,,22185,True,False,
gov,287c49cdc8254ee0318c1cd449fadcc68a0cfec94640e2a4ddce42ea1815a073,中华人民共和国国务院令第712号,政府投资条例,中华人民共和国国务院,EXCLUDE,—,,,,,,13057,True,False,
gov,5cbfb25aa7d500d167dc4f59d0a5df97259542ad0462aa2b05996d97e9a12583,中华人民共和国国务院令第492号,中华人民共和国政府信息公开条例,中华人民共和国国务院,EXCLUDE,—,,,,,,30254,True,False,
gov,8b0c5567f872e3a8bf19610dfae7766344b5443d60910bcb824ab6906323ba2c,中华人民共和国国务院令第259号,社会保险费征缴暂行条例,中华人民共和国国务院,EXCLUDE,中,养老保险,,,商业银行,,13840,True,False,
gov,2e050e77471d6a2e51b63cfdb61a0a67f41d2a14d653b2c7856239155d709161,中华人民共和国国务院令第198号,城市道路管理条例,中华人民共和国国务院,EXCLUDE,—,,,,,,57497,True,False,
gov,32382caa9a5c6363f3252a234c740e51b38f614ceea97d624da3826dfc52c267,中华人民共和国国务院令第63号,法规汇编编辑出版管理规定,中华人民共和国国务院,EXCLUDE,—,,,,,,8274,True,False,
gov,1daf761f6a495876a870b5fcbf1c5d2ac6ad67681f04dc5665fe36e99a90d4d9,中华人民共和国国务院令第553号,民用机场管理条例,中华人民共和国国务院,EXCLUDE,—,,,,,,38908,True,False,
gov,a772257cb45c548c176a68ba5224c441032b0c6db7a15f07295fc8eea686e683,中华人民共和国国务院令第563号,农业机械安全监督管理条例,中华人民共和国国务院,EXCLUDE,—,,,,,,31843,True,False,
gov,dccf2239f33dd56f07c703ebc4fdb1a3fd69bdc4a0f2c8851b2431ec2dfc2e02,,中华人民共和国国境口岸卫生监督办法,,EXCLUDE,—,,,,,,11174,True,False,
gov,579e92199bc875e2ba47d70ebe7e859d527270585bfd6abb169afe93d801b876,中华人民共和国国务院令第577号,自然灾害救助条例,中华人民共和国国务院,EXCLUDE,—,,,,,,18585,True,False,
gov,d5d38307977f4b3ff831ded86774f4193119afce32d517dfe971440e7e4ddde4,中华人民共和国国务院令第580号,古生物化石保护条例,中华人民共和国国务院,EXCLUDE,—,,,,,,28869,True,False,
gov,4aff283b5fe0349a9f87d9d3b39a3efb4c9fd205b31aed1e6305a9ab84c2c9d5,中华人民共和国国务院令第323号,地震安全性评价管理条例,中华人民共和国国务院,EXCLUDE,—,,,,,,9033,True,False,
gov,e9499c9226a7421d0103e81c2829ca2d7b6f992be0e1f8253bcd5cbc45ee7785,中华人民共和国国务院令第611号,中华人民共和国车船税法实施条例,中华人民共和国国务院,EXCLUDE,—,,,,,,12691,True,False,
gov,faf0c313dce036f3f39c664b4b229563d8bb5c2ae8777b6f34b8c6fb1ace6cd0,中华人民共和国国务院令第613号,中华人民共和国招标投标法实施条例,中华人民共和国国务院,EXCLUDE,—,,,,,,49281,True,False,
gov,0f968511eb9a958d561c129a149cbbad9fa2004ff0964e55946611537c87e5a0,中华人民共和国国务院令第355号,中华人民共和国内河交通安全管理条例,中华人民共和国国务院,EXCLUDE,—,,,,,,46097,True,False,
gov,3ca2477c51ae68fe9b1914ebff85685b6d1f50e29915bd15bc720cf3ee85151b,中华人民共和国国务院令第372号,中华人民共和国中外合作办学条例,中华人民共和国国务院,EXCLUDE,—,,,,,,32452,True,False,
gov,7618900dcdc3579de4edb3c650afa4f33eaebc4a3ccf38acbea1a04c50d57e68,中华人民共和国国务院令第378号,企业国有资产监督管理暂行条例,中华人民共和国国务院,EXCLUDE,—,,,,,,21098,True,False,
gov,58d423b77016bed10edc1c1be720bbb72645e7baddf0af92d84927494a16fd70,中华人民共和国国务院令第626号,缺陷汽车产品召回管理条例,中华人民共和国国务院,EXCLUDE,—,,,,,,13787,True,False,
gov,8973b183dbdae8ff90c145785bf2fb0e0b9665f054c4268b7e003928c6af73b1,中华人民共和国中央军事委员会令第391号,民用运力国防动员条例,中华人民共和国中央军事委员会,EXCLUDE,—,,,,,,28798,True,False,
gov,ef18f9c1965f3745b504b642211a0eb9163018975630277e8d1e4a1e22d26c50,中华人民共和国国务院令第109号,中华人民共和国船舶和海上设施检验条例,中华人民共和国国务院,EXCLUDE,—,,,,,,11657,True,False,
gov,199a82cb5340ddd1ac1892f507800a41535e1f77021bed36c9af8bf20bc18bc4,中华人民共和国国务院令第175号,国际航行船舶进出中华人民共和国口岸检查办法,中华人民共和国国务院,EXCLUDE,—,,,,,,8150,True,False,
gov,c9a4fb97e7369df388c59e47c3b9f06752693eff1c3511ff86b7c06f2fa0df6d,中华人民共和国国务院令第449号,放射性同位素与射线装置安全和防护条例,中华人民共和国国务院,EXCLUDE,—,,,,,,44504,True,False,
gov,cf3cee8ce54cdf9d7671639da7dd40385a87bb53a728c6247fe0ab4022d474dd,中华人民共和国国务院令第457号,艾滋病防治条例,中华人民共和国国务院,EXCLUDE,—,,,,,,35735,True,False,
gov,b531ea36b72e5af8729b9fa37a8a1b550aee6b27fc0b1d81b3ab5c08df1378bb,中华人民共和国国务院令第649号,社会救助暂行办法,中华人民共和国国务院,BOUNDARY,低,养老保险,,,,[body]…宜。 特困人员供养标准，由省、自治区、直辖市或者设区的市级人民政府确定、公布。 特困人员供养应当与城乡居民基本养老保险、基本医疗保障、最低生活保障、孤儿基本生活保障等制度相衔接。 第十六条 申请特困人员供养，由本人向户籍所在地的…,27024,True,False,
gov,ff52ca5b7eec9674539fbdd6f44fb71a398dedd094baee84b8742869580e98ef,中华人民共和国国务院令第462号,机动车交通事故责任强制保险条例,中华人民共和国国务院,EXCLUDE,中,,,保险公司|保险条款,,,23421,True,False,
gov,1a449dcaa12d5e9498db0551382a2155b9fc4ca61dd2affd2a89a0335d79f0b2,中华人民共和国国务院令第463号,血吸虫病防治条例,中华人民共和国国务院,EXCLUDE,—,,,,,,33038,True,False,
gov,3ec79792ee4f4935f784c1d050494a189808670ae10e52eec9816f5f161099bd,中华人民共和国国务院令第465号,中华人民共和国濒危野生动植物进出口管理条例,中华人民共和国国务院,EXCLUDE,—,,,,,,14714,True,False,
gov,18c8c1900f7a5a32d13f32b2e52f7a19f02864c0478100021a834d2fe838ac7a,中华人民共和国国务院令第500号,民用核安全设备监督管理条例,中华人民共和国国务院,EXCLUDE,—,,,,,,32268,True,False,
gov,39c56d26adff82da56f578c4aa668bf9613dba527fd710e6a67fdfa5da467024,中华人民共和国国务院令第508号,全国污染源普查条例,中华人民共和国国务院,EXCLUDE,—,,,,,,19403,True,False,
gov,214b49ec9ffef241d79552a9479c8c6ab82c8fd02727c9fe114167c866d96699,中华人民共和国国务院令第196号,电力供应与使用条例,中华人民共和国国务院,EXCLUDE,—,,,,,,17495,True,False,
gov,0cb2f814f5a74121344701e57b460f49dd68628b544e4722910d75d7216b912c,中华人民共和国国务院令第551号,废弃电器电子产品回收处理管理条例,中华人民共和国国务院,EXCLUDE,—,,,,,,44648,True,False,
gov,a4daf7304121db5146363d614f61bad6bfaf1753a6f88625f1bf28140347f899,中华人民共和国国务院令第17号,中华人民共和国城镇土地使用税暂行条例,中华人民共和国国务院,EXCLUDE,—,,,,,,6085,True,False,
gov,16d4aefbbdd1bc9d0850cdbb2ce57a0ad53073d0782b6c3b3506da13a0207dcb,卫生部令第2号,中华人民共和国国境卫生检疫法实施细则,卫生部,EXCLUDE,—,,,,,,59123,True,False,
gov,a7f29d466f44191852fac5c8763ae29b8c45122c3a028a8d67af2dc43a9b4d6f,中华人民共和国国务院令第416号,中华人民共和国进出口货物原产地条例,中华人民共和国国务院,EXCLUDE,—,,,,,,15307,True,False,
gov,7e19311e9291f4a093512bf1780f8edf2838cdb6167672f6b865fcd47ef5a688,,中华人民共和国外国籍船舶航行长江水域管理规定,,EXCLUDE,—,,,,,,8382,True,False,
gov,1b30a03078be1659871a9075acf0a7a325681418651b0ed5d744eafe5cc0261f,中华人民共和国国务院令第38号,中华人民共和国渔港水域交通安全管理条例,中华人民共和国国务院,EXCLUDE,—,,,,,,11137,True,False,
gov,caaa1c6b85a98dcd86692382bc9790a0ebbdf1c3c3ff0b7d8455a3caf234db03,总后勤部令第1号,军用饮食供应站供水站管理办法,总后勤部,EXCLUDE,—,,,,,,7946,True,False,
gov,7fc62cda37f4c30befce12b66c580ca26c05913de5e333ead3bb716e6faf3afa,中华人民共和国国务院令第708号,生产安全事故应急条例,中华人民共和国国务院,EXCLUDE,—,,,,,,21217,True,False,
gov,9372033efaa159fc2fb11507be55f6ba16052a0fac8759574df23e5f78ea06b5,中华人民共和国国务院令第142号,中华人民共和国个人所得税法实施条例,中华人民共和国国务院,BOUNDARY,低,健康保险|养老保险,,,,[body]…条第一款第一项所称依法确定的其他扣除，包括个人缴付符合国家规定的企业年金、职业年金，个人购买符合国家规定的商业健康保险、税收递延型商业养老保险的支出，以及国务院规定可以扣除的其他项目。 专项扣除、专项附加扣除和依法确定的其他扣除…,22413,True,False,
gov,fa7bd9421d4be48c504e575298a9e7e3e94acb774114c480100285000389434f,中华人民共和国国务院令第705号,中华人民共和国消防救援衔标志式样和佩带办法,中华人民共和国国务院,EXCLUDE,—,,,,,,4724,True,False,
gov,649f17bce39d08917a98059f05984e7e27e013ba6bf15a9684f7eb1be8bc5f26,中华人民共和国国务院令第76号,专利代理条例,中华人民共和国国务院,EXCLUDE,—,,,,,,14772,True,False,
gov,8ddc4af9b3a791ce5a12c18e04b9b8f2a132139d6c8318e89f2f89a5d722d580,中华人民共和国国务院令第704号,行政区划管理条例,中华人民共和国国务院,EXCLUDE,—,,,,,,10130,True,False,
gov,980b6894f3484d5dd5135d8762646750e2e005a24024cc069170cb33157bc99c,,卫星地面接收设施接收外国卫星传送电视节目管理办法,,EXCLUDE,—,,,,,,9394,True,False,
gov,41f4ca919c87109d551ac6b998a33c6562c5b1eb6e98f30e69b6d36f6b7becc9,广播电影电视部令第2号,有线电视管理暂行办法,广播电影电视部,EXCLUDE,—,,,,,,10246,True,False,
gov,62aed2624427f2d2d3e5882f3d77d0f4030102723c1b3c3839aeae30b81fe8cf,中华人民共和国国务院令第597号,戒毒条例,中华人民共和国国务院,EXCLUDE,—,,,,,,23600,True,False,
gov,74ef1880d5c9de6a5a06ad5462c6d64f435c8924a2975b987dd504478533e320,中华人民共和国国务院令第106号,中药品种保护条例,中华人民共和国国务院,EXCLUDE,—,,,,,,10659,True,False,
gov,cd8edc8521df7f1fc41a4d84ebdb07615dfce0dd537c830b374680b48977c6ec,中华人民共和国国务院令第129号,卫星电视广播地面接收设施管理规定,中华人民共和国国务院,EXCLUDE,—,,,,,,5398,True,False,
gov,2e531cd0941181fbcb20b08100ecc5fdb99fe52a67bd50b2d5f6cd030123f109,中华人民共和国国务院令第445号,易制毒化学品管理条例,中华人民共和国国务院,EXCLUDE,—,,,,,,34933,True,False,
gov,a811a3a13c5115b3b4e9113140291c0067c746c0ef43059f3e818469d480f249,中华人民共和国国务院令第398号,反兴奋剂条例,中华人民共和国国务院,EXCLUDE,—,,,,,,22712,True,False,
gov,04411299720fc5762398a10b43041df947e54af7e9c596008adec440b9c920dc,中华人民共和国国务院令第675号,残疾预防和残疾人康复条例,中华人民共和国国务院,EXCLUDE,—,,,,,,19583,True,False,
gov,ee84979a8efb771b786bb95ddbd6e30ad6384bf128542eddfe9851dba75fe19e,中华人民共和国国务院令第415号,全国经济普查条例,中华人民共和国国务院,EXCLUDE,—,,,,,,14367,True,False,
gov,5774da44b6697398c1c929da2968a9025177c7639fbbe610f070c05c7c267096,中华人民共和国国务院令第701号,医疗纠纷预防和处理条例,中华人民共和国国务院,EXCLUDE,—,,,,,,30678,True,False,
gov,35f9ed977351f9b5f523581df862b4bfc80126682ada13709020dc350ece7d9d,中华人民共和国国务院令第700号,人力资源市场暂行条例,中华人民共和国国务院,BOUNDARY,低,,,分支机构,,[body]…颁发人力资源服务许可证；不符合条件的，作出不予批准的书面决定并说明理由。 第二十条 经营性人力资源服务机构设立分支机构的，应当自工商登记办理完毕之日起15日内，书面报告分支机构所在地人力资源社会保障行政部门。 第二十一条 经营性…,20526,True,False,
gov,58db61da6359fc965afd11236b39231f8eda396d6cc1086b614956cf608b3e9c,中华人民共和国国务院令第345号,奥林匹克标志保护条例,中华人民共和国国务院,EXCLUDE,—,,,,,,10596,True,False,
gov,b8a6af5ef9e8a6ae49f15d4ebbfca14e131d5df574e4ff4705b218d62d631298,中华人民共和国国务院令第278号,中华人民共和国森林法实施条例,中华人民共和国国务院,EXCLUDE,—,,,,,,29398,True,False,
gov,776c9377f55952b95bc083bb2dd34f2b505dd3c7442f43560333b32096ed603f,中华人民共和国国务院令第280号,中华人民共和国人民币管理条例,中华人民共和国国务院,EXCLUDE,中,,,分支机构,商业银行,[body]…册，向持有人出具中国人民银行统一印制的收缴凭证，并告知持有人可以向中国人民银行或者向中国人民银行授权的国有独资商业银行的业务机构申请鉴定。对伪造、变造的人民币收缴及鉴定的具体办法，由中国人民银行制定。办理人民币存取款业务的金融机…,17272,True,False,
gov,a9d01ac851d9f6f37a77c45b24dbb7b2f6c47e3ec064a5bda8c0b944acea3272,中华人民共和国国务院令第561号,防治船舶污染海洋环境管理条例,中华人民共和国国务院,EXCLUDE,—,,,,,,40234,True,False,
gov,b5b1f259be380c329f2277b774d3187cfb08d66f2d0f3848dc45e8435fd6a6cf,中华人民共和国国务院令第395号,中华人民共和国知识产权海关保护条例,中华人民共和国国务院,EXCLUDE,—,,,,,,16266,True,False,
gov,03f881af3520ee059ab8b344659db9992d55684c43cbe26333338bd101729324,中华人民共和国国务院令第581号,中华人民共和国海关事务担保条例,中华人民共和国国务院,EXCLUDE,—,,,,,,12490,True,False,
gov,b8af819b4b42046c5fc60cafb9e72e8078bef8ca0e2874e8b6083c462c0b6806,中华人民共和国国务院令第379号,物业管理条例,中华人民共和国国务院,EXCLUDE,—,,,,,,29711,True,False,
gov,cf2799b2acc31caca10f218fa5a37ef44c75f022da6961c153bf3016064e6375,中华人民共和国国务院令第475号,防治海洋工程建设项目污染损害海洋环境管理条例,中华人民共和国国务院,EXCLUDE,中,,,,商业银行,[body]…的种类、数量，根据国务院价格主管部门和财政部门制定的收费标准确定排污者应当缴纳的排污费数额。排污者应当到指定的商业银行缴纳排污费。第三十三条 海洋油气矿产资源勘探开发作业中应当安装污染物流量自动监控仪器，对生产污水、机舱污水和生…,31463,True,False,
gov,1207cf0d924b4319aa49727e3ad7a71964bba4ab2fee3ef375e0bac3cb2aef67,中华人民共和国国务院令第518号,土地调查条例,中华人民共和国国务院,EXCLUDE,—,,,,,,14922,True,False,
gov,ad58614542648d09abb7635d4b7e2c420f860c70be0a7560fb4c31504844c401,中华人民共和国国务院令第197号,食盐专营办法,中华人民共和国国务院,EXCLUDE,—,,,,,,14099,True,False,
gov,5b3628cd62bcd3500b8520e9883fc868cefa40ac8634305fcd83ca0a91b3bedb,中华人民共和国国务院令第693号,中华人民共和国环境保护税法实施条例,中华人民共和国国务院,EXCLUDE,—,,,,,,11341,True,False,
gov,c312a3b42c536f343e61236d0eba551458707a5f2df9972f589481aa1f413299,中华人民共和国国务院令第322号,规章制定程序条例,中华人民共和国国务院,EXCLUDE,—,,,,,,21072,True,False,
gov,3a8cbec0a771c87e4252461873a3580c9fac84ad1fa1a48181033bc16fbaece4,中华人民共和国国务院令第692号,中华人民共和国反间谍法实施细则,中华人民共和国国务院,EXCLUDE,—,,,,,,12448,True,False,
gov,94379d49f8619e41da6dfc3532f8cb6e32c625861f2021da31168a3e6542c385,中华人民共和国国务院令第263号,导游人员管理条例,中华人民共和国国务院,EXCLUDE,—,,,,,,10527,True,False,
gov,44fc3e47e29b7de2028e557197f917ed67f2ce3c6c8307909fbcd166dc135193,中华人民共和国国务院令第293号,建设工程勘察设计管理条例,中华人民共和国国务院,EXCLUDE,—,,,,,,18711,True,False,
gov,61b311956fb88c6680ab3eda063c184f3f507c5cc4808341d53d78f05572c2be,中华人民共和国国务院令第304号,农业转基因生物安全管理条例,中华人民共和国国务院,EXCLUDE,—,,,,,,26102,True,False,
gov,2106ec2c48a2a24f77f30863926d3eb98d4aa0b018a2018f69d8b5c8723f5029,中华人民共和国国务院令第570号,气象灾害防御条例,中华人民共和国国务院,EXCLUDE,—,,,,,,24876,True,False,
gov,dc12a0820d338595e0aa77d9e6f70d20da5305277e81001e147adf1369139343,中华人民共和国国务院令第314号,棉花质量监督管理条例,中华人民共和国国务院,EXCLUDE,—,,,,,,19863,True,False,
gov,cee1c06bcf518d0e894f31811a5eb8d9ad1e152bbfa6b6a864fb9412ab54affc,中华人民共和国国务院令第405号,中华人民共和国道路交通安全法实施条例,中华人民共和国国务院,BOUNDARY,低,,,保险公司|保险机构,,[body]…明和申请材料。公安机关交通管理部门经与机动车登记档案核实后，在收到申请之日起15日内补发。第十二条 税务部门、保险机构可以在公安机关交通管理部门的办公场所集中办理与机动车有关的税费缴纳、保险合同订立等事项。第十三条 机动车号牌应…,62461,True,False,
gov,cc5a5b36fffc589f3596cf6693799aa344a4f7abc58022fce5dc23e075e11f3b,中华人民共和国国务院令第377号,中华人民共和国文物保护法实施条例,中华人民共和国国务院,EXCLUDE,—,,,,,,32680,True,False,
gov,99d9ec8defa085804eb6475714925870faa7faa145b8728bde1424570faba8e0,中华人民共和国国务院令第450号,重大动物疫情应急条例,中华人民共和国国务院,EXCLUDE,—,,,,,,23836,True,False,
gov,438f1d0c9599f4fb3a6c8fe073d3f1cddb77cccbe0a2bb1d374b0d2957f74e40,中华人民共和国国务院令第524号,历史文化名城名镇名村保护条例,中华人民共和国国务院,EXCLUDE,—,,,,,,26035,True,False,
gov,d524db0f60c539912f52caa0f2658a59fdbad5ffbf9abddc0843e17d04e6c7aa,中华人民共和国国务院令第204号,中华人民共和国野生植物保护条例,中华人民共和国国务院,EXCLUDE,—,,,,,,13985,True,False,
gov,db8c7667f1c73196749d46a1c0571519c817831157492301d8ca431caa7023db,中华人民共和国国务院令第688号,机关团体建设楼堂馆所管理条例,中华人民共和国国务院,EXCLUDE,—,,,,,,11311,True,False,
gov,20be9aba49163859dae3b63e4f70c038e76a6aa703abd49f3b213773a98fb968,中华人民共和国国务院令第426号,宗教事务条例,中华人民共和国国务院,EXCLUDE,—,,,,,,40645,True,False,
gov,9e7077b70bf3cc3ee61ebcbf11605a5a342c75781ed5c9311ad96a899818afb7,中华人民共和国国务院令第685号,志愿服务条例,中华人民共和国国务院,EXCLUDE,—,,,,,,16155,True,False,
gov,eb4dd4e6fc81b9dcc5a9e6fab35620ba8c5424d07d459f0f63b5f00981d1cf0d,中华人民共和国国务院令第684号,无证无照经营查处办法,中华人民共和国国务院,EXCLUDE,—,,,,,,6581,True,False,
gov,3e709d88d31fe188418fa03b3b31b9c9ef2a8dcc2f99ecd247724f7dce274fd2,中华人民共和国国务院令第683号,融资担保公司监督管理条例,中华人民共和国国务院,BOUNDARY,低,,,分支机构,银行业|银行业金融机构,[body]…公司合并、分立或者减少注册资本，应当经监督管理部门批准。 融资担保公司在住所地所在省、自治区、直辖市范围内设立分支机构，变更名称，变更持有5%以上股权的股东或者变更董事、监事、高级管理人员，应当自分支机构设立之日起或者变更相关事…,23507,True,False,
gov,2eeb8a36ff55e538a04ce46cf0ccd2801ee7b7dc293cd47ca35980de1efcd08d,中华人民共和国国务院令第253号,建设项目环境保护管理条例,中华人民共和国国务院,EXCLUDE,—,,,,,,17330,True,False,
gov,e7672f43d2d615326e3ad827b2563a537bd0870abc93c3c0ac1658d9a196e4a7,中华人民共和国国务院令第681号,中华人民共和国统计法实施条例,中华人民共和国国务院,EXCLUDE,—,,,,,,24780,True,False,
gov,1578eb69b963e14a89c146718b3527c53e90de88fc85661e3cd889c6acda263e,中华人民共和国国务院令第471号,大中型水利水电工程建设征地补偿和移民安置条例,中华人民共和国国务院,EXCLUDE,—,,,,,,25942,True,False,
gov,226081accb6a660c9f3e449535d43b3f413d9f47a7945e1e8941482992fc1f35,国家教育委员会令第8号,学校体育工作条例,国家教育委员会,EXCLUDE,—,,,,,,13064,True,False,
gov,4a725f93139389d32db0ab8c7fe7a64a43db03af2670bc8633afcff4e90639ff,中华人民共和国国务院令第266号,饲料和饲料添加剂管理条例,中华人民共和国国务院,EXCLUDE,—,,,,,,46448,True,False,
gov,4b2b5214633cad30d670c6876ad30665adbf321a54060fea976747edf4347cac,中华人民共和国国务院令第527号,对外承包工程管理条例,中华人民共和国国务院,EXCLUDE,—,,,,,,12265,True,False,
gov,66e771d3112e68bcdc81d5b07817a08f8f2c1ba2eb197352acc04fe107e736ba,中华人民共和国国务院令第531号,公共机构节能条例,中华人民共和国国务院,EXCLUDE,—,,,,,,18567,True,False,
gov,64a3649d90d85c534520d280b7ca7644551e7f723739fe59cd10b135451e0053,中华人民共和国国务院令第443号,直销管理条例,中华人民共和国国务院,BOUNDARY,低,,,分支机构,,[body]…行政管理部门依照其职责分工和本条例规定，负责对直销企业和直销员及其直销活动实施监督管理。 第二章 直销企业及其分支机构的设立和变更 第七条 申请成为直销企业，应当具备下列条件： (一)投资者具有良好的商业信誉，在提出申请前连续5…,27705,True,False,
gov,7808c2f9b1a162ed240761a186dd7ac69b76285e304e93dee937f78e93a5f5aa,中华人民共和国国务院令第349号,地质资料管理条例,中华人民共和国国务院,EXCLUDE,—,,,,,,16611,True,False,
gov,fe463465569c07e2e9b7d00b59adb1a4295ed5c7571bd815ae087e13379cb5c2,中华人民共和国国务院令第354号,中国公民出国旅游管理办法,中华人民共和国国务院,EXCLUDE,—,,,,,,17040,True,False,
gov,df0786f42d1cdb07a21f97689bc410c82b95c5c930cf1f1790cc485925609708,,中华人民共和国海洋倾废管理条例,,EXCLUDE,—,,,,,,14637,True,False,
gov,fa7d04bb985d33e23d023f46d3b7a7e9c1abf52c72562b14147e68d3ebe41e5a,中华人民共和国国务院令第101号,城市市容和环境卫生管理条例,中华人民共和国国务院,EXCLUDE,—,,,,,,18315,True,False,
gov,e330aa48590b60a64db67451d2d310b86c12d145dc5465725e53f97a4f32d5de,中华人民共和国国务院令第460号,取水许可和水资源费征收管理条例,中华人民共和国国务院,EXCLUDE,—,,,,,,35764,True,False,
gov,75a3124a4e4b6280dc38fb8daa5931fe8a61656298d94c97b9b8fdd37d602072,中华人民共和国国务院令第489号,期货交易管理条例,中华人民共和国国务院,EXCLUDE,中,,,分支机构,证券公司|银行业|银行业金融机构,[body]…人员：(一)因违法行为或者违纪行为被解除职务的期货交易所、证券交易所、证券登记结算机构的负责人，或者期货公司、证券公司的董事、监事、高级管理人员，以及国务院期货监督管理机构规定的其他人员，自被解除职务之日起未逾5年；(二)因违法…,45443,True,False,
gov,56e6cbb6248f3c02d2db3b0e30da9440e409e52831ca3d2b1d676e31368f27e7,中华人民共和国国务院令第496号,中华人民共和国水文条例,中华人民共和国国务院,EXCLUDE,—,,,,,,22716,True,False,
gov,1ebce016e291225fe924a710d0b342a398db5f257cc1c5292316d9e2c2211936,,防止拆船污染环境管理条例,,EXCLUDE,—,,,,,,13587,True,False,
gov,a1b70dcedd32e953e49453a23b78792e2f6aa57832ad71ec04d249d40028360e,国家科学技术委员会令第2号,实验动物管理条例,国家科学技术委员会,EXCLUDE,—,,,,,,10165,True,False,
gov,e7a5b7a46bf627bcba90664b6aed2b2ff391c8e6df75b0497ae5d4fda7692aeb,中华人民共和国国务院令第163号,食盐加碘消除碘缺乏危害管理条例,中华人民共和国国务院,EXCLUDE,—,,,,,,11955,True,False,
gov,1fefd69dd3b94919a8f56b1ef2da56e1a349aa48e0fad765c86e9ea8df7c582e,中华人民共和国国务院令第161号,残疾人教育条例,中华人民共和国国务院,EXCLUDE,—,,,,,,29473,True,False,
gov,031b46bb72f3702ef15582380da5fb83fb8fa0c4d0cd34d0f5b08af9f69428d6,中华人民共和国国务院令第673号,企业投资项目核准和备案管理条例,中华人民共和国国务院,EXCLUDE,—,,,,,,13054,True,False,
gov,3c7a6ad51db923b4cef698179dd2faf0d46d5cdf9a7b3b1d9c58c4da0155dc2a,中华人民共和国中央军事委员会令第128号,中华人民共和国无线电管理条例,中华人民共和国中央军事委员会,EXCLUDE,—,,,,,,40628,True,False,
gov,dbce6c010b8df842e521fcbdb2acdf30065b214e44fe2519cbed02847ba0f386,中华人民共和国国务院令第412号,国务院对确需保留的行政审批项目设定行政许可的决定,中华人民共和国国务院,EXCLUDE,中,,,保险公司|保险公司分支机构|保险机构|保险资产管理|保险资金|分支机构|投资连结保险,保险公估|保险经纪|保险经纪公司|商业银行|基金管理公司|证券公司,[body]…上地方人民政府人口和计划生育行政主管部门209计划生育统计调查审批各级人民政府人口和计划生育行政主管部门210商业银行、信用社代理支库业务审批人民银行及其有关分支行211商业银行、信用社代理乡镇国库业务审批人民银行及其有关分支行…,1191102,True,False,
gov,d0fce3e965434ff3556b795422b9332a5d8085e5e08b9cabffdc8384fc40a75d,中华人民共和国国务院令第669号,农田水利条例,中华人民共和国国务院,EXCLUDE,—,,,,,,21745,True,False,
gov,7b7652564d4b8400085b12e850bd68f114991750b38f33adceed23c688e05509,中华人民共和国国务院令第667号,全国社会保障基金条例,中华人民共和国国务院,EXCLUDE,中,养老保险,,,银行业,,12390,True,False,
gov,67c1052744c4c54ebeb6b6a888859e1f5d871229b53f4f2a6818bdfe430ffb15,国家文物局令第1号,中华人民共和国考古涉外工作管理办法,国家文物局,EXCLUDE,—,,,,,,10212,True,False,
gov,1957c5893d59b6675d29df9243894963443d41d2bd7c427a7587c80cc5d5cfb6,中华人民共和国国务院令第388号,中央储备粮管理条例,中华人民共和国国务院,BOUNDARY,低,,,分支机构,,[body]…量和储存安全等方面的问题，应当及时处理；不能处理的，承储企业的主要负责人必须及时报告中国储备粮管理总公司或者其分支机构。 第二十九条 承储企业应当在轮换计划规定的时间内完成中央储备粮的轮换。 中央储备粮的轮换应当遵循有利于保证中…,30781,True,False,
gov,7a6d22b3054390d543404826503c95986d417e2d618cce335d6828a593ff89ca,,证券交易所风险基金管理暂行办法,,EXCLUDE,中,,,,商业银行,[body]…券交易所理事会管理。理事会应当指定机构，负责本基金的日常管理和使用。 第八条 本基金应当以专户方式全部存入国有商业银行，存款利息全部转入基金专户。 第九条 本基金资产与证券交易所资产分开列账。本基金应当下设分类账，分别记录按本办…,5170,True,False,
gov,e3731cda882b5f31e5ac4ad12920c022f9b9d5167b6766faf3feba56fadc9fa8,中华人民共和国国务院令第560号,全民健身条例,中华人民共和国国务院,EXCLUDE,—,,,,,,16581,True,False,
gov,2323a8782968fce72a5830383deb731c511e21b2ca7365f0429b07eee902b25e,中华人民共和国国务院令第583号,城镇燃气管理条例,中华人民共和国国务院,EXCLUDE,—,,,,,,23461,True,False,
gov,be6df957e58590c3d2f59a18760963708e49254b1c24b3dc786f8549a6dc469d,中华人民共和国国务院令第88号,中华人民共和国城镇集体所有制企业条例,中华人民共和国国务院,EXCLUDE,—,,,,,,30277,True,False,
gov,22294d97bf18c1d4526ed1112854534f21b36926350a8044aa2ec92916207882,,中华人民共和国陆生野生动物保护实施条例,,EXCLUDE,—,,,,,,25067,True,False,
gov,07e6da390acaa4f37422b4169047c9163a7a885244dbb1e1cfbb8bdb2da2f81d,中华人民共和国国务院令第408号,危险废物经营许可证管理办法,中华人民共和国国务院,EXCLUDE,—,,,,,,18711,True,False,
gov,ef45a1aa336a2dac1c98d4e1daf4aec254d3ac588529f82a469f7ca3d05ec7bf,中华人民共和国国务院令第291号,中华人民共和国电信条例,中华人民共和国国务院,BOUNDARY,低,,,分支机构,,[body]…关标准。主导的电信业务经营者向其他电信业务经营者提供网间互联，服务质量不得低于本网内的同类业务及向其子公司或者分支机构提供的同类业务质量。 第二十二条 网间互联的费用结算与分摊应当执行国家有关规定，不得在规定标准之外加收费用。…,45257,True,False,
gov,69a71af3047c56a781b46b00e4df658014af3112f2975e292ff63a693b5175a0,中华人民共和国国务院令第362号,中华人民共和国税收征收管理法实施细则,中华人民共和国国务院,BOUNDARY,低,,,分支机构,,[body]…条的规定执行。 第九十五条 税务机关依照税收征管法第五十四条第(五)项的规定，到车站、码头、机场、邮政企业及其分支机构检查纳税人有关情况时，有关单位拒绝的，由税务机关责令改正，可以处1万元以下的罚款；情节严重的，处1万元以上5万…,53388,True,False,
gov,a933acecb102018f36a7e413bb3532bd8b059149d8236466cb700d9de12f0cb4,中华人民共和国国务院令第367号,退耕还林条例,中华人民共和国国务院,EXCLUDE,—,,,,,,30593,True,False,
gov,f9b3b5798f344c1014e7fc2a4a5422daae1831de0755526132b2e7d479d09143,中华人民共和国国务院令第623号,气象设施和气象探测环境保护条例,中华人民共和国国务院,EXCLUDE,—,,,,,,16002,True,False,
gov,25022f90da10439817b6b0ea44f8ec1f9b5bb4f9a643f4a35e0f4381709f18c9,中华人民共和国国务院令第629号,农业保险条例,中华人民共和国国务院,BOUNDARY,低,,,保险公司|保险机构|保险条款|偿付能力,,[meta]…展，根据《中华人民共和国保险法》、《中华人民共和国农业法》等法律，制定本条例。第二条 本条例所称农业保险，是指保险机构根据农业保险合同，对 中华人民共和国国务院    农业保险条例 (2012年11月12日中华人民共和国国务院令…,15948,True,False,
gov,6c174dd77c7cf7aabdc12da7971bec63d3b64feb994f31d814f8add508f0224a,中华人民共和国国务院令第455号,烟花爆竹安全管理条例,中华人民共和国国务院,EXCLUDE,—,,,,,,26065,True,False,
gov,9c56febf12e06315e27fcb0a6559edf39df14f3176166ca5e10d5a7654ff127e,中华人民共和国国务院令第208号,血液制品管理条例,中华人民共和国国务院,EXCLUDE,—,,,,,,22175,True,False,
gov,11bebffd28b52dfa71e95683acca3cf5e6c69e903a13d11b2bcb724c05b2cb40,,中华人民共和国进口计量器具监督管理办法,,EXCLUDE,—,,,,,,9283,True,False,
gov,6a8a76f4e73f9f41fe0571380f273982b89950eba69c8433f70a9e43698d40eb,中华人民共和国国务院令第663号,居住证暂行条例,中华人民共和国国务院,EXCLUDE,—,,,,,,10158,True,False,
gov,7cea8987d1842bbd9a3f2262c66f8a350a3f9e26f53709084bedb6090f66a442,中华人民共和国国务院令第664号,地图管理条例,中华人民共和国国务院,EXCLUDE,—,,,,,,18840,True,False,
gov,0970729748a23137ac6b96e875ddfee9fb77f101048adfa5f2b0b99005446c45,中华人民共和国国务院令第93号,中国公民往来台湾地区管理办法,中华人民共和国国务院,EXCLUDE,—,,,,,,15467,True,False,
gov,4a4a96aa43ad4fc4185bf1ca92c53f70a98f5162811c83800a284e532cdb25ed,中华人民共和国国务院令第660号,存款保险条例,中华人民共和国国务院,EXCLUDE,中,,,分支机构,商业银行|银行业|银行业金融机构,[meta]…法保护存款人的合法权益，及时防范和化解金融风险，维护金融稳定，制定本条例。 第二条 在中华人民共和国境内设立的商业银行、农村合作银行、农村信用合作社等吸收存款的银行业金融机构(以下统称投保机构)，应当依照本条 中华人民共和国国务…,10249,True,False,
gov,aee885b084c99fe3f0179a2212342fbfcb045ad9ea2d667b73e823e18b65768d,中华人民共和国国务院令第659号,博物馆条例,中华人民共和国国务院,EXCLUDE,—,,,,,,19114,True,False,
gov,94a2dd8201fd2c51442b9b9b58eb27bd2d2ba635e94142eb500c9ee4d4b9454d,中华人民共和国国务院令第658号,中华人民共和国政府采购法实施条例,中华人民共和国国务院,EXCLUDE,—,,,,,,44166,True,False,
gov,984963ab288e463b7105142a1d9e015187439830eb914a4cc96f2ef8051a937e,中华人民共和国国务院令第397号,安全生产许可证条例,中华人民共和国国务院,EXCLUDE,—,,,,,,11919,True,False,
gov,23209140e8672a4c5ef39704c88d7382474a795ee17218d1dae3c5035fd3ddb3,中华人民共和国国务院令第155号,中华人民共和国船舶登记条例,中华人民共和国国务院,EXCLUDE,—,,,,,,31201,True,False,
gov,b35ec808a473273efa970c4968c9335c40b3890fd2129937fc268395a8b4a903,中华人民共和国国务院令第466号,民用爆炸物品安全管理条例,中华人民共和国国务院,EXCLUDE,—,,,,,,36746,True,False,
gov,2c30f8409556695972ce6b2c56e4ae36d27518446c3ce20993fb1e3a54eda03d,,高等教育自学考试暂行条例,,EXCLUDE,—,,,,,,16847,True,False,
gov,53c0a69ebd79d7b8425797cd07678fa90beed0d968ae549d7146ba87f9000511,中华人民共和国国务院令第522号,证券公司监督管理条例,中华人民共和国国务院,EXCLUDE,中,,,分支机构,商业银行|证券公司|银行业,[title]…证券公司监督管理条例 证券公司监督管理条例 (2008年4月23日中华人民共和国国务院令第522号公布 根据2014年…,55670,True,False,
gov,ab3d2edc95c7cc573a312ecb291c10cb80863d73ef7a9322a0cc613391aa7f1f,中华人民共和国国务院令第358号,中华人民共和国商标法实施条例,中华人民共和国国务院,EXCLUDE,—,,,,,,56103,True,False,
gov,76952718f2ed9fa6509c846fc8c5d0212115e469bd83177c9ff9575b00cf887a,中华人民共和国国务院令第652号,事业单位人事管理条例,中华人民共和国国务院,EXCLUDE,—,,,,,,12441,True,False,
gov,b274283ff73c194b3185f58a0e6b60c415ea67442a6e052c24efb9baaf36cb6f,中华人民共和国国务院令第647号,南水北调工程供用水管理条例,中华人民共和国国务院,EXCLUDE,—,,,,,,31423,True,False,
gov,1c7d162f2475c697ec90865afe110026a85acc258694d36a65a8b3432bcc120b,中华人民共和国国务院令第344号,危险化学品安全管理条例,中华人民共和国国务院,EXCLUDE,—,,,,,,84732,True,False,
gov,108d7cfa0cb465bd18ec16d808a46e8e34b8efece490fda113d8aee7e371252d,农业部令第1号,中华人民共和国水生野生动物保护实施条例,农业部,EXCLUDE,—,,,,,,19395,True,False,
gov,00ade35e19bcd633b210514e3f304869f4201a7d77aaf0a93dc6f1615ff0609c,中华人民共和国国务院令第429号,著作权集体管理条例,中华人民共和国国务院,BOUNDARY,低,,,分支机构,,[body]…证书副本以及著作权集体管理组织章程、使用费收取标准、使用费转付办法予以公告。 第十二条 著作权集体管理组织设立分支机构，应当经国务院著作权管理部门批准，并依照有关社会团体登记管理的行政法规到国务院民政部门办理登记手续。经依法登记…,25398,True,False,
gov,a35cbf3faebdde1dff06c2809ca9040b89a6cf8af6257287a2093dc54556b7e4,中华人民共和国国务院令第36号,外国商会管理暂行规定,中华人民共和国国务院,BOUNDARY,低,,,分支机构,,[body]…团体会员是以商业机构名义加入的会员。商业机构是指外国公司、企业以及其他经济组织依法在中国境内设立的代表机构和分支机构。 个人会员是商业机构和外商投资企业的非中国籍任职人员以本人名义加入的会员。 第六条 外国商会的名称应当冠其本…,5834,True,False,
gov,91f6883493774bc863198f3b976bb4cef0116b3f5acb2b7375ce90c7ca5f58bf,中华人民共和国国务院令第643号,畜禽规模养殖污染防治条例,中华人民共和国国务院,EXCLUDE,—,,,,,,19890,True,False,
gov,bd1c938814bc2ffdd2306b225b091768721e6d88a8e3d12d5b00986e2d511b74,,国际收支统计申报办法,,EXCLUDE,中,,,,金融资产,[meta]…统计法》，制定本办法。第二条 国际收支统计申报范围为中国居民与非中国居民之间发生的一切经济交易以及中国居民对外金融资产、负债状况。第三条 本办法所称中国居民，是指：(一)在中国境     国际收支统计申报办法 (1995 年 8…,7083,True,False,
gov,5245bc3fbb92e56f8beee34e5d72ef1b63a4a46edc529b986eb06df9790e32b4,中华人民共和国国务院令第641号,城镇排水与污水处理条例,中华人民共和国国务院,EXCLUDE,—,,,,,,39836,True,False,
gov,9349c6a4fda3ee65105c3c95375c87dd6c1205a04feebd39c18fa84422004b7c,中华人民共和国国务院令第640号,长江三峡水利枢纽安全保卫条例,中华人民共和国国务院,EXCLUDE,—,,,,,,19578,True,False,
gov,04541c2875e2769ec7f51ae63501c76874e5924f9ca38d54b67a8a2f749aff77,中华人民共和国国务院令第639号,铁路安全管理条例,中华人民共和国国务院,EXCLUDE,—,,,,,,53005,True,False,
gov,3fbe862eeb755ce59de3edc3314299883224d6ed22761ecd34587afd0b634aa6,,中华人民共和国对外合作开采海洋石油资源条例,,BOUNDARY,低,,,分支机构,,[body]…行政方面的各种报告。 第十五条 外国合同者为执行石油合同从事开发、 生产作业， 应当在中华人民共和国境内设立分支机构或者代表机构， 并依法履行登记手续。 前款机构的住所地应当同中国海洋石油总公司共同商量确定。 第十六条 本条例…,13929,True,False,
gov,5833d70c7e5ea49a78f24e270ed1968b3169f8a97fecbc8a5c9176e0b0d379ae,中华人民共和国国务院令第131号,中华人民共和国对外合作开采陆上石油资源条例,中华人民共和国国务院,EXCLUDE,—,,,,,,15952,True,False,
gov,6b7badbcf249103a0031d0a6eb24a81eca0c914b7294ae15dcc1cffcc61e157c,中华人民共和国国务院令第217号,传统工艺美术保护条例,中华人民共和国国务院,EXCLUDE,—,,,,,,7269,True,False,
gov,f31e166407a3d1381840811bab530ecae3ba03c96315be180f7f88ae83d4e6ab,中华人民共和国国务院令第339号,计算机软件保护条例,中华人民共和国国务院,EXCLUDE,—,,,,,,18007,True,False,
gov,3a31f53936e030626c58df8e48decabd859bab100c2c55e67e5724519900c692,中华人民共和国国务院令第359号,中华人民共和国著作权法实施条例,中华人民共和国国务院,EXCLUDE,—,,,,,,14678,True,False,
gov,f0ec898185b7401d4c195b7240c5c4fbce80e51bde6128793d875455e338ce82,中华人民共和国国务院令第468号,信息网络传播权保护条例,中华人民共和国国务院,EXCLUDE,—,,,,,,21665,True,False,
gov,f56526efaff6e3cf09a9ea3c176779a750cedf7a27f0be3da6e81c7ee37acdd0,中华人民共和国国务院令第631号,征信业管理条例,中华人民共和国国务院,BOUNDARY,低,,,分支机构,,[body]…3年无重大违法违规记录，并取得国务院征信业监督管理部门核准的任职资格。 第九条 经营个人征信业务的征信机构设立分支机构、合并或者分立、变更注册资本、变更出资额占公司资本总额5%以上或者持股占公司股份5%以上的股东的，应当经国务院…,26546,True,False,
gov,6376192f3d2c0d5db2c1d7f7ebaf609f9a71ae87047d206291dd8ea81d132d06,中华人民共和国国务院令第501号,铁路交通事故应急救援和调查处理条例,中华人民共和国国务院,EXCLUDE,—,,,,,,20819,True,False,
gov,02f7496b440dead4741d659c4104b60507c6ed4ffd2e4b3464b8049b1a23b9d7,中华人民共和国国务院令第624号,教育督导条例,中华人民共和国国务院,EXCLUDE,—,,,,,,13658,True,False,
gov,a5095036e9097d67a210f945b366da1aba2b54e374502d13d12d57594d02d6de,中华人民共和国国务院令第622号,无障碍环境建设条例,中华人民共和国国务院,EXCLUDE,—,,,,,,11153,True,False,
gov,de41fe555dd4fe87fe0a8e814c80ed7e5dad0f23dc48e5c0aaa5c2a1034554ad,中华人民共和国国务院令第621号,机关事务管理条例,中华人民共和国国务院,EXCLUDE,—,,,,,,16232,True,False,
gov,c26eeb0a2651fb48c750550cacc00d4e8ed8e04df84309e6c76d26e7746b64bd,中华人民共和国国务院令第620号,对外劳务合作管理条例,中华人民共和国国务院,EXCLUDE,—,,,,,,30401,True,False,
gov,5cceb34525a0ac3d29d616dc2040e3907b1fa78b1b73689614ce7ba1630c98db,中华人民共和国国务院令第619号,女职工劳动保护特别规定,中华人民共和国国务院,EXCLUDE,—,,,,,,10034,True,False,
gov,62d1e87fdc0e3d141ef7c468a62f7addd4474e69d993f9b64c0c715c7d18419d,中华人民共和国国务院令第617号,校车安全管理条例,中华人民共和国国务院,EXCLUDE,—,,,,,,29756,True,False,
gov,458001ac920df8d7b745671523efc78edf02592dcd7a4c8503c4abb337284c7e,中华人民共和国国务院令第614号,拘留所条例,中华人民共和国国务院,EXCLUDE,—,,,,,,11861,True,False,
gov,4289712bec0617080d882d9a82df71fe95267a83d677362f7cce674e9657bd28,中华人民共和国国务院令第612号,放射性废物安全管理条例,中华人民共和国国务院,EXCLUDE,—,,,,,,31736,True,False,
gov,f124aa20eb7e174f1de365d9cff87c3ad9fbc87b807db213262eee0b25a2f7d9,中华人民共和国国务院令第604号,太湖流域管理条例,中华人民共和国国务院,EXCLUDE,—,,,,,,45069,True,False,
gov,819055bb075f474d73065e44536c4bde76a87cfcf06797a89bdb83b5375ceb94,中华人民共和国国务院令第220号,公安机关督察条例,中华人民共和国国务院,EXCLUDE,—,,,,,,9098,True,False,
gov,36619e5f5aa65d3b58ef7869bf805998a42940ceefa2d468e9ca0f5501aad05b,中华人民共和国国务院令第599号,电力安全事故应急处置和调查处理条例,中华人民共和国国务院,EXCLUDE,—,,,,,,57141,True,False,
gov,788b8221dfae29a0662269ef023ab42f01e0d168f173cf12956a425952d7d96b,中华人民共和国中央军事委员会令第598号,军工关键设备设施管理条例,中华人民共和国中央军事委员会,EXCLUDE,—,,,,,,11621,True,False,
gov,164feb07db7c521255e1cc113b89e2bdcd75ef02416d7be8e5109b42a0b05d70,中华人民共和国国务院令第593号,公路安全保护条例,中华人民共和国国务院,EXCLUDE,—,,,,,,40023,True,False,
gov,57450af8d24ec7d212760611253867fd302f0f016a19b245f90a7a41b58e237c,中华人民共和国国务院令第592号,土地复垦条例,中华人民共和国国务院,EXCLUDE,—,,,,,,24449,True,False,
gov,686a1ab7b8c8ee5d9c27844f5d0f9bdf7701000a79ebf41b285ae47bc042ab3f,中华人民共和国国务院令第590号,国有土地上房屋征收与补偿条例,中华人民共和国国务院,EXCLUDE,—,,,,,,17845,True,False,
gov,04d7a38e24bf52b5a2b150eff4f24a7981b2dae12735d5750bb66166ea6a07c9,中华人民共和国国务院令第589号,国家赔偿费用管理条例,中华人民共和国国务院,EXCLUDE,—,,,,,,8126,True,False,
gov,b824c4225665c67947860c911feb9b0c39f63bec517ab2ecde348be5c97b5b81,中华人民共和国国务院令第257号,基本农田保护条例,中华人民共和国国务院,EXCLUDE,—,,,,,,15623,True,False,
gov,d6d2e295e2d1cda5972ff4884d68c8ab3883330f7b01f02d2ece9d3cc9bcb5b8,国家外汇管理局令第7号,关于骗购外汇、非法套汇、逃汇、非法买卖外汇等违反外汇管理规定行为的行政处分或者纪律处分暂行规定,国家外汇管理局,BOUNDARY,低,,,分支机构,,[body]…贸企业的工作人员。本规定所称经批准经营外汇业务的金融机构，是指经批准经营外汇业务的中资银行、非银行金融机构及其分支机构。本规定所称国有外经贸企业，是指国有外贸公司、自营进出口的国有生产企业、有进出口经营权的国有企业和国有资产占控…,8101,True,False,
gov,c2f722d1f8ee2acf8b8575b0347449174c2cba5a41ba14487a4047714b0ccf5e,中华人民共和国国务院令第59号,中华人民共和国乡村集体所有制企业条例,中华人民共和国国务院,BOUNDARY,低,,,保险公司,,[body]…工队伍。第二十九条 企业不得招用未满16周岁的童工。第三十条 企业对从事高度危险作业的职工，必须依照国家规定向保险公司投保。有条件的企业，应当参照国家有关规定实行职工社会保险。第三十一条 企业发生劳动争议，可以依照《中华人民共和…,18692,True,False,
gov,a3d6805672fbe7c15a114f0f0c336b29cae91e0d0f442c3be7bd997a6aaf467e,中华人民共和国中央军事委员会令第71号,民兵工作条例,中华人民共和国中央军事委员会,EXCLUDE,—,,,,,,18391,True,False,
gov,75fa2c54f174f9ecb68613ed7f81371228da5b39556eb1a31ea489a3afd85991,中华人民共和国国务院令第72号,总会计师条例,中华人民共和国国务院,EXCLUDE,—,,,,,,10483,True,False,
gov,16ebf35c86d136364ac288c2af473c363ae1d6a9fba5f05e5b1efda367fb54c9,中华人民共和国国务院令第299号,长江三峡工程建设移民条例,中华人民共和国国务院,BOUNDARY,低,养老保险,,,,[body]…行兼并、破产或者关闭。 有关地方人民政府应当妥善安排破产、关闭企业职工和离退休人员的基本生活，做好再就业和社会养老保险工作。 工矿企业搬迁补偿资金实行包干管理，其数额按照实际淹没损失的重置价格核定。 第二十二条 因三峡工程蓄水被…,28643,True,False,
gov,6ae0743292486f7639d19531985e87e361ead7b0667ef1b5010e2e40d31aedfa,中华人民共和国国务院令第566号,广播电台电视台播放录音制品支付报酬暂行办法,中华人民共和国国务院,EXCLUDE,—,,,,,,10766,True,False,
gov,a49b02bdf254d80eefc571662db26065edbf017a9a95b5727ad4457d942f9176,中华人民共和国国务院令第303号,国务院关于禁止在市场经济活动中实行地区封锁的规定,中华人民共和国国务院,BOUNDARY,低,,,分支机构,,[body]…本地企业、其他经济组织或者个人不平等的待遇等方式，限制或者排斥外地企业、其他经济组织或者个人在本地投资或者设立分支机构，或者对外地企业、其他经济组织或者个人在本地的投资或者设立的分支机构实行歧视性待遇，侵害其合法权益；(八)实行…,16265,True,False,
gov,32aa8795e4dd777b89364fec26b3cfeb115a46a7741b6bb773d0b76cde30d45f,中华人民共和国国务院令第86号,中华人民共和国防汛条例,中华人民共和国国务院,EXCLUDE,—,,,,,,25187,True,False,
gov,4615a0f9f3fa2d8eb432a49863c6951558f37d96a1cefc3e194e073d206457dc,,中华人民共和国海关总署关于外国驻中国使馆和使馆人员进出境物品的规定,,EXCLUDE,—,,,,,,8638,True,False,
gov,7716ac4476d1e6a99e2546ac99915634d57dfc0e63f47f7a966da77ae00c8d3f,中华人民共和国国务院令第147号,中华人民共和国计算机信息系统安全保护条例,中华人民共和国国务院,EXCLUDE,—,,,,,,8988,True,False,
gov,c97dbcfbc8d2167afcdb1268f892d4f0a842555448fc6f5e89a8435dd12ddebc,中华人民共和国国务院令第95号,中华人民共和国国库券条例,中华人民共和国国务院,EXCLUDE,—,,,,,,2535,True,False,
gov,86f35832a0735c09458b805951d30f34d529b44059577eba06f565d34f869943,公安部令第8号,中华人民共和国集会游行示威法实施条例,公安部,EXCLUDE,—,,,,,,19374,True,False,
gov,e2a73fa88a4905bfee355d03775c601c5b946184fde1b9feb3fb34f8adf21ebf,中华人民共和国国务院令第376号,突发公共卫生事件应急条例,中华人民共和国国务院,EXCLUDE,—,,,,,,28674,True,False,
gov,0e88bace35c4937ceeed4fcb599ea3de1812d5cf014746a0aef0cec46deebf8a,国发〔1984〕174号,征收教育费附加的暂行规定,,EXCLUDE,—,,,,,,5440,True,False,
gov,7f6168db33c509979de7d99deee1e77021d617bbcfad46b71061f542a32485d3,中华人民共和国国务院令第380号,医疗废物管理条例,中华人民共和国国务院,EXCLUDE,—,,,,,,30560,True,False,
gov,e4f1baf199f44aa1810358f54b1667e14571a7ea36d2eda810920759223b3a11,中华人民共和国国务院令第115号,电网调度管理条例,中华人民共和国国务院,EXCLUDE,—,,,,,,11343,True,False,
gov,2e36b6d9682a43bddc5fa2a091a0407ba3e20556a08a15022a221f4729a521f2,中华人民共和国国务院令第121号,企业债券管理条例,中华人民共和国国务院,BOUNDARY,低,,,分支机构,,[body]…销和转让业务。 第二十四条 单位和个人所得的企业债券利息收入，按照国家规定纳税。 第二十五条 中国人民银行及其分支机构和国家证券监督管理机构，依照规定的职责，负责对企业债券的发行和交易活动，进行监督检查。 第四章 法律责任 第二…,12394,True,False,
gov,f7650d4c68ebc501b9afb4a23927e8ac22a8e7383f4ac90af3b0fc0d9a384a10,中华人民共和国国务院令第124号,核电厂核事故应急管理条例,中华人民共和国国务院,EXCLUDE,—,,,,,,21383,True,False,
gov,4ad0c4d491991920e009c786b7cc8f4c20b863214039d5da4574ca32944d3cc5,中华人民共和国国务院令第427号,财政违法行为处罚处分条例,中华人民共和国国务院,EXCLUDE,—,,,,,,24230,True,False,
gov,eddfe4388522898c88aedfa7becd42cb67329dd706ae55ee6cda36a035384c18,中华人民共和国国务院令第138号,中华人民共和国土地增值税暂行条例,中华人民共和国国务院,EXCLUDE,—,,,,,,4697,True,False,
gov,536e5c5fea4ef88a6c83195e58107323045a1e00668010668a2bd8a3d835c0da,国家计划委员会令第4号,制止牟取暴利的暂行规定,国家计划委员会,EXCLUDE,—,,,,,,7850,True,False,
gov,16dbdfb89f1da8341230534c3507f03b21ac8e4d13030e422482bc1196dba48f,中华人民共和国国务院令第172号,破坏性地震应急条例,中华人民共和国国务院,EXCLUDE,—,,,,,,16216,True,False,
gov,62a0ecfb2c780099243cfc9329032f3bfac87c78b6464a1f790ec28dd395a89b,中华人民共和国中央军事委员会令第173号,国防交通条例,中华人民共和国中央军事委员会,EXCLUDE,—,,,,,,20788,True,False,
gov,a0625364fe473d2309543c11f27ca0f820334dd5e89296d2ab7e47ab93d5284c,中华人民共和国中央军事委员会令第178号,民兵武器装备管理条例,中华人民共和国中央军事委员会,EXCLUDE,—,,,,,,18631,True,False,
gov,1356f477a4c45f953a3672017a6a2569f8bfc9521a6e5783215434e3d285e1c0,中央军事委员会令第22号,中国人民武装警察部队实行警官警衔制度的具体办法,中央军事委员会,EXCLUDE,—,,,,,,7451,True,False,
gov,350d95c0acd197a7b9a5eb2b6ff1229c8167c2a26883c7d77ec240d8a1415656,,森林采伐更新管理办法,,EXCLUDE,—,,,,,,13736,True,False,
gov,ed8b4952f5fafbf8e03a2d0815063c0a22c0e1a37eaf6b3f1572280eb8fbf13c,中华人民共和国国务院令第107号,储蓄管理条例,中华人民共和国国务院,BOUNDARY,低,,,分支机构,,[body]…息的活动。 任何单位和个人不得将公款以个人名义转为储蓄存款。 第四条 本条例所称储蓄机构是指经中国人民银行或其分支机构批准，各银行、信用合作社办理储蓄业务的机构，以及邮政企业依法办理储蓄业务的机构。 第五条 国家保护个人合法储蓄…,12697,True,False,
gov,d80a07b110dc4faff39a536c53b18aba8786c04685265f421ef2161055e5e3af,,中华人民共和国房产税暂行条例,,EXCLUDE,—,,,,,,3280,True,False,
gov,0d865198f567df6fb2aadd135061148ab129a367d5a9d9653ff89f0b65d15635,中华人民共和国国务院令第187号,中华人民共和国航标条例,中华人民共和国国务院,EXCLUDE,—,,,,,,9077,True,False,
gov,cd3cc42cab62493237810a975e45a9326382b47445726c86507c9bab4dda316e,海关总署令第81号,中华人民共和国海关对出口加工区监管的暂行办法,海关总署,EXCLUDE,—,,,,,,18398,True,False,
gov,3e4cd79404de37d3de0563fb6c3808b394826e887d829fab1c155b754695ce1f,,中华人民共和国金银管理条例,,EXCLUDE,—,,,,,,14545,True,False,
gov,7a3d3745167e3b0f45cca6a001ee9f4da58590da5cefd97fa90a47ec7917ff1c,中华人民共和国国务院令第190号,中华人民共和国监控化学品管理条例,中华人民共和国国务院,EXCLUDE,—,,,,,,12495,True,False,
gov,cfec4568d45760fcca3eeed2814a719b1ca5a292b1ffbaef985c0906d1ca9741,,电力设施保护条例,,EXCLUDE,—,,,,,,15910,True,False,
gov,ececcbc2e71dce045ee5dd01a8d0b512980b91a8d87af129fcddcbbd62292029,,国家重点建设项目管理办法,,EXCLUDE,—,,,,,,10339,True,False,
gov,4046c6887cf082b4fdefdf02f2775ab07146d596edd94fdf0cc1ca865023a84a,中华人民共和国国务院令第201号,中华人民共和国民用航空安全保卫条例,中华人民共和国国务院,EXCLUDE,—,,,,,,15281,True,False,
gov,7ee36b2c284f4a9832709907f1ab1726892a8ac679a2d00676bd9631e3e76102,中华人民共和国国务院令第203号,中华人民共和国测量标志保护条例,中华人民共和国国务院,EXCLUDE,—,,,,,,12551,True,False,
gov,cd9723cb5f592cdd4964033b954bdd8553f8b1503a2d5e82ff2ecc7c9875d25f,国家物价局令第1号,渔业资源增殖保护费征收使用办法,国家物价局,EXCLUDE,—,,,,,,9761,True,False,
gov,4f9bba46c6fe8f9506f5c96226f5928abf9229f6949bb664b8c06dc79051afeb,海关总署令第65号,保税区海关监管办法,海关总署,EXCLUDE,—,,,,,,11280,True,False,
gov,45661552da2cea337ca48de7aa71cf3500fe497b6e12712f6406f9469d429af7,,票据管理实施办法,,BOUNDARY,低,,,分支机构,,[body]…是指具有代为清偿票据债务能力的法人、其他组织或者个人。 国家机关、以公益为目的的事业单位、社会团体、企业法人的分支机构和职能部门不得为保证人；但是，法律另有规定的除外。 第十三条 银行汇票上的出票人的签章、银行承兑商业汇票的签章…,11849,True,False,
gov,9190bc8dfe129e36f20e376373d62e80f448c630ff95696f5f26aaf020bfa8d2,公安部令第33号,计算机信息网络国际联网安全保护管理办法,公安部,BOUNDARY,低,,,分支机构,,[body]…条 互联单位、接入单位、使用计算机信息网络国际联网的法人和其他组织(包括跨省、自治区、直辖市联网的单位和所属的分支机构)，应当自网络正式联通之日起30日内，到所在地的省、自治区、直辖市人民政府公安机关指定的受理机关办理备案手续。…,12452,True,False,
gov,4dc46aead97f058ad720de6b9fd5737263184bd3355b2863acc6789a80b763b9,公安部令第7号,海关工作人员使用武器和警械的规定,公安部,EXCLUDE,—,,,,,,3695,True,False,
gov,bc5e60f075d52bcaf487d25cf76868dccf30c16475a6696072094623c3315ef9,中华人民共和国国务院令第375号,工伤保险条例,中华人民共和国国务院,BOUNDARY,低,养老保险,,,,[body]…，均有依照本条例的规定享受工伤保险待遇的权利。 第三条 工伤保险费的征缴按照《社会保险费征缴暂行条例》关于基本养老保险费、基本医疗保险费、失业保险费的征缴规定执行。 第四条 用人单位应当将参加工伤保险的有关情况在本单位内公示。…,39506,True,False,
gov,d23fb82df024c5c38de05c83cf73bd48cdcf1132ed3b036eeb7080c6f2d6b540,,价格违法行为行政处罚规定,,EXCLUDE,—,,,,,,15413,True,False,
gov,ff2c5d9ea1e122860e45107f17f94513e1202c8a1d2a2f327d2d4163d6051e8e,中华人民共和国中央军事委员会令第582号,武器装备质量管理条例,中华人民共和国中央军事委员会,EXCLUDE,—,,,,,,24019,True,False,
gov,2071b1a608ff0420bb0f8dc91c9d9d3ce5963bc7efbf5eedc418d5f4bdd0069c,中华人民共和国中央军事委员会令第579号,中华人民共和国无线电管制规定,中华人民共和国中央军事委员会,EXCLUDE,—,,,,,,7358,True,False,
gov,2efb6bfa2679f76d6fb81f336780053c5882a6ddcfb902f71dbe1b5c52c70126,,中国人民解放军现役士兵服役条例,,EXCLUDE,—,,,,,,69736,True,False,
gov,b01fc990db4326d7efe8aaa6d5e62250228d8fb8726ad2de35c7ebf8f4d20214,中华人民共和国国务院令第576号,全国人口普查条例,中华人民共和国国务院,EXCLUDE,—,,,,,,15036,True,False,
gov,4baf418d8a0a0a1f5cd7d76eaa0ee8338bbd7052734a22a963c60079e11a72c7,中华人民共和国国务院令第231号,中华人民共和国审计法实施条例,中华人民共和国国务院,BOUNDARY,低,,,分支机构,,[body]…本级预算执行和其他财政收支管理工作的建议；(五)本级人民政府要求报告的其他情况。第十八条 审计署对中央银行及其分支机构履行职责所发生的各项财务收支，依法进行审计监督。审计署向国务院总理提出的中央预算执行和其他财政收支情况审计结果…,32897,True,False,
gov,65a2c98c59a2e3999e664472c8aae264e9b9495be89413bf7daa784bda0c0cf3,中华人民共和国国务院令第565号,政府参事工作条例,中华人民共和国国务院,EXCLUDE,—,,,,,,7986,True,False,
gov,8ab32ce62949389b6ac0a287e9d777137ff50db53fd622a30755c41326aaea79,中华人民共和国国务院令第562号,放射性物品运输安全管理条例,中华人民共和国国务院,EXCLUDE,—,,,,,,30868,True,False,
gov,34e68708eb4d685c11fb539689749ce046feb24124b5e56fd1dcc1c04c39fe2e,中华人民共和国国务院令第559号,规划环境影响评价条例,中华人民共和国国务院,EXCLUDE,—,,,,,,17582,True,False,
gov,f9f55ef88429395e5232b601bd6273c535084cde663a69bb7449ec43f3aa632c,中华人民共和国国务院令第556号,基础测绘条例,中华人民共和国国务院,EXCLUDE,—,,,,,,16991,True,False,
gov,abf2fa2de7ac1e92e13a41206383fed2ab530022b19cfb296d616e0453396b53,中华人民共和国国务院令第554号,彩票管理条例,中华人民共和国国务院,EXCLUDE,—,,,,,,19106,True,False,
gov,280a0f35b24698e068bee3cc602d21cde0cf65993acce97f4f09283a22c93adc,中华人民共和国国务院令第552号,中华人民共和国抗旱条例,中华人民共和国国务院,EXCLUDE,—,,,,,,25177,True,False,
gov,061121fd87c72ad7ab5ae82be7a461e96e6a93c73c53e0112b3040c0a59625b1,中华人民共和国国务院令第373号,特种设备安全监察条例,中华人民共和国国务院,EXCLUDE,—,,,,,,69963,True,False,
gov,7048da84fee805d13ea3ed0a94810cc72ea1ccc1ef98ab0cf9f47f0119a7f476,中华人民共和国中央军事委员会令第547号,军服管理条例,中华人民共和国中央军事委员会,EXCLUDE,—,,,,,,9873,True,False,
gov,0c9d3a14a622e6a8520904dc3c3dc35fe25cdf8232210df6ace93d469698645e,,中华人民共和国航道管理条例,,EXCLUDE,—,,,,,,12246,True,False,
gov,6c5878545116b31426f5a60fabcaffc24587c782dd8a18a797bd595e551c5f02,中华人民共和国国务院令第135号,中华人民共和国消费税暂行条例,中华人民共和国国务院,EXCLUDE,—,,,,,,36153,True,False,
gov,54fbba6c30cb3ac94cd689a0ecb0fc46f5b9db53a56aa09228537a5ab4b6f6c1,中华人民共和国国务院令第537号,中华人民共和国外国常驻新闻机构和外国记者采访条例,中华人民共和国国务院,BOUNDARY,低,,,分支机构,,[body]…息传播，制定本条例。第二条 本条例所称外国常驻新闻机构，是指外国新闻机构在中国境内设立、从事新闻采访报道业务的分支机构。本条例所称外国记者包括外国常驻记者和外国短期采访记者。外国常驻记者是指由外国新闻机构派遣，在中国境内常驻6个…,10837,True,False,
gov,beaeb21698861022905c4d30281fee03ddfd19ae8afe02c8a8b14c4c5315f90d,中华人民共和国国务院令第536号,乳品质量安全监督管理条例,中华人民共和国国务院,EXCLUDE,—,,,,,,36491,True,False,
gov,41077fffecb95d5d69647ea82467b8180444f849ea32cb6cdda8ec807e7cb1be,中华人民共和国国务院令第535号,中华人民共和国劳动合同法实施条例,中华人民共和国国务院,BOUNDARY,低,,,分支机构,,[body]…伙组织和基金会，属于劳动合同法规定的用人单位。 第二章 劳动合同的订立 第四条 劳动合同法规定的用人单位设立的分支机构，依法取得营业执照或者登记证书的，可以作为用人单位与劳动者订立劳动合同；未依法取得营业执照或者登记证书的，受用…,18125,True,False,
gov,5f8f54896450773d8ff997586b828ffb4dab87ee794a2689bfc270bcf74ad3b8,中华人民共和国国务院令第533号,中华人民共和国畜禽遗传资源进出境和对外合作研究利用审批办法,中华人民共和国国务院,EXCLUDE,—,,,,,,14739,True,False,
gov,0bbaab36e3b9140020c07a6b733a61a2f1eaf1a43335773e28045028ba522731,中华人民共和国国务院令第193号,中华人民共和国外汇管理条例,中华人民共和国国务院,BOUNDARY,低,,,分支机构,银行业金融机构,[meta]…则第一条 为了加强外汇管理，促进国际收支平衡，促进国民经济健康发展，制定本条例。第二条 国务院外汇管理部门及其分支机构(以下统称外汇管理机关)依法履行外汇管理职责，负责 中华人民共和国国务院    中华人民共和国外汇管理条例 (…,21682,True,False,
gov,e1ff1fbe30ef8d18263edb8b51e6b91ea80630ba95502b373fc07c975becc997,中华人民共和国国务院令第530号,民用建筑节能条例,中华人民共和国国务院,EXCLUDE,—,,,,,,23820,True,False,
gov,ff9bb9dea291273ceaf92371c46e49b4386cc3b9c8c65d90c06a60f2a334f9d1,中华人民共和国国务院令第526号,汶川地震灾后恢复重建条例,中华人民共和国国务院,EXCLUDE,—,,,,,,41425,True,False,
gov,5247ef6d8a503d58c5078a2b442625c0d721170fd114501363430501c7a1c4bd,中华人民共和国中央军事委员会令第521号,武器装备科研生产许可管理条例,中华人民共和国中央军事委员会,EXCLUDE,—,,,,,,17758,True,False,
gov,aa04ad25ceb8f72127e5b93de2f66cb8b555e316bce09dff98c135be3bb3216e,中华人民共和国国务院令第514号,职工带薪年休假条例,中华人民共和国国务院,EXCLUDE,—,,,,,,4672,True,False,
gov,0c5ecf1f8851e02f3fe7c2773cdd36b1ab80ccb31a712386ec0ffdb3ed8115e1,中华人民共和国中央军事委员会令第510号,现役军人和人民武装警察居民身份证申领发放办法,中华人民共和国中央军事委员会,EXCLUDE,—,,,,,,6836,True,False,
gov,d87a2fa7bcb8461472c72554cc589454644fa2bc241e6801096996a9675e3aff,中华人民共和国中央军事委员会令第288号,中华人民共和国飞行基本规则,中华人民共和国中央军事委员会,EXCLUDE,—,,,,,,70699,True,False,
gov,4614290db3e7d7556c83e1e4037744aafc42235b015848ffb87c2d19456ca6de,中华人民共和国国务院令第505号,大型群众性活动安全管理条例,中华人民共和国国务院,EXCLUDE,—,,,,,,15496,True,False,
gov,2c43fd0ee6abf92cd16db8c2887ef1162c79ec55f2dad74838984b9895243760,中华人民共和国国务院令第503号,国务院关于加强食品等产品安全监督管理的特别规定,中华人民共和国国务院,EXCLUDE,—,,,,,,20347,True,False,
gov,128c99307048168d0c987bea7c0f7b3ef7c40a560095bf1d5e3399fd1ac07fb5,中华人民共和国国务院令第272号,对储蓄存款利息所得征收个人所得税的实施办法,中华人民共和国国务院,EXCLUDE,中,,,,商业银行|银行业,[body]…》、 《中华人民共和国个人所得税法》及本办法的规定负责征收管理。 第十三条 本办法所称储蓄机构， 是指经国务院银行业监督管理机构批准的商业银行、 城市信用合作社和农村信用合作社等吸收公众存款的金融机构。 第十四条 储蓄存款在…,4791,True,False,
gov,f13102faf70600ab371255901d32fa19d72ccb2f2a4891b6581a0c01113189b7,中华人民共和国国务院令第493号,生产安全事故报告和调查处理条例,中华人民共和国国务院,EXCLUDE,—,,,,,,23986,True,False,
gov,9ca291cb8107f63588c908f808f3a1c9e7b4da51bebe28b0f775fdbe93b5542f,中华人民共和国国务院令第488号,残疾人就业条例,中华人民共和国国务院,EXCLUDE,—,,,,,,11193,True,False,
gov,42bd5d4b4543e7f59e4dc7e5d6b0f21040bed096138f4300865812a1596656ce,中华人民共和国国务院令第486号,地方各级人民政府机构设置和编制管理条例,中华人民共和国国务院,EXCLUDE,—,,,,,,11590,True,False,
gov,2657be879af602729d1ac4fec5b86fbf1d3bcd951913abeba68ff1a9ecfbb011,中华人民共和国国务院令第485号,商业特许经营管理条例,中华人民共和国国务院,EXCLUDE,—,,,,,,14651,True,False,
gov,c61e72d8140908f192af461f2f50cf9137846d346e08d798668bf55e19310a65,中华人民共和国国务院令第481号,诉讼费用交纳办法,中华人民共和国国务院,EXCLUDE,—,,,,,,29579,True,False,
gov,3133428817c9a792bf9d130ed890b2b4d6da5d933a3e30cf2fb33dc8d6afb11c,中华人民共和国国务院令第479号,公安机关组织管理条例,中华人民共和国国务院,EXCLUDE,—,,,,,,15475,True,False,
gov,bc540493a493c6374e5714e662ccff66dff04de114be833aabc4c00588e8caad,中华人民共和国国务院令第230号,中华人民共和国核出口管制条例,中华人民共和国国务院,EXCLUDE,—,,,,,,10424,True,False,
gov,f8287b74e2e656bdb552cdefe3660a14f31907268d7ff187f2a57e35d43a98e8,中华人民共和国国务院令第476号,长城保护条例,中华人民共和国国务院,EXCLUDE,—,,,,,,15758,True,False,
gov,7c985a68665907f8e141342d6f1dd25c8cc82a2c064deb500ff351461408fb9e,中华人民共和国国务院令第472号,黄河水量调度条例,中华人民共和国国务院,EXCLUDE,—,,,,,,22244,True,False,
gov,c5327d5e52818c21b0d30b083fa38427572cda4464abe75eb66573140e71b406,中华人民共和国国务院令第469号,中华人民共和国测绘成果管理条例,中华人民共和国国务院,EXCLUDE,—,,,,,,15915,True,False,
gov,91fbe5766bc28c1eb8a81de2de5a0047505aec30694f6e95b3db47fd3f40184d,中华人民共和国国务院令第467号,地方志工作条例,中华人民共和国国务院,EXCLUDE,—,,,,,,8841,True,False,
gov,466573daf2197ae72a1045ff5674a850235602df14f40b8c2e0773e844bfb25f,中华人民共和国国务院令第456号,农村五保供养工作条例,中华人民共和国国务院,EXCLUDE,—,,,,,,12690,True,False,
gov,23b7d121400a798ce610b58f8602943bd7e90814b577e625c71fe93dbfc38e21,中华人民共和国国务院令第444号,禁止传销条例,中华人民共和国国务院,EXCLUDE,—,,,,,,13996,True,False,
gov,e48bfe7073d8121b9484d6cffecffea3976510efdcfa893b4ae5e796a4c9cc7b,中华人民共和国中央军事委员会令第436号,军队参加抢险救灾条例,中华人民共和国中央军事委员会,EXCLUDE,—,,,,,,8356,True,False,
gov,0c46bc49242541f177395b7e64bc0c7e6b7bce43757aa9bdc158f2408065125b,中华人民共和国国务院令第435号,国务院实施《中华人民共和国民族区域自治法》若干规定,中华人民共和国国务院,EXCLUDE,—,,,,,,20176,True,False,
gov,6862df09f9f6d0408385ab1a01042e1726d779faf1e60162c34c472829678924,中华人民共和国国务院令第432号,电力监管条例,中华人民共和国国务院,EXCLUDE,—,,,,,,13048,True,False,
gov,1f1591e8bbb6bbbabadc43a6b90d666a13916b23328ed73daa6f0aa234731841,中华人民共和国国务院令第423号,劳动保障监察条例,中华人民共和国国务院,EXCLUDE,—,,,,,,20173,True,False,
gov,5f5981412d250ad197d18e7e3a7973c7ab6f1e6c9116c611c275abfcf76f9a05,中华人民共和国国务院令第422号,世界博览会标志保护条例,中华人民共和国国务院,EXCLUDE,—,,,,,,8641,True,False,
gov,9a15904e7dad937a8145ebd466f530b93464b9c610403e3ba4887e283ecfd7d3,中华人民共和国国务院令第421号,企业事业单位内部治安保卫条例,中华人民共和国国务院,EXCLUDE,—,,,,,,13189,True,False,
gov,050d8067aaf2d8908dbff27289ce696580621ff55532cde1c24865a40a43f95d,中华人民共和国中央军事委员会令第418号,国防专利条例,中华人民共和国中央军事委员会,EXCLUDE,—,,,,,,19758,True,False,
gov,01e70c205b835ecb7ffb2aaba73577fed4aff93afc02c2685817b91ea5dbda06,中华人民共和国国务院令第417号,收费公路管理条例,中华人民共和国国务院,EXCLUDE,—,,,,,,29291,True,False,
gov,80569e06973717b8a3f17ac704412e69ca847ea2828823db20802f3acb24e524,中华人民共和国国务院令第252号,事业单位登记管理暂行条例,中华人民共和国国务院,EXCLUDE,—,,,,,,9051,True,False,
gov,6ef999c58a32c0f704fd46ee8fed6e3f1ced40d3705ecf08284fff1be312d6aa,中华人民共和国国务院令第410号,中华人民共和国归侨侨眷权益保护法实施办法,中华人民共和国国务院,BOUNDARY,低,养老保险,,,,[body]…的，按照国家有关规定办理辞职、解聘、终止劳动关系手续，按照国家有关规定享受一次性离职费及相关待遇，已经参加基本养老保险、基本医疗保险的，由社会保险经办机构按照国家有关规定一次性结清应归属其本人的费用，并终止其基本养老保险、基本医…,13210,True,False,
gov,91b430bf839d1e3310edb30d007aa3517547a70f7f8b42987eeea55350e9d63c,中华人民共和国国务院令第328号,中华人民共和国反倾销条例,中华人民共和国国务院,EXCLUDE,—,,,,,,28067,True,False,
gov,1d821a6873418b287829cbd47b2995125763c7ec9de6f783d04f977910764433,中华人民共和国国务院令第329号,中华人民共和国反补贴条例,中华人民共和国国务院,EXCLUDE,—,,,,,,28273,True,False,
gov,13b5cd65009b8af1b9dd300f432a2fb1b09c1deaee609b1ba84899536bc4b26e,中华人民共和国国务院令第330号,中华人民共和国保障措施条例,中华人民共和国国务院,EXCLUDE,—,,,,,,11861,True,False,
gov,9dd44a59bddf5f2ea31aa22cf0fa201f2380b4c46d7cbaf3596f7675a68d6ea1,中华人民共和国国务院令第400号,基金会管理条例,中华人民共和国国务院,BOUNDARY,低,,,分支机构,,[body]…登记的事项包括：名称、住所、类型、宗旨、公益活动的业务范围、原始基金数额和法定代表人。 第十二条 基金会拟设立分支机构、代表机构的，应当向原登记管理机关提出登记申请，并提交拟设机构的名称、住所和负责人等情况的文件。 登记管理机关…,24714,True,False,
gov,a5682ca5ab9b368fddec74150e78c423f452b21bcbc919c5029d7575f4392229,中华人民共和国国务院令第393号,建设工程安全生产管理条例,中华人民共和国国务院,EXCLUDE,—,,,,,,40785,True,False,
gov,e1720e4cd4fdac0515f59ba1cb289a536f85a12aa03b16d3904ef99189bdaf52,中华人民共和国国务院令第394号,地质灾害防治条例,中华人民共和国国务院,EXCLUDE,—,,,,,,29554,True,False,
gov,874028e85ecf69e6c8a258e6bfb345a455990e87a2ae43e7af4344181ba5535e,中华人民共和国国务院令第386号,乡村医生从业管理条例,中华人民共和国国务院,EXCLUDE,—,,,,,,22091,True,False,
gov,e4fb6fb5411b32df07dbc40101c884a5a7d2a2c0eaf16a94a3014f413125d5be,中华人民共和国国务院令第385号,法律援助条例,中华人民共和国国务院,EXCLUDE,—,,,,,,16316,True,False,
gov,051ce99d4412378fba0c2782a4144c5acbf6164121596d12d5cd0abf66015337,中华人民共和国国务院令第384号,海关关衔标志式样和佩带办法,中华人民共和国国务院,EXCLUDE,—,,,,,,3621,True,False,
gov,c0594056ccce09c9b52da3bc13be38512619cf51e226225758c11a8d8cf76653,中华人民共和国国务院令第383号,中华人民共和国渔业船舶检验条例,中华人民共和国国务院,EXCLUDE,—,,,,,,18560,True,False,
gov,c7607811280e4b4d4434094264eee3c0768243152c00404290501e1f31d5f5ef,中华人民共和国国务院令第382号,公共文化体育设施条例,中华人民共和国国务院,EXCLUDE,—,,,,,,16450,True,False,
gov,6e577a52a7cab42beb21f4504a9c7b6a2fc3b0f8164dc7494cceb1f57569f630,中华人民共和国国务院令第381号,城市生活无着的流浪乞讨人员救助管理办法,中华人民共和国国务院,EXCLUDE,—,,,,,,6916,True,False,
gov,040450585c0b088f300d245295c66a2fe2f6671080f72a3a7d3b45389825baae,中华人民共和国中央军事委员会令第371号,通用航空飞行管制条例,中华人民共和国中央军事委员会,EXCLUDE,—,,,,,,19515,True,False,
gov,e89498822e37517fd0a3f381a181bbc3c8b0d70f736fc197c1abfdf26780d4f4,中华人民共和国中央军事委员会令第234号,中华人民共和国军品出口管理条例,中华人民共和国中央军事委员会,EXCLUDE,—,,,,,,11334,True,False,
gov,40996a2517cdd666e3e56b0b6bde7c7c3aa4345968d90ddec1b33decba315095,中华人民共和国国务院令第364号,禁止使用童工规定,中华人民共和国国务院,EXCLUDE,—,,,,,,9183,True,False,
gov,cb86df9b553e7a95f23e5fb5b1ba1e14604ee40753f7d79ab5ecc8faa21b9050,中华人民共和国国务院令第356号,专职守护押运人员枪支使用管理条例,中华人民共和国国务院,EXCLUDE,—,,,,,,10967,True,False,
gov,be4887d636c08e4e81c4736df11e9c886df02085ceb2cfad6f6a875e2d758326,中华人民共和国国务院令第353号,行政区域界线管理条例,中华人民共和国国务院,EXCLUDE,—,,,,,,9948,True,False,
gov,dc3e6dc3e839816dc0b34dc8ff9f76fea3f6b348e3b7e78699bbf64e757b35d6,中华人民共和国国务院令第351号,医疗事故处理条例,中华人民共和国国务院,EXCLUDE,—,,,,,,37987,True,False,
gov,52fef1b3b2d86cfd05110afb1d74ce168d245c0b27c0516b77df050dc4848838,中华人民共和国国务院令第346号,指导外商投资方向规定,中华人民共和国国务院,EXCLUDE,—,,,,,,28816,True,False,
gov,604081418c937c13d380ce8f31c96210913199a1c23202dfc4b68db59e942889,中华人民共和国国务院令第342号,电影管理条例,中华人民共和国国务院,EXCLUDE,—,,,,,,35249,True,False,
gov,22c4a6788dde52225a33dabc17540e103dcdfa65a23285984f2b64dc13aca14f,中华人民共和国国务院令第324号,金融机构撤销条例,中华人民共和国国务院,EXCLUDE,中,,,分支机构,商业银行,[body]…其分支机构营业许可证， 其高级管理人员、 董事会和股东大会必须立即停止行使职权。  第三章 撤销清算 第八条 商业银行依法被撤销的， 由中国人民银行组织成立清算组； 非银行金融机构依法被撤销的， 由中国人民银行或者中国人民银行委…,16452,True,False,
gov,f78cc83e68a69568b1ef3ea8ecceb14f941fc99b482d13a536e858a8d5533730,中华人民共和国国务院令第302号,国务院关于特大安全事故行政责任追究的规定,中华人民共和国国务院,EXCLUDE,—,,,,,,14885,True,False,
gov,9f9bb9034d57037b41da26e57c70d72d67e6acd05d717817f3a5157b5671759c,中华人民共和国国务院令第298号,中华人民共和国军事设施保护法实施办法,中华人民共和国国务院,EXCLUDE,—,,,,,,21117,True,False,
gov,c4e3cc2b149b54f73271563cf144d4228f3394e8e2d551da5d41e9b189dd6cd1,中华人民共和国国务院令第297号,金融资产管理公司条例,中华人民共和国国务院,EXCLUDE,中,,,分支机构,商业银行|金融资产,[title]…金融资产管理公司条例 金融资产管理公司条例 (2000年11月1日国务院第32次常务会议通过 2000年11月10日中…,11031,True,False,
gov,df70b0a393474c47b1218e9168f9a998f8d4b9916c5acddf93d835056dab61f5,中华人民共和国国务院令第295号,广播电视设施保护条例,中华人民共和国国务院,EXCLUDE,—,,,,,,17797,True,False,
gov,a9662160edfe635dc84073bb5fb8618d7106154837c4ad44ac463a0e6cdfb66b,中华人民共和国中央军事委员会令第290号,中国人民解放军实施《中华人民共和国执业医师法》办法,中华人民共和国中央军事委员会,EXCLUDE,—,,,,,,14919,True,False,
gov,d53128b9a79f4f3a4d082df859929c6d4525a2066c9e626e0cd9d968c419b0d8,中华人民共和国国务院令第104号,人民警察警衔标志式样和佩带办法,中华人民共和国国务院,EXCLUDE,—,,,,,,4120,True,False,
gov,de6b9dd5660595dd2d79d662756da797045a43fd61b636ace16179c176b522cb,中华人民共和国国务院令第287号,企业财务会计报告条例,中华人民共和国国务院,BOUNDARY,低,,,保险公司,,[body]…在资产负债表上，资产应当按照其流动性分类分项列示，包括流动资产、长期投资、固定资产、无形资产及其他资产。银行、保险公司和非银行金融机构的各项资产有特殊性的，按照其性质分类分项列示。(二)负债，是指过去的交易、事项形成的现时义务，…,81087,True,False,
gov,110a97fdf84e905b567deae51f9b5ec77ccce1e5826303fb0289c5fb7ebc5e70,中华人民共和国国务院令第285号,个人存款账户实名制规定,中华人民共和国国务院,EXCLUDE,—,,,,,,4761,True,False,
gov,e1e1a8e61e378e1942be1cb36e03d6a815ff5ae7378403ceca339ae7a99d8831,中华人民共和国国务院令第282号,国有重点金融机构监事会暂行条例,中华人民共和国国务院,EXCLUDE,中,,,保险公司,商业银行|证券公司|金融资产,[meta]…发布之日起施行) 第一条 为了健全国有重点金融机构监督机制，加强对国有重点金融机构的监督，根据《中华人民共和国商业银行法》、《中华人民共和国保险法》等有关法律的规定，制定本条例。 第二条 本条例所称国有重点金融机构，是指国务院派…,12853,True,False,
gov,5a10a7e84064d290c718374b18cbca2637070a360f970b6f2f960d6999a92044,中华人民共和国国务院令第281号,违反行政事业性收费和罚没收入收支两条线管理规定行政处分暂行规定,中华人民共和国国务院,EXCLUDE,—,,,,,,7828,True,False,
gov,2f22ea3354e81a4c6857429fc29980910e35c501dc1fedcb701ab07c7afa05d4,国发〔1999〕25号,国务院关于国家行政机关和企业事业单位社会团体印章管理的规定,,EXCLUDE,—,,,,,,9860,True,False,
gov,b2379c10dc16a8b41bae5d0420fef8a1faeac6d4eab358e1376a7d953eff14f5,中华人民共和国国务院令第271号,城市居民最低生活保障条例,中华人民共和国国务院,EXCLUDE,—,,,,,,10515,True,False,
gov,07d3077d3679e9e06cfcf750b8e8750daf646b90197b17d8788d028e28b1139c,国经贸监督〔1999〕706号,控制对企业进行经济检查的规定,,EXCLUDE,—,,,,,,8200,True,False,
gov,7cc402101112d97b49fecf138012b699ec2f472d6bdde0cc5019ad8f0650a569,,外国在华常住人员携带进境物品进口税收暂行规定,,EXCLUDE,—,,,,,,4007,True,False,
gov,f6a305b56f88f71f0253edfb9af4f9f2cd35efd2d7d94ab3f18e83c71d2e3f2d,中华人民共和国国务院令第260号,金融违法行为处罚办法,中华人民共和国国务院,EXCLUDE,中,,,分支机构,商业银行,[body]…理人员，给予撤职直至开除的纪律处分；构成签订、履行合同失职被骗罪或者其他罪的，依法追究刑事责任。 第二十六条 商业银行不得为证券、期货交易资金清算透支或者为新股申购透支。 商业银行为证券、期货交易资金清算透支或者为新股申购透支的…,25630,True,False,
gov,92d6edcc21e5ef295602a99e0c14b7325c156a6c502e3d9295e6b99ddcc44257,中华人民共和国国务院令第258号,失业保险条例,中华人民共和国国务院,BOUNDARY,低,养老保险,,,商业银行,[body]…并同时停止享受其他失业保险待遇： (一)重新就业的； (二)应征服兵役的； (三)移居境外的； (四)享受基本养老保险待遇的； (五)被判刑收监执行或者被劳动教养的； (六)无正当理由，拒不接受当地人民政府指定的部门或者机构介绍…,13742,True,False,
gov,83f780a0dcf94f78553be0ba98bff0980fae85045a4193ac95aadb04977f2f7b,中华人民共和国国务院令第255号,地震预报管理条例,中华人民共和国国务院,EXCLUDE,—,,,,,,9439,True,False,
gov,c5b11ba36cdbe0042a1d57ee1e837e90c1d4a6740f38e8ae3bbcd24d582db539,中华人民共和国国务院令第254号,国内交通卫生检疫条例,中华人民共和国国务院,EXCLUDE,—,,,,,,12560,True,False,
gov,d8d1540e346acc2c71e7feefa1b97d9a2a969acb80e34af7a688641b55e06470,中华人民共和国国务院令第251号,民办非企业单位登记管理暂行条例,中华人民共和国国务院,BOUNDARY,低,,,分支机构,,[body]…续，凭有关主管部门出具的执业许可证明文件，发给相应的民办非企业单位登记证书。 第十三条 民办非企业单位不得设立分支机构。 第十四条 民办非企业单位凭登记证书申请刻制印章，开立银行帐户。民办非企业单位应当将印章式样、银行帐号报登记…,16383,True,False,
gov,a88fe1bcb1e230fe22ff1e651b5b58f1ef934b14f202014b9bedc6d14bd9657d,,证券、期货投资咨询管理暂行办法,,EXCLUDE,—,,,,,,21202,True,False,
gov,464d1a3440a943de571937c83a11849c8fd5b51f169991bbcb872f21339899b1,中华人民共和国国务院令第235号,罚款决定与罚款收缴分离实施办法,中华人民共和国国务院,EXCLUDE,中,,,分支机构,商业银行,[body]…或者变相私分。行政机关执法所需经费的拨付，按照国家有关规定执行。第五条 经中国人民银行批准有代理收付款项业务的商业银行、信用合作社(以下简称代收机构)，可以开办代收罚款的业务。具体代收机构由县级以上地方人民政府组织本级财政部门、…,5903,True,False,
gov,95b5659f85b30de79fc661d45374c58b0811fab13f51f2740d359e71742ba7da,中华人民共和国国务院令第233号,中华人民共和国民用航空器权利登记条例,中华人民共和国国务院,EXCLUDE,—,,,,,,11556,True,False,
gov,bbae447aacc12c953f12cc758bdc3c6910f560a0de2863b44a0cb656ed4309cc,中华人民共和国国务院令第227号,国务院行政机构设置和编制管理条例,中华人民共和国国务院,EXCLUDE,—,,,,,,12093,True,False,
gov,a15e16ebe058fa887c159bd831a53995f0be67b5b2093410a5659da34844a6bd,中华人民共和国国务院令第219号,国务院关于在香港特别行政区同时升挂使用国旗区旗的规定,中华人民共和国国务院,EXCLUDE,—,,,,,,1365,True,False,
gov,9d46d36051a44c223965a4f33caebb8d3b83b6b1291baa625068345e15529d7d,海关总署令第61号,残疾人专用品免征进口税收暂行规定,海关总署,EXCLUDE,—,,,,,,3791,True,False,
gov,0cfba9593ad7ef3ecea0c874accee5b582b7397f1d4f704a2e87d2d1f43e70e5,中华人民共和国国务院令第206号,中华人民共和国进出境动植物检疫法实施条例,中华人民共和国国务院,EXCLUDE,—,,,,,,37098,True,False,
gov,fa4d8ede3a498bc1db2c77f1a5b01f3cc352bebe8d71dfbf588960c549fc3ef0,劳动部令第4号,中华人民共和国矿山安全法实施条例,劳动部,EXCLUDE,—,,,,,,33688,True,False,
gov,28fc25b1f67495d9fbceaa2e6549f7615270373850688f1316ff8337b34fae9e,交通部令第8号,上海航运交易所管理规定,交通部,EXCLUDE,—,,,,,,11026,True,False,
gov,7812ab7ee5f99e38f01c961c81b95a46994ad98354554dceb2438ae5703a0399,国发〔1996〕37号,国务院关于进一步完善文化经济政策的若干规定,,EXCLUDE,—,,,,,,5949,True,False,
gov,ffa31b4e54e6e472a92226168574f523aac54a6332ab0e10f1dffb9e31f56b4a,中华人民共和国国务院令第202号,特殊标志管理条例,中华人民共和国国务院,EXCLUDE,—,,,,,,11735,True,False,
gov,78373edbccaa9d1f5e9a4432a5d893733f3e498f04fa938f95b1ff68fd994b80,,结汇、售汇及付汇管理规定,,BOUNDARY,低,,,保险机构,,[body]…资产的外汇收入；(八)对外索赔收入的外汇、退回的外汇保证金等；(九)出租房地产和其他外汇资产收入的外汇；(十)保险机构受理外汇保险所得外汇收入；(十一)取得《经营外汇业务许可证》的金融机构经营外汇业务的净收入；(十二)国外捐赠、…,22709,True,False,
gov,387e307bee80a30dc5e3c15937a3dce185331564e5632d2ea86db4020a62f401,中华人民共和国国务院令第199号,中华人民共和国涉外海洋科学研究管理规定,中华人民共和国国务院,EXCLUDE,—,,,,,,9676,True,False,
gov,fb32305cc8847926cf1e39b4bc35a894153c3b054e4cfe96c2b4e26d6e1dc767,中华人民共和国中央军事委员会令第194号,中华人民共和国红十字标志使用办法,中华人民共和国中央军事委员会,EXCLUDE,—,,,,,,8834,True,False,
gov,e888557bf4a0878f56750d8f2039c95be6c411018a8aa64d972877148bf865e4,中华人民共和国国务院令第192号,企业国有资产产权登记管理办法,中华人民共和国国务院,EXCLUDE,—,,,,,,7008,True,False,
gov,cb025e9c32556d7031880e6b7823e412448e2f97f15772656cf9bcadfd39cdd7,中华人民共和国国务院令第191号,中华人民共和国人民警察使用警械和武器条例,中华人民共和国国务院,EXCLUDE,—,,,,,,10401,True,False,
gov,9114b3a1101ccbe279a28e9b84b4c3318c49438ffbf01e230f53d9b59899be91,中华人民共和国国务院令第189号,国务院关于股份有限公司境内上市外资股的规定,中华人民共和国国务院,EXCLUDE,—,,,,,,15795,True,False,
gov,35ab6e9371896b76b17548b1352323d41c54376c41e86ab7d79a102900f48b4c,中华人民共和国国务院令第188号,教师资格条例,中华人民共和国国务院,EXCLUDE,—,,,,,,11823,True,False,
gov,ed64e8dd1375c35df01c5558ae8b0286bbd9145b83777f800e989f95e946d485,国办发〔1995〕44号,仲裁委员会仲裁收费办法,,EXCLUDE,—,,,,,,18102,True,False,
gov,2c32edf2dfc046e565de8c3c0d54abfc790b8794e61b644f661bd72566801ed6,国办发〔1995〕44号,重新组建仲裁机构方案,,EXCLUDE,—,,,,,,31853,True,False,
gov,f9130f66824695e10ebbc15ebddcb2e5718c8144ca3e2205029c8a319eaee623,国办发〔1995〕44号,仲裁委员会登记暂行办法,,EXCLUDE,—,,,,,,4267,True,False,
gov,c9104dc31c38a3fc70212905d122a0083793c040970bd75e9be63fd771906ef4,中华人民共和国国务院令第182号,中华人民共和国出境入境边防检查条例,中华人民共和国国务院,EXCLUDE,—,,,,,,19880,True,False,
gov,3012e6c432eb8e48e4a1a4c869ccf9c38161c85e719892eb2684ac270324c535,日对外贸易经济合作部令1995年第5号,中华人民共和国国际货物运输代理业管理规定,,BOUNDARY,低,,,分支机构,,[body]…以上业务的， 注册资本最低限额为其中最高一项的限额。 国际货物运输代理企业每设立一个从事国际货物运输代理业务的分支机构， 应当增加注册资本 50 万元。 第三章 审批程序第九条 申请设立国际货物运输代理企业， 申请人应当向拟设立…,11552,True,False,
gov,c63e4409d9937d806344013db5b62eb001f6e3d6a3d15cc961f2c4e440f3c16f,中华人民共和国国务院令第146号,国务院关于职工工作时间的规定,中华人民共和国国务院,EXCLUDE,—,,,,,,2774,True,False,
gov,1fc9b3284804143d6bbe4ecfc75e83e7a403bb448147cdf55d45e1ccc13864a3,国发〔1994〕10号,国务院关于外商投资企业和外国企业适用增值税、消费税、营业税等税收暂行条例有关问题的通知,,EXCLUDE,—,,,,,,5695,True,False,
gov,c58f1c10a969bc846af7629b4ee84a9fa76cad4898c4abc3936d96a980363944,中华人民共和国国务院令第144号,中华人民共和国境内外国人宗教活动管理规定,中华人民共和国国务院,EXCLUDE,—,,,,,,3781,True,False,
gov,5b4b68dad08e8cdddcc1a04d8cea35f169a0a160996e8111eb7c34f8a70b662b,交通部令第6号,中华人民共和国港口间海上旅客运输赔偿责任限额规定,交通部,EXCLUDE,—,,,,,,2498,True,False,
gov,5d120df792862b13b1f755ba545d36caa6c6d88a8617a13a78e473c3d2354e7a,中华人民共和国国务院令第133号,国务院关于在对外公务活动中赠送和接受礼品的规定,中华人民共和国国务院,EXCLUDE,—,,,,,,4600,True,False,
gov,da3f5b2672797cb3516f2e766441523b4131b59a5823de3d106d82f97b2123d9,日交通部令1993年第5号,关于不满300总吨船舶及沿海运输、沿海作业船舶海事赔偿限额的规定,,EXCLUDE,—,,,,,,2875,True,False,
gov,b887eb72b53182430f3c8502e2d1551318955d6f6d09d7c3ad5dcdb5bf3f8793,国家民族事务委员会令第1号,民族乡行政工作条例,国家民族事务委员会,EXCLUDE,—,,,,,,7847,True,False,
gov,4e18cc4bc4d589beb6c083696172eb4cd233badd86ba9aa4a9d449f2936d39ea,国家民族事务委员会令第2号,城市民族工作条例,国家民族事务委员会,EXCLUDE,—,,,,,,8653,True,False,
gov,e54c75c5003856c955138818a44959a90bcb86f3b071a3304f0f7de5bbf90603,,扫除文盲工作条例,,EXCLUDE,—,,,,,,8004,True,False,
gov,d4b6b3c8dd73c9e51fd37343796709a3f8554417074fe8355ec5cf4d2d2b379e,中华人民共和国国务院令第116号,村庄和集镇规划建设管理条例,中华人民共和国国务院,EXCLUDE,—,,,,,,21373,True,False,
gov,c9c891fa21ad912d15b57b2cc6c3520ce567836e1e8e27160d22e30fb31d5be1,中华人民共和国国务院令第112号,股票发行与交易管理暂行条例,中华人民共和国国务院,EXCLUDE,—,,,,,,51264,True,False,
gov,6fa982161702e0210c0893a8dd2c48ccc390332431c958d56c57bc7da461a27f,中华人民共和国国务院令第111号,国有企业富余职工安置规定,中华人民共和国国务院,BOUNDARY,低,养老保险,,,,[body]…位休养期间，由企业发给生活费。已经实行退休费用统筹的地方，企业和退出工作岗位休养的职工应当按照有关规定缴纳基本养老保险费。职工退出工作岗位休养期间达到国家规定的退休年龄时，按照规定办理退休手续。职工退出工作岗位休养期间视为工龄，…,6017,True,False,
gov,50cf466b79dcb7b6b0eab3cc3105bd76c31e4060e1ae421802cf17a767ce6dbb,中华人民共和国国务院令第108号,中华人民共和国国家货币出入境管理办法,中华人民共和国国务院,EXCLUDE,—,,,,,,2018,True,False,
gov,62d7369fa305aa858c34fdee658e729a020ab818b6831ae45033e9c20ac25e48,交通部令第44号,中华人民共和国海上航行警告和航行通告管理规定,交通部,EXCLUDE,—,,,,,,10352,True,False,
gov,025b201d7952b56cf7bfe269f39f952670eac9440d9cfa1c317998cdc9c85d49,中国民用航空局令第29号,中华人民共和国搜寻援救民用航空器规定,中国民用航空局,EXCLUDE,—,,,,,,14564,True,False,
gov,da025c4fdb4a8c4c603789372d14417d97d00a7cbd32773f2c2b26b1cc53c7d5,国发〔1992〕49号,评定授予人民警察警衔实施办法,,EXCLUDE,—,,,,,,19282,True,False,
gov,b8c6319b9b4576f0e2c9cbdafb5dc46ce152feab15c7dd4b7d161295f02ce3ad,中华人民共和国国务院令第92号,农民承担费用和劳务管理条例,中华人民共和国国务院,EXCLUDE,—,,,,,,15542,True,False,
gov,f02e255f21dcee389a7e612175e5f66e78177797c889e8c667566874fc9808ba,卫生部令第17号,中华人民共和国传染病防治法实施办法,卫生部,EXCLUDE,—,,,,,,41923,True,False,
gov,7c218624c45074e9d5881b727698ed97fcc6104d7ce70fe9a10003ce4a2788d6,国家体育运动委员会令第16号,外国人来华登山管理办法,国家体育运动委员会,EXCLUDE,—,,,,,,11132,True,False,
gov,2aa83f931a232e983daeed8e176f4022e2f5463d2d03ca2522053682e28715c8,国家工商行政管理局令第6号,工商行政管理所条例,国家工商行政管理局,EXCLUDE,—,,,,,,6465,True,False,
gov,1b711ac8d6a85c84197e73a39a1299be6babad76e21c4de145ed3c6d937bfb7c,中华人民共和国国务院令第66号,劳动就业服务企业管理规定,中华人民共和国国务院,BOUNDARY,低,养老保险,,,,[body]…筹资金开办的劳动就业服务企业，在企业具备偿还能力时，可以逐步偿还个人出资。第二十二条 劳动就业服务企业应当建立养老保险制度并逐步建立待业保险制度。保险基金提取办法和保险项目按国家有关规定执行。第二十三条 劳动就业服务企业应当执行…,15866,True,False,
gov,12966da3482b607b803f14fcfd7515ec69c2a43bba676d7b6d601133c4a16d4d,中华人民共和国国务院令第65号,中华人民共和国邮政法实施细则,中华人民共和国国务院,BOUNDARY,低,,,分支机构,,[body]…以下简称邮政企业)，经邮电管理局授权，管理该地区的邮政工作。邮电支局、邮电所、邮政支局、邮政所是办理邮政业务的分支机构(以下简称分支机构)；邮亭、邮政报刊亭等是邮政企业的服务点。邮电代办所视同邮政企业所属的分支机构。第四条 未经…,29199,True,False,
gov,dd8f32432d22a9af43ac1ff65ee3f1e378551b68a418be7c03dd42fe6bedb8e5,中华人民共和国国务院令第64号,国务院关于鼓励华侨和香港澳门同胞投资的规定,中华人民共和国国务院,EXCLUDE,—,,,,,,9054,True,False,
gov,165517573a1047ea60238e55f84a4616a148178d73219e7bbdeef65a99e55f68,劳动部令第1号,工人考核条例,劳动部,EXCLUDE,—,,,,,,11295,True,False,
gov,faaed5405736a458e09bc55caa2d5648cebc97f485363edd57bfd0edb9c5cd19,国家教育委员会令第10号,学校卫生工作条例,国家教育委员会,EXCLUDE,—,,,,,,14384,True,False,
gov,eb2a7b99afb14707fb0aab964b021fd8a5fba12992f3f9a9a25cb11fdb8b6b6a,中华人民共和国中央军事委员会令第54号,国防计量监督管理条例,中华人民共和国中央军事委员会,EXCLUDE,—,,,,,,13766,True,False,
gov,f26b5dd54c95ed2ec91ce97aa1da86f2617d0b73d9cbb4a958d5c0d23bd94cab,中华人民共和国国务院令第52号,中华人民共和国看守所条例,中华人民共和国国务院,EXCLUDE,—,,,,,,14827,True,False,
gov,c64a1dbc43aa57dd926ae3cc6618d5ee001af10adca13efdfff8a8176dd8367f,交通部令第14号,中华人民共和国海上交通事故调查处理条例,交通部,EXCLUDE,—,,,,,,17054,True,False,
gov,cc5d23bbe27c88c0265133f4dbfd10627af7e20e2ff0922850c65f0dd2451207,,关于工资总额组成的规定,,EXCLUDE,—,,,,,,7113,True,False,
gov,4cfbc2a46cb662ec39fb999f9bb3717ef9b9ce6f295f77d536ec3d8b3beef612,能源部令第1号,石油地震勘探损害补偿规定,能源部,EXCLUDE,—,,,,,,11495,True,False,
gov,3e74c7949d0c216243d40692d5d8aa5e5c10917b6048b0747a3a6e2ec6618a1f,国家教育委员会令第4号,幼儿园管理条例,国家教育委员会,EXCLUDE,—,,,,,,42953,True,False,
gov,66ace0ab8132f7c8b6a629026f00f1de0bf196e76bbfcc024a8a348b1d3511e4,中华人民共和国国务院令第37号,人民调解委员会组织条例,中华人民共和国国务院,EXCLUDE,—,,,,,,6280,True,False,
gov,8fee1cc22ba0506797f43b1a5c0213f4cd798351eeeb55bb211a941a2ba85896,中华人民共和国国务院令第27号,铺设海底电缆管道管理规定,中华人民共和国国务院,EXCLUDE,—,,,,,,9140,True,False,
gov,0c164f38a2252556529191ca95734d1551ad2560e3ced111e9be97f2c50a239e,中华人民共和国国务院令第26号,行政区域边界争议处理条例,中华人民共和国国务院,EXCLUDE,—,,,,,,11374,True,False,
gov,20a4f9b14089c53dcf167299d04aa2ae910f76597f0a3c5cd413054fd90b0505,中华人民共和国国务院令第23号,医疗用毒性药品管理办法,中华人民共和国国务院,EXCLUDE,—,,,,,,6848,True,False,
gov,6ea49da3ba656e875f91458a0d75f64262e4c75536e107d95afafb04bf3cfd63,建设部令第1号,城市节约用水管理规定,建设部,EXCLUDE,—,,,,,,7285,True,False,
gov,5ca82fab8cff9e64f1f2bd12bd5824230b5d2c8cc3d6c93d16843e6e779e72c2,中华人民共和国国务院令第20号,国家行政机关及其工作人员在国内公务活动中不得赠送和接受礼品的规定,中华人民共和国国务院,EXCLUDE,—,,,,,,4088,True,False,
gov,bda7db7c20bf22092ebb0aa2b61907231b83a2d4bd956519f37c5afd258754be,中华人民共和国国务院令第7号,国务院关于鼓励台湾同胞投资的规定,中华人民共和国国务院,EXCLUDE,—,,,,,,8828,True,False,
gov,5d31432b53baa2978c14dc669be068fb17e572aff46e430b5156e147a1c6d10d,,北京市新技术产业开发试验区暂行条例,,BOUNDARY,低,,,分支机构,,[body]…有条件的新技术企业，由北京市人民政府授予外贸经营权，自负盈亏，承担出口计划；经国家有关部门批准，可以在国外设立分支机构。新技术企业出口所创外汇，三年内全额留给企业；从第四年起，地方和创汇企业二八分成。第十一条 试验区内，对外经济…,8269,True,False,
gov,4309a02a53e461c0339a62abc98cc9c3ea0146251c239101f317446cdc7c3282,,国务院关于鼓励投资开发海南岛的规定,,BOUNDARY,低,,,保险公司,,[body]…材料和其他物料以及自用的交通工具、办公用品，由海南省人民政府自行审批。第十二条 在海南岛举办的企业(国家银行和保险公司除外)，从事生产、经营所得和其他所得，均按15%的税率征收企业所得税，另按应纳税额附征10%的地方所得税。其中…,12144,True,False,
gov,c99f8303a12aba4c869dad3582822ee7285327cc9ba859345094799df97377f7,国发〔1988〕25号,禁止向企业摊派暂行条例,,EXCLUDE,—,,,,,,7379,True,False,
gov,8815b25b5692e71be62462c7dd3655b8933fb2242fa63a8d95be7bef30729070,,中华人民共和国尘肺病防治条例,,EXCLUDE,—,,,,,,9510,True,False,
gov,8c01e453043fd23b5a70596aecf1b883d4966afc6177141ccb69f2002bebfd55,,野生药材资源保护管理条例,,EXCLUDE,—,,,,,,7250,True,False,
gov,022bb7c7fc05519a5c6f80629a4b71edecfce0d4eeaab105829764eab70de0bf,,广告管理条例,,EXCLUDE,—,,,,,,8083,True,False,
gov,bba768f552ab3376c4356c0ac09c1f1ea733093b4a49724df6aa127d6947342d,,中华人民共和国价格管理条例,,EXCLUDE,—,,,,,,18987,True,False,
gov,55be42b576193f5ca5fe32e10a773b0efb2564a61164ecf167cbc4b8a9f45ad5,,中华人民共和国核材料管制条例,,EXCLUDE,—,,,,,,10558,True,False,
gov,820a23ca636ea8b851f9fa4736ccfeb401414abc9077d8de84cf3825b1cdfbf6,,中华人民共和国民用航空器适航管理条例,,EXCLUDE,—,,,,,,9998,True,False,
gov,8d3ff39b05f4b3447c2f8dfa40d5c2f4ad7e92e7e1ba3e2880edddeb07e0f3b4,国发〔1987〕31号,中华人民共和国强制检定的工作计量器具检定管理办法,,EXCLUDE,—,,,,,,7915,True,False,
gov,12ccd3dd91f3fb19d0cce8b1eb6a39dc47cabfd3f75bdd85dfa8b5e17481aa79,,地方口岸管理机构职责范围暂行规定,,EXCLUDE,—,,,,,,5508,True,False,
gov,140b1db61e83b073a1bb5fde8fdc1b0203a1a7ff9c4bfa47e5ec7d92f99766ff,,中国公民因私事往来香港地区或者澳门地区的暂行管理办法,,EXCLUDE,—,,,,,,13046,True,False,
gov,bf826646b7aa67a3240218b1901c657b227bb9fec52c7d0b1a2e4376aac1cac0,,普通高等学校设置暂行条例,,EXCLUDE,—,,,,,,13458,True,False,
gov,9faf80dc2cc687fa4156372b485d35b180896c50634242a692719eff3185fbcd,,中华人民共和国民用核设施安全监督管理条例,,EXCLUDE,—,,,,,,13682,True,False,
gov,45ff62cb65f6ec3c83e2a021d58d2084a184369eb81e0be0fba6630d602c6163,国发〔1986〕95号,国务院关于鼓励外商投资的规定,,EXCLUDE,—,,,,,,9266,True,False,
gov,ac8555f47762cff0e9968ca2b9da2b8ad0d4fa0e190949f31f94223bda1a39ff,,高等教育管理职责暂行规定,,EXCLUDE,—,,,,,,13881,True,False,
gov,35e76e06a5df6e3cd269c2c171c22d56e7b787ac6150bba8e81adef57d466f99,,国务院关于高级专家退休问题的补充规定,,EXCLUDE,—,,,,,,1890,True,False,
gov,8cd95213cda17c4f41bd9cb6d7b466662c925790447001e55453c7db9e777c20,,关于实行专业技术职务聘任制度的规定,,EXCLUDE,—,,,,,,14072,True,False,
gov,49c0fc6f70bf2cad50e0f048ac37448abfbb9f4cd8b3716753e255d2560c181d,国发〔1986〕12号,国务院关于科学技术拨款管理的暂行规定,,EXCLUDE,—,,,,,,7918,True,False,
gov,54d89604f8177ec35c4a76f76862012ca47db6a366391fd2d4b563a255ea3074,国办发〔1985〕49号,关于军民合用机场使用管理的若干暂行规定,,EXCLUDE,—,,,,,,3729,True,False,
gov,bdb1ea72bfb6f093d694950278536c968216fe7b9db71891c36afa93e5c5a040,国发〔1985〕113号,国务院关于口岸开放的若干规定,,EXCLUDE,—,,,,,,9083,True,False,
gov,883867f9541c3bfb15c0c2c4320685ef7bb6ae07a818239d2d6884bafc591b23,,森林和野生动物类型自然保护区管理办法,,EXCLUDE,—,,,,,,8129,True,False,
gov,4efc12f2dfde123efc6cd21545c02d660963ee7cff4e0f8111a9c8fd8bb04259,,武器装备研制设计师系统和行政指挥系统工作条例,,EXCLUDE,—,,,,,,38043,True,False,
gov,ccf6e82dd4997547a5eb97e29a6c87acd167dab7b661fd3ee15db5d3e1129782,国发〔1984〕28号,国务院关于在我国统一实行法定计量单位的命令,,EXCLUDE,—,,,,,,226033,True,False,
gov,4a59671add637c8640a2b9f88c41476711686b4f370cbfddf49109407d679e19,,军用标准化管理办法,,EXCLUDE,—,,,,,,11656,True,False,
gov,d838f40e6db70542cc15d1742c3e8096bc70455885fb381688689a6ccb9a318a,国发〔1983〕202号,中华人民共和国海洋石油勘探开发环境保护管理条例,,EXCLUDE,—,,,,,,15698,True,False,
gov,51b492043ce55f1121c1feec0afcc3498ccc2ed5a7535dca92f2fc2ff7f2cc9e,国发〔1983〕141号,国务院关于高级专家离休退休若干问题的暂行规定,,EXCLUDE,—,,,,,,4706,True,False,
gov,cfdf3e6923e165d239791ee69728fee031946ed8916477550c689508198d159f,,公安部对部分刀具实行管制的暂行规定,,EXCLUDE,—,,,,,,5715,True,False,
gov,b678373b353950f9ebf24b7f6d37c448945d91c14ec7e6ebced9ada5ff759857,国发〔1983〕25号,全国中小学勤工俭学暂行工作条例,,EXCLUDE,—,,,,,,43255,True,False,
gov,dba6f2ccfd4d598596c36aca9660d30e074e052317a549d8c51649eec6dbea36,,关于外国人在我国旅行管理的规定,,EXCLUDE,—,,,,,,48775,True,False,
gov,f1986b0f4939a74bfaef81e505e5fc8fbd429df8e05b975842e344b7d24a738d,,国务院、中央军委关于保护通信线路的规定,,EXCLUDE,—,,,,,,9189,True,False,
gov,a97d5f4e1eccdb9b2b5edfefa1a2ba56c42bfb085969644baf6b27a667f05d3e,,对外经济贸易部特派员办事处暂行条例,,EXCLUDE,—,,,,,,6957,True,False,
gov,bdd5d3441b5b79dbb65cedff7a57ef103be7957f3ec393122ead56dc2f3626b7,国发〔1982〕36号,国务院关于开展全民义务植树运动的实施办法,,EXCLUDE,—,,,,,,8559,True,False,
gov,a762f7dc47021100dbbe8c16d2d4e7223d7ff97856e791654dcdc7f83dce26c0,,进口影片管理办法,,EXCLUDE,—,,,,,,6142,True,False,
gov,b38a1f7e138275d81fc2e66bd166a659f84ba58cc87a114bd5192eaf59230a10,,加强对外合作出版管理的暂行规定,,EXCLUDE,—,,,,,,6084,True,False,
gov,f8ca4b526e85a8698085bcfe80465580a5f5cad1e72532ced4e4a38c1096b443,,国家机关工作人员病假期间生活待遇的规定,,EXCLUDE,—,,,,,,3473,True,False,
gov,19a4b69be222548e3313cd5d50e09ca92010e0c2a4803884469592c3805e804c,,科学技术档案工作条例,,EXCLUDE,—,,,,,,11230,True,False,
gov,edd2b82db10efe73df20ac397bb84ad7222692acf1eab5b7b6c877f3a4e9fc76,,关于统计报表管理的暂行规定,,EXCLUDE,—,,,,,,17124,True,False,
gov,314ed6d874809450b7919d53b240271ce23526929ac61c25a01351b1b7509c36,,中华人民共和国国务院关于管理外国企业常驻代表机构的暂行规定,,EXCLUDE,—,,,,,,7158,True,False,
gov,d302d33cacf8fdeed2d4912729428630ce58678cbd24960e6f7a3ee143f20f78,,中华人民共和国对外国籍船舶管理规则,,EXCLUDE,—,,,,,,17752,True,False,
gov,d1cfa84ea6b03ecfb0c42aeb12c90c231dc29d7c39740ec39016b08181fe2da0,,水产资源繁殖保护条例,,EXCLUDE,—,,,,,,10423,True,False,
gov,cb7ad109da6f176655db578282c28002b4829239e5f42640db6a617d00eea969,,中国人民解放军驻铁路、水路沿线交通部门军事代表条例,,EXCLUDE,—,,,,,,35103,True,False,
gov,299f175492f96c146f9061683db784ef63aa3dbf64dc2a2024311d9d83e063f8,,保护海底电缆规定,,EXCLUDE,—,,,,,,2254,True,False,
gov,11e82cb94b4c0a3a4eae73e545bd291bf25184d5deb73994d6b9c2443ed69e0b,,国境河流外国籍船舶管理办法,,EXCLUDE,—,,,,,,7238,True,False,
gov,7c0f4e0bd2618ba8f08f4cff9d749f08bdefd7af9ab9bb23b812f1e8e1d40b36,,外国籍非军用船舶通过琼州海峡管理规则,,EXCLUDE,—,,,,,,5971,True,False,
gov,7010643040ebe10eb26c1ea64b62e0303eb2a31c4a0929fe0500844bbcf71948,,中华人民共和国非机动船舶海上安全航行暂行规则,,EXCLUDE,—,,,,,,4854,True,False,
gov,dcd9559f27e4a6913642ef2e62c3b6281e4b07d9955e1ca25007f46af7d1c171,,中华人民共和国打捞沉船管理办法,,EXCLUDE,—,,,,,,5485,True,False,
gov,38e1a2571cb8eed92b0d04b4033e2c06ab056fa1e5fe3d9f3bd3914bb36004d2,,关于国家机关工作人员福利费掌管使用的暂行规定,,EXCLUDE,—,,,,,,3428,True,False,
gov,ad91d1d286651af348a4af13ca454d29684f63ccd5ebe58750faaa96f76348cc,,国务院关于处理国家机关工作人员退职、退休时计算工作年限的暂行规定,,EXCLUDE,—,,,,,,3577,True,False,
gov,3eb904987ce1e304763b17df4c368b4b196827c863ffc2cee1f75d33db5a2a48,,治安保卫委员会暂行组织条例,,EXCLUDE,—,,,,,,6308,True,False,
gov,ea707b9b4bb636a1ffdba943ce0ec531fc6c04ae8053e6bfd3d9e3dab7ae5953,,查检邮件中夹带外币或外币票据暂行处理办法,,EXCLUDE,—,,,,,,4266,True,False,
gov,d1c6be498a5df7709889f2d189b6393d1219bdf048244d4fc478628dd6503bd1,,政务院关于中央人民政府所属各机关发表公报及公告性文件的办法,,EXCLUDE,—,,,,,,3382,True,False,
mof,424b8c23a258c138fc68cc589d9438d156e80796f461305edc8afe8297b01641,财政部令第116号,注册会计师行业严重失信主体名单管理办法,财政部,BOUNDARY,低,,,分支机构,,[body]…忽职守、徇私舞弊或者其他违法违规行为的，依法给予处分；构成犯罪的，依法追究刑事责任。 第二十一条 会计师事务所分支机构应当列入严重失信主体名单的，适用本办法的规定。 第二十二条 本办法由财政部负责解释。 第二十三条 本办法自20…,5578,True,False,
mof,4b34a42fb13d73e00de73f238344eea12e481b1cd3d38fff9b091ec18a7e5e04,财政部令第115号,财政部关于修改《注册会计师全国统一考试办法》的决定,财政部,EXCLUDE,—,,,,,,4824,True,False,
mof,95a99bb95ed3ec3e74e146afde9d52050e16a8ab4627dececa683ccd6c23726f,财政部令第114号,财政部关于公布废止和失效的财政规章和规范性文件目录（第十四批）的决定,财政部,EXCLUDE,—,,,,,,450,True,False,
mof,08a702f4e6d8e1b8390161be2cbc50b903717d1f5defb84a21c49bc12424a318,财政部令第113号,行政单位财务规则,财政部,EXCLUDE,—,,,,,,11305,True,False,
mof,18d2529a2c458a5352e8c38a37e4bd4662f7e7bebef25041d75f59277b2e9328,财政部令第112号,财政部关于废止部分规范性文件的决定,财政部,EXCLUDE,—,,,,,,255,True,False,
mof,5f068b91a331194875bebd5d001f4742149ba66c94c5c024d25f292fcbd261a4,中国气象局令第111号,中国清洁发展机制基金管理办法,财政部 生态环境部 发展改革委 外交部 科技部 农业农村部 气象局,EXCLUDE,—,,,,,,5561,True,False,
mof,33e9a1593a46a15899a537cf7741bfb70e87e1a7d114b88d168d11f270b0ec2f,财政部令第110号,政府采购框架协议采购方式管理暂行办法,财政部,EXCLUDE,—,,,,,,17295,True,False,
mof,b9a24b353e45e85a4a9bf3409a7bb278c3b17d9f16d277dd5650ecde8b526635,财政部令第109号,财政行政处罚听证实施办法,财政部,EXCLUDE,—,,,,,,7027,True,False,
mof,ebb6d5ca2ae6daccbac921e09d4954ce180abe8d61641bf2bd9132e6cbce1235,财政部令第108号,事业单位财务规则,财政部,EXCLUDE,—,,,,,,12939,True,False,
mof,3fa8ff7b3afd8f393c6394807bc9eabc05b10a5601bd8777b19ea7dfad6756a2,农业农村部令第107号,道路交通事故社会救助基金管理办法,财政部 银保监会 公安部 卫生健康委主任 农业农村部部长,BOUNDARY,低,,,保险公司,,[body]…和管理，按照规定确定救助基金管理机构，并对其管理情况进行考核。 第六条 国务院保险监督管理机构的派出机构负责对保险公司缴纳救助基金情况实施监督检查。 县级以上地方公安机关交通管理部门负责通知救助基金管理机构垫付道路交通事故中受害…,10717,True,False,
mof,7db498d1421bb4c8c07e000696d208ea9cd362d3fab0ed72c520956f7108eb13,国家税务总局令第106号,财政部、海关总署、国家税务总局关于废止《科学研究和教学用品免征进口税收规定》等3部规章的决定,财政部部长 海关总署 税务总局,EXCLUDE,—,,,,,,525,True,False,
mof,a5233a78ee818c2c419e0edc5a47e2d7af7e6ecd0e96d46c339f4cf70bd9c91e,财政部令第105号,财政部关于废止《罚没财物和追回赃款赃物管理办法》的决定,财政部,EXCLUDE,—,,,,,,235,True,False,
mof,fc2e56fb109af7c5db032316ec9678020c1b130633bf3b1909bfd334309986b1,财政部令第104号,财政部关于修改《财政票据管理办法》的决定,财政部,EXCLUDE,—,,,,,,13605,True,False,
mof,79edcc281ecac85bc12e0bdff9111b062450d760dcf6f149b929ba3d1ef11e2a,财政部令第103号,财政部关于公布废止和失效的财政规章和规范性文件目录（第十三批）的决定,财政部,EXCLUDE,—,,,,,,471,True,False,
mof,cac4c009eeb30f4cb00d075b4c9872701b20b048c0ace7e9057e9b088a1cff05,财政部令第102号,政府购买服务管理办法,财政部,EXCLUDE,—,,,,,,6007,True,False,
mof,1c61faad0e4daddc6b5deada991a1f73eada42cf2dfcbebc6e0ae62f796dc92b,财政部令第101号,政府采购信息发布管理办法,财政部,EXCLUDE,—,,,,,,3311,True,False,
mof,d95af66edfb8c854944ead8ed87387234be0d29a503ae1d3ee01dc449767fb98,财政部令第100号,财政部关于修改《事业单位国有资产管理暂行办法》的决定,财政部,EXCLUDE,—,,,,,,16661,True,False,
mof,8a15dddd914b201c54d2f3150b81ee3d74d43cfc00eee2abf3be393ae4336c5f,财政部令第99号,财政部关于修改《注册会计师注册办法》的决定,财政部,EXCLUDE,—,,,,,,7741,True,False,
mof,67ebb8fc1bc40276f301decb9975efd4cf787af8075febae9df874b4b14a06dc,财政部令第98号,财政部关于修改《代理记账管理办法》等2部部门规章的决定,财政部,BOUNDARY,低,,,分支机构,,[body]…内通过企业信用信息公示系统向社会公示。 第八条 代理记账机构名称、主管代理记账业务的负责人发生变更，设立或撤销分支机构，跨原审批机关管辖地迁移办公地点的，应当自作出变更决定或变更之日起30日内依法向审批机关办理变更登记，并应当自…,38447,True,False,
mof,c598059dc0a4215445d8368a2c90aa7df2a27f2a75929b5dd85d999bf57fa729,财政部令第97号,财政部关于修改《会计师事务所执业许可和监督管理办法》等2部部门规章的决定,财政部,BOUNDARY,低,,,保单|分支机构,,[body]…的执业证书信息”。 二、对《资产评估行业财政监督管理办法》作出修改 （一）将第二十二条第三项中的“职业责任保险保单复印件” 修改为“职业责任保险保单信息”。 （二）将第二十四条修改为“资产评估机构应当自领取营业执照之日起 3…,44158,True,False,
mof,ffd067e5febd063061773284cbdb5361b4f3bb429eae9ac3bd8049d983c52ef0,国家体育总局令第96号,财政部、民政部、国家体育总局关于修改《彩票管理条例实施细则》的决定,财政部、民政部、国家体育总局,EXCLUDE,—,,,,,,18747,True,False,
mof,b4b40595fb59ff74513a91dfe37ee1bc137f7646fe72e838cbb330f4c3a04b89,财政部令第94号,政府采购质疑和投诉办法,财政部,EXCLUDE,—,,,,,,11963,True,False,
mof,91058943a7007302bec9097e18d3c2987df073aaaadf62207e2e8f9a5a91a2b4,财政部令第92号,财政部关于废止部分规章和规范性文件的决定,财政部,EXCLUDE,—,,,,,,3908,True,False,
mof,1f7031ff33ad7c7c3f18b08c874a585a00f0b6c384b44b5acacf701b661e6a93,财政部令第90号,财政部关于修改《注册会计师注册办法》等6部规章的决定,财政部,EXCLUDE,—,,,,,,2840,True,False,
mof,66e3ee18e6a748e1f8e52d0275fbe8308508d2ec3b32c2abca02749f5c77a1b9,财政部令第91号,财政部关于修改《文化事业建设费使用管理办法》的决定,财政部,EXCLUDE,—,,,,,,633,True,False,
mof,b7dcb298a88851e4ef110250243368bf1afb4615090877c759c405e834afe82d,财政部令第89号,会计师事务所执业许可和监督管理办法,财政部,BOUNDARY,低,,,分支机构,,[body]…约定，对会计师事务所的债务承担相应责任。 第三章 会计师事务所分所执业许可的取得 第二十五条 会计师事务所设立分支机构应当依照本办法规定申请分所执业许可。 第二十六条 会计师事务所分所的名称应当采用“会计师事务所名称 + 分支机…,24195,True,False,
mof,8a3204444113a19eea8562eab1ae3e1c9c4bb30408320b3744c440707dac627a,财政部令第88号,财政部关于废止部分规章和规范性文件的决定,财政部,EXCLUDE,—,,,,,,228,True,False,
mof,5d6464b27c803db0796206a83ef13a2704f9691efacb8c178b327c8194924975,财政部令第87号,政府采购货物和服务招标投标管理办法,财政部,BOUNDARY,低,,,分支机构,,[body]…条 采购人委托采购代理机构代理招标的，采购代理机构应当在采购人委托的范围内依法开展采购活动。 采购代理机构及其分支机构不得在所代理的采购项目中投标或者代理投标，不得为所代理的采购项目的投标人参加本项目提供投标咨询。 第二章 招标…,27433,True,False,
mof,02158cdef126a391b92585c79e8b41f83a91a48cd14790b8e199708ecf8f44d5,财政部令第86号,资产评估行业财政监督管理办法,财政部,BOUNDARY,低,,,保单|分支机构,,[body]…第二十条 实行集团化发展的资产评估机构，应当在质量控制、内部管理、客户服务、企业形象、信息化等方面，对设立的分支机构实行统一管理，或者对集团成员实行统一政策。 分支机构应当在资产评估机构授权范围内，依法从事资产评估业务，并以资…,17944,True,False,
mof,57bb3a8b559173fe30fa3a39b4be09210ce563b4204c5ad36be35041608c6258,财政部令第85号,国际金融组织和外国政府贷款赠款管理办法,财政部,EXCLUDE,—,,,,,,13721,True,False,
mof,3536d690ac8ffb5a035b2464bd603ba4086e4c61f406478457cd2d4d546c411f,财政部令第83号,财政部关于公布废止和失效的财政规章和规范性文件目录（第十二批）的决定,财政部,EXCLUDE,—,,,,,,650,True,False,
mof,af5f5b1a21ee0770ce1ec0d605bda268a4342d2b2ec1084227b49c24c84d0b97,财政部令第81号,基本建设财务规则,财政部,EXCLUDE,—,,,,,,14440,True,False,
mof,7bbd35f93dd6668cfa9aea73d3cc4ffdce12d1e14b671209344ddefe03d3eedd,财政部令第80号,代理记账管理办法,财政部,BOUNDARY,低,,,分支机构,,[body]…内通过企业信用信息公示系统向社会公示。 第八条 代理记账机构名称、主管代理记账业务的负责人发生变更，设立或撤销分支机构，跨原审批机关管辖地迁移办公地点的，应当自作出变更决定或变更之日起 30日内依法向审批机关办理变更登记，并应当…,7048,True,False,
mof,04b9fceb7415a5f0305c22d5f88be0299399fdf2ee15aa9425ea89b925d424b7,国家档案局令第79号,会计档案管理办法,财政部,EXCLUDE,—,,,,,,7796,True,False,
mof,43d76a864b708b644290978a5f6cf5c2ca0edacd996c3d8804037a3710075de6,财政部令第78号,政府会计准则--基本准则,财政部,EXCLUDE,—,,,,,,10214,True,False,
mof,13892e1fe258f90afde1514d08b3440b5332e76203f5d267b08e3ab2749084a0,财政部令第77号,财政部关于废止部分规章和规范性文件的决定,财政部,EXCLUDE,—,,,,,,942,True,False,
mof,9a01dbc2aa5d00bd702f6e5917be82cc7cc0857a9f1f4913e43c6c9aad3b8295,财政部令第76号,财政部关于修改《企业会计准则--基本准则》的决定,部长 楼继伟,EXCLUDE,—,,,,,,8253,True,False,
mof,7fecb689e9f325b36ddb87a552dc584e4d6d18c87d0b2cf02a2b65dec52e554b,财政部令第75号,财政部关于修改《注册会计师全国统一考试办法》的决定,部长 楼继伟,EXCLUDE,—,,,,,,5268,True,False,
mof,4972bab5600589d5485cc1e21cd1f8e196da36ee0461f05d6152278d01f7f1ba,财政部令第74号,政府采购非招标采购方式管理办法,财政部,EXCLUDE,—,,,,,,20461,True,False,
mof,fea083ef30d66a80781ac5ffe165bb45a99a41b29d2cbbb663d8390c4ee53a87,财政部令第70号,财政票据管理办法,财政部,EXCLUDE,—,,,,,,10048,True,False,
mof,cdc9aeda18c008882d21d7e64dd4d6261de776351e5b8d12e71e9ebc021db127,财政部令第69号,财政部门监督办法,财政部,EXCLUDE,—,,,,,,5394,True,False,
mof,fa820ffd954c4a8daf7fef176c33aca9acf20674ac1dc8aaa9b7e91f3a41a4cc,中华人民共和国民政部国家体育总局令第67号,彩票管理条例实施细则,财政部 民政部 国家体育总局,EXCLUDE,—,,,,,,17327,True,False,
mof,94c6a89d2da926b85cae4fa23df569b3369d3e76bb6e3fd0b0205c06e03f975c,国家税务总局令第65号,财政部、国家税务总局关于修改《中华人民共和国增值税暂行条例实施细则》和《中华人民共和国营业税暂行条例实施细则》的决定,财政部,BOUNDARY,低,,,保险产品,,[body]…入，是指寺院、宫观、清真寺和教堂举办文化、宗教活动销售门票的收入。 (五)第一款第(七)项所称为出口货物提供的保险产品，包括出口货物保险和出口信用保险。 第二十三条 条例第十条所称营业税起征点，是指纳税人营业额合计达到起征点。…,19597,True,False,
mof,e789035206b2db5956bfbb724c11b4d25790482252c563c23b39bdc1c58a1275,财政部令第62号,财政部关于公布废止和失效的财政规章和规范性文件目录（第十一批）的决定,财政部,BOUNDARY,低,养老保险,,,商业银行|基金管理公司|证券公司|金融资产,[body]…者给予工作补助的通知（2003年4月18日财政部、卫生部财社明传[2003]2号） 378.关于变更原行业统筹养老保险基金购买特种定向债券债权有关问题的通知（2000年9月6日财政部财社[2000]58号） 379.关于中央财政…,105692,True,False,
mof,fc2cd3e9d5153bb1a9e72c4eea0f833fa55da8aa6c1ac9c372da7b19634a2658,财政部令第57号,注册会计师全国统一考试违规行为处理办法,财政部,EXCLUDE,—,,,,,,9367,True,False,
mof,bc17477da8ea00d5494c58489465899834b09e0fad529cc93e09200998cf5e55,财政部令第58号,财政部门内部监督检查办法,财政部,EXCLUDE,—,,,,,,8338,True,False,
mof,201659bf9ed683fe508f767abdde6397acdb7b3554e0a25d9d29686c85059758,财政部令第55号,注册会计师全国统一考试办法,财政部,EXCLUDE,—,,,,,,3925,True,False,
mof,e4dd32b9d27ecc9137858c4bd322eb31909144af8083326ecd1e804a14186872,财政部令第54号,金融企业国有资产转让管理办法,财政部,EXCLUDE,中,,,保险资产管理|分支机构,信托公司|基金管理公司|证券公司|金融资产,[body]…的金融企业国有资产转让的审批权限，由省级财政部门确定。 国有及国有控股金融企业一级子公司（省级分公司或者分行、金融资产管理公司办事处）转让所持子公司产权，由控股（集团）公司审批。其中，涉及重要行业、重点子公司的重大国有产权转让，…,17664,True,False,
mof,548957269e62a5013263004e5849b269724e0d6f43aadf7682c81582a62f964b,财政部令第53号,财政监督检查案件移送办法,财政部,EXCLUDE,—,,,,,,4312,True,False,
mof,5f8f07637b4860f2303387e2efc33da1982689c5a9c4dfec01da704192f4d46d,国家税务总局令第50号, 中华人民共和国增值税暂行条例实施细则,财政部、国家税务总局,EXCLUDE,—,,,,,,10469,True,False,
mof,623460da4dd3c7d4ec8647529f669fe95b8669c4a3caac6b9184c16df4594277,国家税务总局令第51号,中华人民共和国消费税暂行条例实施细则,财政部、国家税务总局,BOUNDARY,低,,,分支机构,,[body]…（市）代销自产应税消费品的，于应税消费品销售后，向机构所在地或者居住地主管税务机关申报纳税。 纳税人的总机构与分支机构不在同一县（市）的，应当分别向各自机构所在地的主管税务机关申报纳税；经财政部、国家税务总局或者其授权的财政、税…,6990,True,False,
mof,9b33d5523cd4e53adfa7a54c0347507753a8f4b5143758d7752324c64b7a35b9,财政部令第48号,财政部关于公布废止和失效的财政规章和规范性文件目录（第十批）的决定,财政部,BOUNDARY,低,养老保险,,,证券公司|金融资产|银行业,[body]…理问题的通知（1995年12月18日财政部财基字[1995]938号） 237. 关于严禁将国有资产用于老职工养老保险问题的通知（1995年4月14日财政部、国家国有资产管理局财工字[1995]47号） 238. 关于印发《国有…,69559,True,False,
mof,88ad685be1ad846c42a0b7a8fa42ffb255bb9243e20063e9cc32f80bf08a5d39,财政部令第47号,金融企业国有资产评估监督管理暂行办法,财政部,EXCLUDE,中,,,,金融资产,[body]…国境内依法设立，并占有国有资产的金融企业、金融控股公司、担保公司（以下简称金融企业）的资产评估，适用本办法。 金融资产管理公司不良资产处置评估另有规定的从其规定。 第三条 县级以上人民政府财政部门（以下简称财政部门）按照统一政策…,8402,True,False,
mof,d3a961ed66b9d9757d9f97bfdf6aae14a7f896388e564a9f8baec5408f6065a2,财政部令第43号,金融企业国有资本保值增值结果确认暂行办法,财政部,BOUNDARY,低,,,偿付能力,金融资产,[body]…资产收益率、利润增长率、总资产报酬率、不良资产率等，适用于各类金融企业。行业性指标包括资本充足率、不良贷款率、偿付能力充足率、净资本负债率等。资本充足率、不良贷款率适用于银行类金融企业；偿付能力充足率适用于保险类金融企业；净资本…,6600,True,False,
mof,e1d1999e9f8e8b0c4aafd56648203b971964f0849160795bd975a658b2772458,财政部令第42号,金融企业财务规则,财政部,BOUNDARY,低,养老保险,,,商业银行|证券公司|金融资产|银行业,[body]…出突出贡献的职工给予奖励。 第三十八条 金融企业根据有关法律、法规和政策的规定，为职工缴纳的基本医疗保险、基本养老保险、失业保险和工伤保险等社会保险费用，应当据实列入成本（费用）。 参加基本医疗保险、基本养老保险且按时足额缴费的…,20860,True,False,
mof,e2d698b09938140d23dfd942347ec1600da437396a6c22f0e36186ff79c9e173,财政部令第41号,企业财务通则,财政部,BOUNDARY,低,养老保险,,,,[body]…为职工支付基本医疗、基本养老、失业、工伤等社会保险费，所需费用直接作为成本（费用）列支。 已参加基本医疗、基本养老保险的企业，具有持续盈利能力和支付能力的，可以为职工建立补充医疗保险和补充养老保险，所需费用按照省级以上人民政府规…,19784,True,False,
mof,e76cfe743cb795929032bd97d81db5777747e26089a6bc8087f4ce1b7f32df24,财政部令第36号,事业单位国有资产管理暂行办法,财政部,EXCLUDE,—,,,,,,13649,True,False,
mof,09a7135129a7473f1d0491a880683b2bc4d48ca0e8131834b79fab24f90216e2,财政部令第35号,行政单位国有资产管理暂行办法,财政部,EXCLUDE,—,,,,,,9962,True,False,
mof,0b89c4bdb6f2338a8f4efad8203d069c187ad0ea8e6702f67ffea045ce7f0868,财政部令第37号,国家蓄滞洪区运用财政补偿资金管理规定,财政部,EXCLUDE,—,,,,,,7150,True,False,
mof,4ace9e0c5f5497ebae2b27d14933990d249d82b69ace71b4522cb22067523c84,财政部令第34号,财政部关于公布废止和失效的财政规章和规范性文件目录（第九批）的决定,财政部,BOUNDARY,低,人身保险|养老保险,,,商业银行|证券公司|金融资产,[body]…82)财综字第22号） （七）行政政法类（2件） 1. 关于宾馆、饭店、招待所等不准加收“城市建设附加费”和“人身保险费”的通知（1987年4月25日 财政部(87)财文字第101号） 2. 关于加强对内部宾馆、饭店和招待所收费…,46255,True,False,
mof,33945cf860dc23d024dc7f3acea1715212575635497a4fa9b5977e4886f32724,财政部令第33号,企业会计准则---基本准则,财政部,EXCLUDE,—,,,,,,7704,True,False,
mof,646eb1e63f2c063d854ab30247f12450f8ab9ddd7287f2d7eadc84dfe346d21c,财政部令第32号,财政检查工作办法,财政部,EXCLUDE,—,,,,,,7572,True,False,
mof,65b556dd25eada3feca170455ea3251725b45586f969341541b046f0ddec5827,财政部令第25号,注册会计师注册办法,财政部,EXCLUDE,—,,,,,,5838,True,False,
mof,6c56b4ef41fa3aacc8dbbd7d9432206f03009f633e69b44cfad1311bdc9ed183,财政部令第21号,财政机关实施行政许可听证办法,财政部,EXCLUDE,—,,,,,,5525,True,False,
mof,7bafa0c2a026f140c7e025ffd8c9d16e999ecf70ae1d2ca1d7c86a108b612d41,财政部令第16号,财政部关于公布废止和失效的财政规章和规范性文件目录（第八批）的决定,财政部,BOUNDARY,低,养老保险,,,商业银行|证券公司,[body]…电力部（63）财农申字第91号、（63）水利财事字第980号〕 （十）社会保障类 1 ．关于印发《企业职工基本养老保险基金实行收支两条线管理暂行规定》的通知（财政部、劳动部、中国人民银行、国家税务总局财社字[1998]6号） 2…,93237,True,False,
mof,0db335863b167996c64373861c07e18c618ecc8e4a37b1967ddeeef31fb31d04,财政部令第14号,国有资产评估管理若干问题的规定,财政部,EXCLUDE,—,,,,,,3745,True,False,
mof,bb2a2c51e73323d05edaad8c7164b07631f61e2b96e84b920a0a9ec4ab959834,财政部令第15号,国有资产评估违法行为处罚办法,财政部,BOUNDARY,低,,,分支机构,,[body]…法。 第三条 省级人民政府财政部门（国有资产管理部门，下同）负责对本地区资产评估机构（包括设在本地区的资产评估分支机构）的违法行为实施处罚。 对严重评估违法行为，国务院财政部门可以直接进行处罚。 第四条 资产评估机构违法行为的处…,3424,True,False,
mof,a5a683429fbeecd754ec56e9dbdfe91bb336738b316cac7b1616bd95c64cc803,劳动和社会保障部令第12号,全国社会保障基金投资管理暂行办法,财政部/劳动和社会保障部,EXCLUDE,中,,,,商业银行|基金管理公司,[body]…第九条 申请办理社保基金投资管理业务应具备以下条件： （一）在中国注册，经中国证监会批准具有基金管理业务资格的基金管理公司及国务院规定的其他专业性投资管理机构。 （二）基金管理公司实收资本不少于 5000万元人民币，在任何时候都维持…,12215,True,False,
mof,addbafd86c043592d782b4bdfbf8e3be83d7d29641efc2f4845dbf5592340df8,财政部令第11号,财政部关于废止部分规章和规范性文件的决定,财政部,EXCLUDE,—,,,,,,1319,True,False,
mof,173800ac038116ca7aa4c709a63728d29d53a375acbd5effbbc3067b04773d8b,财政部令第10号,财政部门实施会计监督办法,财政部,EXCLUDE,—,,,,,,15314,True,False,
mof,d6471e4c8eb349ddc2bef553508f707fa4525efcbbc8a6c6bf1024879439b613,财政部、人事部、中央机构编制委员会办公室财行〔2000〕1号,行政单位财政统一发放工资暂行办法,财政部/人事部/中央机构编制委员会办公室,BOUNDARY,低,养老保险,,,商业银行,[body]…及代扣款项等数据，分别报编制部门和人事部门审核。代扣款项是指国家政策规定必须由个人缴纳的住房公积金、医疗保险、养老保险和依法交纳的个人所得税等款项，其他应由个人缴纳的款项不列入代扣项目。 第十一条 编制部门对单位报来的人员编制数…,4568,True,False,
mof,fb53e95cf5ca0a2ef260fed8481fdef2f1c9b75f666cbf268857cab5f634f876,财政部财会字〔2000〕12号,住房公积金会计核算办法补充规定,财政部,EXCLUDE,—,,,,,,1414,True,False,
mof,8bfde43692697b932090320a038daa1fa3cf38df013fcb323e19f2aa630b137d,财际字〔2000〕13号,世界银行贷款项目会计核算办法,财政部,BOUNDARY,低,,,保险公司,,[body]…，贷记 “银行存款”等科目；收回的残料价值和变价收入等，借记“银行存款”、“库存材料”等科目，贷记本科目；应由保险公司或过失人赔偿的损失，借记“其他应收款”、“银行存款”等科目，贷记本科目。 固定资产清理后的净收益，借记本科目，…,48675,True,False,
mof,a56e1104ddd280738257e47c3ce1ba9282ef2ba68e77bfe902674f15d0fc6fc9,财政部财债字〔1999〕268号,中国人民银行财务制度,财政部,BOUNDARY,低,养老保险,,,银行业,[body]…购建支出，以及办公设备的购置支出。 六、其他支出。指与业务活动没有直接关系的支出，包括社会保险费、失业保险费、养老保险统筹支出、税金及附加、损失款项和其他支出。 社会保险费是离、退休职工退休金、价格补贴、医疗费（含离退休人员参加…,18168,True,False,
mof,f20d8747261e4edb37aee13e7bc417a8d72e6b6b8978d220497742fb33243c99,财政部财会字〔1999〕33号,住房公积金会计核算办法,财政部,EXCLUDE,—,,,,,,510,True,False,
mof,2d11f1aa0f78f6cf1ae6c39416bdd3c8f1a53e348725446309c20fc9250f5ed9,财政部、监察部、国家发展计划委员会、审计署、中国人民银行财综字〔1999〕87号,行政事业性收费和罚没收入实行“收支两条线”管理的若干规定,财政部/监察部/国家计委/审计署/中国人民银行,EXCLUDE,—,,,,,,4186,True,False,
mof,34dc581fdcbf744099a56ce7a6cc4bc80eb4e7c2c5cbf4db276d824d0d56f47a,财政部财综字〔1999〕59号,住房公积金财务管理办法,财政部,EXCLUDE,—,,,,,,9559,True,False,
mof,a72bb00722493fb7b93b10635f7fea0295d35808f9987a4d45dfdf0f557ad702,财政部、中国农业发展银行财商字〔1998〕466号,粮食风险基金专户管理办法,财政部,EXCLUDE,—,,,,,,4501,True,False,
mof,c91beda4f320e3086a11e9e29487089d0c6c8e0774e024177f493d59d9025937,财政部、中国人民银行财预字〔1998〕201号,罚款代收代缴管理办法,财政部/中国人民银行,EXCLUDE,中,,,分支机构,商业银行,[body]…。 第二章 罚款代收机构 第三条 海关、外汇管理等实行垂直领导的依法具有行政处罚权的行政机关所处的罚款，由国有商业银行分支机构代收。国有商业银行代收有困难的，经财政部驻当地财政监察专员办事机构、中国人民银行当地分支机构协商确定，…,5558,True,False,
mof,042cea000e6a1981c65fbbed29080f5b2f047d6017c7ce49916495d2b58267ff,财政部财商字〔1997〕491号,国家政策性银行财务管理规定,财政部,BOUNDARY,低,,,保险公司|分支机构,银行业,[body]…拨付相应的人民币资金，政策性银行按规定向外汇管理部门办理购汇手续。 第八条 政策性银行在中华人民共和国境内设立分支机构，应当按照规定拨付与其经营规模相适应的营运资金。拨付各分支机构营运资金的总和，不得超过总行资本金总额的 60%…,13121,True,False,
mof,81ae7ca4be5328bd3ab5fe7dbf9b7c095f6934f68b947a9b7165961ffbc2632c,财商字〔1997〕344号,中国人民银行预算管理的规定,财政部,BOUNDARY,低,,,保险公司|分支机构,,[body]…个月内将预算指标分解下达到各省级分行，同时将系统预算分配方案抄送财政部备案，人民银行省级分行和二级分行下达所辖分支机构预算指标，应同时抄送当地专员办。 第十二条 人民银行总行负责依据财政部批准的年度预算，组织和监督全系统预算的执…,7564,True,False,
mof,d109f02306f289cb93550029310433f7914319836fb68d8d0f24e5bab56eff4f,财文字〔1997〕243号,财政部关于颁发《文化事业建设费使用管理办法》的通知,财政部/中宣部,EXCLUDE,—,,,,,,5178,True,False,
mof,f6cdcab373e26ba44e271b97e7d9e500024be2152c7ebc0acc61201dd2402f2c,财商字〔1997〕44号,商品期货交易财务管理暂行规定,财政部,EXCLUDE,—,,,,,,14780,True,False,
mof,a92b3ac8c2ba1add1adedc13e47d9e4dfc8edcffe3c7681257a4899f1498f243,财会字〔1996〕19号,会计基础工作规范,财政部,EXCLUDE,—,,,,,,28187,True,False,
mof,877b1b356e0739402275b8da44c0c920bad841721106eacc715ed77d33fb39ba,财政部财会字〔1995〕70号,勘察设计企业会计制度,财政部,BOUNDARY,低,养老保险,,,,[body]…号科目 其他应付款 一、本科目核算企业应付、暂收其他单位或个人的款项，如应付租入固定资产租金、存入保证金、应付养老保险费等。 二、企业发生的各种应付、暂收款项，借记 “银行存款”、“管理费用”等科目，贷记本科目；支付时，借记本科…,116607,True,False,
mof,f9f5b40bb2a47cb399350e877bbdeef9eb60b9d0395713375a1eefca932b9d54,财政部财法字〔1995〕6号,中华人民共和国土地增值税暂行条例实施细则,财政部,EXCLUDE,中,,,,商业银行,[body]…用。 财务费用中的利息支出，凡能够按转让房地产项目计算分摊并提供金融机构证明的，允许据实扣除，但最高不能超过按商业银行同类同期贷款利率计算的金额。其他房地产开发费用，按本条（一）、（二）项规定计算的金额之和的百分之五以内计算扣除…,7510,True,False,
mof,abe3f15327bf2d7c80fadeb389c637bffba01ef46cc8863d19027dcef4c59839,财政部、中共中央组织部、民政部、人事部、中国人民解放军总政治部、中国人民解放军总后勤部财社字〔1994〕19号,财政部关于调整移交政府安置的军队离休退休干部和退休志愿兵生活待遇的实施办法,财政部 中共中央组织部 民政部 人事部 总政治部 总后勤部,EXCLUDE,—,,,,,,15817,True,False,
mof,17f363c22ab7d1ba4ee88accd614a33bef58c4b660828ef863821a2068af1ad4,有资产管理局国资法规发〔1993〕68号,国有资产产权界定和产权纠纷处理暂行办法,国家国有资产管理局,EXCLUDE,—,,,,,,10314,True,False,
mof,d5237cc92522ea5e5761938398868a81b439bc2f48d2ecdde2ff1c751c1d9231,国有资产管理局国资办发〔1992〕36号,国有资产评估管理办法施行细则,国家国有资产管理局,EXCLUDE,—,,,,,,17480,True,False,
mof,0aeb4b3f35bef201a339cb53e4a8b0b217b9069c19d74b14769f9e70af7b43da,财政部、中国人民银行财预字〔1989〕68号,中华人民共和国国家金库条例实施细则,财政部/中国人民银行,BOUNDARY,低,,,分支机构,,[body]…库设科，支库可根据业务量大小确定要否设股，但至少应有专人负责。 第三条 支库以下的国库经收处业务，由专业银行的分支机构办理，负责收纳报解财政库款，经收处的业务工作，受支库领导。 第四条 国库的业务工作，实行垂直领导。各级国库的工…,33909,True,False,
mof,a80d1e771c7c898d4a3b87002ada6c87adaee76c8a2ea90fe19cc2315957c4c1,公告2026年第5号,国务院关税税则委员会关于对非洲建交国实施零关税举措的公告,关税司（国务院关税税则委员会办公室）,EXCLUDE,—,,,,,,405,True,False,
mof,91c5bb293f2eae7999d48e5266ae5e123583ce6bb976631e3bd7099e149a3cf8,财关税〔2026〕15号,关于“十五五”期间国家综合性消防救援队伍进口税收优惠政策的通知,财政部、海关总署、税务总局,EXCLUDE,—,,,,,,1507,True,False,
mof,0d53d4a7ff883bf859db385856964b3048d308580128d0ba36755d0b5c99d534,财关税〔2026〕7号,关于“十五五”期间支持科技创新进口税收优惠政策的通知,财政部、海关总署、税务总局,EXCLUDE,—,,,,,,2821,True,False,
mof,b4c98a3fdf5ee5603d02b59c8396cfd22162a7cdfaff032a4e91cf7bcdff4a78,财关税〔2026〕17号,关于“十五五”期间能源资源勘探开发利用进口税收优惠政策管理办法的通知,财政部、国家发展改革委、工业和信息化部、海关总署、税务总局、国家能源局,EXCLUDE,—,,,,,,6778,True,False,
mof,5829ddc411e0f45de532e8f4b2fcd0c9fe91669470ee225623437a1452b0023b,财关税〔2026〕16号,关于“十五五”期间能源资源勘探开发利用进口税收优惠政策的通知,财政部、海关总署、税务总局,EXCLUDE,—,,,,,,2004,True,False,
mof,2b27ef63f5e813f4ada84e06fde2192e74d024cb28320c54dc951358a1ea4a35,财关税〔2026〕18号,关于“十五五”期间种子种源进口税收优惠政策的通知,财政部、海关总署、税务总局,EXCLUDE,—,,,,,,3330,True,False,
mof,5741439fce3fa5f6019ff5de2c0d20b70c506ef7e43a30222c49b84b11d12e38,财关税〔2026〕12号,关于“十五五”期间支持科普事业发展进口税收优惠政策的通知,财政部、海关总署、税务总局,EXCLUDE,—,,,,,,1292,True,False,
mof,be0a12da7778bfdf0a944e95ff6c4731c6533258b4c02b87e3ef825dc7c98217,公告2026年第17号,关于增值税法施行后进口环节增值税优惠政策衔接事项的公告,财政部、海关总署、税务总局,EXCLUDE,—,,,,,,730,True,False,
mof,b894b4515461d041528a2804b022c91fc9a4c1148377bef6ec8734db94a370b8,公告2026年第16号,关于跨境电子商务出口退运商品税收优惠政策的公告,财政部、海关总署、税务总局,EXCLUDE,—,,,,,,1772,True,False,
mof,ccf6265f1b2532b3f79b33695ee4215db097f1dd55d81cb077b2d6ce94a4f62f,财关税〔2026〕6号,关于海南自由贸易港岛内居民消费的进境商品“零关税”政策的通知,财政部、海关总署、税务总局,EXCLUDE,—,,,,,,2299,True,False,
mof,99e8c6e22025915016dc14926b5c6e4b13f7ca44ae0a62fbb2350ec9ff6fbac5,公告2026年第12号,关于明确增值税应税交易销售额计算口径的公告,财政部、税务总局,EXCLUDE,—,,,,,,2811,True,False,
mof,c8340e8e04f3441bfdfee3f0e8e4cd5d9a3d253d6ba506dd1437f93673f37501,公告2026年第11号,关于出口业务增值税和消费税政策的公告,财政部、税务总局,BOUNDARY,低,,,保险公司,,[body]…服务，包括出口货物保险和出口信用保险，以及以出口货物为保险标的的产品责任保险和产品质量保证保险。 （10）境内保险公司为境外投资项目提供的海外投资保险。境内保险公司向境外保险公司提供的完全在境外消费的再保险服务。 （11）向境外…,31413,True,False,
mof,71c1fc83de68aa2b13ea9370eb2e7e0e609344779c1daa3bcf2c9db28db4d5d9,公告2026年第10号,关于增值税法施行后增值税优惠政策衔接事项的公告,财政部、税务总局,INCLUDE,中,人寿保险|人身保险|健康保险|养老保险|养老保险公司,,,信托公司|商业银行|基金管理公司|证券公司|金融资产|银行业|银行业金融机构,[body]…中国人民银行、金融监管总局、中国证监会批准成立且经营金融保险业务的金融机构等。 19.保险公司开办的一年期以上人身保险产品取得的保费收入。 一年期以上人身保险，是指保险期间为一年期及以上返还本利的人寿保险、养老年金保险和其他年金…,39011,True,True,RFN-d9c806f538c7459e
mof,93a157df0a71bd02c05062f844bbc86fe8302b6e13d784fcd9f16c814852c427,公告2026年第9号,关于增值税征税具体范围有关事项的公告,财政部、税务总局,EXCLUDE,—,,,,,,597,True,True,RFN-066a224049dcdc3c
mof,ff9a7e32040febfa624aaeabab594d0a9e64eaa27fc87ca2a77d070cf4da9bd2,公告2026年第1号,国务院关税税则委员会关于调整威士忌酒进口关税的公告,国务院关税税则委员会,EXCLUDE,—,,,,,,284,True,False,
mof,127526f750605534d9379608e9093274f1a081f5b9b5caf94b044275d612df2b,公告2026年第15号,关于发布《长期资产进项税额抵扣暂行办法》的公告,财政部、税务总局,EXCLUDE,—,,,,,,364,True,False,
mof,785350aec1b0d55c16624df1b65a566638b6ccf8be7a35d49011b0e7b9b63a58,公告2026年第14号,关于发布《增值税预缴税款管理办法》的公告,财政部、税务总局,EXCLUDE,—,,,,,,386,True,False,
mof,babebd3f2bed2c41ca732e97e2aafef0e8a4a50d0996b084fc8c6abca15ac175,公告2026年第13号,关于增值税进项税额抵扣等有关事项的公告,财政部、税务总局,EXCLUDE,中,,,保险公司,信托公司|基金管理公司|证券公司,[body]…应收未收利息暂不缴纳增值税，待实际收到利息时按规定缴纳增值税。 上述所称金融机构，是指银行、信用社、财务公司、信托公司、证券公司、保险公司、金融租赁公司、证券基金管理公司以及其他经中国人民银行、金融监管总局、中国证监会批准成立且…,3821,True,False,
mof,71ade8b87dcd3a133c00bfab30c3015f43bc1f9ae94ba27e40d0963537cba084,财教〔2026〕1号,关于印发《现代职业教育质量提升计划资金管理办法》的通知,财政部 教育部,EXCLUDE,—,,,,,,7631,True,False,
mof,ea68eb6cbe53ad535b964cf10d6955ca21e487dbd13a4d6e6ff45cb1470874f0,财金〔2026〕5号,关于优化实施服务业经营主体贷款贴息政策的通知,财政部、商务部、中国人民银行、金融监管总局,EXCLUDE,中,,,,商业银行,[body]…丰银行股份有限公司、浙商银行股份有限公司、渤海银行股份有限公司等21家全国性银行，金融监管评级3A及以上的城市商业银行、省级农村商业银行、省会城市农村商业银行、外资银行。 五、优化工作机制。 省级财政部门在现有工作机制基础上进一…,5264,True,False,
mof,26736b02518bab1d6593927a94bb798559bd62edbf3c0e2f95d1a68ff2259ef1,财金〔2026〕6号,关于实施民间投资专项担保计划的通知,财政部、工业和信息化部、中国人民银行、金融监管总局,EXCLUDE,—,,,,,,3903,True,False,
mof,7b518b4dc51f7537cf471a1e85650866ea7e35d3952aae6d7c7269d62a3da6dc,财金〔2026〕2号,关于优化实施设备更新贷款财政贴息政策的通知,财政部、国家发展改革委、中国人民银行、金融监管总局,BOUNDARY,低,,,分支机构,,[body]…政部门提出2026年全年贴息资金需求申请，省级财政部门收到申请后10个工作日内向省行预拨贴息资金。省行按月汇总分支机构贴息资金申请并向省级财政部门提交申请及证明材料。省级财政部门要会同相关部门建立联审工作机制，集中组织相关部门开…,4289,True,False,
mof,85e6fc7c858d9c145d907522176514bc92ab55ffb1220ab4e84bc5edcfc33038,财金〔2026〕4号,关于实施中小微企业贷款贴息政策的通知,财政部、​国家发展改革委、工业和信息化部、中国人民银行、金融监管总局,EXCLUDE,中,,,,商业银行,[body]…丰银行股份有限公司、浙商银行股份有限公司、渤海银行股份有限公司等21家全国性银行，金融监管评级3A及以上的城市商业银行、省级农村商业银行、省会城市农村商业银行、外资银行。 （五）工作机制。财政部门与银行对接实行“总对总”模式。国…,5649,True,False,
mof,83c1fe78402dfe9dad619af8e8d90b9ba26ca644b0f23f5f87090949038981ec,公告2026年第7号,关于延续实施养老、托育、家政等社区家庭服务业税费优惠政策的公告,财政部、税务总局、国家发展改革委、民政部、商务部、国家卫生健康委,EXCLUDE,—,,,,,,2772,True,False,
mof,d7319bdaf6f3a3292d458aacec99a3476182f8b77359e7195ed59de944a0b770,公告2026年第6号,关于延续实施境外机构投资国债和地方政府债券增值税政策的公告,财政部、税务总局,EXCLUDE,—,,,,,,342,True,False,
mof,4745ed5c5bdeeb00fdf95046086c045d4795cd5308234fccd795073c186b6a68,证监会公告2026年第8号,关于延续实施创新企业境内发行存托凭证试点阶段有关税收政策的公告,财政部、税务总局、中国证监会,EXCLUDE,—,,,,,,2461,True,False,
mof,c3a5e26cdaf11385b5f009450fb55bea490b01733f0302b81be48a1fb725edc9,财库〔2026〕2号,关于推动解决政府采购异常低价问题的通知,财政部,EXCLUDE,—,,,,,,4263,True,False,
mof,9aee098b151efbc007b5d63ea71b25670f955a1ac34714a7dbd914d9d538eead,公告2026年第5号,关于延续实施境外机构投资境内债券市场企业所得税、增值税政策的公告,财政部、税务总局,EXCLUDE,—,,,,,,439,True,False,
mof,88d67cddf9367744864c4a1c68a0b63754153734f075c1b1fccf4de62a26f1f0,公告2026年第4号,关于延续实施公共租赁住房税收优惠政策的公告,财政部、税务总局,EXCLUDE,—,,,,,,1954,True,False,
mof,2b4d85e541eed9250598f24ea41a842042454d81a81ae4a9db282eec58971cd4,公告2026年第3号,关于延续实施支持居民换购住房有关个人所得税政策的公告,财政部、税务总局、住房城乡建设部,EXCLUDE,—,,,,,,1425,True,False,
mof,67acb57bcc5b72590e20972e870b6fe874f00a1b2df531649e7cc1a3e84808a4,财关税〔2026〕1号,关于河套深港科技创新合作区深圳园区货物进出口有关税收政策的通知,财政部、海关总署、税务总局,EXCLUDE,—,,,,,,3818,True,False,
mof,033480f46ca7d01a3b8b7960692f4d4956b19489e687c06a79985751a6834dc6,公告2026年第2号,关于调整光伏等产品出口退税政策的公告,财政部、税务总局,EXCLUDE,—,,,,,,688,True,False,
mof,670346d894a6421b4fe78359d0b1160530f5a26d1ac25a94c26c8c43715198fe,财行〔2025〕422号,关于印发《中央专项彩票公益金支持低收入妇女“两癌”救助项目管理办法》的通知,财政部、全国妇联,EXCLUDE,—,,,,,,454,True,False,
mof,77bf3af675d81cca470fcedabfa03ff2d1eb51d6f88b12c2d655c64453dcc3d4,公告2025年第17号,关于个人销售住房增值税政策的公告,财政部、税务总局,EXCLUDE,—,,,,,,660,True,False,
mof,9a9f9942dc1ae20cca2daaa8d6efd0198e949f163daae7de26b7ae1f18ee6461,财会〔2025〕35号,关于印发《〈社会保险基金会计制度〉补充规定》的通知,会计司,BOUNDARY,低,,,保险机构|保险资金,,[body]…居民基本医疗保险基金“5101 大病保险支出”科目的明细科目设置及会计处理。 经办机构应当在本科目下增设“商业保险机构承办”、“自行经办待遇支出”明细科目，分别核算划转商业保险机构承办以及医保经办机构自行经办的大病保险资金。 在…,7086,True,False,
mof,2a215f34e0297f78295980c6bf10d6ed3a7d556aabbb80de74a4118dde2fc505,公告2025年第16号,关于广告费和业务宣传费支出税前扣除有关事项的公告,财政部、税务总局,EXCLUDE,—,,,,,,1056,True,False,
mof,36024e59f7599d974b8369ca8f249d65efc4d33d277bfdb4c8c0d00cb936da4d,公告2025年第15号,关于保险合同准则转换有关企业所得税处理事项的公告,财政部、税务总局,BOUNDARY,低,健康险|寿险,,,,[body]…公司准备金支出企业所得税税前扣除有关政策问题的通知》（财税〔2016〕114号）第三条中关于未到期责任准备金、寿险责任准备金、长期健康险责任准备金的相关规定。 特此公告。 财政部 税务总局 2025年12月22日 按照《中华…,1812,True,True,RFN-f8f89bbed0acaedf
mof,aa2c02d688aa34087f241a55350764ef04f37aec18d284a5efa81fa5c0790e06,财资环〔2025〕153号,关于印发 《林业草原改革发展资金管理办法》的通知,财政部、国家林草局,EXCLUDE,—,,,,,,395,True,False,
mof,82e7fef9e8eff04ac42ff6ffa23591e46eff95c3d7fa6fecd5e7a53a47d12c7c,财金〔2025〕135号,关于进一步发挥政府性融资担保体系作用 加力支持就业创业的指导意见,财政部、人力资源社会保障部、中国人民银行、金融监管总局,BOUNDARY,低,,,分支机构,银行业金融机构,[body]…速度。 四、强化信息归集共享 （十一）健全跨部门数据共享机制。鼓励地方财政、人力资源社会保障部门和中国人民银行分支机构建立资格审核、贷款发放、担保增信、财政贴息等数据共享平台，优化创业担保贷款相关数据及担保稳定和新增就业人数统计…,5442,True,False,
mof,7509e72e3ba3632e010a109389dca4d116bba221843673328c454c4698563a83,财教〔2025〕285号,关于印发《文化产业发展专项资金管理办法》的通知,财政部,EXCLUDE,—,,,,,,7573,True,False,
mof,952b914365e913b1ac24a05a5c02e82230ec334733ba0412e25a096c9ab94641,财会〔2025〕32号,关于印发《企业会计准则解释第19号》的通知,财政部,EXCLUDE,中,,,,金融资产,[body]…的金融负债的终止确认 该问题主要涉及《企业会计准则第22号——金融工具确认和计量》、《企业会计准则第23号——金融资产转移》等准则。 （一）会计处理。 除非适用《企业会计准则第22号——金融工具确认和计量》第十条以常规方式购买或…,9056,True,False,
mof,c954bef7f98d229d67847b398eb6531bd4e291b12afa0c8fc65ea5abefb3b42c,公告2025年第13号,关于科威特籍的应税船舶适用船舶吨税优惠税率的公告,财政部 海关总署,EXCLUDE,—,,,,,,298,True,False,
mof,56b597466e2895842d07ecd774cfdcbe3a0fd693ecaa3f50dfff0fdb1a360bdc,财会〔2025〕30号,关于印发《关于进一步加强科学事业单位内部控制建设的指导意见》的通知,财政部   科技部,BOUNDARY,低,,,分支机构,,[body]…制措施；加强对投资项目的追踪管理，建立责任追究制度。强化所属单位管理，明确所属单位的职能定位和权限，建立健全对分支机构、下设企业、挂靠非营利机构等所属单位的管理体制机制；采取切实有效措施履行国有资产监管职责，维护国有资产权益，健…,16234,True,False,
mof,ca9ade61fbe22767d92f8d5b72cbdceb31d7804424548508c3cef1c1ddf07da4,公告2025年第12号,关于明确资源税有关政策执行口径的公告,财政部 税务总局,EXCLUDE,—,,,,,,7320,True,False,
mof,b33dc53ba53624fad9870867dc315cc702dfd148e7e1be5e7c1469e1b82d29b6,公告2025年第10号,国务院关税税则委员会关于调整对原产于美国的进口商品加征关税措施的公告,国务院关税税则委员会办公室,EXCLUDE,—,,,,,,566,True,False,
mof,119387021abe16f19b663ff3761cf758c75a3abe56683289e1185f0786aef5cb,公告2025年第9号,国务院关税税则委员会关于停止实施对原产于美国的部分进口商品加征关税措施的公告,国务院关税税则委员会办公室,EXCLUDE,—,,,,,,497,True,False,
mof,44cfea87793c1ad08fa84407bdd5d59b72e2c9032eca83664f710858cd17c32e,财会〔2025〕25号,关于进一步压实会计工作责任   加强会计法律法规和国家统一的会计制度贯彻实施的意见,财政部,EXCLUDE,—,,,,,,15508,True,False,
mof,99d9966ed48efec8b5728b0739e7b4c403c352bc1738da5fa253c1e17c847fbe,,关于黄金有关税收政策的公告,财政部　税务总局,EXCLUDE,—,,,,,,6047,True,False,
mof,4e19c965bf95d08afb6d6c7100b96060322b18c59a8d865e8715cf5311d049b8,财关税〔2025〕19号,关于完善免税店政策支持提振消费的通知,财政部 商务部 文化和旅游部 海关总署 税务总局,EXCLUDE,—,,,,,,5413,True,False,
mof,5daf15fd455efb076b363266c551c6eed19acc180a123ea39c00728fe682f1f3,财会〔2025〕24号,关于印发《行政事业单位内部控制评价办法》的通知,财政部,EXCLUDE,—,,,,,,9458,True,False,
mof,97514f3c7647c3e38a674892bf97cdc1b9577f0ab16409b26ae3776b59bb0f21,,关于调整风力发电等增值税政策的公告,财政部 海关总署 税务总局,EXCLUDE,—,,,,,,1132,True,False,
mof,0b21bbd76f5b53670640bf4a67cb25e11c7cfede62c0a9575d50980f75012b9a,公告2025年第9号,关于调整海南离岛旅客免税购物政策的公告,财政部、海关总署、税务总局,EXCLUDE,—,,,,,,2148,True,False,
mof,10348097d176eff345c66bbadc79036484e04e2a2be0d87f557266614216f0c5,财资〔2025〕137号,关于印发《行政事业单位、国有企业、上市公司选聘资产评估机构管理办法》的通知,财政部  国务院国资委  中国证监会,EXCLUDE,—,,,,,,4702,True,False,
mof,9d69c3d06385cac6cac535ebebb1664f742aefdba7a2b73d362215dd986bf6b3,财会〔2025〕20号,关于印发《会计师事务所反洗钱工作管理办法》的通知,财政部 中国人民银行,BOUNDARY,低,,,分支机构,,[body]…钱义务的情况进行监督检查，依法处理同级反洗钱行政主管部门提出的反洗钱监督管理建议。国务院反洗钱行政主管部门及其分支机构依法协助省级以上财政部门进行相关监督检查。 第二十四条 各级注册会计师协会在财政部门、反洗钱行政主管部门的指导…,7334,True,False,
mof,790abe18bf0686fc87523ef325ffbdc8ecbfa16acdca43aa5cefd257a727b725,财资〔2025〕128号,关于进一步规范知识产权资产评估若干问题的通知,财政部 金融监管总局  国家知识产权局 国家版权局,EXCLUDE,中,,,保险公司,商业银行,[body]…务，应当关注知识产权资产的价值动态性、无形性、资产变现能力差别大等特点，充分发挥知识产权资产评估的专业作用，为商业银行、保险公司等金融机构以及融资担保公司控制知识产权质押融资风险提供决策参考。 三、加强知识产权资产评估监督管理和…,4434,True,False,
mof,7cb222cec782ca294984668bba422d6861d26c5269afe1a96016be4f27a016e2,财税〔2025〕26号,关于划转充实社保基金国有股权及现金收益运作管理税收政策的通知,财政部 税务总局,EXCLUDE,—,,,,,,1208,True,False,
mof,ab0decfed9feee618975e7c296143c84da2ef6912807948334430e4f9a2ad7dd,公告2025年第7号,关于完善增值税期末留抵退税政策的公告,财政部 税务总局,EXCLUDE,—,,,,,,6053,True,False,
mof,b195c015c771c7d6859554418cf987e63f2a73c5fe1b7c5aac0009c5c2d0e3a2,财会〔2025〕17号,关于印发《地方政府专项债券相关业务会计处理暂行规定》的通知,财政部,EXCLUDE,—,,,,,,10670,True,False,
mof,0a70656c29102776ee5a38311119ddf40f7afc6ad66e2c72acceed552cf77046,公告2025年第6号,关于育儿补贴有关个人所得税政策的公告,财政部 国家税务总局,EXCLUDE,—,,,,,,487,True,False,
mof,0aad03cff5cbb6f32f9ccb1964067b91e657b875aaa902086ee370b12757d37e,公告2025年第8号,国务院关税税则委员会关于调整对原产于美国的进口商品加征关税措施的公告,国务院关税税则委员会办公室,EXCLUDE,—,,,,,,551,True,False,
mof,a0899f55c58503de85de49ecad3a43258fd0ba38e67090bae0619748325c8ef4,公告2025年第5号,关于明确快递服务等增值税政策的公告,财政部 税务总局,BOUNDARY,低,,,分支机构,,[body]…本公告所称快递企业，是指在境内从事快递业务经营并依法取得快递业务经营许可的企业，上述企业向邮政管理部门备案的分支机构，以及上述企业或者上述分支机构向邮政管理部门备案的快递末端网点。快递末端网点，是指提供快递末端服务的经营网点。…,1756,True,False,
mof,30d252f782f116123e5f78cc87e1f98e24d4d92791c1b7e40311a8b6f83a940c,财金〔2025〕81号,关于印发《服务业经营主体贷款贴息政策实施方案》的通知,财政部  ​民政部  人力资源社会保障部  商务部  文化和旅游部  国家卫生健康委 中国人民银行 金融监管总局 体育总局,EXCLUDE,—,,,,,,9277,True,False,
mof,775fad23a39ff1f2d7fd80c2828516a4eaf91a326f601bd392f77ea371090bf5,财教〔2025〕180号,关于印发《支持学前教育发展资金管理办法》的通知,财政部,EXCLUDE,—,,,,,,389,True,False,
mof,2171a0943ea915e18e5227b1b30b843de9681cbd29b6fe4e8bc5478b4028ee58,公告2025年第4号,关于国债等债券利息收入增值税政策的公告,财政部 税务总局,EXCLUDE,—,,,,,,598,True,False,
mof,e0f174ab6c242c2567ef4f78d92084c00a8021becab641d2b39fc683f8c10ed1,财关税〔2025〕12号,关于海南自由贸易港货物进出“一线”、“二线”及在岛内流通税收政策的通知,财政部 海关总署 税务总局,EXCLUDE,—,,,,,,6997,True,False,
mof,2828bd281205cb436a48cea96b6d8cd23bb62b346b6271c6f478cfb0d864a7cc,财关税〔2025〕13号,关于海南自由贸易港进口征税商品目录的通知,财政部 海关总署 税务总局,EXCLUDE,—,,,,,,776,True,False,
mof,a6ab697e311597450ea3e529827ceddcb7132ac899bc41b4dcd72754b3975d09,,关于调整超豪华小汽车消费税政策的公告,财政部、税务总局,EXCLUDE,—,,,,,,1150,True,False,
mof,ed9b9dc7d590c1dab0809a90f2ccf711fbdb24c2fa4480eaa49baa1bc10f8232,财库〔2025〕19号,财政部关于在政府采购活动中对自欧盟进口的医疗器械采取相关措施的通知,国库司(政府采购管理办公室),EXCLUDE,—,,,,,,817,True,False,
mof,de6f7454c8c78437a53dd816fb20b5e4b916eeaa3fae728ee8385ea9a3aeb3ac,公告2025年第2号,关于境外投资者以分配利润直接投资税收抵免政策的公告,财政部,EXCLUDE,—,,,,,,4855,True,False,
mof,617962a885977f23f39ef7c6f1fbb0b02c8c9a807f9d2a67685abfb88f23ca8c,财资〔2025〕101号,关于公司法、外商投资法施行后有关财务处理问题的通知,资产管理司,EXCLUDE,中,,,,银行业金融机构,[body]…公司应自股东会作出资本公积金弥补亏损决议之日起三十日内通知债权人或向社会公告。公司债权人对其债务风险合理评估。银行业金融机构按金融监管部门有关规定进行信息披露，不适用本条要求。 （四）使用资本公积金弥补亏损的公司应在履行相关信息披露义…,3141,True,False,
mof,abe0cbcde20bfb61d6449cd0a95b4c13c0b6a174de58ca7364a2bfec5e0d3c7d,财会〔2025〕12号,关于进一步贯彻落实新保险合同会计准则的通知,会计司,BOUNDARY,低,寿险,,,金融资产,[body]…要求偿还的金额，以及该金额与相关保险合同组合账面价值之间关联性的说明。企业选择不披露上述信息的，应当披露其全部寿险业务的现金价值。 （四）衔接规定。 1.首次执行新保险合同会计准则时，企业可以仅列报首次执行日前最近一个会计年…,7756,True,True,RFN-61a6d96741ffdb65;RFN-61a6d96741ffdb65
mof,0ccf55596d0bf327720aa368a89c30f3b98bb181644d2943aadf0d731d970478,财教〔2025〕103号,关于印发《中国文学艺术发展专项基金管理办法》的通知,财政部,EXCLUDE,—,,,,,,365,True,False,
mof,9aec4460c3ba83feaedb12b9d027dc54f97986c1643722c536af7c4b67b4d867,财教〔2025〕102号,关于印发《中国文学艺术发展专项基金捐赠收入财政配比资金管理办法》的通知,财政部,EXCLUDE,—,,,,,,465,True,False,
mof,9415b18eb6097834cc7bbf4ec039d699e38d995c026267a3b5c449995f87a831,财税〔2025〕15号,关于2025年第12届世界运动会税收政策的通知,财政部、海关总署、税务总局,EXCLUDE,—,,,,,,1812,True,False,
mof,7a1cc18ba3281ef8a74769776efc42a3e14cfb8601dc481c25944781dc20139e,公告2025年第7号,国务院关税税则委员会关于调整对原产于美国的进口商品加征关税措施的公告,国务院关税税则委员会,EXCLUDE,—,,,,,,861,True,False,
mof,ee42a07032a970b7785e94e2fde58194f9002942e02471b92fb9abdce96d547f,财会〔2025〕6号,关于印发《民间非营利组织新旧会计制度有关衔接问题的处理规定》的通知,财政部,EXCLUDE,—,,,,,,585,True,False,
mof,6b6f0390cee837a788ca5376926e72b172a1cb2357f26404f83122c795033df0,财教〔2025〕68号,关于印发《城乡义务教育补助经费管理办法》的通知,财政部、教育部,EXCLUDE,—,,,,,,401,True,False,
mof,2915424333ec233ed98eb2e5e9c3d23382cfb13ec969428d6c30890497aa2779,财会〔2025〕5号,关于修订印发《会计师事务所从事证券服务业务备案管理办法》的通知,财政部、中国证监会,EXCLUDE,—,,,,,,1742,True,False,
mof,77b6c4e29da4cbc76f76b10bc56fe4fed46c6e5d5d11b551e128a0f62bf9bc4b,公告2025年第6号,国务院关税税则委员会关于调整对原产于美国的进口商品加征关税措施的公告,国务院关税税则委员会,EXCLUDE,—,,,,,,974,True,False,
mof,6a843f85dfda52ccdf8afa5bded8697a8f6ed8d6e371944f23410a29886e3fac,公告2025年第5号,国务院关税税则委员会关于调整对原产于美国的进口商品加征关税措施的公告,国务院关税税则委员会,EXCLUDE,—,,,,,,786,True,False,
mof,8f7c3a5003c7d486eb7ca715c89a44c18c39e609fe6037c7904be7f992a0ce29,公告2025年第4号,国务院关税税则委员会关于对原产于美国的进口商品加征关税的公告,国务院关税税则委员会,EXCLUDE,—,,,,,,851,True,False,
mof,72b262c51819db9d66938f8d0d4de3710cf732786503031f0476dd70a4f4e2ec,财教〔2025〕69号,关于做好2025年国家助学贷款免息及本金延期偿还工作的通知,科教和文化司（中央文化企业国有资产监督管理领导小组办公室）,EXCLUDE,中,,,,银行业金融机构,[body]…民银行上海总部、 各省、 自治区、 直辖市、 计划单列市分行， 各金融监管局， 中央部门所属各高等学校， 有关银行业金融机构： 为加大保障和改善民生力度， 支持做好 2025 年高校毕业生就业服务工作， 现就做好 2025 年国家助学…,1084,True,False,
mof,b285e4ae3c5d7e962124a780a91da46b9843e105bd7ded1387d0322d953984ee,财教〔2025〕70号,关于《中央支持地方公共文化服务体系建设补助资金管理办法》等文件的补充通知,财政部,EXCLUDE,—,,,,,,3011,True,False,
mof,1cd6b7d3e51d7b9f524e67257f9667a11f5f6499087376e8574fa90d50fb87b4,财税〔2025〕10号,关于继续实施离岸贸易印花税优惠政策的通知,税政司,EXCLUDE,—,,,,,,919,True,False,
mof,1fe3b4912a924e88b41b5da4c3008f3b116dcf6ef41b88a090985d7ec432c15b,公告2025年第3号,国务院关税税则委员会关于对原产于加拿大的部分进口商品加征关税的公告,关税司（国务院关税税则委员会办公室）,EXCLUDE,—,,,,,,1157,True,False,
mof,1fb449e94ae6d4c0112ac81e7d39a7bac8655497bcda28cd7ade639218f00090,财建〔2025〕35号,关于印发《清洁能源发展专项资金管理办法》的通知,经济建设司,EXCLUDE,—,,,,,,437,True,False,
mof,646ee7d6c3059255aeede1c32ef155725169ab5a876e787f9a37e38ffb69fd26,财金〔2025〕11号,关于印发《政府性融资担保发展管理办法》的通知,金融司,EXCLUDE,—,,,,,,762,True,False,
mof,744170384e373074bc266e8534b388f7e1bf29fe0c941fc4b18ba17ddaac621a,财教〔2025〕2号,关于印发《国家重点研发计划资金管理办法》的通知,科教和文化司（中央文化企业国有资产监督管理领导小组办公室）,EXCLUDE,—,,,,,,533,True,False,
mof,24145d1e6599f0c0bbbc5028b1229082f3a8b6dc24eeed36aa4445ed1b8f8d1f,财会〔2024〕28号,关于加强和规范村级会计委托代理服务工作的意见,会计司,EXCLUDE,—,,,,,,7725,True,False,
mof,09a760f8dfe82775905b4871f5c0f47b40f28b533093690bcfbcd2b5ff2b91c2,财会〔2024〕29号,关于印发《中国注册会计师独立性准则第1号——财务报表审计和审阅业务<br>对独立性的要求》的通知,会计司,EXCLUDE,—,,,,,,736,True,False,
mof,21308491b6d0b4e54cecda89e420171abc2cbb7d17869d600317db2840715896,财行〔2024〕437号,关于印发《党政机关会议定点管理办法》的通知,行政政法司,EXCLUDE,—,,,,,,801,True,False,
mof,b3641e51dd08515f1dd66e6a20ba26a74150895f64d0a2156b67d6bdb5eda2ef,公告2024年第13号,国务院关税税则委员会关于发布《中华人民共和国进出口税则（2025）》的公告,关税司（国务院关税税则委员会办公室）,EXCLUDE,—,,,,,,324,True,False,
mof,cd5cdaccb2789a61efa88e63b525aa89bbaa6f4dfe5b4ddcd62c31bf5fa975bb,财会〔2024〕27号,财政部关于印发《关于进一步加强注册会计师协会自律监督工作的意见》的通知,会计司,EXCLUDE,—,,,,,,685,True,False,
mof,4986b8cceb48896d9b46dd8cce094accf685865712b8bd9bc996eb2990b988e5,财综〔2024〕62号,财政部关于印发《财政电子票据管理办法》的通知,综合司,EXCLUDE,—,,,,,,674,True,False,
mof,42400d4d3020f5c87fc7eb26c0421e6db601fe810cda607eefa9cba60ed38d85,公告2024年第12号,国务院关税税则委员会关于2025年关税调整方案的公告,国务院关税税则委员会,EXCLUDE,—,,,,,,448,True,False,
mof,9ce15aebadb38ccfa530f6cb4dd443c3c141473cee699a1c446b0df9638d70bd,财教〔2024〕262号,关于建立基于专业大类的职业教育差异化生均拨款制度的意见,科教和文化司（中央文化企业国有资产监督管理领导小组办公室）,EXCLUDE,—,,,,,,6543,True,False,
mof,e8c5e96356bde9612563cb6d8a8b3903b12d5f345eb757792d9bb40ce388178a,财资〔2024〕172号,财政部 中国证监会关于印发《资产评估机构从事证券服务业务备案办法》的通知,资产管理司,EXCLUDE,—,,,,,,535,True,False,
mof,aac18f30814323aa13220189ec5e74071dfdd4ac4361c4e817f4d19a7e38571f,财会〔2024〕25号,关于印发《民间非营利组织会计制度》的通知,会计司,EXCLUDE,—,,,,,,477,True,False,
mof,9391094dcc3197fd31fba4278aff8373884f74d0d9cf0d597e4e9243bf128f0b,财教〔2024〕288号,关于印发《中央专项彩票公益金支持中华文明典籍版本征集项目资金管理办法》的通知,科教和文化司（中央文化企业国有资产监督管理领导小组办公室）,EXCLUDE,—,,,,,,474,True,False,
mof,6804112b432a1462d713d4fcb3b5af3ce8e60e1acbe92c4905cb2a6fda172a44,公告2024年21号,关于在全国范围实施个人养老金个人所得税优惠政策的公告,财政部、税务总局,EXCLUDE,中,,,分支机构,商业银行,[body]…得的，其缴费在次年汇算清缴时在限额标准内据实扣除。个人按规定领取个人养老金时，由开立个人养老金资金账户所在市的商业银行机构代扣代缴其应缴的个人所得税。 三、人力资源社会保障部门与税务部门应建立信息交换机制，通过个人养老金信息管理…,1771,True,True,RFN-2f005ad7b1c2f297
mof,e2170110785fd9b967bce99bebf689994cc685c4fa631fd3d84be06921578db9,财会〔2024〕24号,关于印发《企业会计准则解释第18号》的通知,会计司,EXCLUDE,—,,,,,,460,True,False,
mof,f424528b21647219caedd99116bae79a2d1152017fe2a61a47d35240bb04aa11,公告2024年第20号,关于文化体制改革中经营性文化事业单位转制为企业税收政策的公告,财政部、税务总局、中央宣传部,EXCLUDE,—,,,,,,2998,True,False,
mof,7de67b2d38c27b71ca46030f1d2f86c30a18dca3ef60994681af59e9cc0b256a,财资环〔2024〕159号,关于修订《林业草原生态保护恢复资金管理办法》的通知,自然资源和生态环境司,EXCLUDE,—,,,,,,589,True,False,
mof,7b0be0d1883d35a5aef0ff2457f20f57e7e62d2e3854a5d779233dd3a1e8d966,财关税〔2024〕27号,关于利比里亚共和国籍的应税船舶适用船舶吨税优惠税率的通知,关税司（国务院关税税则委员会办公室）,EXCLUDE,—,,,,,,358,True,False,
mof,dbc7d097202d2d994e55ece442313106b7a88534a8b2469acb07f742d41ce318,公告2024年第18号,关于继续执行关税专项优惠政策的公告,财政部、海关总署,EXCLUDE,—,,,,,,236,True,False,
mof,a2cf8287fc404c29fb5a1496f43d6e7335a890b035194d33b52be2268a2a8735,公告2024年第17号,关于一票货物免征关税额度的公告,财政部、海关总署,EXCLUDE,—,,,,,,305,True,False,
mof,4ba1e4aebaba18a47976b0992355f040474f80e2bbd7681a8f318d7487c99a2c,公告2024年第11号,国务院关税税则委员会关于公布《进境物品关税、增值税、消费税征收办法》的公告,关税司（国务院关税税则委员会办公室）,EXCLUDE,—,,,,,,371,True,False,
mof,13b97cc90f0faf4bba0e1c6f7539f03a02e0db0a9657e78ca92286647411574c,财会〔2024〕16号,关于印发《关于进一步加强高等学校内部控制建设的指导意见》的通知,会计司,EXCLUDE,—,,,,,,658,True,False,
mof,274c12f80ebc165c6687ea796fd51d09048334da43f19b58495801b980abe31e,财关税〔2024〕24号,关于安提瓜和巴布达籍的应税船舶适用船舶吨税优惠税率的通知,关税司（国务院关税税则委员会办公室）,EXCLUDE,—,,,,,,682,True,False,
mof,a71bc748278cf4b8c003b16f13366a48669836cfe048556380db9f8f8bb28969,公告2024年第15号,关于调整出口退税政策的公告,财政部、税务总局,EXCLUDE,—,,,,,,590,True,False,
mof,9c5bc66f1edb65dd51cac45765f6e748e7a7c441f3b6c2b20d845acc888d8ba3,公告2024年第15号,关于调整出口退税政策的公告,财政部、税务总局,EXCLUDE,—,,,,,,591,True,False,
mof,0106abe8a2541efcb2b11256b1462a7ce43c1060d14d7b6ee612dd48d4ed3020,公告2024年第16号,关于促进房地产市场平稳健康发展有关税收政策的公告,财政部、税务总局、住房城乡建设部,EXCLUDE,—,,,,,,2328,True,False,
mof,f0385e2d05f47e97d588116fbdf4dec467c91c9bf8e7679a0f77740d9bf496a5,财税〔2024〕31号,关于扩大启运港退税政策实施范围的通知,税政司,EXCLUDE,—,,,,,,3518,True,False,
mof,150a835637a230dcb86bf3d36e10d0019fd7c97b671dc4fb81e95b424769f9e8,公告2024年第16号,关于促进房地产市场平稳健康发展有关税收政策的公告,财政部、税务总局、住房城乡建设部,EXCLUDE,—,,,,,,2318,True,False,
mof,6c4a90b021f3fd2b60f088452323cce1ec86302faf8aa5ccf8d7fd52f57b8be8,财资环〔2024〕139号,关于印发《中央生态环保转移支付资金竞争性评审项目申报和管理暂行办法》的通知,自然资源和生态环境司,EXCLUDE,—,,,,,,547,True,False,
mof,740b3c6b5a5f2437101c262441f28ad09282d4889776e668ca10b13c52676561,财综〔2024〕48号,关于提前下达2025年部分中央财政城镇保障性安居工程补助资金预算的通知,综合司,EXCLUDE,—,,,,,,1518,True,False,
mof,3f8c84e9926a9432823d1a8695d549589857b2e9592567c28d2027e30ca4703c,财教〔2024〕188号,关于调整完善国家助学贷款有关政策的通知,科教和文化司（中央文化企业国有资产监督管理领导小组办公室）,EXCLUDE,中,,,,银行业金融机构,[body]…海总部、 各省、 自治区、 直辖市、 计划单列市分行， 金融监管总局各监管局， 中央部门所属各高等学校， 有关银行业金融机构： 为进一步加大对高校家庭经济困难学生的支持力度， 更好满足学生贷款需求， 减轻学生经济负担， 现就调整完善国…,1538,True,False,
mof,7a94fbf127db2e0d5d880ee04028757f2c6b849ecf7c48149d4c2260ab590696,财教〔2024〕181号,关于调整高等教育阶段和高中阶段国家奖助学金政策的通知,科教和文化司（中央文化企业国有资产监督管理领导小组办公室）,EXCLUDE,—,,,,,,4133,True,False,
mof,60955deb388c691ffd9395bbfae9f63e0c00b4f3b7d64384826e49c381709294,财库〔2024〕23号,关于进一步加强财政总会计核算管理有关事项的通知,国库司(政府采购管理办公室),EXCLUDE,—,,,,,,4605,True,False,
mof,af0783e9ab629e035a39880ee02f57ff3b270ab3fdc21c743d6ec31835a14c64,财税〔2024〕28号,关于印发《水资源税改革试点实施办法》的通知,税政司,EXCLUDE,—,,,,,,442,True,False,
mof,8017f92bdb08e6969db20a15311222671d4103ddcac4a9cf38482c1eca480a90,财金〔2024〕83号,关于扩大大豆完全成本保险和种植收入保险政策实施范围的通知,金融司,BOUNDARY,低,,,保险公司,,[body]…国融通资产管理集团有限公司、中国储备粮管理集团有限公司、北大荒农垦集团有限公司、中国农业发展集团有限公司，有关保险公司： 按照《中共中央 国务院关于学习运用 “千村示范、万村整治”工程经验有力有效推进乡村全面振兴的意见》有关要求…,4067,True,False,
mof,a7db9e4ec1be992d3b75fc3068d3efb563161e048e7327f0562acd035da9b3f1,公告2024年第8号,国务院关税税则委员会关于停止执行对部分原产于台湾地区的农产品免征关税政策的公告,关税司（国务院关税税则委员会办公室）,EXCLUDE,—,,,,,,649,True,False,
mof,001be95b0475ba389cf0f1b31848064c8ebf622b95370916f879965504d69a1c,财资环〔2024〕119号,关于印发《废弃电器电子产品处理专项资金管理办法》的通知,自然资源和生态环境司,EXCLUDE,—,,,,,,476,True,False,
mof,c530a5f1dd2a8698e1b4c02b0c0353d519334faa73986148a4ef76f7483bb60d,公告2024年第9号,国务院关税税则委员会关于给予最不发达国家100%税目产品零关税待遇的公告,关税司（国务院关税税则委员会办公室）,EXCLUDE,—,,,,,,373,True,False,
mof,9e2a5883ab96532cd4972c1057151ffb101712c12743ff0c2561d4b312286da4,财资〔2024〕116号,关于印发《中央行政事业单位国有资产使用管理办法》的通知,资产管理司,EXCLUDE,—,,,,,,535,True,False,
mof,3c880dfb4a9a9b022adb901e9e737e4effd40a6e737c8f3e903cf4e9bda08562,公告2024年第14号,关于企业改制重组及事业单位改制有关印花税政策的公告,财政部  税务总局 ,EXCLUDE,—,,,,,,2885,True,False,
mof,b62bdcd92f8c2d5480737ff271e64b921d2f4c7748684893f6324a0ef3ed1ca0,财关税〔2024〕19号,关于完善市内免税店政策的通知,关税司（国务院关税税则委员会办公室）,EXCLUDE,—,,,,,,1612,True,False,
mof,30fc2141ee9294efbb8df9ab09a161e2f7916ecc44308cf88508e29ee8edfb00,财会〔2024〕12号,关于印发《会计软件基本功能和服务规范》的通知,会计司,EXCLUDE,—,,,,,,827,True,False,
mof,8167895ea0cf867c55d3a95a2af14acf378e433253d5981b190cc6918c4a895b,财会〔2024〕11号,关于印发《会计信息化工作规范》的通知,会计司,EXCLUDE,—,,,,,,675,True,False,
mof,44192a22f55742edb38e724239c4f592d052828d25a9de20bc0dd390366b9d16,财金〔2024〕60号,关于实施支持科技创新专项担保计划的通知,金融司,EXCLUDE,—,,,,,,7370,True,False,
mof,a4b440331627ce3a649e37609260e893f7548a37834c2a286c8f2bc1a25ab11c,财税〔2024〕24号,关于哈尔滨2025年第九届亚洲冬季运动会税收政策的通知,税政司,EXCLUDE,—,,,,,,1824,True,False,
mof,e84de938dba70ff1bdcf342341fb5c360c1ee846f74ba3c22205a358e8eff99e,财资〔2024〕108号,关于印发《市政基础设施资产管理办法（试行）》的通知,资产管理司,EXCLUDE,—,,,,,,946,True,False,
mof,bb020ab85c6924bf1ef0d3dce9625d76c2643cd1eba45cb003d1dafd3fb340ec,公告2024年第6号,国务院关税税则委员会关于对美加征关税商品第十五次排除延期清单的公告,关税司,EXCLUDE,—,,,,,,568,True,False,
mof,8721d83db83d59901db06a2f7ccd584fada316ebd89c8c97ffe227db60488e5f,公告2024年第11号,关于更新宣传文化增值税优惠政策适用名单的公告,财政部   税务总局,EXCLUDE,—,,,,,,448,True,False,
mof,7ae8e03e9fa5ba9a200e402b6d8f4e39bec32dfcc10b7ff08b1078aea5502450,公告2024年第9号,关于节能节水、环境保护、安全生产专用设备数字化智能化改造企业所得税政策的公告,财政部、税务总局、税政司,EXCLUDE,—,,,,,,3562,True,False,
mof,d0fb4429a922509895aeb050f42deab7084c7b26c36f0451e9440fe9836cdffd,公告2024年第8号,关于延续实施全国中小企业股份转让系统挂牌公司股息红利差别化个人所得税政策的公告,财政部、税务总局,EXCLUDE,中,,,,证券公司,[body]…年）且尚未转让的，挂牌公司暂不扣缴个人所得税；待个人转让股票时，证券登记结算公司根据其持股期限计算应纳税额，由证券公司等股票托管机构从个人资金账户中扣收并划付证券登记结算公司，证券登记结算公司应于次月5个工作日内划付挂牌公司，挂…,3618,True,False,
mof,b521a7439f4ee48060adaa653594a11719322d43f2fb360bfcf68c4fcfae8494,财关税〔2024〕18号,关于在中国（上海）自由贸易试验区试点暂时进境修理有关税收政策的通知,关税司（国务院关税税则委员会办公室）,EXCLUDE,—,,,,,,2769,True,False,
mof,b6cfddd961056c4ec2a9166b52d2ffb1a135497e4d8af71b1d2f1f3401ac6f7e,公告2024年第7号,关于提高自香港澳门进境居民旅客携带行李物品免税额度的公告,财政部、海关总署、税务总局,EXCLUDE,—,,,,,,1197,True,False,
mof,7ccfafb1f033b2ee54ab06d8e945bccd970b0ca83ff24e8766a537cfe5475af4,公告2024年第5号,国务院关税税则委员会关于对原产于塞尔维亚的部分进口货物实施协定税率的公告,关税司（国务院关税税则委员会办公室）,EXCLUDE,—,,,,,,409,True,False,
mof,4e980b1597f25d11bfd261d7b503ffe552a8082e1ae02ef770dd33f111aea18e,财会〔2024〕8号,关于修订印发《香港特别行政区、澳门特别行政区、台湾地区居民及外国人参加注册会计师全国统一考试办法》的通知,会计司,EXCLUDE,—,,,,,,647,True,False,
mof,2184daa616f565d9a50ac24cb6a3bdd5c1a9898d9278848bab3df4bf3e6b6646,公告2024年第4号,国务院关税税则委员会关于中止《海峡两岸经济合作框架协议》 部分产品（第二批）关税减让的公告,关税司（国务院关税税则委员会办公室）,EXCLUDE,—,,,,,,841,True,False,
mof,539325306b2017a65aa905d038f3ab8a9871ff524e02bcfe09542c2a7158f936,财资环〔2024〕39号,关于印发《林业草原生态保护恢复资金管理办法》的通知,自然资源和生态环境司,EXCLUDE,—,,,,,,508,True,False,
mof,950f3291b933bbb1c1d36f863602f54da4273e5191840d3ca5c2d5367e15d7c8,财金〔2024〕45号,关于在全国全面实施三大粮食作物完全成本保险和种植收入保险政策的通知,金融司,BOUNDARY,低,,,保单|保险产品|保险公司,,[body]…国融通资产管理集团有限公司、中国储备粮管理集团有限公司、北大荒农垦集团有限公司、中国农业发展集团有限公司，有关保险公司： 按照《中共中央 国务院关于学习运用“千村示范、万村整治”工程经验有力有效推进乡村全面振兴的意见》有关要求，…,4830,True,False,
mof,aa7503eed59d21e085d592e0eea05b6d13936d78f7b32c1e42229588210cbe4f,财会〔2024〕7号,关于做好会计专业学位与会计专业技术资格衔接有关工作的通知,会计司,EXCLUDE,—,,,,,,1783,True,False,
mof,a0d5e80fc759b5b3ca8e38cb51d100adc5c3ed3b5674cea4abe2a053682eea85,财关税〔2024〕10号,关于延续执行中国进出口商品交易会展期内销售的进口展品税收优惠政策的通知,关税司（国务院关税税则委员会办公室）,EXCLUDE,—,,,,,,513,True,False,
mof,3f16997113a6de4df89970073c7c331d92ae639be575ff95e4d783066d8cedb0,会考〔2024〕1号,关于向外籍人员开放会计专业技术资格考试有关事项的通知,会计司,EXCLUDE,—,,,,,,1092,True,False,
mof,4b02857e56067bc22ad425f01c87dc5fdfae8f015e333e9169e26dd32aee0cc1,公告2024年第4号,关于国有公益性收藏单位进口藏品免税规定的公告,财政部 海关总署 税务总局 文化和旅游部 国家文物局,EXCLUDE,—,,,,,,479,True,False,
mof,e5427932780e574905c00bad8476ed35ed492c45fde55d6076dfb10ed904fa03,公告2024年第3号,国务院关税税则委员会关于对美加征关税商品第十四次排除延期清单的公告,关税司,EXCLUDE,—,,,,,,568,True,False,
mof,56ffc9fd124978eebe8824b39644c0ec51de60d903a69f9bddcf659c78f77c48,公告2024年第2号,国务院关税税则委员会关于发布《中华人民共和国关税法》所附《中华人民共和国进出口税则》的公告,关税司（国务院关税税则委员会办公室）,EXCLUDE,—,,,,,,423,True,False,
mof,74f3a890cdf1ac486474a90adc253704e02966db1b69b5f5c034ca3f841637ba,公告2024年第3号,关于农村集体产权制度改革土地增值税政策的公告,财政部、税务总局,EXCLUDE,—,,,,,,559,True,False,
mof,5cdaad207dfc03d0d2231161f357f04bbe02c532d86fb2c6c1f2bd11aeecdbec,财库〔2024〕13号,关于印发《政府采购合作创新采购方式管理暂行办法》的通知,国库司(政府采购管理办公室),EXCLUDE,—,,,,,,16351,True,False,
mof,30a12afba4502865210332d4199981db81eba041e6e6c3ccb9640abebeb3057d,公告2024年第2号,关于上市公司股权激励有关个人所得税政策的公告,财政部、税务总局,EXCLUDE,—,,,,,,1249,True,False,
mof,681e0aac4cf4ae654f11ec9bcc06d1cea573842909a3cf187e0d87f3c55a5fee,财会〔2024〕6号,关于印发《会计师事务所数据安全管理暂行办法》的通知,会计司,EXCLUDE,—,,,,,,529,True,False,
mof,fa01129296fd9b96ee5486de03ac67f2b32fd917259f55c6149c0337ea6f64c9,财建〔2024〕57号,关于开展县域充换电设施补短板试点工作的通知,经济建设司,EXCLUDE,—,,,,,,8904,True,False,
mof,eb5cdabc557161530b2645e652c3228a4a6cee7de1a0f6a65d314073c98438c1,财关税〔2024〕7号,关于边民互市贸易进出口商品不予免税清单的通知,关税司（国务院关税税则委员会办公室）,EXCLUDE,—,,,,,,1236,True,False,
mof,133b4ae23fd3ba0426a4c6afb15f9966307b50150c58ad408b393d75ced39fce,财资环〔2024〕11号,关于印发《国家公园资金绩效管理办法》的通知,财政部   国家林草局,EXCLUDE,—,,,,,,363,True,False,
mof,f93631aacca86ebe1a3ac19e25b0e8d75438d471c86b291387af5b1882484c71,财社〔2024〕10号,关于印发《划转充实社保基金国有股权及现金收益运作管理暂行办法》的通知,社会保障司,EXCLUDE,—,,,,,,491,True,False,
mof,9b43723b8b7660f7684e623b252b96b4ead9bf9343e164fb41de6600ce84494c,金规〔2024〕2号,关于扩大城乡居民住宅巨灾保险保障范围 进一步完善巨灾保险制度的通知,国家金融监督管理总局、财政部金融司,EXCLUDE,中,,,保险公司,再保险公司|财产保险公司,[body]…理总局各监管局，各省、自治区、直辖市、计划单列市财政厅（局），新疆生产建设兵团财政局，各保险集团（控股）公司、财产保险公司、再保险公司，上海保交所、保险业协会： 党中央、国务院高度重视巨灾保险工作，我国地震巨灾保险制度建立以来，在应…,2805,True,False,
mof,de57b1d51442425219008f5728fe41804bddc434f1cdaf265e3eb84e1c9f4662,财税〔2024〕8号,关于在中国（上海）自由贸易试验区及临港新片区试点离岸贸易印花税优惠政策的通知,税政司,EXCLUDE,—,,,,,,612,True,False,
mof,732380ce9f7b04d4adbae806fb3ab3218800b26c5ffa8e1978ec48171e6924e8,财资环〔2024〕6号,关于印发《重点生态保护修复治理资金管理办法》的通知,自然资源和生态环境司,EXCLUDE,—,,,,,,323,True,False,
mof,d276e00d49db4cb8cefbba47fc44707b13fa7a0653e844b7528db4fba0302f95,财教〔2024〕2号,关于做好2024年国家助学贷款免息及本金延期偿还工作的通知,科教和文化司（中央文化企业国有资产监督管理领导小组办公室）,EXCLUDE,中,,,,银行业金融机构,[body]…海总部、 各省、 自治区、 直辖市、 计划单列市分行， 金融监管总局各监管局， 中央部门所属各高等学校， 有关银行业金融机构： 为进一步减轻家庭经济困难高校毕业生负担， 支持做好 2024 年高校毕业生就业服务工作， 经国务院同意，…,1092,True,False,
mof,11c743d59b799efc0d266f2521a483a00c0fe0a4856bea20df7790be72b0685f,财综〔2024〕1号,关于印发《公益事业捐赠票据使用管理办法》的通知,综合司,EXCLUDE,—,,,,,,7548,True,False,
mof,d0c263fd203389947f0c9dc6173ef14ec9be15d76eb5249c6d0b6408cc36d395,财税〔2024〕1号,关于调整横琴粤澳深度合作区有关增值税和消费税退税货物范围的通知,税政司,EXCLUDE,—,,,,,,850,True,False,
mof,c8cb5652fe3205f025147fac7bab0d382639b8c5011ef1bf51faed101ef95ca2,财关税〔2024〕2号,关于横琴粤澳深度合作区个人行李和寄递物品有关税收政策的通知,关税司（国务院关税税则委员会办公室）,EXCLUDE,—,,,,,,2228,True,False,
mof,c746af5de72ba59c0f1bc396ffd9aa4b778cdbf7a87f6374299e1427bb04fb38,财关税〔2024〕1号,关于横琴粤澳深度合作区货物有关进出口税收政策的通知,关税司（国务院关税税则委员会办公室）,EXCLUDE,—,,,,,,4686,True,False,
mof,6f9c7905c3294e04d6c20a93a4cc22d496105a41070e9fa258edd8ba03b1de0c,公告2023年第75号,关于在有条件的自由贸易试验区和自由贸易港试点有关进口税收政策措施的公告,财政部、生态环境部、商务部、海关总署、税务总局,EXCLUDE,—,,,,,,4934,True,False,
mof,ffd9c34ed7dcef4b59a39b70213a48027c1f3fae902ee2f9cc93f5b021a8f00d,财教〔2023〕276号,关于印发《中央引导地方科技发展资金管理办法》的通知,科教和文化司（中央文化企业国有资产监督管理领导小组办公室）,EXCLUDE,—,,,,,,684,True,False,
mof,53a412b6021c85cd2ae7e3addf09c9349a4887fee9f70286badb20302719b1ad,公告2023年第12号,国务院关税税则委员会关于发布《中华人民共和国进出口税则（2024）》的公告,关税司（国务院关税税则委员会办公室）,EXCLUDE,—,,,,,,403,True,False,
mof,c1d2522ab33a0418aa06114ee69d814bc9d0965c89e47cd701edba799019b047,财综〔2023〕53号,关于进一步加强财政电子票据核销管理的通知,综合司,EXCLUDE,—,,,,,,3522,True,False,
mof,b2de6952aeeb8e3d58b8e06db4e48806786101f4669d32207b42ac35b984990e,公告2023年第10号,国务院关税税则委员会关于2024年关税调整方案的公告,关税司（国务院关税税则委员会办公室）,EXCLUDE,—,,,,,,412,True,False,
mof,1a0d6ddd026469362f8bd87e98c419dd7783c4643541f3da781b203648291b98,财会〔2023〕31号,关于印发《关于进一步加强公立医院内部控制建设的指导意见》的通知,会计司,EXCLUDE,—,,,,,,555,True,False,
mof,6344275ef67d84068333aa614ed87d1b6d8f19816f7c9222d66004a0837f95da,财会〔2023〕30号,关于强化上市公司及拟上市企业内部控制建设推进内部控制评价和审计的通知,会计司,EXCLUDE,—,,,,,,3279,True,False,
mof,082e0d56dfd207772e43b6cd1582215814d0bcccf94c1b2113d81a352e6e84aa,财金〔2023〕107号,关于实施天然橡胶综合保险政策的通知,金融司,BOUNDARY,低,,,保单|保险产品,,[body]…争力，服务我国重要农产品和物资稳产保供。 （三）优化保障机制。鼓励依法合规探索开发符合当地特点和胶农需求的农业保险产品，在管理上要效率，在创新上要效益，不断优化完善保险机制，充分发挥农业保险风险管理和经济补偿功能，切实提高橡胶种…,5567,True,False,
mof,bd67bdf03add1914903e2081431b9b320d4ea51aa367461f4e83461062b5e62b,财会〔2023〕32号,关于印发《政府会计准则制度解释第7号》的通知,会计司,EXCLUDE,—,,,,,,441,True,False,
mof,0e60ee07192eb7e2e84ac3eaf13623d0755188fb5eaa131fb2575babc32a2e4b,财综〔2023〕50号,关于印发《行政事业单位资金往来结算票据使用管理办法》的通知,综合司,EXCLUDE,—,,,,,,7847,True,False,
mof,0138f61fd545b290b4e89248cb9d4016be53073695d76f4edb337a6d617c77bb,财会〔2023〕26号,关于印发《关于新时代加强和改进代理记账工作的意见》的通知,会计司,EXCLUDE,—,,,,,,5802,True,False,
mof,a5134995260835976998ee39147aa971e1531e71bb5c62513f0f3ab93b8c3bbb,财会〔2023〕27号,关于印发《代理记账基础工作规范（试行）》的通知,会计司,EXCLUDE,—,,,,,,453,True,False,
mof,4734a5957e84923b6aa06f618207d4fa629410af97eaeaa7e68d8462e2494a44,公告2023年第71号,关于延续实施文化体制改革中经营性文化事业单位转制为企业有关税收政策的公告,财政部、税务总局,EXCLUDE,—,,,,,,3119,True,False,
mof,692d3a07481ad0c5c740fa79a4266e2935fe5d8537be9579cd6af31e7fd1e817,公告2023年第63号,关于延续实施二手车经销有关增值税政策的公告,财政部、税务总局,EXCLUDE,—,,,,,,501,True,False,
mof,bd34a1ab95bcb226fd35b40475f47f301dc39e2c6312f94d5fff8c6a0cafc9f7,财关税〔2023〕17号,关于国家综合性消防救援队伍进口税收政策的通知,关税司,EXCLUDE,—,,,,,,1575,True,False,
mof,2285808a73397ac96b9c12cce3dfc5bad4ef6b969767d5331658b3e83f3034bb,公告2023年第61号,关于延续实施支持文化企业发展增值税政策的公告,财政部、税务总局,EXCLUDE,—,,,,,,694,True,False,
mof,23dc505d753895c7110b6bbedeb2191fce6c0ce67f7191a4cb64c4e16dd6fa70,公告2023年第52号,关于继续实施对城市公交站场、道路客运站场、城市轨道交通系统减免城镇土地使用税优惠政策的公告,财政部、税务总局,EXCLUDE,—,,,,,,1222,True,False,
mof,32051e3f7214c4e0c6752516859fd411a14c2112a4933d654b31fc0689c0aa28,财税〔2023〕44号,关于保险保障基金有关税收政策的通知,税政司,BOUNDARY,低,,,保险公司,,[body]…有限责任公司（以下简称保险保障基金公司）根据《保险保障基金管理办法》取得的下列收入，免征企业所得税： 1.境内保险公司依法缴纳的保险保障基金； 2.依法从撤销或破产保险公司清算财产中获得的受偿收入和向有关责任方追偿所得，以及依法…,1175,True,True,RFN-edc11e64a539499c;RFN-edc11e64a539499c
mof,71ea42beb661d34eff65770c9fc49a143b876aa088dc72e660e808d6172cdbb4,公告2023年第58号,关于继续实施农村饮水安全工程税收优惠政策的公告,财政部、税务总局,EXCLUDE,—,,,,,,1408,True,False,
mof,75b85eeaa889c2515e0e06cc14dafde26e7108b53d36c0029a5ad9dcde47c109,公告2023年第46号,关于继续实施页岩气减征资源税优惠政策的公告,财政部、税务总局,EXCLUDE,—,,,,,,272,True,False,
mof,7fcd4cf90a035ad072bbd254c265deb74800843418386b36bd383a32dc778fbb,公告2023年第68号,关于延续实施医疗服务免征增值税等政策的公告,财政部、税务总局,EXCLUDE,—,,,,,,658,True,False,
mof,3554e5c223d28a3e802ea714e6d7fc93cfecd0d3afc3366931f41c1a6c9fc961,,关于继续执行部分行政事业性收费、政府性基金优惠政策的公告,财政部、税务总局,EXCLUDE,—,,,,,,561,True,False,
mof,8dfdcd2dfb6fcd196b122f86b6be260c7780e7c1fd230d1c75f6890bbebd99b8,公告2023年第62号,关于延续免征国产抗艾滋病病毒药品增值税政策的公告,财政部、税务总局,EXCLUDE,—,,,,,,789,True,False,
mof,27538713c3d36b1395f07d3b732024b07403416af639f87539efda3f395d9237,公告2023年第66号,关于延续实施中国邮政储蓄银行三农金融事业部涉农贷款增值税政策的公告,财政部、税务总局,EXCLUDE,—,,,,,,1168,True,False,
mof,0a311d4168dbb2153211e2778ce62b075ce50e48856959219fc70a6b0169cd84,公告2023年第70号,关于保障性住房有关税费政策的公告,财政部、税务总局,EXCLUDE,—,,,,,,1160,True,False,
mof,0f2a6d0241b23becf987ec160517feb0f13defafb706dbf5998239347418e8d0,公告2023年第69号,关于继续对废矿物油再生油品免征消费税的公告,财政部、税务总局,EXCLUDE,—,,,,,,2376,True,False,
mof,21e68d2ebdb61f90c6743cd90486b19eafc9dde9b7d044156e664c5f76eff19c,公告2023年第57号,关于生产和装配伤残人员专门用品企业免征企业所得税的公告,财政部、税务总局,EXCLUDE,—,,,,,,1416,True,False,
mof,6eeeb7218823b2602240d5f57d68b6fbbeafaef4369b0d974c9ccbdce451308d,公告2023年第64号,关于铁路债券利息收入所得税政策的公告,财政部、税务总局,EXCLUDE,—,,,,,,615,True,False,
mof,d3abac506215450451a16814efcc8e8a83ec2001c589529ea89c2663ad14781b,公告2023年第18号,关于延续执行农户、小微企业和个体工商户融资担保增值税政策的公告,财政部,EXCLUDE,—,,,,,,1529,True,False,
mof,3d41a695ef5540e56c961c4aa4812301af0b6064edefc0b9eff129f0495343fb,公告2023年第49号,关于继续实施企业、事业单位改制重组有关契税政策的公告,财政部、税务总局,EXCLUDE,—,,,,,,2683,True,False,
mof,754f9f1f5d3407cb71bdbd2e12f6c4aaff6ffe6aedb95d4fd7ef251e649b13e9,公告2023年第53号,关于继续实施高校学生公寓房产税、印花税政策的公告,财政部、税务总局,EXCLUDE,—,,,,,,628,True,False,
mof,610a7ce3df4a9b03988652fd161a25b17afc5f3c44ada049e21b37cc1524bddd,公告2023年第48号,关于继续实施部分国家商品储备税收优惠政策的公告,财政部、税务总局,EXCLUDE,—,,,,,,1381,True,False,
mof,dd59b71150d9e4747ed195715560f245689800a623e546e3f9eaae5c204686e2,公告2023年第51号,关于继续实施企业改制重组有关土地增值税政策的公告,财政部、税务总局,EXCLUDE,—,,,,,,1789,True,False,
mof,7e471103fe3fe7edf89e6d4c7e940a683105da93ff5238f229fe1d7ffa9994d6,公告2023年第59号,关于延续实施边销茶增值税政策的公告,财政部、税务总局,EXCLUDE,—,,,,,,525,True,False,
mof,30a00fccc71625ecb6f5a493bce6f9dfa8ca21d37abaacdcad011b62a3118c52,公告2023年第60号,关于延续实施宣传文化增值税优惠政策的公告,财政部、税务总局,EXCLUDE,—,,,,,,4583,True,False,
mof,e730b8be584632317a49fdc5d890b37b125c6a5a4caca20296f5d0c1e98163b4,公告2023年第55号,关于延续实施支持农村金融发展企业所得税政策的公告,财政部、税务总局,BOUNDARY,低,,,保险公司,,[body]…税政策公告如下： 一、对金融机构农户小额贷款的利息收入，在计算应纳税所得额时，按 90%计入收入总额。 二、对保险公司为种植业、养殖业提供保险业务取得的保费收入，在计算应纳税所得额时，按 90%计入收入总额。 三、本公告所称农户…,1225,True,False,
mof,5a01e95abf5b416a68ba515af3132bd0af9a045283718438393f95604c5f5e96,公告2023年第41号,关于研发机构采购设备增值税政策的公告,财政部、商务部、税务总局,EXCLUDE,—,,,,,,3467,True,False,
mof,0b67dd5dce9c77752ff89bb79cba9a4298785635d4296f0d554a29e23c924c0c,公告2023年第44号,关于提高集成电路和工业母机企业研发费用加计扣除比例的公告,财政部、税务总局,EXCLUDE,—,,,,,,2465,True,False,
mof,bcea2c4187fa952ae03c1e3a6f4fe46370d2b95e450178e5dc96edf7a8adeb79,公告2023年第67号,关于延续实施金融机构农户贷款利息收入免征增值税政策的公告,财政部、税务总局,EXCLUDE,—,,,,,,1107,True,False,
mof,05aeb0e210d1d30d5fb730b356505ab0b2668b9304ea7def71bf2648fcbf31c4,证监会公告2023年第26号,关于延续实施支持原油等货物期货市场对外开放个人所得税政策的公告,财政部、税务总局、中国证监会,EXCLUDE,—,,,,,,397,True,False,
mof,77a6604c98d0746ef022c1e3ac96e23fbb0ce1b93c25fcd38f2ba2addb6b3113,公告2023年第17号,关于延续执行创业投资企业和天使投资个人投资初创科技型企业有关政策条件的公告,财政部,EXCLUDE,—,,,,,,591,True,False,
mof,0d78d5652e36c913160adb8758ce553ed5b1e2bbdbff49cfd1959a4e38aea32b,公告2023年第54号,关于延续实施小额贷款公司有关税收优惠政策的公告,财政部、税务总局,EXCLUDE,—,,,,,,1472,True,False,
mof,67ab1156456d035e748c4ce9e4bce13534da6fec249f6965371aa45f361812b1,公告2023年第47号,关于继续对挂车减征车辆购置税的公告,财政部、税务总局,EXCLUDE,—,,,,,,1354,True,False,
mof,b60cc1dcb8ef2b4a9baa82e62306a009c3979825959dd275116dc000ac189231,财税〔2023〕34号,关于延续实施粤港澳大湾区个人所得税优惠政策的通知,财政部、税务总局,EXCLUDE,—,,,,,,698,True,False,
mof,7bede34e347716fa5d9836dfb7c6f68d9874744aa9f50d67ad607fc60aed5d26,财金〔2023〕75号,关于印发《普惠金融发展专项资金管理办法》的通知,金融司,EXCLUDE,中,,,分支机构,商业银行|银行业金融机构,[body]…是指综合考虑贷款便利度、贷款利率、服务评价等因素，按程序择优选取，为符合条件的个人或小微企业发放创业担保贷款的银行业金融机构。 第六条 符合以下条件的个人可申请创业担保贷款和财政贴息支持： （一）属于重点就业群体。包括城镇登记失业人员…,15111,True,False,
mof,b8122167d92253ad637884f6e4baca8dae95bb86e5647e275a4bfd7895100560,公告2023年第14号,关于进一步扶持自主就业退役士兵创业就业有关税收政策的公告,财政部、税务总局,EXCLUDE,—,,,,,,3787,True,False,
mof,4a7a9c2b362a8d0af891c7aa61bf14807c9cd641af5e68c23240e231e46a744d,财国合〔2023〕22号,关于印发《国际金融组织和外国政府贷款项目全生命周期管理暂行办法》的通知,国际财金合作司,EXCLUDE,—,,,,,,504,True,False,
mof,22a28e5c457b6b1e3d82ec4bb2a02cc4829702b074b1b983b13374d3cee11023,证监会公告2023年第23号,关于延续实施沪港、深港股票市场交易互联互通机制和内地与香港基金互认有关个人所得税政策的公告,财政部、税务总局,EXCLUDE,—,,,,,,564,True,False,
mof,dbd1afb5fb66eed341556246baceec69d806912459fbebc85b785304a45bec8f,公告2023年第50号,关于继续实施农产品批发市场和农贸市场房产税、城镇土地使用税优惠政策的公告,财政部、税务总局,EXCLUDE,—,,,,,,1249,True,False,
mof,c6429abac02174d20b5f39caa7c0aa1b3e89cc10f2b8b14ffda34218cb22e96d,公告2023年第15号,关于进一步支持重点群体创业就业有关税收政策的公告,财政部、税务总局,EXCLUDE,—,,,,,,2787,True,False,
mof,c181e4fb0d093959383b98cb814c66b7d9454fe685e1c64bf3ceda641c5477e7,公告2023年第56号,关于延续实施供热企业有关税收政策的公告,财政部、税务总局,EXCLUDE,—,,,,,,1792,True,False,
mof,c291853f43f32e17f698175ffefc629c74458e96f0d764327a53db1eb135959a,财关税〔2023〕15号,关于延续执行中国国际服务贸易交易会展期内销售的进口展品税收政策的通知,关税司,EXCLUDE,—,,,,,,1211,True,False,
mof,9428b267a2e59072d979400a081f1d1127d7ea7a32862ee144d7d6412ba448ba,公告2023年第19号,关于增值税小规模纳税人减免增值税政策的公告,财政部,EXCLUDE,—,,,,,,464,True,False,
mof,93756726df8303476bc9841556011a447f8e9c1766ac43d15464833d35c13968,公告2023年第39号,关于减半征收证券交易印花税的公告,财政部、税务总局,EXCLUDE,—,,,,,,205,True,False,
mof,2580696d0d42358f5366db5845775fb954a58e50d6a2db2b9b44f68e9d901ad0,公告2023年第37号,关于设备、器具扣除有关企业所得税政策的公告,财政部、税务总局,EXCLUDE,—,,,,,,692,True,False,
mof,87333ccf576027fa6757d4587dc6f6c3ef7562f7c408352909d815a481462ee8,公告2023年第21号,关于支持货物期货市场对外开放有关增值税政策的公告,财政部,EXCLUDE,—,,,,,,529,True,False,
mof,ab1bd425cd30067dd673bf72f2acf8994a3a81642221f457d215915934d5982d,公告2023年第30号,关于延续实施全年一次性奖金个人所得税政策的公告,财政部、税务总局,EXCLUDE,—,,,,,,712,True,False,
mof,7ffc9839e4893c202de0bed4d4a40bb6def450f0c4a03723b0fc2b638e93ae3a,公告2023年第38号,关于从事污染防治的第三方企业所得税政策问题的公告,财政部、税务总局,EXCLUDE,—,,,,,,1517,True,False,
mof,6a30ad375817a853f0b980a4fa1d145ea6c5e0988723a1035c8ae13c21d86536,公告2023年第25号,关于延续实施上市公司股权激励有关个人所得税政策的公告,财政部、税务总局,EXCLUDE,—,,,,,,1019,True,False,
mof,b8a47bde645a60e147e679ab3218f449265cfdb6ac7849bab9b1ea37f663402e,公告2023年第13号,关于支持小微企业融资有关税收政策的公告,财政部,EXCLUDE,—,,,,,,1071,True,False,
mof,632f7cd0d95350c8e9e39430abcf99bacb1b969ef94a659f430a9107066739dc,证监会公告2023年第24号,关于延续实施创业投资企业个人合伙人所得税政策的公告,财政、 税务总局、国家发展改革委、中国证监会,EXCLUDE,—,,,,,,3486,True,False,
mof,4f513ca029eb85d9f23c2a9f07329f5ba9088d2928a43ce778f2006d06dadce5,公告2023年第34号,关于延续实施跨境电子商务出口退运商品税收政策的公告,财政部,EXCLUDE,—,,,,,,1151,True,False,
mof,c81554b01f7cce2ef3b9c8c12c5390dbd99be20c5b333d3a9066b9a5d0e508e2,公告2023年第16号,关于金融机构小微企业贷款利息收入免征增值税政策的公告,财政部,EXCLUDE,中,,,,银行业金融机构,[body]…业贷款增长目标的机构，以及经中国人民银行、金融监管总局、中国证监会批准成立的开发银行及政策性银行、外资银行和非银行业金融机构。金融机构实现小微企业贷款增长目标情况，以金融监管总局及其派出机构考核结果为准。 三、本公告所称小型企业、微型…,2542,True,False,
mof,77e139cdc6adffcf524bad3902cebaa20413c4a473c6daf366fbf414c3fd7822,公告2023年第35号,关于继续实施银行业金融机构、金融资产管理公司不良债权以物抵债有关税收政策的公告,财政部、税务总局,EXCLUDE,中,,,,商业银行|金融资产|银行业|银行业金融机构,[title]…关于继续实施银行业金融机构、金融资产管理公司不良债权以物抵债有关税收政策的公告 2023年08月21日财政部、税务总局公告2023年第3…,2036,True,False,
mof,225bb614bb16cf29c99058346c5d7e0857459da71e83a1314597af830380e813,证监会公告2023年第22号,关于继续实施创新企业境内发行存托凭证试点阶段有关税收政策的公告,财政部、税务总局,EXCLUDE,—,,,,,,2514,True,False,
mof,f8ee949e4cff7eb652bbc7ec02cef9a45fcc5b71bb67f86202224aedb0863dc8,公告2023年第36号,关于延续对充填开采置换出来的煤炭减征资源税优惠政策的公告,财政部、税务总局,EXCLUDE,—,,,,,,281,True,False,
mof,f1bbadcdb7cd917a97dbe834d234141776d75c17ed83876ebf407efbb2ccba32,公告2023年第29号,关于延续实施外籍个人有关津补贴个人所得税政策的公告,财政部、税务总局,EXCLUDE,—,,,,,,775,True,False,
mof,0bfcad97d3d35e5405c882575c97f9390ccf334f9a9a817d9b1b14bcb52d9dbf,公告2023年第32号,关于延续实施个人所得税综合所得汇算清缴有关政策的公告,财政部、税务总局,EXCLUDE,—,,,,,,482,True,False,
mof,946e50e7d0dd19fbbfaa20ddd401032a5bd6156fff9e9a1c336b9e9f838ce8a4,公告2023年第31号,关于延续实施远洋船员个人所得税政策的公告,财政部、税务总局,EXCLUDE,—,,,,,,800,True,False,
mof,673e26d7d47d1de3be30e7fd16626c3709750e479f6d8f2ae5df713c5b4b04ca,公告2023年第33号,关于继续实施公共租赁住房税收优惠政策的公告,财政部、税务总局,EXCLUDE,—,,,,,,1924,True,False,
mof,13a261192a17c83fb319de58b9cb995411f7739c23a84525d54ff2d0efc93ada,公告2023年第28号,关于延续实施支持居民换购住房有关个人所得税政策的公告,财政部、税务总局、住房城乡建设部,EXCLUDE,—,,,,,,1422,True,False,
mof,6350d726bd37f56da08657ec4a871a71e45e32f4208eb49169eb8d9b0c0a6a25,公告2023年第42号,关于继续实施科技企业孵化器、大学科技园和众创空间有关税收政策的公告,财政部、税务总局、科技部、教育部,EXCLUDE,—,,,,,,1823,True,False,
mof,d02137037ac7153d95cc8869c5071048078b4988bc22b0902f66c03a7c7f32f5,公告2023年第12号,关于进一步支持小微企业和个体工商户发展有关税费政策的公告,财政部,EXCLUDE,—,,,,,,2124,True,False,
mof,8aa29d916a9ff0c4ec5fad68e43c7686d11e8efa5246812720395e62fd09834b,财金〔2023〕59号,关于扩大三大粮食作物完全成本保险和种植收入保险实施范围至全国所有产粮大县的通知,财政部、金融司,BOUNDARY,低,,,保单|保险产品,,[body]…绕全面推进乡村振兴和加快农业农村现代化，通过进一步扩大三大粮食作物完全成本保险和种植收入保险实施范围，增强农业保险产品吸引力，在管理上要效率，在创新上要效益，助力健全农村金融服务体系和种粮农民收益保障机制，推动完善农业支持保护制…,5310,True,False,
mof,29f77e464c04b1790d33a788d00a86e102d8c37b719d2a32dd0f8bf38640c758,公告2023年第11号,关于部分成品油消费税政策执行口径的公告,财政部,EXCLUDE,—,,,,,,746,True,False,
mof,29988a597ab748068157fca354542c765e5b7e2672df550ec65528851ba70892,财会〔2023〕10号,关于印发《会计师事务所从事证券服务业务信息披露规定》的通知,会计司,EXCLUDE,—,,,,,,642,True,False,
mof,b9a6a05dcb81630eb8c5c25e92ceef7d37d065f1e949edb72bb1df873b34934a,公告2023年第10号,关于延续和优化新能源汽车车辆购置税减免政策的公告,财政部、税务总局,EXCLUDE,—,,,,,,2405,True,False,
mof,7fb44c1774468679ba1456e5be86805ea2bc65cee4874a8a30f2814493046d26,财税〔2023〕23号,关于新闻记者职业资格考试考务费有关事项的通知,财政部、国家发展改革委,EXCLUDE,—,,,,,,1352,True,False,
mof,54145a7643fc08ba61eb97196ebd3715c944c29d6b081fcfa48dd9b2eedfdb69,财行〔2023〕86号,中直管理局关于《中央和国家机关会议费管理办法》的补充通知,财政部、国管局、中直管理局 ,EXCLUDE,—,,,,,,2665,True,False,
mof,0c5eba83bf4f86888370e066670b2c83c8f57022fe1eccb78c802f2b99266d53,公告2023年第6号,国务院关税税则委员会关于对美加征关税商品第十一次排除延期清单的公告,国务院关税税则委员会,EXCLUDE,—,,,,,,568,True,False,
mof,3f48f58b7f7ed863fe33dfd8a892f4d4bbead5a939678c8b6b72ff7c0aed57e6,财资〔2023〕90号,关于印发《中央党政机关和事业单位所属企业国有资本产权登记管理暂行办法》的通知,财政部,EXCLUDE,—,,,,,,9717,True,False,
mof,284e8bd68daa0b23fa664a07fcd066a7be34f809c34d67a559aab0cddd790ef2,财综〔2023〕15号,关于做好政策性停止围填海项目相关海域使用金退还工作的通知,综合司,EXCLUDE,—,,,,,,3904,True,False,
mof,ccd2abd405135ce195149e29d0542bb7fb108511dbf27839ef94fb818652e72f,公告2023年第4号,国务院关税税则委员会关于对原产于尼加拉瓜的部分进口货物实施自由贸易协定早期收获安排协定税率的公告,财政部、关税司（国务院关税税则委员会办公室）、关税司（国务院关税税则委员会办公室）,EXCLUDE,—,,,,,,485,True,False,
mof,0f011faad4b6e5290bc2adae61d6fedc6fe13077bfd99cb681ac5caf992f96d4,财关税〔2023〕5号,关于2023年中国进出口商品交易会展期内销售的进口展品税收优惠政策的通知,关税司（国务院关税税则委员会办公室）,EXCLUDE,—,,,,,,1187,True,False,
mof,63ebcbf4e15d7f81e67cba2e22598e3197ba58e9a0e9d518242f25ae7958b246,财教〔2023〕63号,关于做好2023年国家助学贷款免息及本金延期偿还工作的通知,财政部、教育部、人民银行、银保监会,EXCLUDE,中,,,,银行业金融机构,[body]…营业管理部、 省会（首府）城市中心支行、 副省级城市中心支行， 各银保监局， 中央部门所属各高等学校， 有关银行业金融机构： 为进一步减轻家庭经济困难高校毕业生负担， 支持做好 2023 年高校毕业生就业服务工作， 经国务院同意，…,1086,True,False,
mof,52b6d70c0d1bae221f035c68fb1e00a742db53aa0e35d74ba703d06df1f4fd79,财建〔2023〕58号,关于修订《节能减排补助资金管理暂行办法》的通知,财政部、经济建设司,EXCLUDE,—,,,,,,1246,True,False,
mof,f04f38acfdf3639e1d3d385313d620495ebfb1bbefcaa02b7e7f4606ae0a449d,公告2023年第6号,财政部 税务总局关于小微企业和个体工商户所得税优惠政策的公告,财政部,EXCLUDE,—,,,,,,953,True,False,
mof,d96589cffff5dbcd4a0a4e6ec5b842f61bcdb6ec10db9493d940de917a6c5b9b,公告2023年第7号,财政部 税务总局关于进一步完善研发费用税前加计扣除政策的公告,财政部,EXCLUDE,—,,,,,,1249,True,False,
mof,63a603e563aa12fcb57408adadef9f84d265774359bc18af6162eee5c1689099,公告2023年第5号,财政部 税务总局关于继续实施物流企业大宗商品仓储设施用地城镇土地使用税优惠政策的公告,财政部,EXCLUDE,—,,,,,,1565,True,False,
mof,d7cad070cf388e8c5ab2582392f3638a61186c454b8978acbfddcea2e7fb20db,财政部公告2023年第8号,关于延续实施残疾人就业保障金优惠政策的公告,财政部、税务总局,EXCLUDE,—,,,,,,759,True,False,
mof,3db598be9ec3cc80fffa7163acf17c6b265af6695943ffebab31c93a2374c72c,公告2023年第3号,国务院关税税则委员会关于延长煤炭零进口暂定税率实施期限的公告,关税司,EXCLUDE,—,,,,,,311,True,False,
mof,4512e25a6493cfc067f6119c52273ac4f83a56bed2899fa5587b150132dfe99d,财综〔2023〕10号,关于印发《矿业权出让收益征收办法》的通知,综合司,EXCLUDE,—,,,,,,843,True,False,
mof,6412765695d4d64326ece6b0b1d704614e709fec5c977d1882a66aa039d0c9aa,公告2023年第1号,国务院关税税则委员会关于对美加征关税商品第十次排除延期清单的公告,财政部、关税司（国务院关税税则委员会办公室）、关税司（国务院关税税则委员会办公室）,EXCLUDE,—,,,,,,594,True,False,
mof,d4f842ca9850c550c0f6cac14030eba117190d0eb6cbee631cb7709722c898ab,公告2023年第2号,国务院关税税则委员会关于给予埃塞俄比亚联邦民主共和国等3国98%税目产品零关税待遇的公告,财政部、关税司（国务院关税税则委员会办公室）、关税司（国务院关税税则委员会办公室）,EXCLUDE,—,,,,,,762,True,False,
mof,f404553fffb75a751ac195d577c9a6c811cf82c4caef41de7ecc9786775220d6,公告2023年第4号,财政部 海关总署 税务总局关于跨境电子商务出口退运商品税收政策的公告,财政部 海关总署 税务总局,EXCLUDE,—,,,,,,1732,True,False,
mof,3828f7a9a532b5513449e34a50c5812dcf47d3301519551db9ce9778b020113b,财金〔2023〕2号,关于印发《金融机构国有股权董事议案审议操作指引（2023年修订版）》的通知,财政部,EXCLUDE,—,,,,,,736,True,False,
mof,5cb0dcefccb278cbe27e8a210daa6fe838b6f4faa5534ab3c61ad2b2716d7631,公告2023年第2号,财政部 税务总局关于延续实施有关个人所得税优惠政策的公告,财政部 税务总局,EXCLUDE,—,,,,,,777,True,False,
mof,cc96a72f4db686620b98f72d0e3c0bb29cfe2e07c87bee9fa14cfa0e12ed951c,财办〔2023〕5号,关于进一步做好新冠疫情防控经费保障 切实加强防控经费管理的通知,财政部,EXCLUDE,—,,,,,,3362,True,False,
mof,4785349d2718d1b69b0302da5cd14a624fa21a2cb0fa3e3e1663aa1c3b5d987f,公告2023年第1号,财政部 税务总局关于明确增值税小规模纳税人减免增值税等政策的公告,财政部,EXCLUDE,—,,,,,,1327,True,False,
mof,1d267a4f5bdddd2b566ef482582237c2065b55c4ebb07b2f35e450982900fb78,公告2022年第12号,国务院关税税则委员会关于发布《中华人民共和国进出口税则（2023）》的公告,关税司、关税司（国务院关税税则委员会办公室）、关税司（国务院关税税则委员会办公室）,EXCLUDE,—,,,,,,425,True,False,
mof,b149327b35edd4b252e48283de2e57bc8b484191a596383d9ef75510fdd6302a,财资环〔2022〕170号,关于印发《林业草原生态保护恢复资金管理办法》的通知,财政部 国家林草局,EXCLUDE,—,,,,,,440,True,False,
mof,fd97cabb6cd7e07c6dffdaf2b3f0e54ba63af3122d915bcedaf498a1cc5b08e0,财会〔2022〕38号,关于进一步加强市政基础设施政府会计核算的通知,财政部  住房城乡建设部  工业和信息化部  公安部      交通运输部      水利部、会计司、会计司,EXCLUDE,—,,,,,,11341,True,False,
mof,2b21031dbe2feb845a3bf919307d8f93f0d63f201b0a13851fb0aa34f5e48f90,财教〔2022〕270号,关于印发《中央支持地方公共文化服务体系建设补助资金管理办法》的通知,财政部、科教和文化司（中央文化企业国有资产监督管理领导小组办公室）、科教和文化司（中央文化企业国有资产监督管理领导小组办公室）,EXCLUDE,—,,,,,,683,True,False,
mof,c933dc9c560ac2b2625213ac59a45e8747af2cb2090e3f93ad2a2ea51f9e0305,财会〔2022〕36号,关于印发 《中国注册会计师审计准则第1211号 —— 重大错报风险的识别和评估》等准则的通知,会计司、会计司,EXCLUDE,—,,,,,,1758,True,False,
mof,c956a0850221ea22524ce85c22da9985afab26eccc25e563d61e956ff221c2f7,财教〔2022〕266号,关于印发《国家艺术基金财务管理办法》的通知,财政部、科教和文化司（中央文化企业国有资产监督管理领导小组办公室）、科教和文化司（中央文化企业国有资产监督管理领导小组办公室）,EXCLUDE,—,,,,,,405,True,False,
mof,9455688ca4c09afc622f4e3d584b8e086215a3e6f6125ec9ffa5b11b0c8f9aa3,公告2022年第38号,关于民用飞机增值税适用政策的公告,财政部 税务总局,EXCLUDE,—,,,,,,558,True,False,
mof,fb0c5443d2d8d739aa3254c8a19fd0fc6e2dc403244fdcc34265d03f4bcba623,财税〔2022〕50号,关于将森林植被恢复费、草原植被恢复费划转税务部门征收的通知,财政部,EXCLUDE,—,,,,,,1485,True,False,
mof,471ddbcecc6f5abd02b9e3a69119be2b35ac77dda425cdcdb21611fb324392d9,财会〔2022〕31号,关于印发《企业会计准则解释第16号》的通知,财政部、会计司、会计司,EXCLUDE,—,,,,,,467,True,False,
mof,899cfd69146ac1f9b9db2315c86e27a076eeae574d08dac154f3cb55cbe02e94,财资〔2022〕136号,关于印发《企业安全生产费用提取和使用管理办法》的通知,财政部、资产管理司、资产管理司,EXCLUDE,—,,,,,,557,True,False,
mof,8a175fdd87366f610123aa56480aa0a829031f3f253b4a446ffa37290c6b7c93,财教〔2022〕242号,关于印发《中央高校建设世界一流大学（学科）和特色发展引导专项资金管理办法》的通知,财政部 教育部、科教和文化司（中央文化企业国有资产监督管理领导小组办公室）、科教和文化司（中央文化企业国有资产监督管理领导小组办公室）,EXCLUDE,—,,,,,,711,True,False,
mof,db7e19c46c8414b5e69cb3956ffdcb921e807043bdf31aab6b6660dadc317291,公告2022年第35号,关于发布第三批适用增值税政策的抗癌药品和罕见病药品清单的公告,财政部 海关总署 税务总局 药监局,EXCLUDE,—,,,,,,1520,True,False,
mof,461edecca4869729d77c5da4039354e6b01cafe170d8efa1b801ee2248c58c17,公告2022年第34号,关于个人养老金有关个人所得税政策的公告,财政部 税务总局,BOUNDARY,低,养老保险,,,商业银行,[body]…市名单由人力资源社会保障部会同财政部、税务总局另行发布。上海市、福建省、苏州工业园区等已实施个人税收递延型商业养老保险试点的地区，自2022年1月1日起统一按照本公告规定的税收政策执行。 特此公告。 财政部 税务总局 2022年…,1861,True,True,RFN-f6b71b89b644f82d
mof,743457f156c17543b7f2b92146cf637925775cb2b786cc5dfe05c59a80a9c313,公告2022年第9号,国务院关税税则委员会关于给予阿富汗等10国98%税目产品零关税待遇的公告,国务院关税税则委员会,EXCLUDE,—,,,,,,660,True,False,
mof,e6da68f6cfda26aa0af498ce0856b7655562fdc1c5a6e0cb8041b91e70070360,财教〔2022〕190号,关于印发《出国留学经费管理办法》的通知,财政部    教育部、科教和文化司（中央文化企业国有资产监督管理领导小组办公室）、科教和文化司（中央文化企业国有资产监督管理领导小组办公室）,EXCLUDE,—,,,,,,693,True,False,
mof,12b9a9ff7a9e8ba8b88591350f67a6b84a8fe10562195e739a0bab4ea499e0aa,财会〔2022〕29号,关于印发《行政事业单位划转撤并相关会计处理规定》的通知,会计司、会计司、会计司,EXCLUDE,—,,,,,,591,True,False,
mof,c25eedce65e961765b483fe3b65911e1ea50a7c45c2d616e7b38aa3f5934ca16,公告2022年第33号,关于对电子烟征收消费税的公告,财政部 海关总署 税务总局,EXCLUDE,—,,,,,,1824,True,False,
mof,ece4775cc1b3927ca41fffc186d7904eceb44583dfb4e7cad86f0c9a96c5fed1,公告2022年第31号,关于银行业金融机构、金融资产管理公司不良债权以物抵债有关税收政策的公告,财政部,EXCLUDE,中,,,,商业银行|金融资产|银行业金融机构,[title]…关于银行业金融机构、金融资产管理公司不良债权以物抵债有关税收政策的公告 2022年09月30日财政部  税务总局公告2022年第…,1660,True,False,
mof,a90c43081bdbb5f18ab2621c405438d1bd64631844930ff2c3c89d9987ef5ca5,公告2022年第32号,关于企业投入基础研究税收优惠政策的公告,财政部     税务总局,EXCLUDE,—,,,,,,2832,True,False,
mof,6dacbf08b4b053aae0b59a334b9c71dd2fe6f2010019d9f97bd6e36660f20a3e,公告2022年第30号,关于支持居民换购住房有关个人所得税政策的公告, 财政部 税务总局,EXCLUDE,—,,,,,,1451,True,False,
mof,2d73e7623c6b5b7dd4b831ac7fbc4ded0470cd2b155c4d8fdbec64565062ae14,财会〔2022〕27号,关于印发《事业单位成本核算具体指引——科学事业单位》的通知,财政部、会计司、会计司,EXCLUDE,—,,,,,,564,True,False,
mof,0d23552236c7e54dca8211d677d4d0ca891e6a75b70c601d7e71f6151bae01d5,财会〔2022〕26号,关于印发《事业单位成本核算具体指引——高等学校》的通知,财政部、会计司、会计司,EXCLUDE,—,,,,,,546,True,False,
mof,de3cf7b65ea81a5ad280667b1d097f897ffaf39b9c009d8e1fc2cdc15edeb942,财会〔2022〕25号,关于印发《政府会计准则制度解释第5号》的通知,财政部、会计司、会计司,EXCLUDE,—,,,,,,6802,True,False,
mof,4f4c2d905628bd16d33ce82240e06a97844d0b4e261b531b2dadb47ea780a4de,公告2022年第27号,关于延续新能源汽车免征车辆购置税政策的公告,财政部　税务总局　工业和信息化部,EXCLUDE,—,,,,,,1219,True,False,
mof,b219b4a7e5d4cf0e3e36334088b868794842449404d854b2ae062084d204f895,财教〔2022〕175号,关于印发《中央专项彩票公益金教育助学项目资金管理办法》的通知,科教文司、科教和文化司（中央文化企业国有资产监督管理领导小组办公室）、科教和文化司（中央文化企业国有资产监督管理领导小组办公室）,EXCLUDE,—,,,,,,778,True,False,
mof,255dba91dccd9b88eb898d8642eb4eb7a6eeb296cd7bcd8925fb5d99fd2f0804,财资环〔2022〕106号,关于修改《大气污染防治资金管理办法》的通知,财政部,EXCLUDE,—,,,,,,704,True,False,
mof,c6e6a1e87cfb4389581f7926faa742e5df3eead75122689a0cbfe9ca7afa3a99,财资〔2022〕113号,关于支持解决地方政府接收中央企业 独立工矿区市政社区等办社会职能运营困难问题的通知,财政部,EXCLUDE,—,,,,,,2708,True,False,
mof,ab582ecb9f38ca8264c683d01bfcfa972cca7a4903dac37342bb0fdbbedb5124,财库〔2022〕31号,关于印发《政府采购品目分类目录》的通知,财政部、国库司(政府采购管理办公室)、国库司(政府采购管理办公室),EXCLUDE,—,,,,,,751,True,False,
mof,d358777d25ca2fea46ce985a309c1dd0d4d0555022ae679307ce01da9b021665,财预〔2022〕114号,关于印发《支持贵州加快提升财政治理能力奋力闯出高质量发展新路的实施方案》的通知,财政部、预算司、预算司,EXCLUDE,—,,,,,,6758,True,False,
mof,3971e35504924371d2855e746eb39b1394bdc7433fc10dedaf0cbfcfcfb46724,财预〔2022〕112号,关于印发《中央财政关于推动黄河流域生态保护和高质量发展的财税支持方案》的通知,财政部、预算司、预算司,EXCLUDE,—,,,,,,11709,True,False,
mof,2ef38b92e4dc9b96b21c6544adeae5e1bf8e28bad07ace1722d53268542caf96,公告2022年第25号,关于法律援助补贴有关税收政策的公告,财政部  税务总局,EXCLUDE,—,,,,,,1120,True,False,
mof,036cc053c15c85f951cf47f5304e1ce497baaf65a9e0708a25b74cc559062842,财资环〔2022〕93号,关于印发《安全生产预防和应急救援能力建设补助资金管理办法》的通知,财政部  应急部  国家矿山安监局、自然资源和生态环境司、自然资源和生态环境司,EXCLUDE,—,,,,,,518,True,False,
mof,6c7111c5b90c18bc9fcb8ff78c7f57b3eb2415162992812229a60bd35ac24e96,财行〔2022〕295号,关于印发《中央专项彩票公益金支持“阳光驿站”项目管理办法》的通知,财政部   全国妇联、行政政法司、行政政法司,EXCLUDE,—,,,,,,417,True,False,
mof,0070be7d1a50aeb2cc6df414d3e29e9ae6ed257c844668f938a6e1ab59f89381,公告2022年第8号,国务院关税税则委员会关于给予多哥共和国等16国98%税目产品零关税待遇的公告,国务院关税税则委员会、关税司（国务院关税税则委员会办公室）、关税司（国务院关税税则委员会办公室）,EXCLUDE,—,,,,,,775,True,False,
mof,6b343209ce8ce78df2e9afcccf9777ba00bb0d7d25b0fc89dbe465b280e74922,财金〔2022〕87号,关于进一步加强国有金融企业财务管理的通知,财政部、金融司、金融司,BOUNDARY,低,,,分支机构,金融资产,[body]…配置公务用车、办公用房，国内出差、因公出国 (境)按规定标准乘坐交通工具、落实住宿和餐饮标准，严格规范内部各级分支机构、子机构差旅、住宿、接待标准。 金融企业应当建立健全负责人公务用车管理制度，严格落实 1人1车或多人1车为负责…,11688,True,False,
mof,ba987645986fab63092931b4f03c6ddf37ee0a1f79b8f1bab3231b5b23d02e48,财教〔2022〕166号,关于印发《科学事业单位财务制度》的通知,财政部  科技部 、科教和文化司（中央文化企业国有资产监督管理领导小组办公室）、科教和文化司（中央文化企业国有资产监督管理领导小组办公室）,EXCLUDE,—,,,,,,601,True,False,
mof,ebfb5c2c5b44866ddf1f35a46876536e964788f414247bffa56c28518a742eda,财教〔2022〕159号,关于印发《中小学校财务制度》的通知,财政部    教育部、科教和文化司（中央文化企业国有资产监督管理领导小组办公室）、科教和文化司（中央文化企业国有资产监督管理领导小组办公室）,EXCLUDE,—,,,,,,570,True,False,
mof,2cbe43daade197e653899f724a9879234b2daa223b00183aab53ed0b2d82a6ce,财农〔2022〕58号,关于印发《农民专业合作社财务制度》的通知,财政部    农业农村部 、农业农村司、农业农村司,EXCLUDE,—,,,,,,572,True,False,
mof,218fab7b2cb244d55f80b7eb296d0369653f2f6ae276bd00f9ac8da5e9de6bdb,财教〔2022〕163号,关于印发《体育事业单位财务制度》的通知,财政部  体育总局、科教和文化司（中央文化企业国有资产监督管理领导小组办公室）、科教和文化司（中央文化企业国有资产监督管理领导小组办公室）,EXCLUDE,—,,,,,,609,True,False,
mof,4b6b9ec7d7979b94b5bd5d4b42e903a510c1a7eb6bf471749bec50b141adaf24,财教〔2022〕161号,关于印发《广播电视事业单位财务制度》的通知,财政部   广电总局、科教和文化司（中央文化企业国有资产监督管理领导小组办公室）、科教和文化司（中央文化企业国有资产监督管理领导小组办公室）,EXCLUDE,—,,,,,,642,True,False,
mof,9f9106bca42476f5f89481f20af52a35da9635fe7211f44b57f64b9aef354337,财教〔2022〕162号,关于印发《文物事业单位财务制度》的通知,财政部  国家文物局、科教和文化司（中央文化企业国有资产监督管理领导小组办公室）、科教和文化司（中央文化企业国有资产监督管理领导小组办公室）,EXCLUDE,—,,,,,,652,True,False,
mof,e3f63133febadb94eeb4ec49da9e2147ac1ea0071cf45bfb3fee27dd52048e9b,财教〔2022〕160号,关于印发《文化事业单位财务制度》的通知,财政部  文化和旅游部、科教和文化司（中央文化企业国有资产监督管理领导小组办公室）、科教和文化司（中央文化企业国有资产监督管理领导小组办公室）,EXCLUDE,—,,,,,,681,True,False,
mof,9bc51a5cee00b7e1c71c57cb7eb0471d55031ca2e39a15c0935259d496e25e73,财教〔2022〕128号,关于印发《高等学校财务制度》的通知,财政部     教育部 、科教和文化司（中央文化企业国有资产监督管理领导小组办公室）、科教和文化司（中央文化企业国有资产监督管理领导小组办公室）,EXCLUDE,—,,,,,,571,True,False,
mof,ad3218a0c86fb350e34a2c65de94c6475e9eb18520f2ddf5b9a444f598b1f8f0,证监会公告2022年第24号,关于交易型开放式基金纳入内地与香港股票市场交易互联互通机制后 适用税收政策问题的公告,财政部  税务总局 证监会 ,EXCLUDE,—,,,,,,884,True,False,
mof,2dc5c73b58c841fda53360a5db30d480e646cb043faebf02eaa38fe6e12c69b6,公告〔2022〕7号,国务院关税税则委员会关于对美加征关税商品第八次排除延期清单的公告,国务院关税税则委员会、关税司（国务院关税税则委员会办公室）、关税司（国务院关税税则委员会办公室）,EXCLUDE,—,,,,,,597,True,False,
mof,2f33f40245e42ddbc201a4b37f35f4843b3fc9967e4a02608dbb02fe5d24f8ca,公告2022年第23号,关于印花税法实施后有关优惠政策衔接问题的公告,财政部　税务总局,EXCLUDE,—,,,,,,723,True,False,
mof,61c4858f56881284351708aa9969a887aebef1afc31ddd005926b6e524ea51fb,财税〔2022〕25号,关于切实落实燃煤发电企业增值税留抵退税政策 做好电力保供工作的通知,财政部 税务总局 、税政司、税政司,EXCLUDE,—,,,,,,788,True,False,
mof,985318b418a4977745d61f6318f53266d87dca0fbac4ec955f4f94352263e734,财会〔2022〕21号,关于印发《关于加强新时代注册会计师行业人才工作的指导意见》的通知,财政部、会计司、会计司,EXCLUDE,—,,,,,,531,True,False,
mof,f3a9f8fd782a906ff7d7716c17ecaf4f690e635ad61ce2ac6db361b06677acd8,财建〔2022〕186号,关于《车辆购置税收入补助地方资金管理暂行办法》的补充通知,财政部    交通运输部、经济建设司、经济建设司,EXCLUDE,—,,,,,,3798,True,False,
mof,83f3c175dae4db3090c4c06be220de8e5d2b5c2bf94fff8731cc26026c8b90e4,财金〔2022〕72号,关于印发《商业保险公司绩效评价办法》的通知,财政部、金融司、金融司,BOUNDARY,低,人寿保险,,,,[body]…号公布，自2022年06月16日起施行。 财政部、金融司、金融司    中国人民保险集团股份有限公司， 中国人寿保险（集团）公司， 中国太平保险集团有限责任公司， 中国再保险（集团）股份有限公司， 其他有关商业保险集团（控股）…,780,True,True,RFN-51f4ad8a59c748b3;RFN-51f4ad8a59c748b3
mof,7acf3335ffedcbfe1462ac062e0b284d005dfa7656253a7c0743c042b01beb5d,财会〔2022〕15号,关于印发《道路交通事故社会救助基金会计核算办法》的通知,财政部、会计司、会计司,EXCLUDE,—,,,,,,1290,True,False,
mof,74560779429ebf78d8cab2b85244ee602da6e8f724400fa77c79e1fdcc21bba7,财建〔2022〕183号,关于完善建设工程价款结算有关办法的通知,财政部   住房城乡建设部、经济建设司、经济建设司,EXCLUDE,—,,,,,,1585,True,False,
mof,997a7b48b41029e8d8287080e5c50c4777b065003545e4eedfddb4082719cd2b,财建〔2022〕185号,关于做好国际油价触及调控上限后实施阶段性价格补贴有关工作的通知,财政部	国家发展改革委、经济建设司、经济建设司,EXCLUDE,—,,,,,,3351,True,False,
mof,a100976049bd30975a108ba906a372f0fd83ce3bc6a956ca447fe4a8774d710c,公告2022年第22号,关于印花税若干事项政策执行口径的公告,财政部  税务总局,EXCLUDE,—,,,,,,4115,True,False,
mof,68fa19c849a9dfc45e108090314861725be157e414aa037f8e6644e0a2c70028,财教〔2022〕113号,关于印发《中央专项彩票公益金支持大学生创新创业教育项目资金管理办法》的通知,财政部   教育部、科教和文化司（中央文化企业国有资产监督管理领导小组办公室）、科教和文化司（中央文化企业国有资产监督管理领导小组办公室）,EXCLUDE,—,,,,,,673,True,False,
mof,ce0d6020bd7baef8ed8d85df3ce4da52d08cb56387e9a2d99d4be74a5621e3cf,财预〔2022〕76号,关于印发《民族贸易和民族特需商品生产贷款贴息管理办法》的通知,财政部   国家民委   中国人民银行 、预算司、预算司,BOUNDARY,低,,,分支机构,,[body]…单列市财政厅（局）、 民（宗）委（厅局）， 新疆生产建设兵团财政局、 民宗局， 人民银行副省级城市中心支行以上分支机构： 为满足少数民族群众生产生活需要， 促进民族地区贸易发展， 保障民族特需商品供应， 加强民族贸易和民族特需商…,684,True,False,
mof,e1e9456303ff08b0283077cf61f0889c0c5e9d3df5b4eecb8683859447002539,财税〔2022〕21号,关于进一步明确商业健康保险个人所得税优惠政策适用保险产品范围的通知,财政部  税务总局 银保监会 、税政司、税政司,INCLUDE,高,健康保险,,,,[title]…关于进一步明确商业健康保险个人所得税优惠政策适用保险产品范围的通知 2022年05月31日财税〔2022〕21号公布，自公布之日起施行。…,729,True,True,RFN-1c86948d8888bc14;RFN-1c86948d8888bc14
mof,c31f57772b00b9dc90170c5b0508cb4de3c95e5ee3f50bbee6364b0d1f68639b,公告2022年第20号,关于减征部分乘用车车辆购置税的公告,财政部 税务总局,EXCLUDE,—,,,,,,846,True,False,
mof,09e768fe2b40b3584a776b1bc912d02f989b854964669d73951874c75a1e21bf,财库〔2022〕19号,关于进一步加大政府采购支持中小企业力度的通知,财政部、国库司(政府采购管理办公室)、国库司(政府采购管理办公室),EXCLUDE,—,,,,,,2207,True,False,
mof,3db3e63529eba8c294efcef2014f829a7244cc2cfdd35306ba06aa46150c52da,财教〔2022〕110号,关于做好2022年国家助学贷款免息及本金延期偿还工作的通知,财政部 教育部 人民银行 银保监会 、科教和文化司（中央文化企业国有资产监督管理领导小组办公室）、科教和文化司（中央文化企业国有资产监督管理领导小组办公室）,EXCLUDE,中,,,,银行业金融机构,"[body]…营业管理部、 省会（首府）城市中心支行、 副省级城市中心支行， 各银保监局 , 中央部门所属各高等学校， 有关银行业金融机构： 为帮助家庭经济困难毕业生缓解就业压力， 支持做好高校毕业生就业服务工作， 经国务院同意， 现就做好 202…",1214,True,False,
mof,066d625548a435eb047f32c85d34a093cd5594803ac4793471ee6eee47a9d023,财会〔2022〕14号,关于印发《资产管理产品相关会计处理规定》的通知,财政部、会计司、会计司,EXCLUDE,—,,,,,,650,True,False,
mof,a5e5bbc636a258098407ea0c62ffe87ea2b9f09dc560da48b720aa2c20dad178,财资环〔2022〕53号,关于印发《财政支持做好碳达峰碳中和工作的意见》的通知,财政部、自然资源和生态环境司、自然资源和生态环境司,EXCLUDE,—,,,,,,454,True,False,
mof,d881f338ae417afc5f996872c4babb55a74cb31a68041a41f6fcbe8c30c01664,财建〔2022〕142号,关于阶段性实施国内客运航班运行财政补贴的通知,财政部  民航局、经济建设司、经济建设司,EXCLUDE,—,,,,,,3958,True,False,
mof,fdb8da30cd93903455d0f58da7d61de1819bc6b41b0b3cd5eadae84f0a769131,财金〔2022〕63号,关于开展大豆完全成本保险和种植收入保险试点的通知,财政部 农业农村部 银保监会、金融司、金融司,BOUNDARY,低,,,保单|保险机构|保险条款,,[body]…任应涵盖农产品价格、产量波动导致的收入损失。 （三）注重加强承保机构资质管理。承保完全成本保险或种植收入保险的保险机构应满足《财政部 农业农村部关于加强政策性农业保险承保机构遴选管理工作的通知》（财金〔 2020〕128号）相关…,3795,True,False,
mof,63b6ee152d9d4add5d4b89a59d54bccfa1700dc4ae5fcfaed0601dec46dd76ea,财会〔2022〕13号,关于适用《新冠肺炎疫情相关租金减让会计处理规定》相关问题的通知,财政部、会计司、会计司,EXCLUDE,—,,,,,,1086,True,False,
mof,8bbd3cb708047dd8c960e8e96f8a4796269c15c771eb199b2f0fc2d753924b06,财金〔2022〕60号,关于发挥财政政策引导作用支持金融助力市场主体纾困发展的通知,财政部、金融司、金融司,EXCLUDE,中,,,保险条款,商业银行,[body]…险、担保、信贷政策协同。 各省级财政部门要积极与中国农业再保险股份有限公司、国家融资担保基金有限责任公司、相关商业银行对接 “财金-聚农贷”业务。对于业务开展成效较好的省（区、市，含兵团），中央财政在农业保险保费补贴综合绩效评价…,2859,True,False,
mof,21c4d5dc374760a36996aeebf9f6415c1f656755723b773317e58980196187ed,财库〔2022〕17号,关于做好政府采购框架协议采购工作有关问题的通知,财政部、国库司(政府采购管理办公室)、国库司(政府采购管理办公室),EXCLUDE,—,,,,,,5431,True,False,
mof,112da4595e166ba089f2fcf71754c105ae7ba6a07efbbdc8fd7c18205cdaba1d,财会〔2022〕12号,关于印发《会计师事务所一体化管理办法》的通知,财政部、会计司、会计司,EXCLUDE,—,,,,,,660,True,False,
mof,c6c65d418e2d454069bf54273874b45176752e25a1e4beee4d068eaa3f7a3408,财金〔2022〕55号,关于在广西开展糖料蔗完全成本保险和种植收入保险的通知,财政部 农业农村部 银保监会、金融司、金融司,BOUNDARY,低,,,保单|保险机构|保险条款,,[body]…任应涵盖农产品价格、产量波动导致的收入损失。 （三）注重加强承保机构资质管理。承保完全成本保险或种植收入保险的保险机构应满足《财政部 农业农村部关于加强政策性农业保险承保机构遴选管理工作的通知》（财金〔 2020〕128号）相关…,3499,True,False,
mof,9ff3ba604b0044eab9064cda25278b9645134b9d5649b4e4e191f4f2fd925713,财关税〔2022〕7号,关于上海市浦东新区有关研发机构适用进口税收政策资格认定事项的通知,财政部 科技部 民政部   商务部 海关总署 税务总局、关税司（国务院关税税则委员会办公室）、关税司（国务院关税税则委员会办公室）,EXCLUDE,—,,,,,,2472,True,False,
mof,5a7e095506aadd61e51e0fce65ced9e9798d9b0d122fa7b366023570c1d7a5c6,财办〔2022〕23号,关于印发《会计师事务所监督检查办法》的通知,会计司,EXCLUDE,—,,,,,,659,True,False,
mof,08ce4001ed0adc2559ff061923d3cbfce17cd64b7ab6114504aa66fedd555443,公告〔2022〕5号,国务院关税税则委员会关于对原产于缅甸关于对原产于缅甸的部分进口货物实施《区域全面经济伙伴关系协定》（RCEP）协定税率的公告,关税司、关税司（国务院关税税则委员会办公室）、关税司（国务院关税税则委员会办公室）,EXCLUDE,—,,,,,,572,True,False,
mof,d5ea820793c2ac1cb18f1eed217cb02da430a45550192a05bf65ab142e933b53,公告〔2022〕6号,国务院关税税则委员会关于调整煤炭进口关税的公告,国务院关税税则委员会、关税司（国务院关税税则委员会办公室）、关税司（国务院关税税则委员会办公室）,EXCLUDE,—,,,,,,360,True,False,
mof,da138a46738b2460fdcd6bfd291780e0c4ebf7c90e01eae079f6785865cf5870,财社〔2022〕49号,关于提高计划生育家庭特别扶助制度扶助标准的通知,财政部     国家卫生健康委、社会保障司、社会保障司,EXCLUDE,—,,,,,,1162,True,False,
mof,aa77b606f434c4caceaee4fa2b69e8dba7a3c2d8bffd2c784b831574ce29877f,财预〔2022〕60号,关于印发《中央财政农业转移人口市民化奖励资金管理办法》的通知,财政部、预算司、预算司,EXCLUDE,—,,,,,,394,True,False,
mof,6ec4c2145f8ada12f21ff2abe30ce842c9db32770313a209533ef3db520ace56,财预〔2022〕58号,关于印发《中央对地方均衡性转移支付办法》的通知,财政部、预算司、预算司,EXCLUDE,—,,,,,,368,True,False,
mof,a83a0204c49b6d717c86ee9b48910c064a7b37ce3ac709523bf7d1e18d007966,财预〔2022〕59号,关于印发《中央对地方重点生态功能区转移支付办法》的通知,财政部、预算司、预算司,EXCLUDE,—,,,,,,352,True,False,
mof,176ddf591cb6c5e6be1eac939eff69e6234806abd63096338d866ba9a716f2bf,财资环〔2022〕28号,关于印发《土壤污染防治资金管理办法》的通知,财政部    生态环境部、自然资源和生态环境司、自然资源和生态环境司,EXCLUDE,—,,,,,,469,True,False,
mof,82baea746c5d7bffe4fb5febf14b99abb438dfea1b2d513781a7da4bc83c8b85,财预〔2022〕55号,关于印发《中央对地方资源枯竭城市转移支付办法》的通知,财政部 、预算司、预算司,EXCLUDE,—,,,,,,370,True,False,
mof,c4ac38af59da7dfe80a71cd7f951a5d975913662c8dff81d71587b59fbdfab9f,财社〔2022〕31号,关于修订基本公共卫生服务等5项补助资金管理办法的通知,财政部  国家卫生健康委 国家医保局  国家中医药局 国家疾控局、社会保障司、社会保障司,EXCLUDE,—,,,,,,1101,True,False,
mof,7879a9a1d1fedb033444ff79a2f765861df6184d76bb865c247ecc6e0b26eabc,公告〔2022〕3号,国务院关税税则委员会关于对部分原产于新西兰的木材和纸制品实施协定税率的公告,国务院关税税则委员会、关税司（国务院关税税则委员会办公室）、关税司（国务院关税税则委员会办公室）,EXCLUDE,—,,,,,,487,True,False,
mof,aed0b32286f1760f38a2e766a68ec4a7eb98d1e9740678b710d6870d8592e25c,财税〔2022〕13号,关于在专利收费项目中增加单独指定费子项有关事项的通知, 财政部、国家发展改革委,EXCLUDE,—,,,,,,1083,True,False,
mof,b05f029f94a88be04418b7931d2d7ebf41e329f26349acea11480495ffb79332,公告2022年第13号,关于进一步实施小微企业所得税优惠政策的公告,财政部 税务总局,EXCLUDE,—,,,,,,867,True,False,
mof,c363ac88a660d1741da7f91909533160164a4bd8ab4482fe9e606c2561d77970,公告2022年第11号,关于促进服务业领域困难行业纾困发展有关增值税政策的公告,财政部 税务总局,BOUNDARY,低,,,分支机构,,[body]…，执行期限延长至2022年12月31日。 二、自2022年1月1日至2022年12月31日，航空和铁路运输企业分支机构暂停预缴增值税。2022年2月纳税申报期至文件发布之日已预缴的增值税予以退还。 三、自2022年1月1日至20…,1058,True,False,
mof,f79473cdd3f99c23b9d228273d5ea89670eb4615ca73f25e1fc9018bd3911706,公告2022年第12号,关于中小微企业设备器具所得税税前扣除有关政策的公告,财政部     税务总局,EXCLUDE,—,,,,,,1696,True,False,
mof,a108514a0c8e940e04817406177dc27c662f8cb4373aea5a83db573e51290988,公告2022年第10号,关于进一步实施小微企业“六税两费”减免政策的公告,财政部 税务总局,EXCLUDE,—,,,,,,1480,True,False,
mof,56a21313e37c0341b4b1c2c0ada8df5148d089ce3ccaf187c2443b1d207f3f74,财资〔2022〕5号,关于印发《国有企业境外投资直派财务负责人管理办法》的通知,资产管理司,EXCLUDE,—,,,,,,632,True,False,
mof,d22b73e83ff313a1d6b2286f6c95c0a2e51259db8a09cc43edca40b8107ec00d,公告2022年第8号,关于延续执行部分国家商品储备税收优惠政策的公告,财政部  税务总局,EXCLUDE,—,,,,,,1347,True,False,
mof,fa2d9ca4c3abf5db09e08b63f341c3de011df2cd9f87b675a122e71b25c375fc,公告2022年第9号,关于发布第三批适用北京2022年冬奥会、冬残奥会和测试赛企业赞助增值税政策的企业名单的公告,财政部,EXCLUDE,—,,,,,,686,True,False,
mof,4976a295e3ba8d906ed347af14dfda2a946ac9569f3e7cb7fdd86de3c3784e00,公告〔2022〕2号,国务院关税税则委员会关于对原产于马来西亚的部分进口货物实施 《区域全面经济伙伴关系协定》（RCEP）协定税率的公告,国务院关税税则委员会、关税司（国务院关税税则委员会办公室）、关税司（国务院关税税则委员会办公室）,EXCLUDE,—,,,,,,591,True,False,
mof,c41bbff2697d780bd8846f46841e21bc9c77ee24458c3acaffc10fa4d6d222ac,公告2022年第6号,关于延续执行创业投资企业和天使投资个人投资初创科技型企业有关政策条件的公告,财政部、税务总局,EXCLUDE,—,,,,,,597,True,False,
mof,15ffd60176d710648580149b9f924df4f21305e24771f822dfd018ddc86491d6,财综〔2022〕37号,关于印发《中央财政城镇保障性安居工程补助资金管理办法》的通知,财政部 住房城乡建设部、综合司、综合司,EXCLUDE,—,,,,,,526,True,False,
mof,603e95592e3faa8d0466948f3376be02bb76c7a950ccbb585c0dfc1247f0dc52,财建〔2022〕27号,关于修订《电信普遍服务补助资金管理办法》的通知,财政部 工业和信息化部、经济建设司、经济建设司,EXCLUDE,—,,,,,,739,True,False,
mof,b2d3f7773909c20136dd18463baf8ff4fd043124578798f4cf3aa991c26579bc,公告2022年第4号,关于延长部分税收优惠政策执行期限的公告, 财政部  税务总局,EXCLUDE,—,,,,,,1247,True,False,
mof,79a9570186116baea0d450aa1fc4aa6fed01a6894dc552dbeabfe26149616693,财教〔2022〕2号,关于印发《公共体育场馆向社会免费或低收费开放补助资金管理办法》的通知,财政部  体育总局 、科教和文化司（中央文化企业国有资产监督管理领导小组办公室）、科教和文化司（中央文化企业国有资产监督管理领导小组办公室）,EXCLUDE,—,,,,,,549,True,False,
mof,1d0d602f2f177b6a4448a0ef568b05140b4e26afb97a3d6d00f2360a49fe6788,公告2022年第3号,关于基础设施领域不动产投资信托基金（REITs）试点税收政策的公告,财政部  税务总局,EXCLUDE,—,,,,,,1234,True,False,
mof,fcf11ce8280837d2cb2c777f6123a2b80b8e434711aab3900bc31c0dbabe0685,公告2022年第1号,财政部 税务总局关于杭州2022年亚运会和亚残运会企业赞助有关增值税政策的公告,财政部,EXCLUDE,—,,,,,,1050,True,False,
mof,3b88f9c4ce8aa90b19456486d869c6aa43d50ab323c8b430038e398243356ad8,财会〔2022〕2号,关于印发《会计师事务所自查自纠报告管理办法》的通知,会计司、会计司、会计司,EXCLUDE,—,,,,,,627,True,False,
mof,342d4cac7d27e595ab57407ffd750f5686e6ff5bb4b814e01f006b6b7d701016,财社〔2022〕1号,关于修订《中央财政城乡居民基本医疗保险补助资金管理办法》的通知,财政部 国家医保局、社会保障司、社会保障司,EXCLUDE,—,,,,,,7068,True,True,RFN-009f8e408aa5c4d5;RFN-009f8e408aa5c4d5
mof,5b083e3827e6026d42c04ab71ac928280153e14e09f93d29be2280c3b763e388,财关税〔2022〕3号,关于调整疫情期间口岸进、出境免税店经营和招标期限等规定的通知,财政部    商务部    文化和旅游部   海关总署   税务总局、关税司（国务院关税税则委员会办公室）、关税司（国务院关税税则委员会办公室）,EXCLUDE,—,,,,,,1560,True,False,
mof,03e01693cf4b76754a0cc46ac23ca90b5e53d65eee0464a64650a36209dea5a5,公告〔2022〕1号,国务院关税税则委员会关于对原产于韩国的部分进口货物实施《区域全面经济伙伴关系协定》（RCEP）协定税率的公告,国务院关税税则委员会、关税司（国务院关税税则委员会办公室）、关税司（国务院关税税则委员会办公室）,EXCLUDE,—,,,,,,482,True,False,
mof,88383e602ba7d4ef427cece897d0f2b25748ca68fe517f6945f115484b50b2cb,财教〔2022〕1号,关于印发《生源地信用助学贷款风险补偿金管理办法》的通知,财政部  教育部、科教和文化司（中央文化企业国有资产监督管理领导小组办公室）、科教和文化司（中央文化企业国有资产监督管理领导小组办公室）,EXCLUDE,—,,,,,,596,True,False,
mof,4d924fd2839e63629ac335034d20679c92d8c048a9f469e359d6d8f4910fa8b2,财库〔2022〕004号,关于印发《记账式国债招标发行规则》的通知,财政部、国库司(政府采购管理办公室)、国库司(政府采购管理办公室),EXCLUDE,—,,,,,,418,True,False,
mof,777bd0212034a21fe8a34ae36dc5408cebc6eca06efc39bbe7decb3fecc7a8af,财会〔2022〕1号,关于印发《中国注册会计师鉴证业务基本准则》等11项准则的通知,会计司、会计司、会计司,EXCLUDE,—,,,,,,1964,True,False,
mof,3b766637c83cc82faa36d07c73990e078b51e3b6d4583b1a8a7ba90c0ece70b2,财教〔2021〕315号,关于印发《支持地方高校改革发展资金管理办法》的通知,财政部      教育部、科教和文化司（中央文化企业国有资产监督管理领导小组办公室）、科教和文化司（中央文化企业国有资产监督管理领导小组办公室）,EXCLUDE,—,,,,,,476,True,False,
mof,dcf859816f170db49ee93ccd4c4011b8d4acc01f272ac912c64107ed2f59e565,财金〔2021〕130号,关于印发《中央财政农业保险保费补贴管理办法》的通知,财政部、金融司、金融司,BOUNDARY,低,,,保险公司,,[body]…产管理集团有限公司、 中国储备粮管理集团有限公司、 北大荒农垦集团有限公司、 中国农业发展集团有限公司， 有关保险公司： 为进一步做好农业保险保费补贴工作， 提升财政资金使用绩效， 推动农业保险加快高质量发展， 结合近年来工作实…,681,True,False,
mof,569e631dd18bdc37340664ae43d4bc896faadb291b45722e36447ae34aa4949b,公告2021年第43号,关于延续实施外籍个人津补贴等有关个人所得税优惠政策的公告,财政部  税务总局,EXCLUDE,—,,,,,,435,True,False,
mof,99ba5cb3fc7c0bc2930847d73c108f07434e1a702af8fe857fa713d244dbcd0d,公告2021年第42号,关于延续实施全年一次性奖金等个人所得税优惠政策的公告,财政部  税务总局,EXCLUDE,—,,,,,,725,True,False,
mof,95a555370f85b0ce6355cdedacd0ea307c52e534b517662d3c77c178e02c1fc5,财建〔2021〕466号,关于2022年新能源汽车推广应用财政补贴政策的通知,财政部  工业和信息化部   科技部  发展改革委 、经济建设司、经济建设司,EXCLUDE,—,,,,,,2554,True,False,
mof,2bd293d908cc29b06cedde213b5eff7ed99240be6bdeb17b0de0a88e284747d1,财教〔2021〕314号,关于印发《国家非物质文化遗产保护资金管理办法》的通知,科教文司、科教和文化司（中央文化企业国有资产监督管理领导小组办公室）、科教和文化司（中央文化企业国有资产监督管理领导小组办公室）,EXCLUDE,—,,,,,,616,True,False,
mof,866f2e4e1ba9dddf7dc1b66067a7cb46f8a4de510282acadcd9e47b733cdc04e,财会〔2021〕35号,关于印发《企业会计准则解释第15号》的通知,财政部,EXCLUDE,—,,,,,,449,True,False,
mof,407195828318d80874a8461349f89a902bd12cebaf10933299e71ff42fbfd000,财教〔2021〕310号,关于印发《学生资助资金管理办法》的通知,科教文司、科教和文化司（中央文化企业国有资产监督管理领导小组办公室）、科教和文化司（中央文化企业国有资产监督管理领导小组办公室）,EXCLUDE,—,,,,,,615,True,False,
mof,5025869528584b06ba6402d2719ccbfc2c348db83e52a146c578b2572484daee,财会〔2021〕38号,关于印发《农民专业合作社新旧会计制度有关衔接问题的处理规定》的通知,财政部、会计司、会计司,EXCLUDE,—,,,,,,696,True,False,
mof,50cd49bd9898c84ef106a3667b683d367c3d1a380f9b488af29ef94e6e817260,财会〔2021〕37号,关于印发《农民专业合作社会计制度》的通知,财政部、会计司、会计司,EXCLUDE,—,,,,,,614,True,False,
mof,8e9c93a101627c302e1001016cbfc2ed2ca8f8dd1e22436c310c95388cd27237,公告〔2021〕10号,国务院关税税则委员会关于发布《中华人民共和国进出口税则（2022）》的公告,国务院关税税则委员会、关税司（国务院关税税则委员会办公室）、关税司（国务院关税税则委员会办公室）,EXCLUDE,—,,,,,,432,True,False,
mof,1238fe948257cba0d3352906eac3f0ec85dfe17fc62e6a6d20475208ff5c220b,公告2021年第41号,关于权益性投资经营所得个人所得税征收管理的公告,财政部  税务总局,EXCLUDE,—,,,,,,1004,True,False,
mof,4a5cc137cef9a45fd8ac38dd04a9b28f7e1debd90c188b6f876ff401540d7054,财会〔2021〕33号,关于印发《政府会计准则制度解释第4号》的通知,财政部、会计司、会计司,EXCLUDE,—,,,,,,14052,True,False,
mof,0a54a7e260acef247a2334247421d92c997c06044f1b18030a39b73a4ca6c630,财教〔2021〕313号,关于印发《中央专项彩票公益金支持国家艺术基金项目资金管理办法》的通知,科教文司、科教和文化司（中央文化企业国有资产监督管理领导小组办公室）、科教和文化司（中央文化企业国有资产监督管理领导小组办公室）,EXCLUDE,—,,,,,,458,True,False,
mof,4eb20e92487af0730c8f6ca60c5094c38ec4e8b2e5a62283273299ffc61462e6,公告2021年第39号,关于2021年度——2023年度公益性社会组织捐赠税前扣除资格名单的公告,财政部 税务总局 民政部,EXCLUDE,—,,,,,,693,True,False,
mof,20378d3f6a915cc049ce2cf401c6c2100960a01ccb726700d81e162e86002df7,公告2021年第37号,关于出口货物保险增值税政策的公告, 财政部  税务总局,EXCLUDE,—,,,,,,556,True,False,
mof,d5e84f42fb7fad04dfff67e2bb3478ea7133049e09c84f7bc1d3eb557b22aaa5,财金〔2021〕110号,关于修订发布《政府和社会资本合作（PPP）综合信息平台 信息公开管理办法》的通知,财政部、金融司、金融司,EXCLUDE,—,,,,,,638,True,False,
mof,7ffd1883b69265533ec0db008e3ade6950d259afde9d1ff7d99e96dee487e8d7,公告2021年第36号,关于公布《环境保护、节能节水项目企业所得税优惠目录（2021年版）》以及 《资源综合利用企业所得税优惠目录（2021年版）》的公告,财政部　国家税务总局 国家发展改革委 生态环境部,EXCLUDE,—,,,,,,2256,True,False,
mof,8e9f2534fbf505529650ba4a257d1be8b93c3c5ca5df25b0dae4517ce9292ac4,财库〔2021〕46号,关于稳步推广电子非税收入一般缴款书的通知,财政部,EXCLUDE,—,,,,,,4401,True,False,
mof,f73ea20d1d0eece88e99ad0ce5a44db695ee567718d80759519dc617ddb510ba,公告〔2021〕8号,国务院关税税则委员会关于给予最不发达国家98%税目产品零关税待遇的公告,国务院关税税则委员会、关税司（国务院关税税则委员会办公室）、关税司（国务院关税税则委员会办公室）,EXCLUDE,—,,,,,,464,True,False,
mof,e6397407279ead01d2dcca0d778afc90b2a212538c16322396e09ada839b88bb,税委会〔2021〕18号,国务院关税税则委员会关于2022年关税调整方案的通知,国务院关税税则委员会,EXCLUDE,—,,,,,,423,True,False,
mof,8083fced061ab8147ad7497fd6fc453f84256c574e98bf73f8de918da0ff2f39,公告2021年第40号,关于完善资源综合利用增值税政策的公告,财政部,EXCLUDE,—,,,,,,7002,True,False,
mof,dae020b336f0a1e62f82b45d5255133c8b659c396ab000cc81de473dbea79084,财会〔2021〕31号,关于印发《中国注册会计师审计准则第1601号—审计特殊目的财务报表的特殊考虑》 等三项准则的通知,财政部、会计司、会计司,EXCLUDE,—,,,,,,1326,True,False,
mof,6fee1013696871ae0de68c5f61fdd13ddcd0ee1bfd2fc28e57c07f99a806d2cb,财农〔2021〕121号,关于印发 《农村集体经济组织财务制度》的通知,财政部  农业农村部、农业农村司、农业农村司,EXCLUDE,—,,,,,,567,True,False,
mof,2f119789fdf2d119f639b1cae7ad25b20a1f2b4ff10c4c7c3a3329bd8c41386c,财教〔2021〕288号,关于印发《中央专项彩票公益金支持乡村学校少年宫项目资金管理办法》的通知,科教文司,EXCLUDE,—,,,,,,582,True,False,
mof,1208575b57f1ea721618873e1315b4b8e67f24ac64a78a31328d16af4b1526d5,财会〔2021〕29号,关于进一步加强水利基础设施政府会计核算的通知,财政部、水利部、会计司、会计司,EXCLUDE,—,,,,,,10574,True,False,
mof,dd8c8a26b388c56dd19eea666df3a33a113660a68fb92158061ded71b4ac9a55,财教〔2021〕204号,关于印发《中央引导地方科技发展资金管理办法》的通知,财政部  科技部、科教和文化司（中央文化企业国有资产监督管理领导小组办公室）、科教和文化司（中央文化企业国有资产监督管理领导小组办公室）,EXCLUDE,—,,,,,,649,True,False,
mof,fc62a409cd61d815207974b86c61b41f8935ac520b08af5124d9182177f7418e,财教〔2021〕283号,关于印发《中央高校基本科研业务费管理办法》的通知,财政部、教育部、科教和文化司（中央文化企业国有资产监督管理领导小组办公室）、科教和文化司（中央文化企业国有资产监督管理领导小组办公室）,EXCLUDE,—,,,,,,597,True,False,
mof,c58054bbec0bccd808be07c67bb7eac01cd6ee675bbffdf69af9c73b16dfd03a,财金〔2021〕102号,关于规范国有金融机构资产转让有关事项的通知,财政部、金融司、金融司,BOUNDARY,低,,,分支机构,金融资产,[body]…关事项通知如下： 一、坚持依法依规，确保公开、公平、公正 国有独资、国有全资、国有控股及实际控制金融机构（含其分支机构及拥有实际控制权的各级子企业，以下统称国有金融机构）资产转让应当严格遵守国家法律法规和政策规定，充分发挥市场配…,5962,True,False,
mof,8db8b11f0830d2f96ab60c5ce88e0df73801b66fc58f7f7e32401f330d0b871e,财农〔2021〕122号,关于印发《衔接推进乡村振兴补助资金绩效评价及考核办法》的通知,财政部 国家乡村振兴局 国家发展改革委 国家民委 农业农村部  国家林草局、农业农村司、农业农村司,EXCLUDE,—,,,,,,779,True,False,
mof,aba956c6685eb0ddda538c0a5bc084834e6fec1a11fc79bf92fb7f51fd46341c,公告2021年34号,关于延续境外机构投资境内债券市场企业所得税、增值税政策的公告,财政部,EXCLUDE,—,,,,,,451,True,False,
mof,ddab50f7b096e7bae0c19fcdb15ec9652c6600d100fd7849d8721b1231b628e6,财税〔2021〕62号,关于清理社会抚养费有关政策的通知,财政部、国家发展改革委,EXCLUDE,—,,,,,,886,True,False,
mof,d75ff0aa829fedb101eca4fd9ebc862e2da31919622148854fb29dcfb380ecfa,财会〔2021〕26号,关于印发《事业单位成本核算具体指引——公立医院》的通知,财政部,EXCLUDE,—,,,,,,522,True,False,
mof,a7080b74626ea8a1994fd434ef0da9854259f3692b49b156fadc6a87c11e865b,财教〔2021〕285号,关于印发《高等学校哲学社会科学繁荣计划专项资金管理办法》的通知,财政部    教育部、科教和文化司（中央文化企业国有资产监督管理领导小组办公室）、科教和文化司（中央文化企业国有资产监督管理领导小组办公室）,EXCLUDE,—,,,,,,729,True,False,
mof,384d208693fc4ce2800b5973d70e7cd554acfbde1a6cb234984c82f19b87e67b,公告2021年第33号,关于北京证券交易所税收政策适用问题的公告,财政部 税务总局,EXCLUDE,—,,,,,,669,True,False,
mof,551661e4f98d98a08790cde403a8c7d0a408c903da1848d564cf40a0ad124e01,财建〔2021〕361号,关于印发《政府还贷二级公路取消收费后补助资金管理暂行办法》的通知,财政部　交通运输部,EXCLUDE,—,,,,,,746,True,False,
mof,b7d11866673c3a2d46443607914fda4217d048697d70df81e54b8b4ec999d4fa,财金〔2021〕96号,关于实施中央财政支持普惠金融发展示范区奖补政策的通知,财政部、人民银行、银保监会,BOUNDARY,低,,,分支机构,,[body]…部将各省绩效考核表和汇总得分、排名情况在财政部官网予以公示，接受社会监督。 （四）省级财政部门联合当地人民银行分支机构、银保监部门确定当年示范区，并于每年4月30日前将示范区名单提交财政部。 （五）每年5月20日前，财政部根据分…,6435,True,False,
mof,f1c06bb56f2c138d2e6e75cf49d4c2cb22cc61f52f1b4cffedcd3c60ba4d6d16,财教〔2021〕237号,关于印发《国家社会科学基金项目资金管理办法》的通知,财政部、全国哲学社会科学工作领导小组,EXCLUDE,—,,,,,,541,True,False,
mof,df2185be363e05f943a927861e5e99a552d7c875890263e6a4ca5a1af5646a46,财关税〔2021〕44号,关于“十四五”期间进口科学研究、科技开发和教学用品免税清单（第一批）的通知,财政部 、海关总署、税务总局,EXCLUDE,—,,,,,,1031,True,False,
mof,524412572497e2c2e49debd567cba7439b09ce2ead7ec31df477ab836ddcb07b,国家税务总局公告2021年第30号,关于制造业中小微企业延缓缴纳 2021年第四季度部分税费有关事项的公告,国家税务总局 财政部,EXCLUDE,—,,,,,,1955,True,False,
mof,bceebe8571c3612fa4c431be2216368cb837c75b68910772cd4e6ee5dba2f190,财资环〔2021〕100号,关于印发《重点生态保护修复治理资金管理办法》的通知,财政部,EXCLUDE,—,,,,,,322,True,False,
mof,ef1b4975575ce7530e0f994d0165be77cd127b458ed2fc68d736fd198de89efd,财教〔2021〕176号,关于印发《国家科技成果转化引导基金管理暂行办法》的通知,财政部  科技部 ,EXCLUDE,—,,,,,,524,True,False,
mof,2e5e77ad777f3cf37d1d794836dedb56bc62fb73b068fbf5dfe04440c2725aea,财资〔2021〕135号,关于印发《气象观测站仪器设备配置标准（试行）》的通知,财政部、中国气象局,EXCLUDE,—,,,,,,541,True,False,
mof,f4bcd7bc383f551e17a1628cabe19ccc0d73ab51fa3e4ad04a2b452a58ac2ed2,财教〔2021〕178号,关于印发《国家重点研发计划资金管理办法》的通知,财政部  科技部、科教和文化司（中央文化企业国有资产监督管理领导小组办公室）、科教和文化司（中央文化企业国有资产监督管理领导小组办公室）,EXCLUDE,—,,,,,,619,True,False,
mof,edf25d36c173983614aa6c9cc44ac8dedad07bda045c70981f45ccfab29dbf07,财教〔2021〕177号,关于印发《国家自然科学基金资助项目资金管理办法》的通知,财政部  国家自然科学基金委员会,EXCLUDE,—,,,,,,536,True,False,
mof,1cb8a822420598e670f87b0d901281168265559754de10cbc6ae9e6f632b1ad1,财资〔2021〕127号,关于印发《中央行政事业单位国有资产处置管理办法》的通知,财政部、资产管理司、资产管理司,EXCLUDE,—,,,,,,548,True,False,
mof,1beaa74e540d503f98fad4fe7b3dceb50ec0c488a4dbcd2f06f66379b82210a7,财教〔2021〕174号,关于深入实施农村义务教育学生营养改善计划的通知,财政部 教育部、科教和文化司（中央文化企业国有资产监督管理领导小组办公室）、科教和文化司（中央文化企业国有资产监督管理领导小组办公室）,EXCLUDE,—,,,,,,3008,True,False,
mof,5590646cbcf1bc88e69bbe46106b2ca195efcb65c7c3369ed6e6fb6b8018b4e4,财会〔2021〕22号,关于印发《律师事务所相关业务会计处理规定》的通知,财政部、会计司、会计司,EXCLUDE,—,,,,,,511,True,False,
mof,22bb01f130dde68c6f15e273c9ce39a096c2145359902aa29fd29b2b92d3f90c,财会〔2021〕21号,关于印发《企业产品成本核算制度——油气管网行业》的通知,财政部、会计司、会计司,EXCLUDE,—,,,,,,562,True,False,
mof,36c3e5e29085aeafe4b7b87b4a35e85c7249edbeb13fdb5e2cc9d62d24905cf0,财会〔2021〕19号,关于印发《机关事业单位职业年金基金相关业务会计处理规定》的通知,财政部、会计司、会计司,EXCLUDE,—,,,,,,648,True,True,RFN-cabfd3ca0b94c211;RFN-cabfd3ca0b94c211
mof,2c1f027e44e79400d7642c309c269f4c95d3fb8fc73e756494d37efbd146848a,财政部公告2021年第31号,关于中瑞会计准则等效的公告,财政部,EXCLUDE,—,,,,,,487,True,False,
mof,afded2d9a7906d4914771000818397ed28eff499788979eaab55763c6226ec1c,财税〔2021〕51号,关于调整铁路和航空运输企业汇总缴纳增值税分支机构名单的通知,财政部   税务总局,BOUNDARY,低,,,分支机构,,[title]…关于调整铁路和航空运输企业汇总缴纳增值税分支机构名单的通知 2021年09月05日财税〔2021〕51号公布，自公布之日起施行。 财政部   税务总局…,1446,True,False,
mof,01df37177bea282611cecaaf24d6b1561718de86e827b532d574fa1c6365769a,财社〔2021〕108号,关于退役安置等补助资金管理办法的补充通知,社会保障司、社会保障司、社会保障司,EXCLUDE,—,,,,,,1285,True,False,
mof,61a2314099e8676657500c17fbb9561d982d442fa88b54f084e3f859494f1409,财预〔2021〕108号,关于印发《关于全面推动长江经济带发展财税支持政策的方案》的通知,财政部、预算司、预算司,BOUNDARY,低,养老保险,,,,[body]…工作。中央财政加大对城乡居民基本医疗保险基金的补助力度，鼓励引导退捕渔民按规定参加基本医疗保险。沿江省市要落实养老保险缴费补贴政策，对“三地分离”退捕渔民，按规定给予养老保险缴费补贴。中央财政通过就业创业有关补助资金，支持以转产…,9864,True,False,
mof,6d72eae3973276e406d76f49704cc3833ee711a1f2701e49115aab0f41297270,财关税〔2021〕42号,关于中国国际服务贸易交易会展期内销售的进口展品税收政策的通知,财政部   海关总署   税务总局、关税司（国务院关税税则委员会办公室）、关税司（国务院关税税则委员会办公室）,EXCLUDE,—,,,,,,1253,True,False,
mof,bd3a01edc62a45fdcab2697239212163a9f5fb4462b0b4e750c7b179e3d9cd2b,公告2021年第29号,关于契税法实施后有关优惠政策衔接问题的公告,财政部　税务总局,EXCLUDE,—,,,,,,1121,True,False,
mof,7bcb3931784b2da30816a416d581c343b8107539dc2b5541c9d736a915eff49e,公告2021年第28号,关于城市维护建设税计税依据确定办法等事项的公告,财政部 税务总局,EXCLUDE,—,,,,,,979,True,False,
mof,267d329d11b3aaf3b4ff13de01f07658a2a6cba76499b0c9ea937b5d7890494b,公告2021年第27号,关于继续执行的城市维护建设税优惠政策的公告,财政部　税务总局,EXCLUDE,—,,,,,,1879,True,False,
mof,2a5228a1f8d58322868fd1f98685f2a6e283bff1110188791d0fc4d9021b9a0f,财资环〔2021〕91号,关于印发《中央生态环保转移支付资金项目储备制度管理暂行办法》的通知,财政部  自然资源部  生态环境部  应急部  国家林草局、自然资源和生态环境司、自然资源和生态环境司,EXCLUDE,—,,,,,,3628,True,False,
mof,e3ea41086676f06c9e2f1adbc5ddc4bff9e9a86ea728211f91aee4b7ce0b66b3,财资环〔2021〕90号,关于印发《中央补助地方森林草原航空消防租机经费管理暂行规定》的通知,资产管理司、自然资源和生态环境司、自然资源和生态环境司,EXCLUDE,—,,,,,,464,True,False,
mof,c32a264f6559b51d1e5fe84e974361e2866c81fca1790506348be1b5447d78a9,财教〔2021〕156号,关于印发中央专项彩票公益金支持教育相关项目资金管理办法的通知,财政部 教育部、科教和文化司（中央文化企业国有资产监督管理领导小组办公室）、科教和文化司（中央文化企业国有资产监督管理领导小组办公室）,EXCLUDE,—,,,,,,1035,True,False,
mof,b2345335f6e4171da8070dd453454f3245a2dd2220a6b5e6bf242e12bb55e8a0,国市监稽规〔2021〕4号,关于印发《市场监管领域重大违法行为举报奖励暂行办法》的通知,财政部市场监管总局,EXCLUDE,—,,,,,,7246,True,False,
mof,f33948791c93710a1ab17ea2b4b112077d53e1c2296105f07f6fff58617e065d,公告〔2021〕6号,国务院关税税则委员会关于进一步调整钢铁产品出口关税的公告,国务院关税税则委员会、关税司（国务院关税税则委员会办公室）,EXCLUDE,—,,,,,,324,True,False,
mof,eb0f0a71b866e8bdd622331781fde94d5acf827c7f2e84c1db5f9ef8899fae2f,公告2021年第26号,关于确认中国红十字会总会等群众团体2021年度—2023年度公益性捐赠税前扣除资格的公告,财政部税务总局,EXCLUDE,—,,,,,,498,True,False,
mof,46f123c1f1f777a5521f5fca671bd947d2491e42da0874af36e804a9308d5ca1,公告2021年第25号,关于取消钢铁产品出口退税的公告,财政部税务总局,EXCLUDE,—,,,,,,336,True,False,
mof,1e6cc721c8b7bb786fb1bbbeec18f710f363c401b1263063c2928943f1e9cb24,公告2021年第24号,关于完善住房租赁有关税收政策的公告, 财政部、税务总局、住房城乡建设部 ,EXCLUDE,—,,,,,,2183,True,False,
mof,b7b5de137bb4af60764e4239606361717d57dbf1fa79cce6265356a9df5d1a45,财教〔2021〕127号,关于印发《义务教育薄弱环节改善与能力提升补助资金管理办法》的通知,财政部教育部、科教和文化司（中央文化企业国有资产监督管理领导小组办公室）、科教和文化司（中央文化企业国有资产监督管理领导小组办公室）,EXCLUDE,—,,,,,,501,True,False,
mof,d274d6ae3b30dbfb486e5af98722c245c2b8f4da1492ab4400261f5aabdc9c3f,财关税〔2021〕34号,关于海南自由贸易港进出岛航班加注保税航油政策的通知,关税司、关税司（国务院关税税则委员会办公室）、关税司（国务院关税税则委员会办公室）,EXCLUDE,—,,,,,,976,True,False,
mof,11b7b1681079617d1ab301553fe6b458e9798ba530f61c684078b4e0076ec7cd,财金〔2021〕60号,关于印发《金融机构国有股权董事履职保障管理办法（试行）》的通知,金融司,EXCLUDE,—,,,,,,682,True,False,
mof,db2dbfd7cfbb9b31b460cba21474522cad2496fc1b77a3ab15c3df577bc4ad97,财会〔2021〕16号,关于印发《工会新旧会计制度有关衔接问题的处理规定》的通知,财政部、会计司、会计司,EXCLUDE,—,,,,,,610,True,False,
mof,d59ebdccc9507933065cd2fb8fe64317bb0179d12b928c79f196e505d1623e22,财社〔2021〕69号,关于做好义务兵家庭优待金中央财政补助经费管理有关问题的通知,财 政 部、社会保障司、社会保障司,EXCLUDE,—,,,,,,2871,True,False,
mof,819939d8c79e2bcfd2831a895d40d591d7aba7ab97c51bec1052cf741882fa41,财金〔2021〕49号,关于扩大三大粮食作物完全成本保险和种植收入保险实施范围的通知,财政部 农业农村部 银保监会、金融司、金融司,BOUNDARY,低,,,保险产品|保险机构|保险条款,,[body]…绕全面推进乡村振兴和加快农业农村现代化，通过扩大三大粮食作物完全成本保险和种植收入保险实施范围，进一步增强农业保险产品吸引力，助力健全符合我国农业发展特点的支持保护政策体系和农村金融服务体系，稳定种粮农民收益，支持现代农业发展，…,4948,True,False,
mof,08d082b5dbb6be9b4bf367cc95ec72d36bfbb1e05de3a1875728385193c2c63e,公告2021年第23号,关于贯彻实施契税法若干事项执行口径的公告,财政部、 税务总局,EXCLUDE,—,,,,,,5140,True,False,
mof,0ef04237fe529074c87d1aca5ca9abac742f519f8dc4f4726ce27b389310b699,财建〔2021〕177号,关于深入推进优质粮食工程的意见,国家粮食和物资储备局 财政部、经济建设司、经济建设司,EXCLUDE,—,,,,,,4957,True,False,
mof,65c62612d3f98efbee3f41c7a00e448409fde2d77fb2bad6349b189d56b023df,财预〔2021〕61号,关于印发《地方政府专项债券项目资金绩效管理办法》的通知,财政部、预算司、预算司,EXCLUDE,—,,,,,,7723,True,False,
mof,0c0719def534731ad27a60386af7861416af2ad69186519e740698060bfa2e3a,财资环〔2021〕46号,关于印发《大气污染防治资金管理办法》的通知,财  政  部、自然资源和生态环境司、自然资源和生态环境司,EXCLUDE,—,,,,,,354,True,False,
mof,59ef2e802b0b1e9645aab889c8251cb45858dc7e15d58f27fd2fcfe84843d717,公告2021年第22号,关于取消、免征部分出入境证件收费的公告,财政部 国家发展改革委,EXCLUDE,—,,,,,,746,True,False,
mof,22e32151ebbf545f9e317c3c969b7fa90552518e3edeac528a145c8468d46d99,财农〔2021〕50号,关于印发《中央专项彩票公益金支持欠发达革命老区乡村振兴项目资金管理办法》的通知,财政部 国家乡村振兴局、农业农村司、农业农村司,EXCLUDE,—,,,,,,583,True,False,
mof,cfd3fe85045831f9cd6e9a97ca452f258a4877cddf0c848ac6e190062f10681e,财建〔2021〕148号,关于印发《中小企业发展专项资金管理办法》的通知,财政部、经济建设司、经济建设司,EXCLUDE,—,,,,,,417,True,False,
mof,19330408487aa3667ed4b7034fae90bdd68d6af1af98e2dbe3901683d3e5788f,财建〔2021〕144号,关于修订《城市管网及污水处理补助资金管理办法》的通知,财政部 住房城乡建设部,EXCLUDE,—,,,,,,527,True,False,
mof,5777de0917138784e0a04277275d7cd44ed20b20b18da8c82803adae06f0f146,财资环〔2021〕36号,关于印发《水污染防治资金管理办法》的通知,财  政  部、自然资源和生态环境司、自然资源和生态环境司,EXCLUDE,—,,,,,,347,True,False,
mof,d40a9cfe72fcbb61389b011d4926a0ef1219242c637b497829a474f002bc99d1,公告2021年第20号,关于通过公益性群众团体的公益性捐赠税前扣除有关事项的公告,财政部 税务总局,EXCLUDE,—,,,,,,5119,True,False,
mof,5f317d22756a8608889e4e7c415d5d07b5e14cc44d4854d622996a645192ed5f,财资环〔2021〕43号,关于印发《农村环境整治资金管理办法》的通知,财政部、自然资源和生态环境司、自然资源和生态环境司,EXCLUDE,—,,,,,,350,True,False,
mof,2d4e7421bf5e7e4265083eabba6547d7636657392d456567f94b992d9a192bd2,公告2021年第21号,关于继续实施企业改制重组有关土地增值税政策的公告,财政部 税务总局,EXCLUDE,—,,,,,,1865,True,False,
mof,a1b929a126fd4758dbcb68673cc048a75e49f167238d40a2e19398dc37205e19,财资环〔2021〕35号,关于修订《土壤污染防治基金管理办法》的通知,资产管理司、自然资源和生态环境司、自然资源和生态环境司,EXCLUDE,—,,,,,,535,True,False,
mof,0511e0d70318273fc0f6dabd7e408b60b56375c0bd2be86cf30d149461d1efe2,财会〔2021〕9号,关于调整《新冠肺炎疫情相关租金减让会计处理规定》适用范围的通知,财政部,EXCLUDE,—,,,,,,1928,True,False,
mof,2885fd01c3f22246d08d48b7f4e03c9002a733b9bac6417102ea8faf73f698a8,财综〔2021〕19号,关于将国有土地使用权出让收入、矿产资源专项收入、海域使用金、无居民海岛使用金四项政府非税收入划转税务部门征收有关问题的通知,财政部 自然资源部 税务总局 人民银行、综合司、综合司,EXCLUDE,—,,,,,,3589,True,False,
mof,0fbf47cfd8c7a00ea09007cbd5e00b3eff78e731bfcd6fd0d374a7c416808d2f,财综〔2021〕18号,关于印发《彩票公益金管理办法》的通知,财政部,EXCLUDE,—,,,,,,515,True,False,
mof,4503258c0ea0b5d9213d6f11018dec0e0050537cc4632398638da3083c3a656f,财综〔2021〕17号,关于印发《彩票市场调控资金管理办法》的 通知,财政部,EXCLUDE,—,,,,,,586,True,False,
mof,1c5a15bc85428e8ce6078fcd85a24881528283c9749b950cff47d60d07f56502,财农〔2021〕41号,关于实施渔业发展支持政策推动渔业高质量发展的通知,财政部 农业农村部、农业农村司、农业农村司,EXCLUDE,—,,,,,,5370,True,False,
mof,8d34c117b5bd6ee7c8e22ba4f7e0f9331cdd9283568115b35c75528cc75605f3,公告2021年第19号,关于对部分成品油征收进口环节消费税的公告,财政部、海关总署 、税务总局,EXCLUDE,—,,,,,,770,True,False,
mof,502b59a744b743af2f167aa1f4d4cfec6f991cecab064765337c7714b71337bb,公告2021年第18号,关于延长部分扶贫税收优惠政策执行期限的公告,财政、 税务总局、人力资源社会保障部、国家乡村振兴局,EXCLUDE,—,,,,,,835,True,False,
mof,d4a4ea8f166d29639d6612edbc01540c6ad605cfb291aee69d072e19e6d2ed5a,财库〔2021〕22号,关于印发《政府采购需求管理办法》的通知,财政部、国库司(政府采购管理办公室)、国库司(政府采购管理办公室),EXCLUDE,—,,,,,,376,True,False,
mof,3e7c95edca9e544b7f32c24f4c5fd26893b19e32e594e354f90b544f640b627c,财监〔2021〕4号,关于印发《第三方机构预算绩效评价业务监督管理暂行办法》的通知,财政部、监督评价局、监督评价局,EXCLUDE,—,,,,,,631,True,False,
mof,f4346d28dc070bbb128c109b5543bf2dd28875f1d7b07635f230f428482c5f9a,公告〔2021〕4号,国务院关税税则委员会关于调整部分钢铁产品关税的公告,关税司（国务院关税税则委员会办公室）,EXCLUDE,—,,,,,,345,True,False,
mof,bc43b61163ab1e2857abb03b032c67169ba94886c50582a5cdb1cf02c3166866,公告2021年第16号,关于取消部分钢铁产品出口退税的公告,财政部,EXCLUDE,—,,,,,,342,True,False,
mof,a0cf0285648cbba0800e1296ab07f35bd38bb89e9629118ce93235f17510ccdd,财关税〔2021〕32号,关于中国国际消费品博览会展期内销售的进口展品税收优惠政策的通知,关税司、关税司（国务院关税税则委员会办公室）、关税司（国务院关税税则委员会办公室）,EXCLUDE,—,,,,,,918,True,False,
mof,bc7a3d84717608d1c39d8edc7c0208a86e67f28614022a7a8f9c77ef0a58ed42,公告2021年第17号,关于继续执行企业 事业单位改制重组有关契税政策的公告,财政部 税务总局,EXCLUDE,—,,,,,,2738,True,False,
mof,0528df0196bd51d0fa022fd7453948adc7051596decc1cbbe5097cfaf6d927a3,财建〔2021〕106号,关于继续实施小微企业融资担保业务降费奖补政策的通知,财政部 工业和信息化部、经济建设司、经济建设司,EXCLUDE,—,,,,,,4560,True,False,
mof,6cf8cc6cf102c5a2d8d439aef686bce9dd56ae0c82c2760c2b42321176d7d4ee,财库〔2021〕19号,关于运用政府采购政策支持乡村产业振兴的通知,财政部 农业农村部 国家乡村振兴局、国库司(政府采购管理办公室)、国库司(政府采购管理办公室),EXCLUDE,—,,,,,,2214,True,False,
mof,c9e05b052a83633e6a9873e1d584b3debb794b13883a2b0ed196ff77dc6ba56d,财库〔2021〕20号,关于印发《关于深入开展政府采购脱贫地区农副产品工作推进乡村产业振兴的实施意见》的通知,财政部 农业农村部 国家乡村振兴局 中华全国供销合作总社、国库司(政府采购管理办公室)、国库司(政府采购管理办公室),EXCLUDE,—,,,,,,970,True,False,
mof,7f23c4a2fd985f26ce34c19b440c246fb808b34cac143ae4d7705ed2700c48a4,财关税〔2021〕29号,关于“十四五”期间种子种源进口税收政策的通知,财政部 海关总署、关税司（国务院关税税则委员会办公室）、关税司（国务院关税税则委员会办公室）,EXCLUDE,—,,,,,,1472,True,False,
mof,c16b9d56b2ee91d17602bfb5af44364d7d65dd7acbf3054ee5c8516e4ca8b83f,财关税〔2021〕24号,关于“十四五”期间支持科技创新进口税收政策管理办法的通知,关税司、关税司（国务院关税税则委员会办公室）、关税司（国务院关税税则委员会办公室）,EXCLUDE,—,,,,,,6807,True,False,
mof,648a355db5d04c4a5ea9ecf3a4b017f2b3be8f2fc4739c546040e5c10f8dd161,财资环〔2021〕25号,关于印发《支持长江全流域建立横向生态保护补偿机制的实施方案》的通知,财政部 生态环境部 水利部 国家林业和草原局、自然资源和生态环境司、自然资源和生态环境司,EXCLUDE,—,,,,,,705,True,False,
mof,e98a183f77fa3c3c2abf972667779d10f250c8bc8a571b2559e9156bc80bf3c9,财关税〔2021〕18号,关于“十四五”期间能源资源勘探开发利用进口税收政策管理办法的通知,财政部 国家发展改革委 工业和信息化部 海关总署 税务总局 国家能源局、关税司（国务院关税税则委员会办公室）、关税司（国务院关税税则委员会办公室）,EXCLUDE,—,,,,,,7311,True,False,
mof,4867dfecba8ad553848819ae245e986f56869e7790652ebdd2325a9c8a8c3a22,财关税〔2021〕23号,关于“十四五”期间支持科技创新进口税收政策的通知,财政部 海关总署 税务总局、关税司（国务院关税税则委员会办公室）、关税司（国务院关税税则委员会办公室）,EXCLUDE,—,,,,,,2863,True,False,
mof,d4fa4a7104433f60bff1dde27b9feb9d91187a237c9da175cf41a5103b9f7511,财会〔2021〕7号,关于印发《工会会计制度》的通知,会计司、会计司、会计司,EXCLUDE,—,,,,,,508,True,False,
mof,dcf24f6e093f2d4d95b549df87748a431c46d16ec14c520ae9bd1c282fd9e9f5,财资函〔2021〕2号,关于做好《行政事业性国有资产管理条例》贯彻实施工作的通知,财政部、资产管理司、资产管理司,EXCLUDE,—,,,,,,3629,True,False,
mof,2eae989b0549f6f37ac3739b3033e6d6ec58746f24951243970947b317406f87,财关税〔2021〕28号,关于“十四五”期间种用野生动植物种源和军警用工作犬进口税收政策的通知,财政部 海关总署 税务总局、关税司（国务院关税税则委员会办公室）、关税司（国务院关税税则委员会办公室）,EXCLUDE,—,,,,,,3093,True,False,
mof,c20522f639b9b169fb9474ae18e64b4a426c9bc71738918d2cc264970dfa2160,财关税〔2021〕17号,关于“十四五”期间能源资源勘探开发利用进口税收政策的通知,财政部 海关总署 税务总局、关税司（国务院关税税则委员会办公室）、关税司（国务院关税税则委员会办公室）,EXCLUDE,—,,,,,,3029,True,False,
mof,422175eb0de36a3001cf2fc0c009ba42d1e704b412f3142a3560ab8a8e5ed621,财教〔2021〕72号,关于印发《特殊教育补助资金管理办法》的通知,财政部 教育部,EXCLUDE,—,,,,,,334,True,False,
mof,a12bc1f55253cea63b309c596d40415b593e1dcce115fa824b7cdaea391ccc85,财教〔2021〕74号,关于印发《改善普通高中学校办学条件补助资金管理办法》的通知,科教和文化司（中央文化企业国有资产监督管理领导小组办公室）,EXCLUDE,—,,,,,,447,True,False,
mof,573339e9f7199a07826a75d70594eb9a56edad8eeb3e6d9e2295134eefa7a32a,财关税〔2021〕27号,关于“十四五”期间支持科普事业发展进口税收政策管理办法的通知,关税司、关税司（国务院关税税则委员会办公室）、关税司（国务院关税税则委员会办公室）,EXCLUDE,—,,,,,,5009,True,False,
mof,66a70655e7605a9ea2cc6452fc601b90a667df09d76010f15109ccd2733edae4,财关税〔2021〕26号,关于“十四五”期间支持科普事业发展进口税收政策的通知,关税司、关税司（国务院关税税则委员会办公室）、关税司（国务院关税税则委员会办公室）,EXCLUDE,—,,,,,,1377,True,False,
mof,c4c706234c3b3abae26f9b9770baf3fe24945a63de3a686d071e3f4f5b542333,财教〔2021〕88号,关于印发《中央对地方博物馆纪念馆免费开放补助资金管理办法》的通知,财政部,EXCLUDE,—,,,,,,494,True,False,
mof,da59ddef1fb096185c1da984b88e7a56804205e161196ab2abe754694852759d,财国合〔2021〕10号,关于《国际金融组织和外国政府贷款赠款项目财务管理办法》有关条款修改的通知,国际财金合作司,EXCLUDE,—,,,,,,532,True,False,
mof,ea866f3ab9f45156c3d6fb7d8276860905661be6520221569c0c61edab5bd590,财预〔2021〕29号,关于推进部门所属单位预算公开工作的指导意见,财政部、预算司、预算司,EXCLUDE,—,,,,,,3121,True,False,
mof,a6e74f5a8b6a67b6df2c79f0df1891ff7d63d47acbfceb44a89c206d1e1206cf,公告2021年第10号,关于延续宣传文化增值税优惠政策的公告,财政部,EXCLUDE,—,,,,,,4987,True,False,
mof,c67ef311907807797484797e93c016ed6b2e7a28d41ff059df4e559feaa54185,财社〔2021〕24号,关于医保基金负担新冠病毒疫苗及接种费用财政补助有关事项的通知,财政部、国家医保局、 国家卫生健康委,EXCLUDE,—,,,,,,4641,True,False,
mof,9b5026bb455e0742567fc9ac172689128a1c2004e54db91024867d3acfc37609,公告2021年第14号,关于生产和装配伤残人员专门用品企业免征企业所得税的公告,财政部 税务总局 民政部,EXCLUDE,—,,,,,,1426,True,False,
mof,373ada2f343411b2e47c5d189d07295b5a2ad20fdc90069c1fe2b5ad872acba6,财农〔2021〕22号,关于继续支持脱贫县统筹整合使用财政涉农资金工作的通知,财政部 国家发展改革委 国家民委 生态环境部 住房城乡建设部 交通运输部 水利部 农业农村部 文化和旅游部 国家林草局 国家乡村振兴局、农业农村司、农业农村司,EXCLUDE,—,,,,,,3458,True,False,
mof,1cbdc5aafa60fa204d90c49318232cd21e04617c29581aacef178217f488d4d1,财教〔2021〕55号,关于印发《中小学幼儿园教师国家级培训计划资金管理办法》的通知,财政部、教育部,EXCLUDE,—,,,,,,411,True,False,
mof,e1594ca18ec1ec131ce1b9b556093932e4683651a967e833ecf1a3d4503f70bd,财关税〔2021〕16号,关于2021-2030年支持民用航空维修用航空器材进口税收政策管理办法的通知,关税司、关税司（国务院关税税则委员会办公室）、关税司（国务院关税税则委员会办公室）,EXCLUDE,—,,,,,,1923,True,False,
mof,c744fd6cba6691e718ff442bea309795dec19ee9b8f4e5450e69814e51fbb469,财关税〔2021〕15号,关于2021-2030年支持民用航空维修用航空器材进口税收政策的通知,关税司、关税司（国务院关税税则委员会办公室）、关税司（国务院关税税则委员会办公室）,EXCLUDE,—,,,,,,1643,True,False,
mof,c5b80cb7fc66ede9fa8cc5a748e2ffc36b6c2a95c673f71bf283050e7e4c8ba9,财关税〔2021〕21号,关于“十四五”期间中西部地区国际性展会展期内销售的进口展品税收优惠政策的通知,关税司、关税司（国务院关税税则委员会办公室）、关税司（国务院关税税则委员会办公室）,EXCLUDE,—,,,,,,1689,True,False,
mof,8402490eb960b248d6876be2b832c592d5ee2123c3e02e5cad62f59009be2799,财关税〔2021〕20号,关于2021-2030年支持新型显示产业发展进口税收政策管理办法的通知,财政部 国家发展改革委 工业和信息化部 海关总署 税务总局、关税司（国务院关税税则委员会办公室）、关税司（国务院关税税则委员会办公室）,EXCLUDE,—,,,,,,4548,True,False,
mof,7d3019ef7e9798113ad3cef3a669488539382186cb19ac6dc9c537596ddf870f,财关税〔2021〕19号,关于2021-2030年支持新型显示产业发展进口税收政策的通知,财政部 海关总署 税务总局、关税司（国务院关税税则委员会办公室）、关税司（国务院关税税则委员会办公室）,EXCLUDE,—,,,,,,1902,True,False,
mof,f5eaa72dbdf981428fd0cbc4e5962324aa9021e723668c3ef2189382a3a47651,财建〔2021〕50号,关于印发《车辆购置税收入补助地方资金管理暂行办法》的通知,财政部 交通运输部、经济建设司、经济建设司,EXCLUDE,—,,,,,,514,True,False,
mof,d08a99030a374bbcbc03f75856e63578d8f04540a42495384bd6f3479207a858,财税〔2021〕9号,关于粤港澳大湾区律师执业考试和全国演出经纪人员资格认定考试有关考试考务费事项的通知,税政司、税政司、税政司,EXCLUDE,—,,,,,,2136,True,False,
mof,eadcba65dd824b317d1066089f4a4691c30ccaf018da43210fd3351ddfdaaf2e,财关税〔2021〕13号,关于2021-2030年抗艾滋病病毒药物进口税收政策的通知,财政部 、海关总署 、税务总局,EXCLUDE,—,,,,,,453,True,False,
mof,0b9dfa89c034fb2759379e715e90f8cc4dc7f755e70e8e8e8c78c6826e442ce4,财农〔2021〕19号,关于印发《中央财政衔接推进乡村振兴补助资金管理办法》的通知,财政部 国家乡村振兴局 国家发展改革委 国家民委 农业农村部 国家林业和草原局、农业农村司、农业农村司,EXCLUDE,—,,,,,,802,True,False,
mof,0eeb761139562134053b271f92b9f046e4580e6213abfdea1324c0ac35bc599e,公告2021年第9号,关于继续免征相关防疫药品和医疗器械注册费的公告,财政部 国家发展改革委,EXCLUDE,—,,,,,,519,True,False,
mof,613de70f75f530d85417f5cab404352cbf5c73638f34a7f6c59e77365398f604,财关税〔2021〕5号,关于支持集成电路产业和软件产业发展进口税收政策管理办法的通知,财政部 国家发展改革委 工业和信息化部 海关总署 税务总局、关税司（国务院关税税则委员会办公室）、关税司（国务院关税税则委员会办公室）,EXCLUDE,—,,,,,,4914,True,False,
mof,03cede50ec6f3f3caa135fe166586f288061cae519ede2f900b03bb1f72ecf8b,财税〔2021〕10号,关于调整废弃电器电子产品处理基金补贴标准的通知,财政部 生态环境部  国家发展改革委 工业和信息化部、税政司、税政司,EXCLUDE,—,,,,,,880,True,False,
mof,e6f82402e262336c5598bc563790df2e81870a58a5a2a32baa33f144793744b4,财政部公告2021年第8号,关于取消港口建设费和调整民航发展基金有关政策的公告,财政部,EXCLUDE,—,,,,,,1083,True,False,
mof,20664e2614a361ba7227d3bde088bf3a71aa7917e212b44271aa8cdc00979016,公告〔2021〕3号,国务院关税税则委员会关于给予贝宁共和国97%税目产品零关税待遇的公告,关税司（国务院关税税则委员会办公室）,EXCLUDE,—,,,,,,535,True,False,
mof,85652ff1ea8672e621ee90a47667d7ece1dc726a66240c83a7c4a7f21099697c,财关税〔2021〕4号,关于支持集成电路产业和软件产业发展进口税收政策的通知,财政部 海关总署 税务总局、关税司（国务院关税税则委员会办公室）,EXCLUDE,—,,,,,,3659,True,False,
mof,069b32b08a68059d567795485f6ef88aa2c28b1a629cb79951ea66454510602e,财税〔2021〕8号,关于土地闲置费、城镇垃圾处理费划转税务部门征收的通知,税政司、税政司、税政司,EXCLUDE,—,,,,,,1891,True,False,
mof,ca7f84d4bc5650cc4a0f1fbbd87ff34e29fdd30166b9d2f807e3d54c9cc61138,公告2021年第6号,关于延长部分税收优惠政策执行期限的公告,财政部 税务总局,BOUNDARY,低,,,保险公司,,[body]…〔2014〕24号）规定的税收优惠政策，执行期限延长至2025年12月31日。 四、《财政部 国家税务总局关于保险公司准备金支出企业所得税税前扣除有关政策问题的通知》（财税〔2016〕114号）等6个文件规定的准备金企业所得税税…,1069,True,False,
mof,090c58fbedc3e618959c945adcc2bfb7f2f0d5d1ce9459be98222886d376117c,财库〔2021〕15号,关于印发《手机银行销售储蓄国债（电子式）试点办法》的通知,财政部 人民银行、国库司(政府采购管理办公室)、国库司(政府采购管理办公室),EXCLUDE,—,,,,,,429,True,False,
mof,e9330b045d95e2e57b83ddf52bc4785a4b7aa3ba3f3402e242d60ac9b79b35b8,财资〔2021〕84号,关于印发《国有文物资源资产管理暂行办法》的通知,财政部 国家文物局、资产管理司、资产管理司,EXCLUDE,—,,,,,,685,True,False,
mof,6282ea1cb0fe95244f6074ebabaf9ff7b2f1f249bb24c96b97ca84391f29ecd7,财资〔2021〕83号,关于印发《公路资产管理暂行办法》的通知,财政部 交通运输部、资产管理司、资产管理司,EXCLUDE,—,,,,,,517,True,False,
mof,a143bd50d73f8bda009b8dcf8aaa08a76ef9a510a3b56cbdd9defb884dc57b85,公告〔2021〕2号,国务院关税税则委员会关于对美加征关税商品第三次排除延期清单的公告,国务院关税税则委员会、关税司（国务院关税税则委员会办公室）,EXCLUDE,—,,,,,,638,True,False,
mof,e719f290138368c63df9037a5ec5b150fc3b4eccf40c6b1938b933a7e1ab2f3d,公告2021年第4号,关于继续执行边销茶增值税政策的公告,财政部 税务总局,EXCLUDE,—,,,,,,767,True,False,
mof,c0dc42105787a0693acad62dc81550abf2d6dd842c9db28a5af28d349a3f758b,公告2021年第3号,关于公益性捐赠税前扣除资格确认有关衔接事项的公告,财政部 税务总局 民政部,EXCLUDE,—,,,,,,1461,True,False,
mof,6106e8b0c226aa1c47b8d20612455d981bb2028c165b85107dcf1fde0d5b02fe,财预〔2021〕6号,关于委托第三方机构参与预算绩效管理的指导意见,财政部、预算司、预算司,EXCLUDE,—,,,,,,4990,True,False,
mof,8e3576c1f22d4e831a4e4310e544b251832765e45cb38691994850f63672c5b3,财会〔2021〕1号,关于印发《企业会计准则解释第14号》的通知,财政部、会计司、会计司,EXCLUDE,—,,,,,,454,True,False,
mof,958dc791ddf5be90b9715475819fcd212a8610dc04cec8357e0025804b7ce7cf,财建〔2021〕2号,关于支持“专精特新”中小企业高质量发展的通知,财政部 工业和信息化部、经济建设司、经济建设司,EXCLUDE,—,,,,,,5973,True,False,
mof,bf633ea05abea8e9bd2fb923e47d6fe4a1d799d164bc79494d95b4df82d2172d,公告2021年第2号,关于增加海南离岛旅客免税购物提货方式的公告,财政部,EXCLUDE,—,,,,,,1215,True,False,
mof,3b3fa10bbd0d5cca5e2a246e013294e1ab24e8fac3b4ed2caafbcb4c45a8071f,财库〔2021〕8号,关于印发《地方政府债券信用评级管理暂行办法》的通知,财政部,EXCLUDE,—,,,,,,3748,True,False,
mof,308221293b29866b839392625bb6df69241c459161a4edef8f8d8a3b382067bd,财行〔2021〕4号,关于印发《反垄断工作补助经费管理暂行办法》的通知,财政部 市场监管总局、行政政法司、行政政法司,EXCLUDE,—,,,,,,416,True,False,
mof,9868de467f76a5762f83fbacef2073115c686ddea0e9186f5b632f8eed297f5f,财库〔2021〕5号,关于开展2020年度政府财务报告编报工作的通知,财政部、国库司(政府采购管理办公室)、国库司(政府采购管理办公室),EXCLUDE,—,,,,,,4908,True,False,
mof,96a7fb4c33fade9e0345c140fed9f30d6c4f5a103b73d88be579ebaa23604849,公告〔2021〕1号,国务院关税税则委员会关于给予所罗门群岛97%税目产品零关税待遇的公告,国务院关税税则委员会、关税司（国务院关税税则委员会办公室）、关税司（国务院关税税则委员会办公室）,EXCLUDE,—,,,,,,565,True,False,
mof,08f6b4e1732d8eb30b02e0310db688d5d03b2f41240fecfb4c6a50a06f310d43,财预〔2021〕5号,关于印发《地方政府债券信息公开平台管理办法》的通知,财政部、预算司、预算司,EXCLUDE,—,,,,,,728,True,False,
mof,7e1eff1cfb3454bf6a6fae8cc220a72b34116752525e293aee6d308b6c873ebe,财教〔2020〕244号,关于加强国家文物保护资金管理的意见,财政部 国家文物局、科教和文化司（中央文化企业国有资产监督管理领导小组办公室）、科教和文化司（中央文化企业国有资产监督管理领导小组办公室）,EXCLUDE,—,,,,,,7012,True,False,
mof,28956ca26a0587f003f19841423e3ce3727f97e5703059a4a8b6038f8193bd21,财库〔2020〕49号,关于进一步做好地方政府债券柜台发行工作的通知,财政部、国库司(政府采购管理办公室)、国库司(政府采购管理办公室),EXCLUDE,中,,,,商业银行,[body]…，根据《中华人民共和国预算法》、《地方政府债券发行管理办法》（财库〔 2020〕43号）和《财政部关于开展通过商业银行柜台市场发行地方政府债券工作的通知》（财库〔2019〕11号）等有关规定，现就进一步做好通过全国银行间债券市场…,5182,True,False,
mof,99586ad48add5c2a34b03073eaedc8f44bd36c92b7e54d519247235f0f372eac,财建〔2020〕593号,关于进一步完善新能源汽车推广应用财政补贴政策的通知,财政部 工业和信息化部 科技部 发展改革委、经济建设司、经济建设司,EXCLUDE,—,,,,,,3126,True,False,
mof,f04ae730e8a1e850dffab1f0dbc1d67b78112b4c91ef6458d7a94578215540a0,财会〔2020〕23号,关于进一步加强公路水路公共基础设施政府会计核算的通知,财政部、交通运输部,EXCLUDE,—,,,,,,8273,True,False,
mof,709f0eba6103a1ae1bb7b8a5d37c2a622cf0b05ef7f192929660f0ff0d751352,公告2020年第46号,关于2020年度—2022年度公益性社会组织捐赠税前扣除资格名单的公告,财政部 税务总局 民政部,EXCLUDE,—,,,,,,3684,True,False,
mof,b6a7b67fdeb21bbc990b001405d1a8e7efd307b99e3eccce1b4e557eb7ffe3c7,财会〔2020〕22号,关于进一步贯彻落实新金融工具相关会计准则的通知,财政部 银保监会、会计司、会计司,EXCLUDE,中,,,保险公司,商业银行|金融资产|银行业|银行业金融机构,[body]…7年修订发布《企业会计准则第22号——金融工具确认和计量》（财会〔2017〕7号）、《企业会计准则第23号——金融资产转移》（财会〔2017〕8号）、《企业会计准则第24号——套期会计》（财会〔2017〕9号）和《企业会计准则第…,5937,True,False,
mof,2208be8139f2300a5d07680634fe7dc4bda37421e5ff01bd38d1af0a37ac035c,财库〔2020〕47号,关于印发《2021年记账式国债招标发行规则》的通知,财政部、国库司(政府采购管理办公室)、国库司(政府采购管理办公室),EXCLUDE,—,,,,,,473,True,False,
mof,08674e86c20ad134601f7dd489e63762a59f089dc0609ba0ac29b17d410c6b8b,公告〔2020〕11号,国务院关税税则委员会关于发布《中华人民共和国进出口税则（2021）》的公告,国务院关税税则委员会、关税司（国务院关税税则委员会办公室）、关税司（国务院关税税则委员会办公室）,EXCLUDE,—,,,,,,432,True,False,
mof,a83b8382c8d5fcc6312f03546e22ced16e10460aeae714f2979e7c72bdde67dd,公告〔2020〕10号,国务院关税税则委员会关于对美加征关税商品第二次排除延期清单的公告,国务院关税税则委员会,EXCLUDE,—,,,,,,631,True,False,
mof,f9b20968f5f31904fac20e4ef12db9963b025a7742a9b98c35e79f37cea5960e,财综〔2020〕57号,关于印发中央本级政府购买服务指导性目录的通知,财政部、综合司、综合司,EXCLUDE,—,,,,,,1332,True,False,
mof,57fded4de378e151d33458691f6328c2705f5cbada44ae8e61ff886d3e524da5,税委会〔2020〕33号,国务院关税税则委员会关于2021年关税调整方案的通知,国务院关税税则委员会,EXCLUDE,—,,,,,,398,True,False,
mof,456486908d3117795f29eea5f49f75f621be0aed2e34f3c22645e7e2831a39a5,财会〔2020〕20号,关于修订印发《企业会计准则第25号——保险合同》的通知,财政部、会计司、会计司,EXCLUDE,—,,,,,,1096,True,True,RFN-30a1c92e34e866fe;RFN-30a1c92e34e866fe
mof,66a7b96ff25fa992ee338f4a92be7f4d4930031ad806e5bc6602b5e9b7e30618,财库〔2020〕46号,关于印发《政府采购促进中小企业发展管理办法》的通知,财政部 工业和信息化部、国库司(政府采购管理办公室)、国库司(政府采购管理办公室),EXCLUDE,—,,,,,,599,True,False,
mof,9131e18e3d65350a8e62244739b50c7336aa1542bde68a788c8bde605a4c215a,财金〔2020〕128号,关于加强政策性农业保险承保机构遴选管理工作的通知,财政部 农业农村部、金融司、金融司,BOUNDARY,低,,,保险产品|保险公司|保险机构|分支机构,,[body]…辖市、计划单列市财政厅（局）、农业农村（农牧、畜牧兽医）厅（委、局），新疆生产建设兵团财政局、农业农村局，有关保险公司，中国农业再保险股份有限公司： 为贯彻落实《关于加快农业保险高质量发展的指导意见》（财金〔 2019〕102号…,2946,True,False,
mof,a09824c4a618cf2baadd42c447e3bb2aa95d76869e63f332bd52671e830bec24,财金〔2020〕124号,关于印发《商业银行绩效评价办法》的通知,财政部、金融司、金融司,EXCLUDE,中,,,,商业银行,[title]…关于印发《商业银行绩效评价办法》的通知 2020年12月15日财金〔2020〕124号公布，自公布之日起施行。 财政部、金融司、…,784,True,False,
mof,6739135129699e44457d5c9176c9df2daacab00d5f9cfdb2c9803ac679f48715,财资环〔2020〕114号,关于印发《水污染防治资金绩效管理办法》的通知,财政部、生态环境部,EXCLUDE,—,,,,,,379,True,False,
mof,3ab078f85e90382e3be869d41498acac433b9f913f7ba466718cc846071ba8e2,公告2020年第45号,关于促进集成电路产业和软件产业高质量发展企业所得税政策的公告,财政部 国家税务总局 国家发展改革委 工业和信息化部,EXCLUDE,—,,,,,,3964,True,False,
mof,ae7990db332babb2781cb0c6d92fafe1ad8bd0d72f0ad382924017cc9b7c1dac,财库〔2020〕43号,关于印发《地方政府债券发行管理办法》的通知,财政部、国库司(政府采购管理办公室)、国库司(政府采购管理办公室),EXCLUDE,中,,,偿付能力|分支机构,商业银行,[body]…市场情况和自身需要，采用弹性招标方式发行地方政府债券。 第二十六条 地方财政部门应当按照财政部有关规定积极通过商业银行柜台市场发行地方政府债券，不断拓宽地方政府债券发行渠道，便利个人和非金融机构投资选择。 第二十七条 除财政部另…,8708,True,False,
mof,ef2a213a1b58f17515a5c9680ade22ca8ee173f025861ac67b4bd8e5f467bd03,财行〔2020〕299号,关于印发《综合行政执法制式服装和标志管理办法》的通知,财政部 司法部、行政政法司、行政政法司,EXCLUDE,—,,,,,,384,True,False,
mof,2c02ba5bdf45a26ceb2cd8f303315bb83e41ed16b83f728ede2571099d3e771a,财办〔2020〕37号,关于进一步加强惠民惠农财政补贴资金“一卡通”管理的指导意见,监督评价局,EXCLUDE,—,,,,,,6845,True,False,
mof,ed4ce24f99bea804a9ebaf97e2f1f92726ab5f5f8833335c7c6f516349f51484,财会〔2020〕17号,关于印发《会计师事务所质量管理准则第5101号——业务质量管理》等三项准则的通知,财政部、会计司、会计司,EXCLUDE,—,,,,,,1884,True,False,
mof,14627464e95ec51e31cd011d27fd09ad934817f2b19b8e38a583129e6c4c750c,公告2020年第42号,关于发布第二批适用北京2022年冬奥会、冬残奥会和测试赛企业赞助增值税政策的企业名单的公告,财政部 税务总局,EXCLUDE,—,,,,,,714,True,False,
mof,7898a8bb1ea8f883ddcc39e986cbaad44f495491ab2a357e862fa4d542ae7b8b,财库〔2020〕36号,关于进一步做好地方政府债券发行工作的意见,财政部、国库司(政府采购管理办公室)、国库司(政府采购管理办公室),EXCLUDE,—,,,,,,5657,True,False,
mof,dfe8fc2330b38f6ffa18f439f9828a1e16915d02f3a2f3a087b587623a66ca05,财资环〔2020〕76号,关于印发《海洋生态保护修复资金管理办法》的通知,财政部,EXCLUDE,—,,,,,,6322,True,False,
mof,8c66dc4cd5fb2f1f1ba73cd2f00189b021850b567f1925a4250250734f8e42ad,财库〔2020〕32号,关于修订印发《国债承销团组建工作管理办法》的通知,财政部,EXCLUDE,—,,,,,,460,True,False,
mof,ac493ddbf2903edb2a31d5c5617efb9f066175e7aca8424893e4f0eacfe9c641,财税〔2020〕56号,关于铁路运输企业汇总缴纳增值税的通知,财政部、国家税务总局,BOUNDARY,低,,,分支机构,,[body]…运输企业汇总缴纳增值税事宜通知如下： 一、 自 2014 年 1 月 1 日起， 中国国家铁路集团有限公司及其分支机构提供铁路运输服务以及与铁路运输相关的物流辅助服务， 按照《总分机构试点纳税人增值税计算缴纳暂行办法》（财税〔2…,2229,True,False,
mof,377b190b85e6cfb936619ef53e6ea6a49105507ed4a896e728fbbc3999c6b3e0,财教〔2020〕156号,关于印发《中央对地方公共图书馆 美术馆 文化馆（站）免费开放补助资金管理办法》的通知,财政部 文化和旅游部、科教和文化司（中央文化企业国有资产监督管理领导小组办公室）、科教和文化司（中央文化企业国有资产监督管理领导小组办公室）,EXCLUDE,—,,,,,,752,True,False,
mof,dca735c5f0b0a10ac96ff6cf236ef65c71f1942728662b359ecc2324ddd78694,财资环〔2020〕70号,关于下达2020年林业草原生态保护恢复资金预算的通知,财政部、自然资源和生态环境司、自然资源和生态环境司,EXCLUDE,—,,,,,,1575,True,False,
mof,7a42cb7d76b508daf14456aa02cff464ab92e596eaafdde715c1f7f4966a6cd0,财资〔2020〕114号,关于联合印发《资产评估机构从事证券服务业务备案办法》的通知,财政部 证监会、资产管理司、资产管理司,EXCLUDE,—,,,,,,2455,True,False,
mof,3424709af2ea35108a7f0a5f7505b0a628f428c596b387e84f1bf273cd355c68,财会〔2020〕15号,关于印发《政府会计准则制度解释第3号》的通知,财政部、会计司、会计司,EXCLUDE,—,,,,,,8120,True,False,
mof,422f1214cd3aa8ff79581cee6ba8f6438e8c17ad9f0ad6f2511a5a20ca14663c,财金〔2020〕92号,关于印发《规范产权交易机构开展金融企业国有产权交易管理暂行规定》的通知,财政部、金融司、金融司,EXCLUDE,中,,,,金融资产,[body]…企业， 有关产权交易机构： 为贯彻落实《中共中央国务院关于完善国有金融资本管理的指导意见》精神， 切实加强国有金融资产流转管理， 进一步规范金融企业国有产权交易行为， 我部制定了《规范产权交易机构开展金融企业国有产权交易管理暂行…,573,True,False,
mof,88179e2da71d76f3d39cfc704e789377c964aafe533153a8cf666ad23c3a4d49,财库〔2020〕31号,关于政府采购支持绿色建材促进建筑品质提升试点工作的通知,财政部 住房和城乡建设部、国库司(政府采购管理办公室)、国库司(政府采购管理办公室),EXCLUDE,—,,,,,,5346,True,False,
mof,42c52f8a96213b15e90bac5673398bdd900ba321c18dc667a9254264dc95e01e,财关税〔2020〕38号,关于中国国际进口博览会展期内销售的进口展品税收优惠政策的通知,财政部 海关总署 税务总局、关税司（国务院关税税则委员会办公室）、关税司（国务院关税税则委员会办公室）,EXCLUDE,—,,,,,,1117,True,False,
mof,077054379d9ee23ead514f6e56cbfb4daf6dec8f8138c8e4c501fed79c44f228,公告2020年第40号,关于明确无偿转让股票等增值税政策的公告,财政部、国家税务总局,EXCLUDE,—,,,,,,1047,True,False,
mof,4ad14231fe875df1e96b2d3133c2931a20dbe2ebff50b2d7978e1de9e04a99b7,财建〔2020〕426号,关于《关于促进非水可再生能源发电健康发展的若干意见》有关事项的补充通知,财政部 发展改革委 国家能源局、经济建设司、经济建设司,EXCLUDE,—,,,,,,3140,True,False,
mof,ea625f3170ebca2293be19c5ca0eae4a94d72e8e7afdcf3d62e7a411b361cc0f,财法〔2020〕12号,关于做好修订后的预算法实施条例贯彻实施工作的通知,财政部、条法司、条法司,EXCLUDE,—,,,,,,3902,True,False,
mof,59f1653ac4912f28b9d054ba2a8edaca8f723b948786fb514c2a9c0ca12fcda2,财会〔2020〕14号,关于加强会计师事务所执业管理 切实提高审计质量的实施意见,财政部 国务院国资委 银保监会、会计司、会计司,EXCLUDE,—,,,,,,6166,True,False,
mof,d0527ffde24f35c91e4b26b818939837df2e74794cc2a9d061ddd958fb92e814,财建〔2020〕394号,关于开展燃料电池汽车示范应用的通知,财政部 工业和信息化部 科技部 发展改革委 国家能源局、经济建设司、经济建设司,EXCLUDE,—,,,,,,4494,True,False,
mof,25efaaeec5467e8944081beb9832ec6253e001d16c1fa9cb5f5862c87192a4ae,公告〔2020〕8号,国务院关税税则委员会关于对美加征关税商品第一次排除延期清单的公告,国务院关税税则委员会、关税司（国务院关税税则委员会办公室）、关税司（国务院关税税则委员会办公室）,EXCLUDE,—,,,,,,703,True,False,
mof,e0bdfae96c4718b764e43fa3fa2e9ec7db39cb8315c2232e42e00f03aae19dd4,财预〔2020〕116号,关于下达2020年灾后恢复重建财力补助资金的通知,财政部、预算司、预算司,EXCLUDE,—,,,,,,1298,True,False,
mof,9fc25555205770ba70aa0079c8db61df346d1ff30c2e979037ccf959b555c008,财会〔2020〕13号,关于推进会计师事务所函证数字化相关工作的指导意见,财政部 人民银行国务院国资委 银保监会 证监会 国家档案局 国家标准化管理委员会、会计司、会计司,EXCLUDE,中,,,,银行业,[body]…略纲要》和党中央、国务院关于实施国家大数据战略的决策部署，以及《中华人民共和国注册会计师法》、《中华人民共和国银行业监督管理法》有关要求，制定本指导意见。 一、重要意义 银行函证程序和银行回函对于注册会计师审计工作至关重要。而…,6589,True,False,
mof,5e81fe79cbcbe023b068614379fcea1a8aa310bbb6bace7ea12ea654d5043173,财资〔2020〕97号,关于加强行政事业单位固定资产管理的通知,财政部、资产管理司、资产管理司,EXCLUDE,—,,,,,,5513,True,False,
mof,bb203677e6e4fe9e538aaf7d6b67cf2d24372712f0e90701f1403fb5fe916c5d,公告2020年第37号,关于确认中国红十字会总会等群众团体2020年度公益性捐赠税前扣除资格的公告,财政部 税务总局,EXCLUDE,—,,,,,,386,True,False,
mof,2853772134b0200d0c7f00a313a4e2bb352144fb057661d306789be0d38d474b,财会〔2020〕12号,关于进一步规范银行函证及回函工作的通知,财政部 银保监会、会计司、会计司,EXCLUDE,中,,,,商业银行|银行业|银行业金融机构,[body]…监会、会计司、会计司    各省、自治区、直辖市、计划单列市财政厅（局），各银保监局，中国注册会计师协会，中国银行业协会，各政策性银行、大型银行、股份制银行、外资银行： 为进一步规范银行函证及回函工作，提升审计工作质量，维护金…,4269,True,False,
mof,726ffadd7fb0c17cfe92969f81814aaf3045c02ccff4e57bde44abdc71c0f782,财国合〔2020〕30号,关于《中国经济改革促进与能力加强项目管理暂行办法》的补充通知,财政部、国际财金合作司、国际财金合作司,EXCLUDE,—,,,,,,3097,True,False,
mof,d349a646315713d3036c56092ad27a09d4316499fe2f7897d8a7a009aea3e22f,财预〔2020〕94号,关于加快地方政府专项债券发行使用有关工作的通知,财政部、预算司、预算司,EXCLUDE,—,,,,,,3178,True,False,
mof,48e8e5fb43f98eb4f2148fa4611c50f5da7b38dc5ce904eb5fda2739f3407109,财预〔2020〕92号,关于下达2020年土地指标跨省域调剂收入安排的支出预算的通知,财政部、预算司、预算司,EXCLUDE,—,,,,,,1661,True,False,
mof,eef2860f80ed05bdd91d1a797c3a995fd7418346c91a176ebb2e46785ea10150,财会〔2020〕11号,关于印发《会计师事务所从事证券服务业务备案管理办法》的通知,财政部、证监会、会计司、会计司,EXCLUDE,—,,,,,,2159,True,False,
mof,2ff616b941e8a32506f46eac7992475f2a549aeef3e292aa491bb9e72f4d92c6,财库〔2020〕23号,关于加强非税收入退付管理的通知,财政部、国库司(政府采购管理办公室)、国库司(政府采购管理办公室),EXCLUDE,—,,,,,,1711,True,False,
mof,a4129f6b594a9d23cb6212c37dcaf388d386f8645131831fa35f7284e33fb964,财建〔2020〕289号,关于下达支持应急物资保障体系建设补助资金预算的通知,财政部、经济建设司、经济建设司,EXCLUDE,—,,,,,,3190,True,False,
mof,32977546a4db5c4aa29cc2c5b3027abe51504c3091720432a07b2a7c9789e213,财金〔2020〕69号,关于印发《中央金融企业名录管理暂行规定》的通知,财政部、金融司、金融司,EXCLUDE,—,,,,,,1839,True,False,
mof,306b5c833b8e602278bb5623398234f334599bfdeaf331ee88a838136688f1d5,公告〔2020〕6号,国务院关税税则委员会关于给予基里巴斯共和国97%税目产品零关税待遇的公告,国务院关税税则委员会,EXCLUDE,—,,,,,,586,True,False,
mof,8993b4744e182f7301bf2bc10a223f538376c103a32225a25b84d25498a8aa62,公告2020年第35号,关于设有固定装置的非运输专用作业车辆免征车辆购置税有关政策的公告,财政部、税务总局、工业和信息化部,EXCLUDE,—,,,,,,1692,True,False,
mof,4fd02d866412cc411a27530f7c7e14fe77b53d6b201f7e01efc4f9697b2abbb6,税委会〔2020〕19号,国务院关税税则委员会关于原产于基里巴斯共和国的进口货物适用最惠国税率的通知,国务院关税税则委员会,EXCLUDE,—,,,,,,501,True,False,
mof,40a25a010f60137bfa7e36f4514b1d0de63cc7969743704488ceaadc81d7d04e,公告2020年第33号,关于海南离岛旅客免税购物政策的公告,财政部、海关总署、税务总局,EXCLUDE,—,,,,,,2353,True,False,
mof,eca30f9003b9a20f51e5018a5c3e73e72a68b84c3e1c2f1844a0b681d8df4d9a,财建〔2020〕245号,关于印发《中央自然灾害救灾资金管理暂行办法》的通知,财政部、应急部、经济建设司、经济建设司,EXCLUDE,—,,,,,,409,True,False,
mof,8c52bc71384bf9df333c8daa34796ed9dd267a27040a6f02f8286b189233d479,公告2020年第34号,关于资源税有关问题执行口径的公告,财政部、税务总局,EXCLUDE,—,,,,,,3354,True,False,
mof,c88d476c32fc5246d754c9ecfb7e1490299e90ee83f3668319cdc5ae8f57c170,公告2020年第32号,关于继续执行的资源税优惠政策的公告,财政部、税务总局,EXCLUDE,—,,,,,,1160,True,False,
mof,f33fcd609da1c3c3e7a31bff6d3aad36a50bda4cefc33c47ed5638d5463f884b,财税〔2020〕32号,关于海南自由贸易港高端紧缺人才个人所得税政策的通知,财政部、税务总局、税政司、税政司,EXCLUDE,—,,,,,,779,True,False,
mof,341b3818fdc3044e0d69e601e8b3afc751e941a8eedf9a14b2aac462d49736d2,财税〔2020〕31号,关于海南自由贸易港企业所得税优惠政策的通知,财政部、税务总局、税政司、税政司,BOUNDARY,低,,,分支机构,,[body]…修订版实施之日起按新版本执行。 对总机构设在海南自由贸易港的符合条件的企业，仅就其设在海南自由贸易港的总机构和分支机构的所得，适用 15% 税率；对总机构设在海南自由贸易港以外的企业，仅就其设在海南自由贸易港内的符合条件的分支机…,2019,True,False,
mof,62ba8296b8f2d829adcf2ba30b26f48dda4d5d803d6706a2b5b5176fc8282712,财会〔2020〕10号,关于印发《新冠肺炎疫情相关租金减让会计处理规定》的通知,财政部、会计司、会计司,EXCLUDE,—,,,,,,837,True,False,
mof,338269fc3db25f5d4e0f549b84ab9968f6ccaa2344aef979316d3932f669f8ed,财建〔2020〕199号,关于核减环境违法垃圾焚烧发电项目可再生能源电价附加补助资金的通知,财政部、生态环境部、经济建设司、经济建设司,EXCLUDE,—,,,,,,2398,True,False,
mof,df0014d66cfc5331b443b064ab764b381f5b71cca3dce2e979fb40ad3c20d4b1,财预〔2020〕65号,关于下达2020年县级基本财力保障机制奖补资金预算的通知,财政部、预算司、预算司,EXCLUDE,—,,,,,,2210,True,False,
mof,abae6f693e053388feeab890658a59549130317383280ebc49f78f857b67fcbc,财预〔2020〕61号,关于修订2020年政府收支分类科目的通知,财政部、预算司、预算司,EXCLUDE,—,,,,,,483,True,False,
mof,5d180fd7dab0fee3005fe0c170bb17bd318df5ee6241b4e9d72e6ce6a018115d,公告〔2020〕5号,国务院关税税则委员会关于给予孟加拉人民共和国97%税目产品零关税待遇的公告,国务院关税税则委员会、关税司（国务院关税税则委员会办公室）、关税司（国务院关税税则委员会办公室）,EXCLUDE,—,,,,,,684,True,False,
mof,5cb0ca992a1aa0867d9519f8b3aecf50b4e0b90e03e370000a6ae3ad065a9403,财会〔2020〕9号,关于印发《<民间非营利组织会计制度>若干问题的解释》的通知,财政部、会计司、会计司,EXCLUDE,—,,,,,,9357,True,False,
mof,8addf4d09cc30bb4e551c81b8c0ccfe178238769f8a39132bdfaeeb5aaaee00f,财建〔2020〕190号,关于印发《清洁能源发展专项资金管理暂行办法》的通知,财政部、经济建设司、经济建设司,EXCLUDE,—,,,,,,455,True,False,
mof,63922791f1b6cf02c12935a69ae66b9de607a1820edc4b656e2d539f2beac261,财教〔2020〕69号,关于印发《中央集中彩票公益金支持体育事业专项资金管理办法》的通知,财政部、体育总局、科教和文化司（中央文化企业国有资产监督管理领导小组办公室）、科教和文化司（中央文化企业国有资产监督管理领导小组办公室）,EXCLUDE,—,,,,,,519,True,False,
mof,ea5b380ea34d41dcad9837994e19f368bfe1839eb1adeed80c59fd60626318f5,财监〔2020〕9号,关于进一步加强财政扶贫资金监管工作的指导意见,财政部、监督评价局、监督评价局,EXCLUDE,—,,,,,,6039,True,False,
mof,30709f9db769c29f023263f5bed8128836f860a487bb63d9b4014f0459220a40,财预〔2020〕49号,关于下达深度贫困地区2020年中央对地方重点生态功能区转移支付预算的通知,财政部、预算司、预算司,EXCLUDE,—,,,,,,820,True,False,
mof,794fad7df0c204ca7997e7be1f39888e5b3c938d29c5e877453d5547cb14d198,财税〔2020〕30号,关于航空运输企业汇总缴纳增值税总分机构名单的通知,财政部、税务总局、税政司、税政司,BOUNDARY,低,,,分支机构,,[body]…试点纳税人增值税计算缴纳暂行办法》（财税〔 2013 〕 74 号）的规定计算缴纳增值税。  上述航空运输企业分支机构的预征率为 1% 。  附件：航空运输企业总分机构名单 财政部 税务总局 2020 年 6 月 4 日 各省、…,555,True,False,
mof,14b7bbb4475f9e24ecc0c38d65a5cd2707a1b63cc647ce194d1003c4350a8e92,公告2020年第29号,关于集成电路设计企业和软件企业2019年度企业所得税汇算清缴适用政策的公告,财政部、税务总局,EXCLUDE,—,,,,,,777,True,False,
mof,f3f63fd984440ffd6858556d2215a84b7b315f96702944fa6b3fad15e92fffb3,财国合〔2020〕19号,关于进一步加强地方政府主权外贷预算管理的通知,财政部、国际财金合作司,EXCLUDE,—,,,,,,6303,True,False,
mof,6717c03c32b0d89a21db4bdea3bb8f23fb7cc1b7eb4efe7e230e658031489b86,财建〔2020〕119号,关于对民航运输企业在疫情防控期间稳定和提升国际货运能力实施资金支持政策的通知,财政部、中国民用航空局、经济建设司、经济建设司,EXCLUDE,—,,,,,,2661,True,False,
mof,730a6234dc6bcb44016f326b1411c4a6ba0532fe42f25c702eaa3b856141fe5a,财金〔2020〕31号,关于印发《政府性融资担保、再担保机构绩效评价指引》的通知,财政部、金融司、金融司,EXCLUDE,—,,,,,,623,True,False,
mof,98563ecdf1bc1e525b11c53f4c5e6a2defab79866bf9e2ea44780d58eb0ec3d4,公告2020年第28号,关于支持疫情防控保供等税费政策实施期限的公告,财政部、税务总局,EXCLUDE,—,,,,,,825,True,False,
mof,5c53e4ad7fac0cbfe346c25276e84bcea35ced3945ab338d35d1ff636f73b366,公告2020年第27号,关于公益性捐赠税前扣除有关事项的公告,财政部、税务总局、民政部,EXCLUDE,—,,,,,,6709,True,False,
mof,51b2158e596547548f287b481af8708be2735daddc7196e00fa1e25463237202,公告2020年第25号,关于电影等行业税费支持政策的公告,财政部、税务总局,EXCLUDE,—,,,,,,809,True,False,
mof,cdccaeed1059d31675d407d2b4d8a047b3fe890fc2c8d115922048a94db9ab07,公告〔2020〕4号,国务院关税税则委员会关于第二批对美加征关税商品第二次排除清单的公告,国务院关税税则委员会、关税司（国务院关税税则委员会办公室）、关税司（国务院关税税则委员会办公室）,EXCLUDE,—,,,,,,724,True,False,
mof,bd5d84ea0eefc6d1dada2fce2dab71be4df2442b3c4a7796a8be6e90e4ecb217,财库〔2020〕18号,关于开展2019年度政府财务报告编报工作的通知,财政部、国库司(政府采购管理办公室)、国库司(政府采购管理办公室),EXCLUDE,—,,,,,,4607,True,False,
mof,c60041fef990721b36f9605d47d730bde7bf9aec013554b7c49a5852412cd66d,财库〔2020〕17号,关于开展2019年度中央部门财务报告编报工作的通知,财政部、国库司(政府采购管理办公室)、国库司(政府采购管理办公室),EXCLUDE,—,,,,,,3173,True,False,
mof,e110fc64eaab3aef849c653b11579d07c383861810f07e1e62760850a36d4e16,财建〔2020〕93号,关于修订民航中小机场补贴管理暂行办法的通知,财政部、中国民用航空局、经济建设司、经济建设司,EXCLUDE,—,,,,,,7545,True,False,
mof,99dcee793a907e605ed3ac523f68386ab706b30f7df7631ca835325d26bda92b,财资环〔2020〕24号,关于印发《海洋生态保护修复资金管理办法》的通知,财政部、自然资源和生态环境司、自然资源和生态环境司,EXCLUDE,—,,,,,,310,True,False,
mof,c5d104f19a264346fed385ef84ffedb808ab969282f532bdf2e638eff582755a,财综〔2020〕12号,关于启用《收费公路通行费财政票据（电子）》的通知,财政部、综合司、综合司,EXCLUDE,—,,,,,,1798,True,False,
mof,fd88d659e6fa795fa178d35e636ff4c934f35dee8999bf675d6d6691b7dc20ca,公告2020年第23号,关于延续西部大开发企业所得税政策的公告,财政部、税务总局、国家发展改革委,EXCLUDE,—,,,,,,1571,True,False,
mof,4f7829564129b50448c4ea90fd94623c6d28fd32afee2a73cff9f54e8e228a00,财建〔2020〕86号,关于完善新能源汽车推广应用财政补贴政策的通知,财政部、工业和信息化部、科技部、发展改革委、经济建设司、经济建设司,EXCLUDE,—,,,,,,3944,True,False,
mof,cc96d51879aa2cb38d51d94d937f3eadc81a7764b496dccca11dbba2ec4bd7a7,财资环〔2020〕20号,关于印发《支持引导黄河全流域建立横向生态补偿机制试点实施方案》的通知,财政部、生态环境部、水利部、国家林草局、自然资源和生态环境司、自然资源和生态环境司,EXCLUDE,—,,,,,,601,True,False,
mof,fd958405d7b581d81ba3f15164914ed0fd19e76b4bd17dc1f1b5d790dbb72464,财会〔2020〕7号,关于印发《住宅专项维修资金会计核算办法》的通知,财政部、会计司、会计司,EXCLUDE,—,,,,,,781,True,False,
mof,44b27f389d148d4765dc5b9e5da3b12f3af0116436aee29e9da1f900ea38cc64,公告2020年第22号,关于延续实施普惠金融有关税收优惠政策的公告,财政部、税务总局,EXCLUDE,—,,,,,,822,True,False,
mof,a838f6fe871c81d042bf84fbb012d3f640b6b4f473dffcbd5d9a8012ba03d6da,公告2020年第21号,关于新能源汽车免征车辆购置税有关政策的公告,财政部、税务总局、工业和信息化部,EXCLUDE,—,,,,,,1726,True,False,
mof,e940614ac6f06ff0269d3bfbf9b7a00694c0f179e88b4910657db759fd5c0216,财金〔2020〕21号,关于进一步加大创业担保贷款贴息力度 全力支持重点群体创业就业的通知,财政部,BOUNDARY,低,,,分支机构,,[body]…核、贴息、贷款发放等数据。人社部门负责做好资格审核工作。各担保基金运营管理机构和经办金融机构按季向当地人民银行分支机构、财政、人社部门报告担保基金和创业担保贷款发放使用情况。人民银行分支机构强化普惠金融定向降准考核、专项金融债发…,4865,True,False,
mof,596614525eb1c2c5bc19e89f59eaa714921a7d8c982a003d3245e07d40b0949b,公告2020年第20号,关于扩大内销选择性征收关税政策试点的公告,财政部、海关总署、税务总局,EXCLUDE,—,,,,,,439,True,False,
mof,39326a309eeaa25b34384e5f4169d52cb6c526d020ed73587bf79c1a0b7c5a75,公告2020年第17号,关于二手车经销有关增值税政策的公告,财政部、税务总局,EXCLUDE,—,,,,,,557,True,False,
mof,7f120d3e45f117011feeec74a8ce1fe82b6a6cc6af2c6ede33c7fa3189efebbb,财农〔2020〕15号,关于进一步做好全国农业信贷担保工作的通知,财政部、农业农村部、银保监会、人民银行、农业农村司、农业农村司,BOUNDARY,低,,,分支机构,银行业金融机构,[body]…适应的动态平衡机制，采取垂直化、扁平化管理方式持续推进基层服务网络建设，避免层层设机构，逐步将分公司、办事处等分支机构下沉到市县、基层，同时注意精耕细作、区域推进。要加强业务开拓、风险防控并重的自身能力建设，牢牢把握项目发现、调…,8960,True,False,
mof,24eb4b473e9be4d35ffd9562ac7d73359acbed9e7dc07a23d24519b646e693f3,财金〔2020〕19号,关于充分发挥政府性融资担保作用 为小微企业和“三农”主体融资增信的通知,财政部、金融司、金融司,EXCLUDE,中,,,,银行业金融机构,[body]…展股权投资，力争 2020 年投资 10 家支小支农成效明显的地市级政府性融资担保机构。推动国家融资担保基金与银行业金融机构开展批量担保贷款合作，力争实现 2020 年新增再担保业务规模 4000 亿元目标。国家融资担保基金对合作机构…,2923,True,False,
mof,16c8a748312e3b336fc007b212e8e3752ba66096fe021add73e9ed1af664b797,财资环〔2020〕11号,关于印发《土壤污染防治专项资金绩效评价管理暂行办法》的通知,财政部、生态环境部,EXCLUDE,—,,,,,,417,True,False,
mof,983f1599e52388dc5fc774c2d9730e1d41b796d11ff93eca1eaac301a5873f34,财会〔2020〕6号,关于规范电子会计凭证报销入账归档的通知,财政部、国家档案局、会计司、会计司,EXCLUDE,—,,,,,,1818,True,False,
mof,3074730544ecc33b97bebee00100e4def318a9217a00216e955a6e79a508c813,公告2020年第15号,关于提高部分产品出口退税率的公告,财政部、国家税务总局,EXCLUDE,—,,,,,,466,True,False,
mof,19c3d618ba4040f5a7af351720432ad2774fe9954e62c059ffe7b742f6fc887b,财农〔2020〕4号,关于做好2020年财政专项扶贫资金、贫困县涉农资金整合试点及资产收益扶贫等工作的通知,财政部、国务院扶贫办、农业农村司、农业农村司,EXCLUDE,—,,,,,,3594,True,False,
mof,ab6409aefae17bdafbed1ad9867a9d87a4fdbcb79cb04e6c9ed34ff2aa35efee,财资环〔2020〕6号,关于印发《生态环境损害赔偿资金管理办法（试行）》的通知,财政部,EXCLUDE,—,,,,,,802,True,False,
mof,460916f71e250e31201f129a8cc2648ab3fea11d97dccc5d97c210bc97469488,财预〔2020〕12号,关于有效应对新冠肺炎疫情影响切实加强地方财政“三保”工作的通知,财政部、预算司、预算司,EXCLUDE,—,,,,,,3812,True,False,
mof,b5b6e368d6d4c853d32750c8c766b22d69570c19f50b737b9613731fea0d0e20,财建〔2020〕30号,关于民航运输企业新冠肺炎疫情防控期间资金支持政策的通知,财政部、民航局、经济建设司、经济建设司,EXCLUDE,—,,,,,,2736,True,False,
mof,0be23ee468ee4ff880d61ab5d98d8b5a693c91db9e5cfd6cab3771ad8f11f47e,财库〔2020〕10号,关于开展政府采购意向公开工作的通知,财政部、国库司(政府采购管理办公室)、国库司(政府采购管理办公室),EXCLUDE,—,,,,,,3543,True,False,
mof,3f97ac90495f56e792a3c56bf8022812e478b66ff30e4fca3dc1fa3c449b4d16,财预〔2020〕10号,关于印发《项目支出绩效评价管理办法》的通知,财政部、预算司、预算司,EXCLUDE,—,,,,,,433,True,False,
mof,a1adfd97118b0276478faaa4f7eba46b6701684f0f2629e9469d3ab67c0741bb,公告〔2020〕3号,国务院关税税则委员会关于第二批对美加征关税商品第一次排除清单的公告,国务院关税税则委员会、关税司（国务院关税税则委员会办公室）、关税司（国务院关税税则委员会办公室）,EXCLUDE,—,,,,,,1063,True,False,
mof,a1e5bfcc80333a9fa108780560545eea7babc3fa6293c328016e65ad1f151d36,公告2020年第12号,关于支持货物期货市场对外开放增值税政策的公告,财政部、国家税务总局,EXCLUDE,—,,,,,,559,True,False,
mof,5c60759ad234e59c8d4d101996e737cfdacbb435a0d5daaf1e4e2b61edef7432,公告〔2020〕2号,国务院关税税则委员会关于开展对美加征关税商品市场化采购排除工作的公告,国务院关税税则委员会、关税司（国务院关税税则委员会办公室）、关税司（国务院关税税则委员会办公室）,EXCLUDE,—,,,,,,2532,True,False,
mof,92f46d469a7eb6a671d1ab4cc471e6a35f681aa0f3affe054159737435bea01c,财资〔2020〕4号,关于做好新冠肺炎疫情防控资产保障工作的通知,财政部、资产管理司、资产管理司,EXCLUDE,—,,,,,,1704,True,False,
mof,065761d1671a1006da9a4a678065822b366d2f1b51226b0e91046baddaa3f6ce,财金函〔2020〕7号,关于国有金融企业积极做好疫情防控捐赠有关事项的通知,财政部、金融司、金融司,BOUNDARY,低,,,保险产品|保险机构,,[body]…境内短缺的防疫物资，向公益性社会组织或县级以上人民政府及其部门等国家机关，以及承担疫情防治任务的医院捐赠。鼓励保险机构立足主业，发挥风险保障功能，向一线医务人员、疫情防控工作人员捐赠保险产品。 四、金融企业应当合理调配捐赠资金，…,1735,True,False,
mof,5d384e156776bde981a4387efcdd68b70c23cbf20e059c59088ea334482b6bc8,财预〔2020〕7号,关于加强政府投资基金管理 提高财政出资效益的通知,财政部、预算司、预算司,EXCLUDE,—,,,,,,2995,True,False,
mof,559ee156c7eb16e1885b8e5a3fd959f06648df21b89ea2ec1f5cb0b67e03d6d9,财综〔2020〕2号,关于做好疫情防控期间彩票发行销售工作有关事宜的通知,财政部、综合司、综合司,EXCLUDE,—,,,,,,1959,True,False,
mof,a4573db9672b96e423b7ea4209f30e5c134c5009dfc9ba9ec39cb7798b4a659c,财金〔2020〕5号,关于打赢疫情防控阻击战强化疫情防控重点保障企业资金支持的紧急通知,财政部、发展改革委、工业和信息化部、人民银行、审计署、金融司,BOUNDARY,低,,,分支机构,,[body]…业和信息化部门要主动了解疫情防控重点保障企业生产经营需求，下沉服务、上门服务，及时帮助企业排忧解难。各人民银行分支机构要指导金融机构主动对接疫情防控重点保障企业融资需求、尽快放贷，保障企业生产经营需要。各级财政部门、人民银行分支…,6632,True,False,
mof,4c52b5d82f461fff0a97f202043129e5e09fff66f1917f5665834e140896984f,公告〔2020〕1号,国务院关税税则委员会关于调整对原产于美国的部分进口商品加征关税措施的公告,国务院关税税则委员会、关税司（国务院关税税则委员会办公室）、关税司（国务院关税税则委员会办公室）,EXCLUDE,—,,,,,,823,True,False,
mof,a888150f5afca6f42e6e23ebe72823a49b751183e699ff2051071607e102de15,公告2020年第10号,关于支持新型冠状病毒感染的肺炎疫情防控有关个人所得税政策的公告,财政部、税务总局,EXCLUDE,—,,,,,,665,True,False,
mof,3e33c18c1c9dfb01db769ad3b05ffc0eed77a9fa9fbd57dfa6e4e180e3782149,公告2020年第9号,关于支持新型冠状病毒感染的肺炎疫情防控有关捐赠税收政策的公告,财政部、税务总局,EXCLUDE,—,,,,,,1017,True,False,
mof,89c803624c67a0621dcb57ba121d3eac9412855c94fa8bdc6180b3f7e71ea0ea,公告2020年第8号,关于支持新型冠状病毒感染的肺炎疫情防控有关税收政策的公告,财政部、税务总局,EXCLUDE,—,,,,,,1517,True,False,
mof,d154d2a77acb14162883b1e1edad677c062ad78470d1a4a4e4e386325f5a9d72,财金〔2020〕3号,关于支持金融强化服务 做好新型冠状病毒感染肺炎疫情防控工作的通知,财政部、金融司、金融司,EXCLUDE,—,,,,,,3109,True,False,
mof,f1f03102e63bcbd801d061e5602b25c7a9b0bc081c56d52f604b18de8ed107c8,财社〔2020〕2号,关于新型冠状病毒感染肺炎疫情防控有关经费保障政策的通知,财政部、国家卫生健康委、社会保障司、社会保障司,EXCLUDE,—,,,,,,1654,True,False,
mof,1d9a2bd5fae505de0a5bedee928d5d3d704422a0358946baa49f3166424965cd,财法〔2020〕4号,关于深入推进财政法治建设的指导意见,财政部、条法司、条法司,EXCLUDE,—,,,,,,12956,True,False,
mof,860d91dec854df364e4d4d1076c3a66640ee05b266060e6fa906d75a40a825e8,公告2020年第4号,关于对国际航行船舶加注燃料油实行出口退税政策的公告,财政部、国家税务总局、海关总署,EXCLUDE,—,,,,,,626,True,False,
mof,eb60e1391e6097ec41b3b3712e58d91da1813a66627bc89138027f98175ae717,财建〔2020〕10号,关于修改《节能减排补助资金管理暂行办法》的通知,财政部、经济建设司、经济建设司,EXCLUDE,—,,,,,,1901,True,False,
mof,e3263a9430e20a770c44272c2a309d4c5e6351d957f09a2f52ceb7c49060f3da,财建〔2020〕5号,关于印发《可再生能源电价附加补助资金管理办法》的通知,财政部、国家发展改革委、国家能源局、经济建设司、经济建设司,EXCLUDE,—,,,,,,618,True,False,
mof,ce6a1fc62ae81e4920d24bc42bc5f45627b2594e03501e4a9acc1408fdedc70b,财建〔2020〕4号,关于促进非水可再生能源发电健康发展的若干意见,财政部、国家发展改革委、国家能源局、经济建设司、经济建设司,EXCLUDE,—,,,,,,4101,True,False,
mof,d9f295a6b0502d64c84374c6af517e5ab6541a818c524d5835db0ca54b9a1b36,公告2020年第2号,关于明确国有农用地出租等增值税政策的公告,财政部、税务总局,BOUNDARY,低,,,保险公司,,[body]…自己名义立项销售的不动产，属于房地产老项目，可以选择适用简易计税方法按照 5% 的征收率计算缴纳增值税。 三、保险公司按照《财政部 税务总局关于明确养老机构免征增值税等政策的通知》（财税〔 2019 〕 20 号）第四条第（三）…,2132,True,False,
mof,b96661ff7ff7114c6e98d87d745c67577b79918613b905c506877e3ee1beab70,财库〔2020〕8号,关于修订印发《记账式国债发行远程招标现场管理与监督办法》的通知,财政部,EXCLUDE,—,,,,,,450,True,False,
mof,07da8d2044641c3307ca87b1d3dfc260ce7c3b0d62d1cef14817f4b572dc8f95,公告2020年第3号,关于境外所得有关个人所得税政策的公告,财政部、税务总局,BOUNDARY,低,,,分支机构,,[body]…址、派遣期限、境内外收入及缴税情况等。 中方机构包括中国境内企业、事业单位、其他经济组织以及国家机关所属的境外分支机构、子公司、使（领）馆、代表处等。 十二、居民个人取得来源于境外的所得或者实际已经在境外缴纳的所得税税额为人民币…,6655,True,False,
mof,b6ca2a4fd167f129678601dedc4af96caf44128adaab8be22cf7a0ad4aa60c2c,财关税〔2020〕2号,关于印发《重大技术装备进口税收政策管理办法》的通知,财政部、工业和信息化部、海关总署、国家税务总局、国家能源局,EXCLUDE,—,,,,,,943,True,False,
mof,85986bdc02af222c5a2e08514b132e5081f7a6b3f6fbfcd77e7531299b1baafc,财库〔2020〕3号,关于印发《中央财政预算执行动态监控管理办法》的通知,财政部、国库司(政府采购管理办公室)、国库司(政府采购管理办公室),EXCLUDE,—,,,,,,495,True,False,
mof,3849efe53260dc24c0a290dad80cfd9accbd64f9ce0dab76c1519a42ac032256,财库〔2019〕68号,关于实施跨省异地缴纳非现场交通违法罚款工作的通知,财政部、公安部、中国人民银行、国库司(政府采购管理办公室)、国库司(政府采购管理办公室),BOUNDARY,低,,,分支机构,,"[body]…税收入收缴代理资格的银行范围内,选定银行代收跨省异地缴纳的罚款。省级财政部门要与选定的代理银行总行或总行授权的分支机构签订协议，明确通过同行汇划清算系统接收罚款的银行账户、缴库方式、信息传递方式和要求等。 2.在违法行为发生地以…",4671,True,False,
mof,91e6811e62ec14a7120ad161f08633c4f298aaa01178e7e7022f124c365996e6,财库〔2019〕69号,关于印发《地方预算单位政府集中采购目录及标准指引（2020年版）》的通知,财政部、国库司(政府采购管理办公室)、国库司(政府采购管理办公室),EXCLUDE,—,,,,,,1847,True,False,
mof,e9ff3a9d09f017c1ea57d5b8de06b4b530213756f1658781a6a16788bcda96a2,财办库〔2019〕364号,关于启用地方政府新增专项债券项目信息披露模板的通知,财政部办公厅,EXCLUDE,—,,,,,,1100,True,False,
mof,495951aabd79fb86bd4817563b43cfeb7cd137f116c80d299266aa5ac4f4a3cd,财行〔2019〕447号,关于修订《国家标准制修订经费管理办法》的通知,财政部、市场监管总局、行政政法司、行政政法司,EXCLUDE,—,,,,,,7218,True,False,
mof,b72c0de6ee11c965800482210bceff49d286a4f7d31f37c3ae8b0a1c9b17696b,公告〔2019〕9号,国务院关税税则委员会关于发布《中华人民共和国进出口税则（2020）》的公告,国务院关税税则委员会,EXCLUDE,—,,,,,,401,True,False,
mof,45a677dc98275457a08cb345a30ef11d148e92c3aec0655d744a7886062d7d59,财库〔2019〕64号,关于印发《国库集中支付电子化管理接口报文规范（2019）》的通知,财政部、中国人民银行、国库司(政府采购管理办公室)、国库司(政府采购管理办公室),EXCLUDE,—,,,,,,859,True,False,
mof,823db08189696f40449830c07f77c71ae9840ebdcddaf987c0e8a3f5e61c06bb,税委会〔2019〕51号,国务院关税税则委员会关于调整部分本国子目注释的通知,国务院关税税则委员会,EXCLUDE,—,,,,,,341,True,False,
mof,0531c58782d8374accc7aa8fcf567f1ccaa7cf521d56d16921ea09de1366d8b5,,关于印发《金融机构国有股权董事管理暂行办法》的通知,财政部、金融司、金融司,EXCLUDE,—,,,,,,642,True,False,
mof,6df2a106961855fbc4a7f6b0d5f5a41a3274a31f3db466ef8caa0831309eca9f,公告〔2019〕8号,国务院关税税则委员会关于第一批对美加征关税商品第二次排除清单的公告,国务院关税税则委员会,EXCLUDE,—,,,,,,601,True,False,
mof,33ca8e17b7df536f1d2fec2ecf8478d51480aad452164acac5751952edf34e1b,税委会〔2019〕50号,国务院关税税则委员会关于2020年进口暂定税率等调整方案的通知,国务院关税税则委员会,EXCLUDE,—,,,,,,2170,True,False,
mof,99dd07bccf55d191f9895ad5502a5b573b63e562629333268a5f92e2c73c9019,财关税〔2019〕52号,关于取消科技重大专项进口税收政策免税额度管理的通知,财政部、科技部、发展改革委、海关总署、税务总局,EXCLUDE,—,,,,,,1024,True,False,
mof,d70467fd53fa267c13ce1467dfbd442586e19b71242652ad9ae7103fb4765c2b,财教〔2019〕228号,关于印发《国家科学技术奖励绩效评价暂行办法》的通知,财政部、科技部、科教和文化司（中央文化企业国有资产监督管理领导小组办公室）、科教和文化司（中央文化企业国有资产监督管理领导小组办公室）,EXCLUDE,—,,,,,,618,True,False,
mof,3ab3ff242c08c22838d7475dd37368f23733c50e81c49a0e45fd9df67a637d8b,财会〔2019〕25号,关于印发《事业单位成本核算基本指引》的通知,财政部、会计司、会计司,EXCLUDE,—,,,,,,7772,True,False,
mof,72e4aa0cf4b73d6a223e6daa1446848d9e9b5b2cc0142b643f6a1dab1bdf45c5,财会〔2019〕24号,关于印发《政府会计准则制度解释第2号》的通知,财政部、会计司、会计司,EXCLUDE,—,,,,,,12609,True,False,
mof,8108ac391de18c5acadfc7b98ce592789e56b607c91c662086b4081febb645fe,财关税〔2019〕47号,关于有源矩阵有机发光二极管显示器件项目进口设备增值税分期纳税政策的通知,财政部、海关总署、税务总局,EXCLUDE,—,,,,,,1246,True,False,
mof,11a34b7e55efc95cd0f779c512b48bf257cf50c3c16a7ee06e98e71933f12e9e,财会〔2019〕22号,关于印发《碳排放权交易有关会计处理暂行规定》的通知,财政部、会计司、会计司,EXCLUDE,—,,,,,,507,True,False,
mof,d0438ea88639f09a86753022361d834c247e9420c93e41a5e9c88802f71db501,公告〔2019〕7号,国务院关税税则委员会关于暂不实施对原产于美国的部分进口商品加征关税措施的公告,国务院关税税则委员会,EXCLUDE,—,,,,,,1889,True,False,
mof,5f0c1344b1e8c905cf450eb6981e897e81aa07d7d145ed63c444285c9cbc6f4d,财库〔2019〕58号,关于修订印发《政府综合财务报告编制操作指南（试行）》的通知,财政部、国库司(政府采购管理办公室)、国库司(政府采购管理办公室),EXCLUDE,—,,,,,,606,True,False,
mof,741022bbaac10bd894b9305010f4d56942b81f24f89f5d8f0c4f5b7f044c9f92,财库〔2019〕57号,关于修订印发《政府部门财务报告编制操作指南（试行）》的通知,财政部、国库司(政府采购管理办公室)、国库司(政府采购管理办公室),EXCLUDE,—,,,,,,592,True,False,
mof,5d2e5a4aa15e6ab3a2d29377b96f95b51517f4cb47d6bea631a3d5941c930467,财库〔2019〕56号,关于修订印发《政府财务报告编制办法（试行）》的通知,财政部、国库司(政府采购管理办公室)、国库司(政府采购管理办公室),EXCLUDE,—,,,,,,562,True,False,
mof,d058c350af84ef7b58bc20e76a6a7b8292d84ab25498f93bc66b8d5b9fdc47d3,财教〔2019〕226号,关于印发《中央财政科技计划（专项、基金等）后补助管理办法》的通知,财政部、科技部、科教和文化司（中央文化企业国有资产监督管理领导小组办公室）、科教和文化司（中央文化企业国有资产监督管理领导小组办公室）,EXCLUDE,—,,,,,,923,True,False,
mof,f20f68bf9bb07026ea3c5da3170b9777aa76b1dfda5c33272b8c19a97cd93bc4,财会〔2019〕21号,关于印发《企业会计准则解释第13号》的通知,财政部、会计司、会计司,EXCLUDE,—,,,,,,464,True,False,
mof,bfc843c7e2058b620be7c06fb0229d57d69b363099fc7fae21f1739c083a3346,公告2019年第94号,关于个人所得税综合所得汇算清缴涉及有关政策问题的公告,财政部、税务总局,EXCLUDE,—,,,,,,1176,True,False,
mof,0e1349dcb1823e6eeaaad286896c9b3700d29732fca0486a2debf5bc491b90e8,财预〔2019〕205号,关于调整完善增值税留抵退税地方分担机制及预算管理有关事项的通知,财政部、税务总局、人民银行、预算司,EXCLUDE,—,,,,,,5471,True,False,
mof,7be12d3cd824263aa1edc92e6cdf362024ab4f8013320a564624db6df1e16232,财农〔2019〕125号,关于印发《国家农业信贷担保联盟有限责任公司绩效评价办法》的通知,财政部,EXCLUDE,—,,,,,,428,True,False,
mof,4892e3502820fe7c3484342e63d00d37911102657fff7feca9a7372d127d7872,公告2019年第92号,关于北京2022年冬奥会和冬残奥会税收优惠政策的公告,财政部、税务总局、海关总署,EXCLUDE,—,,,,,,2628,True,False,
mof,cc200ba3a10d7e1bf20bd71a86564fc8d953909580b2fd7a6989d473a3c5d5b2,公告2019年第91号,关于继续执行研发机构采购设备增值税政策的公告,财政部、商务部、税务总局,EXCLUDE,—,,,,,,4434,True,False,
mof,771e94ba0a0f908c5ca67ce3e5f64a44154a3be2dd031c5f2673e260e40a3a8f,财预〔2019〕183号,关于提前下达2020年边境地区转移支付预算的通知,财政部、预算司、预算司,EXCLUDE,—,,,,,,877,True,False,
mof,7a24c499f006288814822a4a6b9eba62414e4afdbf911c6718e4c00d1e4aec60,公告2019年第90号,关于资源综合利用增值税政策的公告,财政部、税务总局,EXCLUDE,—,,,,,,1750,True,False,
mof,945ea543543498f4ac68a3e0d98ab164a71199e563336bb1a4cdf451bca9e74e,财会〔2019〕17号,关于加强国家统一的会计制度贯彻实施工作的指导意见,财政部、会计司、会计司,EXCLUDE,—,,,,,,7506,True,False,
mof,234dc2174d502294945264166bff5c3a4d6a38a13327710fecc62656f91012c0,财预〔2019〕178号,关于提前下达2020年民族地区转移支付预算的通知,财政部、预算司、预算司,EXCLUDE,—,,,,,,925,True,False,
mof,4c9d1b7c38a0701a2cc9534c3952cd5c269dde2391206e0626bd2aca7e734108,公告2019年第89号,关于确认中国红十字会总会等群众团体2019年度公益性捐赠税前扣除资格的公告,财政部、税务总局,EXCLUDE,—,,,,,,399,True,False,
mof,82d062a585ca04004b11d0844805c609a19f679c46996ada7ba655a01e5fd11c,公告2019年第88号,关于民用航空发动机、新支线飞机和大型客机税收政策的公告,财政部、税务总局,EXCLUDE,—,,,,,,2179,True,False,
mof,de6197a39c05d30b6f7ec75684de95c68d15ea7efba362330e67144494b6a0e2,公告2019年第87号,关于明确生活性服务业增值税加计抵减政策的公告,财政部、税务总局,EXCLUDE,—,,,,,,1679,True,False,
mof,f0ad1c0a274b6b04da001c9562016aa2c7381748c3eb52b409a48646efe2cb2c,财金〔2019〕96号,关于修订发布《普惠金融发展专项资金管理办法》的通知,财政部、金融司、金融司,EXCLUDE,—,,,,,,644,True,False,
mof,a02959dd3c7373bd4078173acb17fe757ec9693bb6fe981e2e22ae26a85a11a3,财资环〔2019〕44号,关于印发《特大型地质灾害防治资金管理办法》的通知,财政部、自然资源和生态环境司,EXCLUDE,—,,,,,,7380,True,False,
mof,8bfe66e249cce6879c68a5b13d96d27c3b4b689f3e8d647683bce392ffddea06,财资〔2019〕57号,关于进一步加大授权力度 促进科技成果转化的通知,财政部、资产管理司、资产管理司,EXCLUDE,—,,,,,,2855,True,False,
mof,7388f14fa11437b7813e6eadfb26a5faa02b3c84f95d03de28fcb98b97613183,财金〔2019〕93号,关于印发《国有金融资本产权登记管理办法（试行）》的通知,财政部、金融司、金融司,EXCLUDE,—,,,,,,703,True,False,
mof,f280380ece4a02bcb31b5aa82ad75c164633422a6aebb7c41c2cb14212ad5325,财金〔2019〕102号,关于印发《关于加快农业保险高质量发展的指导意见》的通知,财政部、农业农村部、银保监会、林草局、金融司、金融司,BOUNDARY,低,,,保险产品|保险机构|保险条款|偿付能力|分支机构,,[body]…作。与农业保险发展内在规律相适应，充分发挥市场在资源配置中的决定性作用，坚持以需求为导向，强化创新引领，发挥好保险机构在农业保险经营中的自主性和创造性。 自主自愿。充分尊重农民和农业生产经营组织意愿，不得强迫、限制其参加农业保险…,8130,True,False,
mof,5746f87571c94e4627ece16640c6e7fc1086c1b8301e3d2f662735d5070b30f4,财会〔2019〕16号,关于修订印发合并财务报表格式（2019版）的通知,财政部、会计司、会计司,EXCLUDE,中,,,保险公司,商业银行|证券公司|金融资产,[body]…年先后印发了《企业会计准则第22号——金融工具确认和计量》（财会〔2017〕7号）、《企业会计准则第23号——金融资产转移》（财会〔2017〕8号）、《企业会计准则第24号——套期会计》（财会〔2017〕9号）、《企业会计准则第…,2222,True,False,
mof,24dac82c51324af8b5cdb701c94dc4b42bc411d5552efbbe057ab034dfa6f4f2,公告〔2019〕6号,国务院关税税则委员会关于第一批对美加征关税商品第一次排除清单的公告,国务院关税税则委员会,EXCLUDE,—,,,,,,980,True,False,
mof,cca628cae9682d9f940c3e9f325d8e2aee6e209bf3bb9cdde220300e101debaf,公告2019年第81号,关于发布《中华人民共和国耕地占用税法实施办法》的公告,财政部、自然资源部、农业农村部、生态环境部,EXCLUDE,—,,,,,,436,True,False,
mof,51b32e760808263dfe9a0450c242fa545112680c245a1f8135c09ac67b9be28c,财行〔2019〕276号,关于印发《国家棉花等纤维公证检验经费管理暂行办法》的通知,财政部、市场监管总局,EXCLUDE,—,,,,,,5757,True,False,
mof,470f6c0c7c0890b0dcd83bd18cc413b386ece4822aec517bcc898b6ed01e66b0,公告2019年第83号,关于继续执行边销茶增值税政策的公告,财政部、税务总局,EXCLUDE,—,,,,,,741,True,False,
mof,bee4ba212efb88f8bd7c617b94739081e4730f853e0114c83e722c3c093240ef,公告〔2019〕5号,国务院关税税则委员会关于对原产于美国的汽车及零部件恢复加征关税的公告,国务院关税税则委员会,EXCLUDE,—,,,,,,1824,True,False,
mof,5207eee15d0c5fae49ec72ff486f1af9646eab76b582d8654f8fda825054e7fa,公告〔2019〕4号,国务院关税税则委员会关于对原产于美国的部分进口商品（第三批）加征关税的公告,国务院关税税则委员会,EXCLUDE,—,,,,,,1621,True,False,
mof,64d142de5b9b70c2273279772a528516aee56aa099cc78743ea7ab1e0cab2516,公告2019年第85号,关于金融企业涉农贷款和中小企业贷款损失准备金税前扣除有关政策的公告,财政部、税务总局,EXCLUDE,—,,,,,,1809,True,False,
mof,e465f567c132d3fbce6a600c56eac287b8423ddbb8a8c8ff26c0c56d44a8fd1f,公告2019年第86号,关于金融企业贷款损失准备金企业所得税税前扣除有关政策的公告,财政部、税务总局,EXCLUDE,中,,,,商业银行,[body]…根据《中华人民共和国企业所得税法》及《中华人民共和国企业所得税法实施条例》的有关规定， 现就政策性银行、 商业银行、 财务公司、 城乡信用社和金融租赁公司等金融企业提取的贷款损失准备金的企业所得税税前扣除政策公告如下： 一、…,1742,True,False,
mof,76d1275d3834d9805b760d844c02b2688d916f06cb989faae8b59a821ad53979,财预〔2019〕144号,关于印发《中央财政县级基本财力保障机制奖补资金管理办法》的通知,财政部,EXCLUDE,—,,,,,,381,True,False,
mof,3f5de01fa9213ced9cd0b3cbd7f0a3f927ced873df582e26b3b7e21a2da6adc9,财库〔2019〕41号,关于印发《政府采购贫困地区农副产品实施方案》的通知,财政部、国务院扶贫办、供销合作总社、国库司(政府采购管理办公室)、国库司(政府采购管理办公室),EXCLUDE,—,,,,,,692,True,False,
mof,35a000d623ba4b69814005b2eba06136c3bd04380094b17208439b71289d3d0d,财税〔2019〕63号,关于横琴新区企业所得税优惠目录增列旅游产业项目的通知,财政部、税务总局、税政司、税政司,EXCLUDE,—,,,,,,930,True,False,
mof,f85e0aa5ae5d74569c56fcaa85028ac4cd0489d59750f441d5e84e8a7847da36,财行〔2019〕231号,关于停止执行培训年度计划备案及执行情况报告规定的通知,财政部、中共中央组织部、行政政法司、行政政法司,EXCLUDE,—,,,,,,950,True,False,
mof,2c4f4ed640a1841ae72c87e89ee910b1a6b2aba99beb3eb3bbbb437beca06f73,财社〔2019〕114号,关于修改中央财政困难群众救助等补助资金管理办法的通知,财政部、民政部、住房城乡建设部、中国残联、社会保障司、社会保障司,EXCLUDE,—,,,,,,7547,True,False,
mof,0ad6a02ac5e059de4d8423f3f07ca451117b97f55ef13081ca425f87e5784598,财库〔2019〕38号,关于促进政府采购公平竞争优化营商环境的通知,财政部、国库司(政府采购管理办公室)、国库司(政府采购管理办公室),BOUNDARY,低,,,分支机构,,[body]…的资格条件，妨碍供应商进入政府采购市场； （三）要求供应商在政府采购活动前进行不必要的登记、注册，或者要求设立分支机构，设置或者变相设置进入政府采购市场的障碍； （四）设置或者变相设置供应商规模、成立年限等门槛，限制供应商参与政…,6406,True,False,
mof,21a187f10ffb4b045085529a863568ba2646c06720a76f344435b377bdc7f3ec,财预〔2019〕136号,关于印发《中央部门预算绩效运行监控管理暂行办法》的通知,财政部、预算司、预算司,EXCLUDE,—,,,,,,469,True,False,
mof,b451271c3c56d21772244dc6158ad9defb50a1eaeb79ca3619eeb387d65f54f1,财建〔2019〕432号,关于下达2019年中央自然灾害救灾资金预算的通知,财政部、经济建设司、经济建设司,EXCLUDE,—,,,,,,675,True,False,
mof,d32691a2f8b1b6b29010a6804d8c494ff6264942fe5e08fc21ff841696ebc122,财综〔2019〕29号,关于全面推行医疗收费电子票据管理改革的通知,财政部、国家卫生健康委、国家医疗保障局、综合司、综合司,EXCLUDE,—,,,,,,6715,True,False,
mof,2946be0afe3f2e0130f39d4e9c1051236ba349482f8030b7771ad230ea748689,财金〔2019〕62号,关于开展财政支持深化民营和小微企业金融服务综合改革试点城市工作的通知,财政部、科技部、工业和信息化部、人民银行、银保监会、金融司、金融司,BOUNDARY,低,,,分支机构,,[body]…分值低于 70分的试点城市，取消试点资格，追回全部奖励资金。 （五）职责分工。 各地财政、科技、工信、人民银行分支机构、银保监部门、财政部各地监管局、地方金融监管部门各司其责。试点城市绩效目标设定和评价工作由各部门分工负责：人民…,5610,True,False,
mof,7f6a0dad423798e3440dfba679f9c3a9fe6cbf23bb13e4e491e240cc23ed4cb8,财会〔2019〕13号,关于印发《政府会计准则制度解释第1号》的通知,财政部、会计司、会计司,EXCLUDE,—,,,,,,591,True,False,
mof,afd09a02b4add2ac98e859152aa08d3880562ed8969fe0963bb7c39b2d365f6b,证监会公告2019年第78号,关于继续实施全国中小企业股份转让系统挂牌公司股息红利差别化个人所得税政策的公告,财政部、税务总局、证监会,EXCLUDE,中,,,,证券公司,[body]…年）且尚未转让的，挂牌公司暂不扣缴个人所得税；待个人转让股票时，证券登记结算公司根据其持股期限计算应纳税额，由证券公司等股票托管机构从个人资金账户中扣收并划付证券登记结算公司，证券登记结算公司应于次月5个工作日内划付挂牌公司，挂…,3877,True,False,
mof,6d9ac235eafc6e867970839f6824a6f1d38c16e928759cee0f15cee3a0ea5d37,财社〔2019〕81号,关于解决部分退役士兵社会保险问题中央财政补助资金有关事项的通知,财政部、退役军人部、人力资源社会保障部、医保局、民政部、税务总局、社会保障司、社会保障司,BOUNDARY,低,养老保险,,,,[body]…务院办公厅印发 <关于解决部分退役士兵社会保险问题的意见>的通知》（以下称《通知》），妥善解决部分退役士兵基本养老保险和基本医疗保险未参保和中断缴费问题，规范中央财政补助资金使用管理，现将有关事项通知如下： 一、政府补助范围 以…,4212,True,False,
mof,61e7a23d544f5f1b2a13bdd753d206424b6de6677f91db610ff06fb4fd4152f7,财监〔2019〕21号,关于印发《财政部门财政扶贫资金违规管理责任追究办法》的通知,财政部、监督评价局、监督评价局,EXCLUDE,—,,,,,,594,True,False,
mof,66c5e19018ea9cd65c758eeeb024588b3ac7122eda1269e614fd49204d40ae0e,公告2019年第75号,关于继续执行的车辆购置税优惠政策的公告,财政部、税务总局,EXCLUDE,—,,,,,,1373,True,False,
mof,66da5a17af6d7782407113cc0a23858151659d3d8a6dfbf77766a3263f679e9c,公告2019年第76号,关于养老、托育、家政等社区家庭服务业税费优惠政策的公告,财政部、税务总局、发展改革委、民政部、商务部、卫生健康委,EXCLUDE,—,,,,,,2341,True,False,
mof,2bf0d67dd80cd5ec716eabe595ba4b7ec411277d7892a420a067573d1dd39422,财教〔2019〕25号,关于调整职业院校奖助学金政策的通知,财政部、教育部、科教和文化司（中央文化企业国有资产监督管理领导小组办公室）、科教和文化司（中央文化企业国有资产监督管理领导小组办公室）,EXCLUDE,—,,,,,,2863,True,False,
mof,60243ed2e565bdf520ab156e010ba54f81a02f78cc65ebeeef8416817f0e20ea,财资〔2019〕25号,关于印发《农民专业合作社解散、破产清算时接受国家财政直接补助形成的财产处置暂行办法》的通知,财政部、农业农村部、资产管理司、资产管理司,EXCLUDE,—,,,,,,639,True,False,
mof,0900174849db165d54eb6fbed25e63a9361198fdea1ce2c61721fd7f9723a211,财资环〔2019〕10号,关于印发《水污染防治资金管理办法》的通知,财政部,EXCLUDE,—,,,,,,4912,True,False,
mof,d1dab353be3a5cc60ed57488842d7cb722bc6668c1058b606460e8e041fcabb0,财资环〔2019〕11号,关于印发《土壤污染防治专项资金管理办法》的通知,财政部,EXCLUDE,—,,,,,,4795,True,False,
mof,5df533d0a6168b6928db8b136359078beac1ecab2b320381b83ffb432809f2bd,公告2019年第74号,关于个人取得有关收入适用个人所得税应税所得项目的公告,财政部、税务总局,BOUNDARY,低,人寿保险|养老保险,,,证券公司,[body]…征收个人所得税问题的复函》（国税函〔 1995〕351号）； （三）《国家税务总局关于未分配的投资者收益和个人人寿保险收入征收个人所得税问题的批复》（国税函〔 1998〕546号）第二条； （四）《国家税务总局关于个人所得税有关…,3326,True,False,
mof,87518d11e843382fe0e5db10a09017c640fa14a576d49f6028bed48287aefac2,财行〔2019〕132号,关于下达2019年食品药品监管补助资金预算的通知,财政部、市场监管总局、药监局、行政政法司、行政政法司,EXCLUDE,—,,,,,,1470,True,False,
mof,4b0e57b015d7fe5ca2750ffc15b0f6f539b927a424a2cf7cfebbfa77260da2ae,财教〔2019〕16号,关于下达2019年补助地方国家电影事业发展专项资金预算的通知,财政部、科教和文化司（中央文化企业国有资产监督管理领导小组办公室）、科教和文化司（中央文化企业国有资产监督管理领导小组办公室）,EXCLUDE,—,,,,,,1386,True,False,
mof,2a41af7ce73371d65809f1b3034fe5d94a95466b4d88b400275f12fffc46316f,财税〔2019〕53号,关于免征易地扶贫搬迁有关政府性基金和行政事业性收费政策的通知,财政部、国家发展改革委、税政司、税政司,EXCLUDE,—,,,,,,1353,True,False,
mof,2e8ba0931a1fde761f4b5f5d68fd9d135ddb183e060696df619ab311cadd43fe,财建〔2019〕287号,关于深入实施“优质粮食工程”的意见,财政部、国家粮食和物资储备局、经济建设司、经济建设司,EXCLUDE,—,,,,,,4685,True,False,
mof,14c5cd3e1aee5ed61bde89eed572cf7f24f29aa6afb241424a6f850f54c6f843,财农〔2019〕48号,关于印发《农业相关转移支付资金绩效管理办法》的通知,财政部、农业农村部、农业农村司、农业农村司,EXCLUDE,—,,,,,,7489,True,False,
mof,f4aa041f579aa8cf02a1ced07b50ccb53ea3b3212a851c56c881ce324859ab73,公告2019年第73号,关于延续免征国产抗艾滋病病毒药品增值税政策的公告,财政部、税务总局,EXCLUDE,—,,,,,,968,True,False,
mof,b50cf74ed76aee1aed887e4653e7b320a7f56c5a09710aa48c22f053d03ca362,公告2019年第72号,关于保险企业手续费及佣金支出税前扣除政策的公告,财政部、税务总局,EXCLUDE,—,,,,,,905,True,True,RFN-96b765bc4ce98ec5
mof,3ccd3b7b8152b9c954c1e3bbdbc1ae5bb7642041215e75e321b63458c5f62987,财库〔2019〕27号,关于运用政府采购政策支持脱贫攻坚的通知,财政部、国务院扶贫办、国库司(政府采购管理办公室)、国库司(政府采购管理办公室),EXCLUDE,—,,,,,,3210,True,False,
mof,ee1853ba7dff48256d61cdad3492b7ef4555b6dedb8791170b725f3e7e7ef317,财预〔2019〕100号,关于下达财政管理工作绩效考核奖励资金的通知,财政部、预算司、预算司,EXCLUDE,—,,,,,,1104,True,False,
mof,3511da5272e534f7459531a2509e02c6dba3233ca2ffb593c9def7d4442771f6,公告2019年第71号,关于车辆购置税有关具体政策的公告,财政部、税务总局,EXCLUDE,—,,,,,,2336,True,False,
mof,a3c9dc6efc559668a70f0ace91748192cad3c4fc7afc83125d5d346d08db7a8a,公告2019年第69号,关于2017年度第二批和2018年度第一批公益性社会团体捐赠税前扣除资格名单的公告,财政部、税务总局、民政部,BOUNDARY,低,人寿保险,,,,[body]…基金会 78.健坤慈善基金会 79.善小公益基金会 80.中山博爱基金会 81.三峡集团公益基金会 82.新华人寿保险公益基金会 83.中国人保公益慈善基金会 84.中华思源工程扶贫基金会 85.兰州大学教育发展基金会 86.张…,5609,True,False,
mof,7f687123597f662c97503bb88ec82fd36e1091a6df20488d0bc1a09124233ec5,财预〔2019〕89号,关于印发《土地储备项目预算管理办法（试行）》的通知,财政部、自然资源部、预算司、预算司,EXCLUDE,—,,,,,,10473,True,False,
mof,01025d0061edb82f80da43290e95568849c5846c2c1d8b5731fb3ab25f2cbcd7,财行〔2019〕98号,关于印发《食品药品监管补助资金管理暂行办法》的通知,财政部、市场监管总局、药监局、行政政法司、行政政法司,EXCLUDE,—,,,,,,7024,True,False,
mof,9a1df24bca473dab20304bb4b80b9fed46b18e845b165e6c59bc1e5f9a558399,财关税〔2019〕15号,关于印发《口岸出境免税店管理暂行办法》的通知,财政部、商务部、文化和旅游部、海关总署、税务总局、关税司（国务院关税税则委员会办公室）、关税司（国务院关税税则委员会办公室）,EXCLUDE,—,,,,,,541,True,False,
mof,ec04a5fb248440b674631abe3999d0b63f4a88fc513d9d4a90be804e15dd38ed,公告2019年第68号,关于集成电路设计和软件产业企业所得税政策的公告,财政部、税务总局,EXCLUDE,—,,,,,,733,True,False,
mof,3970b76995d535d430c1113cab1cd30bab9218d92ea55ee6d7170805516f8f46,财会〔2019〕9号,关于印发修订《企业会计准则第12号--债务重组》的通知,财政部、会计司、会计司,EXCLUDE,—,,,,,,569,True,False,
mof,13691f97287a4363fc67cf0010a85ba0b42e53f60dd9faf0106bbb277a0caed2,公告〔2019〕3号,国务院关税税则委员会关于对原产于美国的部分进口商品提高加征关税税率的公告,国务院关税税则委员会、关税司（国务院关税税则委员会办公室）、关税司（国务院关税税则委员会办公室）,EXCLUDE,—,,,,,,1414,True,False,
mof,36fcfd8498aa616cf4d57832d4ea02838a3d193e6e1b7105b7e0503721c16b10,公告〔2019〕2号,国务院关税税则委员会关于试行开展对美加征关税商品排除工作的公告,国务院关税税则委员会、关税司（国务院关税税则委员会办公室）、关税司（国务院关税税则委员会办公室）,EXCLUDE,—,,,,,,563,True,False,
mof,5000803eed16095820c491096cc75f67336c8b4a0308c5901f1828987adf976a,财库〔2019〕25号,关于开展2018年度政府财务报告编制试点工作的通知,财政部、国库司(政府采购管理办公室)、国库司(政府采购管理办公室),EXCLUDE,—,,,,,,6711,True,False,
mof,fb10c0a9c9c0560b958379ca92a4811deed1a4294be9e9417b2295a1c1c2333f,财建〔2019〕225号,关于进一步深入推进首台（套）重大技术装备保险补偿机制试点工作的通知,财政部、工业和信息化部、银保监会、经济建设司、经济建设司,BOUNDARY,低,,,保单|保险产品|保险公司|保险条款,,[body]…保险是指由生产《目录》内装备制造企业投保，与用户共同受益，承保首台（套）重大技术装备质量风险和责任风险的综合险保险产品。其中，质量风险主要保障因产品质量缺陷导致用户要求修理、更换或退货的风险；责任风险主要保障因产品质量缺陷造成用…,5035,True,False,
mof,cd277af3590ae036e5739dc67a879146d48631ba7881e39abdc0a31046f5a184,财预〔2019〕96号,关于印发《民族地区转移支付办法》的通知,财政部,EXCLUDE,—,,,,,,230,True,False,
mof,d2804d9d59493e2f62a389ef199dc76c258f72ce1d9457529225a169cb54cf59,财会〔2019〕8号,关于印发修订《企业会计准则第7号--非货币性资产交换》的通知,财政部、会计司、会计司,EXCLUDE,—,,,,,,593,True,False,
mof,4e64dcc5e07f671e16947ce5afd86c86269d7dc0fd441813770470c008161dd5,财建〔2019〕213号,关于支持新能源公交车推广应用的通知,财政部、工业和信息化部、交通运输部、发展改革委、经济建设司、经济建设司,EXCLUDE,—,,,,,,2532,True,False,
mof,29839739480e8bf3dc54867b5df3086739936543c956a0f5cbfb32b9e94d1e28,财社〔2019〕53号,关于加强农村危房改造资金使用管理助力全面完成脱贫攻坚任务的通知,财政部、住房城乡建设部、社会保障司、社会保障司,EXCLUDE,—,,,,,,5005,True,False,
mof,26158877089cb76774b9707959236ad2ea4a2fff55b496900c2ffc5f5fbed6d8,公告2019年第61号,关于公共租赁住房税收优惠政策的公告,财政部、税务总局,EXCLUDE,—,,,,,,1969,True,False,
mof,65894d30545b80ced99938266d163cf89ac88be9df52cfb5b2411cb99a84654e,财预〔2019〕61号,关于印发《革命老区转移支付资金管理办法》的通知,财政部,EXCLUDE,—,,,,,,4871,True,False,
mof,fb46f3458ef4d4d3f3b1ca15b5ba2b9ae00bb48383eff40841c5ac918d6dfbfd,财预〔2019〕62号,关于印发《边境地区转移支付资金管理办法》的通知,财政部,EXCLUDE,—,,,,,,506,True,False,
mof,7d1ce60acb86ff2e8f199a5b8789c74462a3abe48c16d3df7717b72b47e615f8,税委会〔2019〕17号,国务院关税税则委员会关于调整进境物品进口税有关问题的通知,国务院关税税则委员会,EXCLUDE,—,,,,,,588,True,False,
mof,9c5d968639b730d93245103f77053247cda14f44384fcbc505c66acd753e9aa3,财资〔2019〕12号,关于修订《事业单位及事业单位所办企业国有资产产权登记管理办法》的通知,财政部,EXCLUDE,—,,,,,,842,True,False,
mof,ccea912fa88cd927246b3e3c56323d2cd665607aff09ba024019f6500751421b,财预〔2019〕64号,关于印发《土地指标跨省域调剂收入安排的支出管理暂行办法》的通知,财政部,EXCLUDE,—,,,,,,427,True,False,
mof,dcbe5e26d4a35010f2f4e582cdf766eaa795fe829cff33efda85e50dc0dcc84c,财税〔2019〕38号,关于延续供热企业增值税 房产税 城镇土地使用税优惠政策的通知,财政部、税务总局、税政司、税政司,EXCLUDE,—,,,,,,2305,True,False,
mof,82f9107fce57bb828fc12507173b5449ad0337939475e3527749fbbfd2a3fbd4,财农〔2019〕18号,关于印发《农村综合改革转移支付绩效管理办法》的通知,财政部、农业农村司、农业农村司,EXCLUDE,—,,,,,,6133,True,False,
mof,288c5fe51a69bb79d0c42e94f57a1cc98788ca27c386711933f54c71fd8c2d72,财税〔2019〕32号,关于上海国际能源交易中心有关风险准备金和期货投资者保障基金支出企业所得税税前扣除政策问题的通知,财政部、税务总局、税政司、税政司,EXCLUDE,—,,,,,,1277,True,False,
mof,4fa3c507a90d64f04cba74040f52d23875e5a2242273f12aaaf8527ca37fdddf,财会〔2019〕4号,关于印发《境外会计师事务所从事全国银行间债券市场境外机构债券发行相关财务报告审计业务报备暂行办法》的通知,财政部,EXCLUDE,—,,,,,,2940,True,False,
mof,001085a9157239f07cb49cfa6f8fb2105aaa5867f126446e4862adae969ac122,财建〔2019〕138号,关于进一步完善新能源汽车推广应用财政补贴政策的通知,财政部、工业和信息化部、科技部、发展改革委、经济建设司、经济建设司,EXCLUDE,—,,,,,,2882,True,False,
mof,9aab0bbb65be1cee4ea5e0ece4b352eb986c02db3a91f992b966434c40208c39,财关税〔2019〕12号,关于调整部分项目可享受返税政策进口天然气数量的通知,财政部、海关总署、税务总局、关税司（国务院关税税则委员会办公室）、关税司（国务院关税税则委员会办公室）,EXCLUDE,—,,,,,,1352,True,False,
mof,452126ed9ac0d94f505564ac407c7d60d19413b84791c1c335a87293a3f8905a,公告2019年第35号,关于非居民个人和无住所居民个人有关个人所得税政策的公告,财政部、税务总局,EXCLUDE,—,,,,,,14439,True,False,
mof,79bc23469af576676fa7f0755198bf1391c0de37992d04b076ce02c36bec9eae,公告2019年第34号,关于在中国境内无住所的个人居住时间判定标准的公告,财政部、税务总局,EXCLUDE,—,,,,,,1026,True,False,
mof,9647b78503a2117170bca067173f0523b3fbb3dff9c313f65b486008673f96df,财税〔2019〕31号,关于粤港澳大湾区个人所得税优惠政策的通知,财政部、税务总局、税政司、税政司,EXCLUDE,—,,,,,,983,True,False,
mof,9cebde9a7512c6001748527346063f8b36a2a529b3258f006b36176505c98cd5,财办库〔2019〕47号,关于加强对公款违规购买名贵特产资金支付行为监控有关事项的通知,财政部办公厅,EXCLUDE,—,,,,,,906,True,False,
mof,5bf7b66d15488fe00c083e1746f8b4ee32ef04db66e47697e30666860388a1dd,财建〔2019〕29号,关于印发《重点生态保护修复治理资金管理办法》的通知,财政部,EXCLUDE,—,,,,,,5810,True,False,
mof,1d7071e3e9782a8c0028a5eeaf449152bee4debf1c43e3eb2cd53fe76121a093,财会〔2019〕5号,关于印发《中国注册会计师审计准则第1101号——注册会计师的总体目标和审计工作的基本要求》等18项审计准则的通知,财政部,EXCLUDE,—,,,,,,2515,True,False,
mof,a15eee62f19e26153ef5503a411cfaf1e9faadabea7e3d5f006a219588abbe2c,财税〔2019〕24号,关于罕见病药品增值税政策的通知,财政部、海关总署、税务总局、药监局、税政司、税政司,EXCLUDE,—,,,,,,1048,True,False,
mof,c49aafd9f3954594990691edc59e9ac71e2d7523b22e6e1bc8ed6021224e2559,财税〔2019〕16号,关于继续实施文化体制改革中经营性文化事业单位转制为企业若干税收政策的通知,财政部、税务总局、中央宣传部、税政司、税政司,EXCLUDE,—,,,,,,4308,True,False,
mof,f9a361191f5dfef1b81ab1592e8d05de2a76cb9704fc711ab37ad4d546cf7e64,财税〔2019〕18号,关于国家综合性消防救援车辆车船税政策的通知,财政部、税务总局、税政司、税政司,EXCLUDE,—,,,,,,470,True,False,
mof,0b62e06758235a4d1a90faec1ff995ee5755562f3722040dd616468a093c88ec,财税〔2019〕17号,关于继续实施支持文化企业发展增值税政策的通知,财政部、税务总局、税政司、税政司,EXCLUDE,—,,,,,,1423,True,False,
mof,a0558951a5ed0ed16e291cb4e6203d70fdab29ca7df9bacfb4355540b164d5a4,财税〔2019〕21号,关于进一步扶持自主就业退役士兵创业就业有关税收政策的通知,财政部、税务总局、退役军人部、税政司、税政司,EXCLUDE,—,,,,,,4179,True,False,
mof,efab1d38daf7ff8fd469b2c6eb7a6848ff6e24f90cf39cee97509e600384138c,财税〔2019〕22号,关于进一步支持和促进重点群体创业就业有关税收政策的通知,财政部、税务总局、人力资源社会保障部、国务院扶贫办、税政司、税政司,EXCLUDE,—,,,,,,3527,True,False,
mof,681e4fcb50a0a626918898ab62e825ba862791be72c3ea646cfe2d6a9a7a54a7,财税〔2019〕20号,关于明确养老机构免征增值税等政策的通知,财政部、税务总局、税政司、税政司,INCLUDE,中,人身保险,,,,[body]…31 日，对企业集团内单位（含企业集团）之间的资金无偿借贷行为，免征增值税。 四、保险公司开办一年期以上返还性人身保险产品，按照以下规定执行： （一）保险公司开办一年期以上返还性人身保险产品，在保险监管部门出具备案回执或批复文件…,1910,True,True,RFN-4f65ef6fbb1ae140;RFN-4f65ef6fbb1ae140
mof,19b3f8b156406462bf6f8d0f4db01ff6aaad579f5dc5a87395cd5682609d9c3a,财库〔2019〕9号,关于调整优化节能产品、环境标志产品政府采购执行机制的通知,财政部、发展改革委、生态环境部、市场监管总局、国库司(政府采购管理办公室)、国库司(政府采购管理办公室),EXCLUDE,—,,,,,,2431,True,False,
mof,9817fe95bd7fdf2d3af9308bf68a12a60c714a0ae87ffe297868c24d66455d84,税委会〔2019〕8号,国务院关税税则委员会关于中国-智利自由贸易协定项下部分进口货物适用协定税率的通知,国务院关税税则委员会,EXCLUDE,—,,,,,,481,True,False,
mof,a2ec1fa489aad310506033b0677f5ba6c86a5b1faa993150f3cb184db41f7a0a,财税〔2019〕14号,关于高校学生公寓房产税 印花税政策的通知,财政部、税务总局、税政司、税政司,EXCLUDE,—,,,,,,779,True,False,
mof,4af11f5ad9e4942bea31712d1ec3319a9362f455a0cae48b59a31f4793e7aeeb,财建〔2019〕5号,关于《船舶报废拆解和船型标准化补助资金管理办法》的补充通知,财政部,EXCLUDE,—,,,,,,5371,True,False,
mof,3452e6af8487b19c77ee38d177a549ca704b1aef70b85f7045b9e4a32bec8e10,财会〔2019〕2号,关于印发《永续债相关会计处理的规定》的通知,财政部、会计司、会计司,EXCLUDE,—,,,,,,641,True,False,
mof,79c5badbb4e817d3373b2647fd6e5e80ce550a32f8ba97cb352d5b136d7ae60f,财库〔2019〕7号,关于2019年地方财政库款信息报送有关事项的通知,财政部,EXCLUDE,—,,,,,,2516,True,False,
mof,64a5a0cce2f664d0e250d640490237172059d7d8abd7efc7ae3ccae9da1d126c,财税〔2019〕6号,关于冬奥会和冬残奥会企业赞助有关增值税政策的通知,财政部、税务总局、税政司、税政司,EXCLUDE,—,,,,,,1294,True,False,
mof,285cde486d96c48680e28f01d9557e4eb13b46be6674b39733f68dbe4cc58e87,财税〔2019〕8号,关于创业投资企业个人合伙人所得税政策问题的通知,财政部、税务总局、发展改革委、证监会、税政司、税政司,EXCLUDE,—,,,,,,3905,True,False,
mof,6d31684fd47a9451ea589437e8ce8551308c7c572ac1a835b7c43a9a9ae49cb5,财税〔2019〕12号,关于继续实行农产品批发市场 农贸市场房产税城镇土地使用税优惠政策的通知,财政部、税务总局、税政司、税政司,EXCLUDE,—,,,,,,1410,True,False,
mof,abbcea117d74285f0e09f80905b5fe17a2dc9b48f75398b70dc24397bf883c96,财科教〔2019〕1号,关于印发《中央级新购大型科研仪器设备查重评议管理办法》的通知,财政部、科技部,EXCLUDE,—,,,,,,490,True,False,
mof,08ff3b86db837312d1bda75c51e35c3e954f6bb49201b9454d4f7eed9ef415f8,财库〔2019〕2号,关于中央预算单位政府集中采购目录及标准有关问题的通知,财政部,EXCLUDE,—,,,,,,493,True,False,
mof,e6a6ad6da3da8e4dafedc378202327f5487cce2384f8dcd0cfc22217ffae03b3,财关税〔2019〕1号,关于利比里亚共和国籍的应税船舶适用船舶吨税优惠税率的通知,财政部,EXCLUDE,—,,,,,,346,True,False,
nfra,abb0c0209a2c8504ad36413778c892a5084901191ba75438bf2de5a8ba35d946,中华人民共和国主席令第38号,中华人民共和国反洗钱法,法规司,BOUNDARY,低,人身保险,,,银行业,[body]…一条 客户由他人代理办理业务的，金融机构应当按照规定核实代理关系，识别并核实代理人的身份。 金融机构与客户订立人身保险、信托等合同，合同的受益人不是客户本人的，金融机构应当识别并核实受益人的身份。 第三十二条 金融机构依托第三方…,22820,True,True,RFN-8ea5ba2763e1a220
nfra,3807b4364bf2e20dc3d828b7d26c92a41e3861d218c3a52e20e4c419d0d37648,中华人民共和国国务院令第737号,防范和处置非法集资条例,法规部,BOUNDARY,低,,,保险产品|分支机构,,[body]…府应当明确防范和处置非法集资工作机制的牵头部门（以下简称处置非法集资牵头部门），有关部门以及国务院金融管理部门分支机构、派出机构等单位参加工作机制；乡镇人民政府应当明确牵头负责防范和处置非法集资工作的人员。上级地方人民政府应当督…,11856,True,True,RFN-6b37aa0d001c6f92;RFN-6b37aa0d001c6f92
nfra,763d00a858e507c572b42e264639911eaaef006f36fd2641cc9ec85dbfb91b64,,中华人民共和国商业银行法,法规部,EXCLUDE,中,,,分支机构,商业银行|银行业,[title]…中华人民共和国商业银行法 《中华人民共和国商业银行法》（1995年5月10日第八届全国人民代表大会常务委员会第十三次会议通过 根据2…,20512,True,False,
nfra,35b2c2025700ae582bff35a732dd052e84e2f45a1b0ab7b4a6a8d2c5b932428a,,中华人民共和国保险法,法规部,INCLUDE,中,人寿保险|人身保险|健康保险|养老保险,个人保险代理人|保险代理人|保险兼业代理,,保险公估|保险经纪|银行业,[body]…民共和国计量法〉等五部法律的决定》第三次修正） 目 录第一章 总则第二章 保险合同 第一节 一般规定 第二节 人身保险合同 第三节 财产保险合同第三章 保险公司第四章 保险经营规则第五章 保险代理人和保险经纪人第六章 保险业监督…,43372,True,True,RFN-ae0c66a57b03979f
nfra,6496183c8ab4b3557c43ac1d0cabab1d39293b04bf067cfa0ca2b996c02a2fdd,,中华人民共和国银行业监督管理法,法规部,EXCLUDE,中,,,分支机构,商业银行|金融资产|银行业|银行业金融机构,[title]…中华人民共和国银行业监督管理法 中华人民共和国银行业监督管理法（修正）（2003年12月27日第十届全国人民代表大会常务委员会第六…,12884,True,False,
nfra,5b78a493321d20235682694a2f034819c640894761cf5fe6778f367d48d1e73a,中华人民共和国主席令第50号,中华人民共和国信托法,法规部,EXCLUDE,—,,,,,,13603,True,False,
nfra,c1dcfb836b6c5cbea3f28fbfd3632053f72495e39dd25e58186706f8f12ac958,,中华人民共和国票据法,法规部,EXCLUDE,—,,,,,,18811,True,False,
nfra,a80df10ce7f362e820bdae749e73881193c9090b7eab67c30ea039537e17742a,中华人民共和国国务院令第478号,中华人民共和国外资银行管理条例,法规部,EXCLUDE,中,,,保险公司|分支机构,商业银行|银行业|银行业金融机构,[body]…定》第三次修订） 第一章 总 则第一条 为了适应对外开放和经济发展的需要，加强和完善对外资银行的监督管理，促进银行业的稳健运行，制定本条例。第二条 本条例所称外资银行，是指依照中华人民共和国有关法律、法规，经批准在中华人民共和…,18254,True,False,
nfra,2b1b822cab49e83fac920677b1d4443ae7bd2d04668a5c9f90c41c7b5d8370e0,中华人民共和国国务院令第336号,中华人民共和国外资保险公司管理条例,法规部,BOUNDARY,低,人寿保险|人身保险|健康保险,,,,[body]…务院保险监督管理机构批准。 设立外资保险公司的地区，由国务院保险监督管理机构按照有关规定确定。第六条 设立经营人身保险业务的外资保险公司和经营财产保险业务的外资保险公司，其设立形式、外资比例由国务院保险监督管理机构按照有关规定确…,10391,True,True,RFN-fc2ff18685a29783;RFN-fc2ff18685a29783
nfra,6f76259adac3d155c14e42863049f5ff481e6b3a0caa6ae376a88faccae6e24a,,机动车交通事故责任强制保险条例,法规部,EXCLUDE,中,,,保险公司|保险条款,,,11748,True,False,
nfra,2c2c42f217e65e5cebef6284b4b292ff983d42a22dc17702de858a66d05397e0,,农业保险条例,法规部,BOUNDARY,低,,,保险公司|保险机构|保险条款|偿付能力,,[body]…展，根据《中华人民共和国保险法》、《中华人民共和国农业法》等法律，制定本条例。第二条 本条例所称农业保险，是指保险机构根据农业保险合同，对被保险人在种植业、林业、畜牧业和渔业生产中因保险标的遭受约定的自然灾害、意外事故、疫病、疾…,8040,True,False,
nfra,70cb31e78bee6ce127b14d29c6ab65cfed1c9a97fc8c00c161eacabb54e34c85,中华人民共和国国务院令第683号,融资担保公司监督管理条例,法规部,BOUNDARY,低,,,分支机构,银行业|银行业金融机构,[body]…保公司合并、分立或者减少注册资本，应当经监督管理部门批准。融资担保公司在住所地所在省、自治区、直辖市范围内设立分支机构，变更名称，变更持有5%以上股权的股东或者变更董事、监事、高级管理人员，应当自分支机构设立之日起或者变更相关事…,11401,True,False,
nfra,9be86c96c0c1319e9c108b6e745ce21d24a9b94e47efa03eb3086c8b969386a3,中华人民共和国国务院令第297号,金融资产管理公司条例,法规部,EXCLUDE,中,,,分支机构,商业银行|金融资产,[title]…金融资产管理公司条例 金融资产管理公司条例 （2000年11月10日国务院令第297号发布） 目  录　　第一章　总则…,5706,True,False,
nfra,8e4a65bc2da934e4b9f4f8f48e011155679c433f1e3f3dc7a44b3ba15788e014,中华人民共和国国务院令第324号,金融机构撤销条例,法规部,EXCLUDE,中,,,分支机构,商业银行,[body]…及其分支机构营业许可证， 其高级管理人员、 董事会和股东大会必须立即停止行使职权。  第三章 撤销清算第八条 商业银行依法被撤销的， 由中国人民银行组织成立清算组； 非银行金融机构依法被撤销的， 由中国人民银行或者中国人民银行委…,8423,True,False,
nfra,ceb53281152fa912e0fe7c0aeacda4a3f22041b90de20bcbd4675d258572bc5a,,储蓄管理条例,法规部,BOUNDARY,低,,,分支机构,,[body]…息的活动。 任何单位和个人不得将公款以个人名义转为储蓄存款。 第四条 本条例所称储蓄机构是指经中国人民银行或其分支机构批准，各银行、信用合作社办理储蓄业务的机构，以及邮政企业依法办理储蓄业务的机构。 第五条 国家保护个人合法储蓄…,6647,True,False,
nfra,d6cef4bba7e0a808b2e4a148883589311cc8ab877c2fbe8a3e98856003b8a389,中华人民共和国国务院令第260号,金融违法行为处罚办法,法规部,EXCLUDE,中,,,分支机构,商业银行,[body]…理人员，给予撤职直至开除的纪律处分；构成签订、履行合同失职被骗罪或者其他罪的，依法追究刑事责任。 第二十六条 商业银行不得为证券、期货交易资金清算透支或者为新股申购透支。 商业银行为证券、期货交易资金清算透支或者为新股申购透支的…,12693,True,False,
nfra,ecae7c2d51f90adaa6667c6ea967ca31e45444e8d358ba38b7de8a2625fbb17d,中华人民共和国国务院令第282号,国有重点金融机构监事会暂行条例,法规部,EXCLUDE,中,,,保险公司,商业银行|证券公司|金融资产,[meta]…令第282号发布）第一条　为了健全国有重点金融机构监督机制，加强对国有重点金融机构的监督，根据《中华人民共和国商业银行法》、《中华人民共和国保险法》等有关法律的规定，制定本条例。第二条　本条例所称国有重点金融机构，是指国务院派出…,6426,True,False,
nfra,f5c9a4f7f396284ed698b2872c5030fdca8d3d3c4b0416fa7b1adbee82640718,,全国人民代表大会常务委员会关于中国银行业监督管理委员会履行原由中国人民银行履行的监督管理职责的决定,法规部,EXCLUDE,中,,,,商业银行|金融资产|银行业,[title]…全国人民代表大会常务委员会关于中国银行业监督管理委员会履行原由中国人民银行履行的监督管理职责的决定 （2003年4月26日第十届全国人民代表大会常务委…,945,True,False,
nfra,1401e629f58112122f7c0175aa0b03c0e4defd69f6fc7f4f9d46316a00d96acb,金规〔2026〕4号,国家金融监督管理总局关于印发《商品住房开发贷款管理办法（试行）》的通知,统计与风险监测司,EXCLUDE,中,,,分支机构,商业银行|银行业|银行业金融机构,[body]…融监管分局与地方法人银行机构、外国银行分行） 商品住房开发贷款管理办法（试行） 第一章 总 则 第一条 为规范银行业金融机构商品住房开发贷款业务经营行为，加强商品住房开发贷款审慎经营管理，满足商品住房开发项目合理融资需求，支持构建房地…,6876,True,False,
nfra,10ffd4cd3d9f6d72c931ffdf71b0e2809cedd92837147c04f5533eccaf2dbae5,金规〔2026〕5号,国家金融监督管理总局 中国人民银行关于印发《个人住房贷款管理办法（试行）》的通知,大型银行监管司,EXCLUDE,中,,,,商业银行|银行业|银行业金融机构,[body]…国家金融监督管理总局 中国人民银行 2026年8月28日（此件发至金融监管分局，中国人民银行地市分行，地方法人银行业金融机构，外国银行分行）个人住房贷款管理办法（试行） 第一章 总 则 第一条 为规范个人住房贷款业务，加强个人住房贷款…,8714,True,False,
nfra,82a894b53b771708269f8d2be0f33c5848bb8a686aba7c5b63d184b874de7f2d,金规〔2026〕6号,国家金融监督管理总局关于印发《商业地产贷款管理办法（试行）》的通知,法规司,EXCLUDE,中,,,,商业银行|银行业|银行业金融机构,[body]…发至金融监管分局与地方法人银行机构、外国银行分行）商业地产贷款管理办法（试行） 第一章 总 则 第一条 为规范银行业金融机构开展商业地产贷款业务，有效防范化解风险，支持构建房地产发展新模式，根据《中华人民共和国银行业监督管理法》《中华…,8464,True,False,
nfra,1ea6eaff82d35421f8ccda6c98e02f64837f06239cd41b585d15888b33bd859f,金规〔2026〕8号,国家金融监督管理总局关于印发《信托公司开展房地产领域信托业务管理办法（试行）》的通知,资管机构监管司,EXCLUDE,中,,,,信托公司|商业银行|金融资产|银行业|银行业金融机构,[title]…国家金融监督管理总局关于印发《信托公司开展房地产领域信托业务管理办法（试行）》的通知 000001各金融监管局：现将《信托公司开展房地产领域信托业务…,21978,True,False,
nfra,4f8b76cadb844c3b2b45f61caf09e4b6b44cbedd15e927e330692e6e6689913f,金规〔2026〕7号,金融监管总局 住房城乡建设部关于印发《城市更新项目贷款管理办法（试行）》的通知,统计与风险监测司,EXCLUDE,中,,,,商业银行,[body]…》（以下简称《意见》）和相关法律法规，制定本办法。第二条 本办法所称贷款人，是指在中华人民共和国境内依法设立的商业银行、农村合作银行、农村信用合作社等吸收公众存款的金融机构。第三条 本办法所称城市更新项目贷款，是指贷款人发放的，…,5593,True,False,
nfra,0978b9c47507c5d9196a6522d9807452a23879453705463506e7dd3e40d77f3d,财会〔2026〕12号,财政部 金融监管总局关于印发《会计师事务所职业责任保险实施办法》的通知,财产保险监管司（再保险监管司）,EXCLUDE,中,,,保单|保险产品|保险公司|保险条款|偿付能力,财产保险公司,[meta]…省、自治区、直辖市财政厅（局），深圳市财政局，新疆生产建设兵团财政局，金融监管总局各监管局，各会计师事务所，各财产保险公司：为进一步规范发展会计师事务所职业责任保险，保障委托人和其他利害关系人的合法权益，提升会计师事务所职业责任风险…,6497,True,False,
nfra,f122331550c2a6673cc24bf48a3e52c992f3e1aaede2fb00acda2ebaa9ab6d5c,金规〔2026〕3号,国家金融监督管理总局关于实施《保险公司资产负债管理办法》有关事项的通知,法规司,BOUNDARY,低,人身保险公司,,,财产保险公司,[body]…2019〕98号）同时废止。 附件：1.保险公司资产负债管理报告内容和要求2.财产保险公司资产负债管理报表3.人身保险公司资产负债管理报表4.保险公司资产负债管理能力评估表5.保险资产负债管理指标压力情景6.保险资产负债管理指标转换…,3001,True,False,
nfra,1b979c4538577f4bf08c88f608054d41a292e97348ae8d608052451d69fc7d2b,国家金融监督管理总局令〔2026〕4号,保险公司资产负债管理办法,法规司,INCLUDE,中,人身保险公司,,,财产保险公司,[meta]…，制定本办法。第二条  本办法所称保险公司是指中国境内依法设立的经营保险业务的商业保险公司，包括财产保险公司和人身保险公司。 法规司    保险公司资产负债管理办法第一章 总则 第一条 为防范保险资产负债错配风险，提升保险公司资产负…,14940,True,False,
nfra,d3dfb6d42f710f3db0c684bc6a2b56b1df2ee55bd697b6118ea6ad41f28de977,金办发〔2026〕67号,国家金融监督管理总局办公厅 民政部办公厅 司法部办公厅关于推广浙江省、青岛市已故人士金融账户查询服务试点经验的通知,金融消费者权益保护局,BOUNDARY,低,,,保险公司|保险机构|保险资产管理,金融资产,[meta]…兵团民政局、司法局，各政策性银行、大型银行、股份制银行、外资银行、直销银行、理财公司，各保险集团（控股）公司、保险公司、保险资产管理公司、养老金管理公司，各金融控股公司：为深入贯彻落实国务院关于推进政务服务“高效办成一件事”的决…,4239,True,False,
nfra,1f31dd5df2a285421b249458af8a6c7dcd1cd2e5723ded4cc9305c8831d4e2c6,金办发〔2026〕68号,国家金融监督管理总局办公厅关于印发《非车险综合治理行动方案》的通知,财产保险监管司（再保险监管司）,EXCLUDE,中,,,保单|保险产品|保险公司|保险机构|保险条款,保险中介机构|财产保险公司,[meta]…金融监督管理总局办公厅关于印发《非车险综合治理行动方案》的通知 国家金融监督管理总局办公厅文件各金融监管局，各财产保险公司、各保险中介机构，保险业协会、精算师协会、银保信公司、上海保交所：经金融监管总局同意，现将《非车险综合治理行动…,5658,True,False,
nfra,3f21b603ca175014a1030637c087813c7392edb8372f824478357b881919e76c,金发〔2026〕4号,金融监管总局 中国人民银行 中国证监会 财政部关于健全金融机构治理的实施意见,公司治理监管司,EXCLUDE,—,,,,,,8437,True,False,
nfra,889a2ab7f62fbc591e839e34581d1401c6b778a9ec0f4b21cc8a2fd7b642121d,国家金融监督管理总局令〔2026〕3号,国家金融监督管理总局关于严重失信主体名单管理的规定（试行）,金融消费者权益保护局,EXCLUDE,中,,,保险公司|保险资产管理,保险经纪|信托公司|商业银行|金融资产|银行业,[meta]…金融监督管理总局及其派出机构开展严重失信主体名单管理工作，强化信用监管，维护金融市场秩序，依据《中华人民共和国银行业监督管理法》《中华人民共和国商业银行法》《中华人民共和国保险法》等有关法律法规，制定本规定。 金融消费者权益保…,6823,True,False,
nfra,335e5cfeab020b5c3e4bf53c7156b0b31aa5bbc43b312b4dbe62850acbaaf3ff,金发〔2026〕7号,国家金融监督管理总局 上海市人民政府关于印发《加快上海国际再保险中心建设的若干措施》的通知,财产保险监管司（再保险监管司）,EXCLUDE,中,,,保险公司|保险机构|偿付能力,保险经纪|保险经纪公司|再保险公司,[meta]…金融监管局，上海市各区人民政府和市政府有关委、办、局，上海临港新片区管委会，各保险集团（控股）公司、保险公司、再保险公司、保险经纪公司，保险业协会、上海保交所：现将《加快上海国际再保险中心建设的若干措施》印发给你们，请认真贯彻执行…,3444,True,False,
nfra,910bfac9e13a4ea02d9e48f38291693f8f781d582e28461770e72b2bcdf3382b,金发〔2026〕8号,国家金融监督管理总局关于银行业保险业人工智能安全开发应用的指导意见,科技监管司,BOUNDARY,低,,,保险公司|保险机构|保险资产管理,金融资产|银行业,[meta]…金融监管局，各政策性银行、大型银行、股份制银行、外资银行、金融资产管理公司、理财公司，各保险集团（控股）公司、保险公司、保险资产管理公司，各金融控股公司，各总局管理单位：各金融监管局，各政策性银行、大型银行、股份制银行、外资银行…,11677,True,True,RFN-3144793e0cf8551b;RFN-3144793e0cf8551b
nfra,0fd5c32774d0acf8856e17da82b7259bd39bc175682c986c66d05666f2bcaffd,,国家金融监督管理总局2026年规章制定工作计划,法规司,BOUNDARY,低,,,保险公司|保险机构|保险资金|偿付能力,金融资产|银行业,[meta]…监督管理总局2026年规章制定工作计划 国家金融监督管理总局2026年规章制定一、拟出台的规章序号项目类型1《保险公司资产负债管理办法》制定2《国家金融监督管理总局派出机构监管职责规定》修订3《国家金融监督管理总局非现场监管暂行…,1057,True,False,
nfra,24321c8d3fdfe2a97bfc79926830bfdd4992b8c4da449c64b72bc002ed29fd64,,中国人民银行 工业和信息化部 市场监管总局 金融监管总局 中国证监会 国家知识产权局 国家网信办 国家外汇局公告〔2026〕第9号,金融消费者权益保护局,BOUNDARY,低,,,保险产品|分支机构,银行业,[body]…域客户提供。有经营区域限制的金融机构应当按照金融管理部门制定的标准对客户所在区域进行识别审核，面向注册地及设有分支机构区域的客户提供金融产品。第三方互联网平台为金融产品网络营销提供服务应当接受金融机构依法委托，符合金融管理部门相…,14702,True,False,
nfra,bea6e88864099076837de1dbcdc35c72422aefbf89edeba99de9e3361f6f8ea6,金规〔2026〕1号,国家金融监督管理总局关于印发《理财公司监管评级暂行办法》的通知,资管机构监管司,EXCLUDE,中,,,,商业银行|银行业,[meta]…国家金融监督管理总局关于印发《理财公司监管评级暂行办法》的通知 商业银行监管评级办法（试行）各金融监管局，各理财公司，理财登记中心：现将《理财公司监管评级暂行办法》印发给你们，请遵照…,6520,True,False,
nfra,bea57c80288606924b3c074869a52d0a6474d046d84c4a9fffb007fe4b75f463,金规〔2026〕2号,国家金融监督管理总局    中国人民银行  公告,办公厅,EXCLUDE,中,,,分支机构,信托公司|商业银行,[body]…人，依法依规追责问责并采取相应监管措施，同时会同相关部门严厉打击贷款领域非法中介活动。九、本规定所称贷款人是指商业银行、农村合作银行、农村信用合作社、汽车金融公司、消费金融公司、企业集团财务公司、信托公司、小额贷款公司等金融机构…,3397,True,False,
nfra,795065fb5623e8914b645df10006e42b6129b0b45bb835bcc8fc0352b540afc1,金发〔2026〕3号,金融监管总局 财政部 农业农村部关于加强协作促进生猪保险高质量发展的通知,财产保险监管司（再保险监管司）,EXCLUDE,中,,,保险产品|保险公司|保险理赔,再保险公司|财产保险公司,[meta]…市、计划单列市财政厅（局）、农业农村（农牧）、畜牧兽医厅（局、委），新疆生产建设兵团财政局、农业农村局，各相关财产保险公司，农业再保险公司、银保信公司、保险业协会、精算师协会、上海保交所：金发〔2026〕3号 各金融监管局，各省、自…,4876,True,False,
nfra,e4c0ad8987c5362a10620bfe02f832de3783c68ae8a33922b03623859f70f30c,,科技部 金融监管总局 工业和信息化部 国家知识产权局印发《关于加快推动科技保险高质量发展 有力支撑高水平科技自立自强的若干意见》的通知,财产保险监管司（再保险监管司）,EXCLUDE,中,,,保险产品|保险公司|保险机构|保险消费者|保险理赔|保险资产管理|保险资金|偿付能力,再保险公司|银行业,[meta]…；各省、自治区、直辖市、计划单列市及新疆生产建设兵团工业和信息化主管部门、知识产权局；保险业协会、精算师协会、银行业协会，银保信公司、上海保交所，各保险集团（控股）公司、保险公司、再保险公司、保险资产管理公司、各金融租赁公司：…,10430,True,True,RFN-fd23ced41244be9d
nfra,85fdd151f533e7ecc14dc9cf21e8c28be29a29dd9925ee78aefcb6b5ae02d889,金发〔2026〕2号,金融监管总局 财政部 农业农村部 中国人民银行关于做好帮扶小额信贷工作的通知,普惠金融司,BOUNDARY,低,,,分支机构,,[body]…结合实际制定。 五、切实抓好工作落实（一）强化组织领导。各级金融监管部门、财政部门、农业农村部门、中国人民银行分支机构要进一步提高思想认识，强化政治担当，加大工作统筹、政策协调和信息共享力度，充分发挥工作合力。（二）做好政策衔接…,6016,True,False,
nfra,a68adce2aaf94fb2c707bdd1e1d38eb4347c7f23fa612845506fc272a39b2c06,发改低空〔2026〕123号,国家发展改革委 金融监管总局 中国民航局关于推动低空保险高质量发展的实施意见,财产保险监管司（再保险监管司）,BOUNDARY,低,,,保险产品|保险公司|保险机构,,[body]…体系， 更好服务低空经济安全健康发展。 到 2027 年， 无人驾驶航空器责任保险强制投保制度初步建立， 低空保险产品不断丰富， 更好满足各类应用场景保障需求； 到 2030 年， 低空保险政策框架基本形成， 对低空经济安全健康…,5935,True,False,
nfra,eae4fda8146763a95b81e711d645b90d492fb2c88903c17b82e2ae91614b4dd1,国家金融监督管理总局令〔2026〕2号,银行保险机构许可证管理办法,金融机构准入司,BOUNDARY,低,人身保险公司,保险兼业代理,,保险中介机构|保险经纪|信托公司|再保险公司|商业银行|财产保险公司|金融资产|银行业,[body]…业银行、城市商业银行、民营银行、直销银行、外资银行、农村中小银行等银行机构及其分支机构，保险集团（控股）公司、人身保险公司、财产保险公司、再保险公司、保险资产管理公司、政策性保险公司、相互保险组织等保险机构及其分支机构，金融资产管理…,9336,True,True,RFN-fb86913deb7eb8db;RFN-fb86913deb7eb8db
nfra,05156ec3e76309f419468119a496117b76d61097f2351b1e6e6c114275c1404e,,商务部等9单位关于印发《2026“乐购新春”春节特别活动方案》的通知,政策研究司,EXCLUDE,—,,,,,,5770,True,False,
nfra,d4be385c57b81cbc105c865f5408af8ec4147db071c523067b52bc386c205ec3,交运发〔2026〕4号,交通运输部 工业和信息化部 商务部 国务院国有资产监督管理委员会 国家金融监督管理总局 国家铁路局 中国民用航空局 国家邮政局关于印发《加快培育交通物流领军企业 提升产业链供应链服务保障能力行动方案》的通知,政策研究司,BOUNDARY,低,,,保险产品,,[body]…服务。加强物流供应链企业与金融机构数据共享、交叉互验，支持金融机构提高供应链金融服务水平。鼓励金融机构优化完善保险产品，为交通物流企业拓展国际市场提供保险服务。交通运输部会同工业和信息化部、商务部、国务院国有资产监督管理委员会、…,4851,True,False,
nfra,a29ea3beba14095751797da854ab87d651f11e8f9fb5fe3dff6ce8da97520778,国家金融监督管理总局令〔2026〕1号,国家金融监督管理总局行政许可实施程序规定,金融机构准入司,EXCLUDE,中,,,,银行业,[meta]…为，明确行政许可程序，提高行政许可效率，保护申请人的合法权益，根据《中华人民共和国行政许可法》《中华人民共和国银行业监督管理法》《中华人民共和国保险法》等法律及行政法规，制定本规定。第二条  国家金融监督管理总局及其派出机构实…,12587,True,False,
nfra,9658e6364ad159e0e84554e3fa263ba5a13453930abf2031d7149e7a5f287bbe,财金〔2026〕2号,财政部 国家发展改革委 中国人民银行 金融监管总局关于优化实施设备更新贷款财政贴息政策的通知,政策研究司,BOUNDARY,低,,,分支机构,,[body]…政部门提出2026年全年贴息资金需求申请，省级财政部门收到申请后10个工作日内向省行预拨贴息资金。省行按月汇总分支机构贴息资金申请并向省级财政部门提交申请及证明材料。省级财政部门要会同相关部门建立联审工作机制，集中组织相关部门开…,4491,True,False,
nfra,498c403e262f33fde17c22411af14f6e79c310fe1948900a92ee4352b317af1d,银发〔2025〕132号,财政部 商务部 中国人民银行 金融监管总局关于优化实施服务业经营主体贷款贴息政策的通知,政策研究司,EXCLUDE,中,,,,商业银行,[body]…丰银行股份有限公司、浙商银行股份有限公司、渤海银行股份有限公司等21家全国性银行，金融监管评级3A及以上的城市商业银行、省级农村商业银行、省会城市农村商业银行、外资银行。 五、优化工作机制。省级财政部门在现有工作机制基础上进一步…,5470,True,False,
nfra,e19b83814ebe41f3fb24ebf8151b8d5b02f4d7ca4c9d0428802ec44c077330b2,财金〔2026〕1号,财政部 中国人民银行 金融监管总局关于优化实施个人消费贷款财政贴息政策有关事项的通知,政策研究司,EXCLUDE,中,,,分支机构,商业银行,[body]…。 六、增加经办机构。各省级财政部门会同当地相关部门制定属地个人消费贷款贴息政策，将监管评级在3A及以上的城市商业银行、农村合作金融机构、外资银行、消费金融公司、汽车金融公司等纳入属地贴息政策经办机构范围，扩大政策覆盖面。中央财…,3970,True,False,
nfra,eea0365f98f58adf2c59cfef1e3c5e549d35039e9a25f875820d13fd342ce6d2,财金〔2026〕4号,财政部 国家发展改革委 工业和信息化部 中国人民银行 金融监管总局关于实施中小微企业贷款贴息政策的通知,普惠金融司,EXCLUDE,中,,,,商业银行,[body]…丰银行股份有限公司、浙商银行股份有限公司、渤海银行股份有限公司等21家全国性银行，金融监管评级3A及以上的城市商业银行、省级农村商业银行、省会城市农村商业银行、外资银行。（五）工作机制。财政部门与银行对接实行“总对总”模式。国家…,5629,True,False,
nfra,2a375ba8a5b48a46b7e513aac21bea568597444aa9b25d2e69ab3dd044424ed0,财金〔2026〕6号,财政部 工业和信息化部 中国人民银行 金融监管总局关于实施民间投资专项担保计划的通知,普惠金融司,EXCLUDE,—,,,,,,4082,True,False,
nfra,b8b05c85ff7a827683b2d9e9a5e5a707d231c328f7847ee6dd0181933cae7dd4,金规〔2025〕27号,国家金融监督管理总局关于印发《商业银行并购贷款管理办法》的通知,法规司,EXCLUDE,中,,,,商业银行|银行业,[title]…国家金融监督管理总局关于印发《商业银行并购贷款管理办法》的通知 金规〔2025〕××号各金融监管局，各政策性银行、大型银行、股份制银行、外资银行：现…,9361,True,False,
nfra,cbfd891b8b4c5db9397912f817312ce32152da6cb3105127576b5ff263ab339c,金规〔2025〕26号,国家金融监督管理总局关于部分规范性文件废止和宣布失效的通知,法规司,EXCLUDE,中,,,保险公司|保险机构|保险资产管理,商业银行|财产保险公司|金融资产|银行业|银行业金融机构,[meta]…关于部分规范性文件废止和宣布失效的通知 各金融监管局，各政策性银行、大型银行、股份制银行、外资银行、直销银行、金融资产管理公司、金融资产投资公司、理财公司，各保险集团（控股）公司、保险公司、保险资产管理公司，各金融控股公司，各总…,5826,True,True,RFN-cd2607bcb3975e8c
nfra,95a65b48acd59f6cf289548b3699cde6670f5473ade92f7afab602ba5b688606,金办发〔2025〕95号,国家金融监督管理总局办公厅关于印发《银行业保险业数字金融高质量发展实施方案》的通知,科技监管司,BOUNDARY,低,,,保险公司|保险资产管理|分支机构,金融资产|银行业,[meta]…型银行、股份制银行、外资银行、直销银行、金融资产管理公司、金融资产投资公司、理财公司，各保险集团（控股）公司、保险公司、保险资产管理公司、养老金管理公司：现将《银行业保险业数字金融高质量发展实施方案》印发给你们，请加强组织实施，…,13335,True,True,RFN-056f840f7fddf0fe;RFN-056f840f7fddf0fe
nfra,7ab26ca43e18be3da0f255942aefb82220e2cae4f437029509ae6c3054b2a8d6,国家金融监督管理总局令〔2025〕10号,银行保险机构资产管理产品信息披露管理办法,资管机构监管司,EXCLUDE,中,,,保险机构|保险资产管理,信托公司|商业银行|银行业,[meta]…总  则第一条  为了规范资产管理产品信息披露行为，保护资产管理产品投资者的合法权益，根据《中华人民共和国银行业监督管理法》《中华人民共和国商业银行法》《中华人民共和国信托法》《中华人民共和国保险法》等法律法规，以及《关于…,16606,True,True,RFN-0d3ddbb0d94865cf;RFN-0d3ddbb0d94865cf
nfra,2286d18deb8d5d7721b7dfd3ae14ded2a2419ecefcfe90e9a60f29861ae51190,,商业银行托管业务监督管理办法（试行）,法规司,BOUNDARY,低,养老保险,,,商业银行|银行业,[body]…前述金融产品是指各类资产管理产品以及国务院金融管理部门认可的其他金融产品；专项资金是指来源于社会保障基金、基本养老保险基金、企业年金、职业年金、保险公司的资金等。第四条 商业银行所托管产品持有的财产（以下简称托管产品财产），包括…,13201,True,False,
nfra,4bdb1f20ce8c3b0630a498f22df060a70b088326104ccc651457fdf3ba2cf9dd,金规〔2025〕25号,国家金融监督管理总局关于印发《金融租赁公司融资租赁业务管理办法》的通知,非银机构监管司,EXCLUDE,中,,,,商业银行|金融资产|银行业,[body]…总则 第一条 为规范金融租赁公司融资租赁业务经营行为，防范经营风险，促进行业高质量发展，依据《中华人民共和国银行业监督管理法》《金融租赁公司管理办法》等法律法规和规章，制定本办法。第二条 本办法所称金融租赁公司，是指经国家金…,17197,True,False,
nfra,fb4b6bf66994258d92bec4162614adfeb237261d12e4ad0424e688519cdf45aa,金规〔2025〕24号,国家金融监督管理总局关于调整保险公司相关业务风险因子的通知,法规司,BOUNDARY,低,,,保险公司|偿付能力,,[title]…国家金融监督管理总局关于调整保险公司相关业务风险因子的通知 国家金融监督管理总局文件各金融监管局，各保险集团（控股）公司、保险公司：经研究，现就保…,1317,True,True,RFN-db44d241271e6fe2;RFN-db44d241271e6fe2
nfra,6edaf32ca38a60ba2c5de4ef0e612b110f152e22f0d55ca6ae181cc9d4be216d,金规〔2025〕2号,国家金融监督管理总局关于印发《政策性金融机构行政许可工作规程》的通知,金融机构准入司,EXCLUDE,中,,,保险公司|保险公司分支机构|保险条款|保险资金|偿付能力|分支机构,商业银行|银行业,[body]…程 第一章 总 则 第一条 为进一步规范政策性金融机构行政许可工作，维护金融机构合法权益，根据《中华人民共和国银行业监督管理法》《中华人民共和国商业银行法》《中华人民共和国保险法》《中华人民共和国行政许可法》等法律、行政法规及…,53366,True,False,
nfra,a514d5d7565fceb49159239bfbe9275b270fb2a483caa0aaf6f42bdc1c9f33e0,金规〔2025〕23号,国家金融监督管理总局关于授权调整部分行政许可及报告事项监管层级的通知,金融机构准入司,INCLUDE,中,,保险兼业代理,保险公司分支机构|保险机构|分支机构,商业银行,[body]…在现有营业场所同一地址范围内增加或减少使用面积，支公司、营业部经理，营销服务部主要负责人任职等事项；（四）辖内保险兼业代理机构名称、住所或营业场所变更，保险兼业代理法人机构授权分支机构代理保险业务，保险兼业代理法人机构变更对分支机构…,2829,True,False,
nfra,ea5ce06137cbfe11e0b02381c9f7dabe8aa5f0c6c507b1816d86e47792109510,金办发〔2025〕83号,国家金融监督管理总局办公厅关于促进养老理财业务持续健康发展的通知,资管机构监管司,EXCLUDE,中,,,保险资产管理,信托公司|证券公司|银行业,[meta]…国家金融监督管理总局办公厅关于促进养老理财业务持续健康发展的通知 各金融监管局，各理财公司及其控股股东，银行业理财登记托管中心：为深入贯彻党的二十大和二十届历次全会精神，落实中央经济工作会议和中央金融工作会议决策部署，按…,5446,True,False,
nfra,ef117d7446b3210f7537689f281f96c1bac5808f52e5c9e3d3e6231d21d2e7b3,金规〔2025〕22号,国家金融监督管理总局关于部分规范性文件废止和宣布失效的通知,法规司,BOUNDARY,低,人身保险公司,,,商业银行|金融资产|银行业|银行业金融机构,[body]…关于印发《关于加强反保险欺诈工作的指导意见》的通知保监发〔2012〕69号37中国保险监督管理委员会关于印发《人身保险公司风险排查管理规定》的通知保监发〔2013〕48号38中国保险监督管理委员会办公厅关于跨境人民币结算再保险业务有…,6169,True,True,RFN-cd2607bcb3975e8c;RFN-cd2607bcb3975e8c
nfra,5228ead552b23cd8f5e7eab5b89c2a9fd1dfc2791dc02a6862b89ad78b5cb83c,金规〔2025〕21号,国家金融监督管理总局关于做好《中国人身保险业经验生命表（2025）》发布使用有关事项的通知,人身保险监管司,INCLUDE,高,人身保险|人身保险公司|健康保险|寿险,,,,[title]…国家金融监督管理总局关于做好《中国人身保险业经验生命表（2025）》发布使用有关事项的通知 各金融监管局，精算师协会，各人身保险公司：中国人身保险业经验…,3065,True,True,RFN-fc60da092a912689;RFN-fc60da092a912689
nfra,8a8be8e8040a5c10daec5e35f2022590b30de60f1068c72821bb4c6131324c7f,金规〔2025〕19号,国家金融监督管理总局关于境内保险公司在香港市场发行有关保险连接证券事项的通知,财产保险监管司（再保险监管司）,EXCLUDE,中,,,保险公司|偿付能力,再保险公司|财产保险公司,[meta]…国家金融监督管理总局关于境内保险公司在香港市场发行有关保险连接证券事项的通知 各财产保险公司、再保险公司：各财产保险公司、再保险公司：根据《中华人民共和国保险法》《再保险业务管理规定》等法律法规，为丰富…,1427,True,False,
nfra,da39798c6de6dae680cd71e8743b4d2ec3217f445841ad25556c24c1f4d8535d,金发〔2025〕36号,国家金融监督管理总局关于加强非车险业务监管有关事项的通知,财产保险监管司（再保险监管司）,EXCLUDE,中,,,保单|保险产品|保险公司|保险机构|保险条款|保险消费者|保险销售,保险中介机构|财产保险公司,[meta]…国家金融监督管理总局关于加强非车险业务监管有关事项的通知 各金融监管局，各财产保险公司，各保险中介机构，银保信公司、上海保交所、保险业协会、精算师协会：各金融监管局，各财产保险公司，各保险中介机构…,4421,True,False,
nfra,1cdf1c272dc1cabc9e872760ceace983f6a54e8394275c5a37aee9f10dc0cb01,金发〔2025〕34号,国家金融监督管理总局关于推动健康保险高质量发展的指导意见,人身保险监管司,INCLUDE,中,人寿保险|人身保险|健康保险,,,,[meta]…保险业高质量发展的若干意见》精神，进一步强监管防风险，以健康保险高质量发展服务健康中国战略，现提出以下意见。 人身保险监管司    中国银监会办公厅会议通知各金融监管局，银保信公司、保险业协会、精算师协会，各保险公司：为贯彻落实…,5345,True,True,RFN-56ff2bec4ac3836c;RFN-56ff2bec4ac3836c
nfra,58b35723819d1ae4d0651664a9e34845284ffab08b45427b9206adfb7d650469,国家金融监督管理总局令〔2025〕8号,信托公司管理办法,资管机构监管司,EXCLUDE,中,,,分支机构,信托公司|商业银行|银行业,[title]…信托公司管理办法 第一章　总则 第一条  为了规范信托公司经营行为，加强信托公司监管，防范风险，保护信托当事人合法权益…,26551,True,False,
nfra,31dbd47c84e1041bc87b583b1a108c9cded9bc4448f1aef13917a2f3bdeb04f6,金规〔2025〕20号,国家金融监督管理总局关于印发《金融机构消费者权益保护监管评价办法》的通知,金融消费者权益保护局,EXCLUDE,中,,,保险公司|保险机构|保险资产管理|分支机构,再保险公司|商业银行|金融资产|银行业,[meta]…2025〕20号金规〔2025〕20号 各金融监管局，各政策性银行、大型银行、股份制银行、外资银行、直销银行、金融资产管理公司、金融资产投资公司、理财公司，各保险集团（控股）公司、保险公司、保险资产管理公司、养老金管理公司、保险…,11555,True,True,RFN-38304c4090cfd1fa;RFN-38304c4090cfd1fa
nfra,4fbd02faa1985c5283fb9492601c914f2cef1d317add2d9957ba2d58856fd8ed,金规〔2025〕18号,国家金融监督管理总局关于印发《保险公司资本保证金管理办法》的通知,法规司,EXCLUDE,中,,,保险公司|分支机构,商业银行,[body]…规定。第五条 保险公司应遵循“足额、安全、稳定”的原则提存资本保证金。 第六条 保险公司应当选择两家（含）以上商业银行作为资本保证金的存放银行。存放银行应符合以下条件：（一）上年末净资产不少于300亿元人民币；（二）上年末资本充…,4999,True,True,RFN-3f59c927761d781f;RFN-3f59c927761d781f
nfra,367c72a4f24540a03f6c09acef997b37935022970e781c2c356f67ffe50fe2a6,金规〔2025〕17号,国家金融监督管理总局关于部分规范性文件废止和宣布失效的通知,法规司,EXCLUDE,中,,,保险公司|保险机构|保险资产管理|偿付能力,信托公司|金融资产|银行业|银行业金融机构,[meta]…关于部分规范性文件废止和宣布失效的通知 各金融监管局，各政策性银行、大型银行、股份制银行、外资银行、直销银行、金融资产管理公司、金融资产投资公司、理财公司，各保险集团（控股）公司、保险公司、保险资产管理公司，各金融控股公司，各总…,6005,True,True,RFN-cd2607bcb3975e8c
nfra,14ced9ef8144d3af06924975c1aebb24eaaafc921a6ee6074ce9172c2af2cacd,金办发〔2025〕71号,国家金融监督管理总局办公厅印发《关于银行业保险业支持福建建设两岸融合发展示范区的若干措施》的通知,国际合作司（港澳台办公室）,EXCLUDE,中,,,保险公司|保险机构|保险资产管理|分支机构,信托公司|金融资产|银行业,[title]…国家金融监督管理总局办公厅印发《关于银行业保险业支持福建建设两岸融合发展示范区的若干措施》的通知 000001各金融监管局，各政策性银行、大型银行、股份…,4063,True,True,RFN-b56ccd1ba6ce6c7b;RFN-b56ccd1ba6ce6c7b
nfra,0f656b339b6f82a9146c336fc418943e7b1001adc312e9ef88d576ea6ff86c98,金办便函〔2025〕745号,国家金融监督管理总局办公厅关于推动城市商业医疗险高质量发展的通知,人身保险监管司,INCLUDE,中,人身保险|健康保险,,,,[meta]…护保险消费者合法权益，按照《健康保险管理办法》等规定，现就有关事项通知如下：一、厚植为民情怀，突出普惠定位。 人身保险监管司    各金融监管局，保险业协会，各保险公司：为贯彻落实《国务院关于加强监管防范风险推动保险业高质量发展…,4085,True,False,
nfra,9532541923a496982f6f8b7f486d2c0ae7f46e76eacb62c55ab714098568826b,金规〔2025〕16号,地方资产管理公司监督管理暂行办法,普惠金融司,EXCLUDE,中,,,,商业银行|证券公司|金融资产,[body]…级行政区域开展非金融不良资产收购业务的规模或者比例。第十条 地方资产管理公司可以收购下列资产：（一）金融机构（金融资产管理公司、金融资产投资公司除外）持有的以下资产：1.风险分类为次级、可疑、损失类的资产；2.符合《商业银行金融…,17013,True,False,
nfra,bd3a6c63d611783b2117b2d85ee09771020f471cfa94ac4b6b558e5779bab3c6,国家金融监督管理总局令〔2025〕7号,金融机构产品适当性管理办法,金融消费者权益保护局,BOUNDARY,低,人身保险,,,保险经纪|信托公司|商业银行|银行业|银行业金融机构,[body]…基于充分了解产品信息后的自主选择。第三十九条 金融机构销售分红型、万能型、投资连结型、变额型等保单利益不确定的人身保险产品，存在以下情况之一的，应当在取得投保人签名确认的投保声明后方可承保：（一）趸交保费超过投保人家庭年收入的四…,12527,True,True,RFN-62d36d708fef3329;RFN-62d36d708fef3329
nfra,a5b6ee5cc3c2b418b3c708c1e7f106274888d1c4b0767faa7b425b4898a7ec2d,金规〔2025〕15号,国家金融监督管理总局关于印发《商业银行市场风险管理办法》的通知,法规司,EXCLUDE,中,,,分支机构,信托公司|商业银行|金融资产|银行业,[title]…国家金融监督管理总局关于印发《商业银行市场风险管理办法》的通知 国家金融监督管理总局文件各金融监管局，各政策性银行、大型银行、股份制银行、外资银行、…,18033,True,False,
nfra,eabc3c19f7cda54b1360bf3cf5ed97801af0caecb2d485f7151aa08ec3b4e2c6,国家金融监督管理总局令〔2025〕5号,国家金融监督管理总局关于废止部分规章的决定,法规司,EXCLUDE,中,,,,商业银行|银行业,[meta]…定废止以下四部规章：为维护监管制度体系统一、提升监管工作质效，国家金融监督管理总局决定废止以下四部规章：一、《商业银行市场风险管理指引》（中国银行业监督管理委员会令2004年第10号）。二、《中国银行业监督管理委员会法律工作规定…,869,True,False,
nfra,59bc3a00d52fef59dabe6886ee89e73d8329db7b8508142ae51504719e42c29d,国家金融监督管理总局令〔2025〕6号,货币经纪公司管理办法,非银机构监管司,EXCLUDE,中,,,,金融资产|银行业,[meta]…币经纪公司的监督管理，规范经纪行为，防范金融风险，促进高质量发展，根据《中华人民共和国公司法》《中华人民共和国银行业监督管理法》《中华人民共和国中国人民银行法》《中华人民共和国证券法》《中华人民共和国外汇管理条例》等法律法规，…,14326,True,False,
nfra,85b2549fc715432de188e93ec47ccd7826578f4b856169a02b470877ee8e2713,国家金融监督管理总局令〔2025〕4号,国家金融监督管理总局关于修改部分规章的决定,公司治理监管司,EXCLUDE,中,,,保险公司|保险机构|保险资产管理|保险资金|分支机构,信托公司|商业银行|基金管理公司|金融资产|银行业,[meta]…决定 为做好有关监管制度与《中华人民共和国公司法》的衔接，国家金融监督管理总局决定对部分规章进行修改：一、在《信托公司管理办法》第四十三条增加一款，作为第二款：“信托公司按照公司章程规定，在董事会中设置由董事组成的审计委员会行使…,64919,True,True,RFN-411be32ea04122d2;RFN-411be32ea04122d2
nfra,305d854b8f90e65ebd581ea7db60595048d7f1c745d4c3228981b0f7ff847256,国办发〔2021〕30号,财政部 金融监管总局关于加快推动银行函证数字化发展的通知,法规司,EXCLUDE,中,,,,银行业|银行业金融机构,[meta]…圳市财政局，新疆生产建设兵团财政局，各金融监管局，中国注册会计师协会，各省、自治区、直辖市注册会计师协会，中国银行业协会，各省、自治区、直辖市银行业协会（公会），各政策性银行、大型银行、股份制银行、外资银行、企业集团财务公司，…,4416,True,False,
nfra,53433333c302801905b2def8b2f52ddd153cb5020a5bbc8b01630c5ef5c6488d,,科技部 中国人民银行 金融监管总局 中国证监会 国家发展改革委 财政部 国务院国资委 关于印发《加快构建科技金融体制 有力支撑高水平科技自立自强的若干政策举措》的通知,政策研究司,EXCLUDE,中,,,保险产品|保险公司|保险资产管理|保险资金,信托公司|商业银行|金融资产|银行业,[body]…、国资委，新疆生产建设兵团发展改革委、财政局、国资委；各政策性银行、大型银行、股份制银行、外资银行、直销银行、金融资产投资公司、理财公司，各保险集团（控股）公司、保险公司、保险资产管理公司，各金融控股公司： 为深入贯彻党的二十大…,8060,True,False,
nfra,869dad6776bbb511aeb79016c53753e20d1566dc86b1f03cbb323dbf73838b4e,国家金融监督管理总局令〔2025〕2号,国家金融监督管理总局信访工作办法,办公厅,EXCLUDE,—,,,,,,18931,True,False,
nfra,3dff0d3a7da168f8e3e86b2e657bbc211dd8d8261a54cd4b98803bd36cd87b34,国家金融监督管理总局令〔2025〕3号,国家金融监督管理总局行政处罚办法,行政处罚局,EXCLUDE,中,,,保险公司|保险机构|保险资产管理,保险经纪|信托公司|商业银行|金融资产|银行业,[meta]…以下简称金融监管总局）及其派出机构行政处罚行为，维护金融秩序，根据《中华人民共和国行政处罚法》《中华人民共和国银行业监督管理法》《中华人民共和国商业银行法》《中华人民共和国保险法》等相关法律，制定本办法。第二条  金融机构、其…,23503,True,False,
nfra,f0e9edc89b1cc4be282087128f5cb47999c0f70fb874208fbbca4158224e2620,其他〔2025〕2号,银行卡清算机构管理办法,金融机构准入司,BOUNDARY,低,,,分支机构,银行业|银行业金融机构,[body]…采取责令限期改正、停止职权或免除职务等措施，并按规定向中国人民银行报告。 第二十一条 银行卡清算机构在境内设立分支机构，应当符合以下条件： （一）符合银行卡清算机构发展规划; （二）具备持续经营能力; （三）具备良好的公司治理、…,22261,True,False,
nfra,99376b480a40301720b377ebd53fc9756a8b506192caad61a8a6de2f94b5da2d,金规〔2025〕14号,国家金融监督管理总局关于加强万能型人身保险监管有关事项的通知,人身保险监管司,INCLUDE,高,人身保险|人身保险公司|寿险,,,金融资产,[title]…国家金融监督管理总局关于加强万能型人身保险监管有关事项的通知 各金融监管局，各人身保险公司：为加强万能型人身保险（以下简称万能险）监管，从严规范万能险经…,8179,True,True,RFN-44e55e516c2288f8;RFN-44e55e516c2288f8
nfra,e09046dce2bc519f765631bdd73c857cdc98c63af488da6613e71770384fb041,国家金融监督管理总局令〔2025〕1号,银行业金融机构董事（理事）和高级管理人员任职资格管理办法,金融机构准入司,EXCLUDE,中,,,分支机构,信托公司|商业银行|金融资产|银行业|银行业金融机构,[title]…银行业金融机构董事（理事）和高级管理人员任职资格管理办法 第一章  总  则第一章  总  则 第一条  为完善银行业金融机…,16567,True,False,
nfra,b22b3b2086b6f6dc9ea685fff87692ad4be26ec44fc8564d0bc499134b86541b,金规〔2025〕13号,国家金融监督管理总局关于推动深化人身保险行业个人营销体制改革的通知,人身保险监管司,INCLUDE,高,人身保险|人身保险公司,独立个人保险代理人,,保险经纪,[title]…国家金融监督管理总局关于推动深化人身保险行业个人营销体制改革的通知 各金融监管局，保险业协会，各人身保险公司：为贯彻落实《国务院关于加强监管防范风险推…,5250,True,True,RFN-c9e5cb26b9b26f14;RFN-c9e5cb26b9b26f14
nfra,43f0c8b3714d34d34a9ea9b6f373bef75113739a6706908c869ba3cda1da9ece,,金融监管总局2025年规章制定工作计划,法规司,EXCLUDE,中,,,保险机构,信托公司|商业银行|金融资产|银行业|银行业金融机构,[meta]…可事项实施办法》修订2《国家金融监督管理总局行政许可实施程序规定》修订3《银行保险机构许可证管理办法》修订4《银行业金融机构董事（理事）和高级管理人员任职资格管理办法》修订5《国家金融监督管理总局行政处罚办法》修订6《国家金融监督管理…,1115,True,False,
nfra,049bdd52de43a6a76dc682812885f89d6590471f48f942e7fa0e626ba140dabc,国办发〔2021〕30号,财政部 金融监管总局关于在银行信贷等业务领域开展审计报告批量查验试点工作的通知,法规司,EXCLUDE,中,,,,银行业|银行业金融机构,[meta]…治区、直辖市财政厅（局），深圳市财政局，新疆生产建设兵团财政局，金融监管总局各监管局，中国注册会计师协会，中国银行业协会，各省级注册会计师协会，有关会计师事务所，有关银行业金融机构：财会〔2025〕4号 各省、自治区、直辖市财…,3743,True,False,
nfra,b95e394219f256f454485a5707c43fd3aefef823dee75f8775c403ba3b0661cb,,国家金融监督管理总局关于促进金融资产管理公司高质量发展提升监管质效的指导意见,非银机构监管司,EXCLUDE,中,,,分支机构,商业银行|金融资产,[title]…国家金融监督管理总局关于促进金融资产管理公司高质量发展提升监管质效的指导意见 国家金融监督管理总局文件各金融监管局，各金融资产管理公司：为深入贯彻…,8580,True,False,
nfra,d78311b64d2e6ddee303f26f81213af3d1ef4fef90039bc0e7aab858849e3d52,金规〔2025〕8号,国家金融监督管理总局关于废止部分规范性文件的通知,法规司,EXCLUDE,中,,,,金融资产|银行业金融机构,[meta]…规范性文件的通知 国家金融监督管理总局 各金融监管局，各政策性银行、大型银行、股份制银行、外资银行、直销银行、金融资产管理公司：       国家金融监督管理总局决定，自本通知印发之日起废止《中国银监会办公厅关于银行自助设备管理…,766,True,False,
nfra,2117e30e368e8e637dd3a7f9bc232e71f7306796ced57798548493778755537e,金规〔2025〕11号,国家金融监督管理总局关于印发《保险集团并表监督管理办法》的通知,公司治理监管司,BOUNDARY,低,,,偿付能力,,[body]…并定期对金融子公司开展资本充足评估，确保保险集团资本能充分抵御风险，满足业务发展需要。保险集团资本计量应当按照偿付能力监管规则要求，避免资本重复计算，减少过度杠杆风险。第二十三条 保险集团公司应当充分考虑集团整体层面资产与负债的…,10173,True,True,RFN-a99332dbded1b652;RFN-a99332dbded1b652
nfra,683880138f9f1ef2b0621d7047b0cf31aef561af1aca9d841b86334aead8d396,金规〔2025〕12号,国家金融监督管理总局关于调整保险资金权益类资产监管比例有关事项的通知,法规司,BOUNDARY,低,养老保险,,,,[body]…司投资单一创业投资基金的账面余额占该基金实缴规模的比例不得高于 30%。 四、 保险公司开展个人税收递延型商业养老保险业务， 其税延养老保险普通账户与其他保险产品普通账户合并计算投资比例， 不再单独计算投资比例。 五、 原比例监…,1953,True,True,RFN-3a51b4bb7cd727a3;RFN-3a51b4bb7cd727a3
nfra,600f221b5097cd8de795b28aead50304243f61fac9ce50d55d5383a45dd98774,金规〔2025〕9号,国家金融监督管理总局关于加强商业银行互联网助贷业务管理提升金融服务质效的通知,股份制和城市商业银行监管司,EXCLUDE,中,,,,信托公司|商业银行,[title]…国家金融监督管理总局关于加强商业银行互联网助贷业务管理提升金融服务质效的通知 各金融监管局，各大型银行、股份制银行、外资银行、直销银行：各金融监管…,4009,True,False,
nfra,0ee6962d2e4eae3d62a09be240b439346e72fe5d20b07a20d8e12515689c689d,金规〔2025〕10号,国家金融监督管理总局关于保险资金未上市企业重大股权投资有关事项的通知,法规司,BOUNDARY,低,,,保险公司|保险机构|保险资产管理|保险资金,,[title]…国家金融监督管理总局关于保险资金未上市企业重大股权投资有关事项的通知 各金融监管局，各保险集团（控股）公司、保险公司、保险资产管理公司：各金融…,4788,True,True,RFN-595e75ea915efc19;RFN-595e75ea915efc19
nfra,1b27806a32e4cf73984de288048c464d52539410dcb8e288c5cc04ee065ee5c6,金发〔2025〕14号,国家金融监督管理总局 中国人民银行中国证券监督管理委员会关于推进金融纠纷调解工作高质量发展的意见,金融消费者权益保护局,BOUNDARY,低,,,分支机构,,[body]…解纷方案快速审批等机制。在财务管理、审计、检查等内部监督工作中，体现对参与纠纷调解的支持导向，提升各部门、各级分支机构以及人员参与积极性。要认真研究吸纳金融纠纷调解组织的调解建议，建立溯源整改机制，从源头上减少纠纷。要定期总结参…,10391,True,False,
nfra,5327faaf77b48d074519ccc62a36efed057276b58ee73395c094cda9c4002aee,金发〔2025〕14号,国家金融监督管理总局 中国人民银行中国证券监督管理委员会关于推进金融纠纷调解工作高质量发展的意见,金融消费者权益保护局,BOUNDARY,低,,,分支机构,,[body]…解纷方案快速审批等机制。在财务管理、审计、检查等内部监督工作中，体现对参与纠纷调解的支持导向，提升各部门、各级分支机构以及人员参与积极性。要认真研究吸纳金融纠纷调解组织的调解建议，建立溯源整改机制，从源头上减少纠纷。要定期总结参…,10290,True,False,
nfra,1dc3d0f00264cdcd14e61720d63cdb8c76a5b07ff397aa3ceed4aa2080602fd6,,应急管理部  财政部  金融监管总局  工业和信息化部  住房城乡建设部   交通运输部  农业农村部关于印发《安全生产责任保险实施办法》的通知,财产保险监管司（再保险监管司）,EXCLUDE,中,,保险代理人,保单|保险产品|保险公司|保险机构|偿付能力|分支机构,保险经纪|财产保险公司,[body]…是指被保险人的员工、临时聘用人员和被派遣劳动者等有用工关系的人员，第三者是指除前述从业人员以外的人员。佣金是指保险代理人、保险经纪人为投保人与保险机构订立保险合同提供中介服务的，保险机构按照保险费的一定比例支付给保险代理人或保险经…,15253,True,False,
nfra,de54d0fc6e56c9b34a59973a21accf373b8e330edde2580caf7805d01f0a17f9,金办发〔2025〕31号,国家金融监督管理总局办公厅 科技部办公厅  国家发展改革委办公厅关于印发《银行业保险业科技金融高质量发展实施方案》的通知,政策研究司,EXCLUDE,中,,,保险产品|保险公司|保险机构|保险资产管理|保险资金|分支机构,商业银行|金融资产|银行业,[title]…国家金融监督管理总局办公厅 科技部办公厅  国家发展改革委办公厅关于印发《银行业保险业科技金融高质量发展实施方案》的通知 各金融监管局；各省、自治区、直辖市、计划单列市科技厅（委、局），新疆…,10037,True,True,RFN-2a98bfae638def14;RFN-2a98bfae638def14
nfra,b26efff3c17a39d0803e95a00a23f4ffb7bc680ee714220a3e53e01f24c8644f,金办发〔2025〕26号,国家金融监督管理总局办公厅关于印发《银行业保险业养老金融高质量发展实施方案》的通知,人身保险监管司,INCLUDE,中,人身保险|健康保险|养老保险,,,信托公司|商业银行|金融资产|银行业,[meta]…保险资产管理公司，养老金管理公司：现将《银行业保险业养老金融高质量发展实施方案》印发给你们，请认真贯彻落实。 人身保险监管司    000001 各金融监管局，各政策性银行、大型银行、股份制银行、外资银行、直销银行、金融资产管理…,9259,True,True,RFN-1565cf1fcd0f9a27;RFN-1565cf1fcd0f9a27
nfra,ac3aab547a73ee19933e44452106ea70cfdb370267ba6c530495611b0b92be3d,金规〔2025〕6号,国家金融监督管理总局关于印发《商业银行代理销售业务管理办法》的通知,金融消费者权益保护局,EXCLUDE,中,,,保单|保险产品|保险公司|偿付能力|分支机构,商业银行|银行业|银行业金融机构,[title]…国家金融监督管理总局关于印发《商业银行代理销售业务管理办法》的通知 各金融监管局，各政策性银行、大型银行、股份制银行、外资银行、直销银行：各金融监管…,15367,True,True,RFN-f3e4a7de6069eb9a;RFN-f3e4a7de6069eb9a
nfra,baa375521587509bb097918b37f5d7ffbf1332492991b66490c765a500762f9f,金规〔2025〕7号,国家金融监督管理总局 公安部印发《关于加强银行业保险业涉嫌犯罪案件移送工作的规定》的通知,稽查局,EXCLUDE,中,,,保险机构,商业银行|银行业,[title]…国家金融监督管理总局 公安部印发《关于加强银行业保险业涉嫌犯罪案件移送工作的规定》的通知 各金融监管局，各省、自治区、直辖市公安厅（局），新疆生产建设兵团公安…,8896,True,True,RFN-e682a1097d0ec9d5;RFN-e682a1097d0ec9d5
nfra,aa3d140c8c2712897e60b6844267536cf37fb1b5e463f4f11844fa7726256fa9,金规〔2025〕6号,国家金融监督管理总局关于印发《商业银行代理销售业务管理办法》的通知,金融消费者权益保护局,EXCLUDE,中,,,保单|保险产品|保险公司|偿付能力|分支机构,商业银行|银行业|银行业金融机构,[title]…国家金融监督管理总局关于印发《商业银行代理销售业务管理办法》的通知 金规〔2025〕6号 各金融监管局，各政策性银行、大型银行、股份制银行、外资银行…,15447,True,True,RFN-f3e4a7de6069eb9a;RFN-f3e4a7de6069eb9a
nfra,248355e6c232bf185c475d2b18dd32c75bcacf66be07f6abb09ec8d23d81763a,金发〔2025〕10号,国家金融监督管理总局 国家知识产权局 国家版权局关于印发《知识产权金融生态综合试点工作方案》的通知,法规司,EXCLUDE,—,,,,,,1215,True,False,
nfra,df30baa1a6cbffceefdddc76b5f6fe70f6d08b834de0d4efd0c09ad33edc4f94,金办发〔2025〕15号,国家金融监督管理总局办公厅 中国人民银行办公厅关于印发《银行业保险业绿色金融高质量发展实施方案》的通知,政策研究司,EXCLUDE,中,,,保险产品|保险公司|保险机构|保险资产管理|保险资金|分支机构,商业银行|金融资产|银行业,[title]…国家金融监督管理总局办公厅 中国人民银行办公厅关于印发《银行业保险业绿色金融高质量发展实施方案》的通知 各金融监管局，中国人民银行上海总部、各省、自治区、直辖市及计划单列市…,14322,True,True,RFN-0c0ffca1ec828e1e;RFN-0c0ffca1ec828e1e
nfra,539382ecd9334b43b2fee1dd3e03a0cc6859af95d8a240721892b6928c8ae323,金发〔2025〕9号,国家金融监督管理总局关于香港、澳门金融机构入股保险公司有关事项的通知,公司治理监管司,BOUNDARY,低,,,保险公司|保险机构|保险资产管理,,[title]…国家金融监督管理总局关于香港、澳门金融机构入股保险公司有关事项的通知 各金融监管局，各保险集团（控股）公司、保险公司、保险资产管理公司：2024年10月，内地与香港…,873,True,True,RFN-c8cf8b8feb8be070;RFN-c8cf8b8feb8be070
nfra,e86bd2c6a8481d401679dccc97a3ddb88a91f4d0b763a01f773feca0c441161c,金规〔2025〕4号,国家金融监督管理总局关于港澳银行内地分行开办银行卡业务有关事项的通知,国际合作司（港澳台办公室）,EXCLUDE,中,,,,商业银行,[body]…业务， 并在授权后 5 个工作日内向管理行所在地金融监管局报告。 经管理行授权开办信用卡业务的其他分行应当满足商业银行开办信用卡业务的相关规定， 向所在地金融监管局报告， 提供管理行出具的授权书以及开办信用卡业务所需的材料后，…,3471,True,False,
nfra,9bec157ce36490b7caa9027b0aecc753c56484ca5d9bb982ef2e6a9e15d14d63,金办发〔2025〕10号,国家金融监督管理总局办公厅关于印发《保险集团集中度风险监管指引》的通知,公司治理监管司,BOUNDARY,低,,,偿付能力,,[body]…管理职责分工、应急管理程序、风险缓释工具等规范要求。在各类集中度风险已经或预计发生重大风险，可能对集团流动性、偿付能力、声誉等产生重大冲击时，保险集团公司须制定应急管理与风险缓释方案并严格执行，有效控制和缓释风险。保险集团应针对…,7631,True,True,RFN-644d4514ce318d75;RFN-644d4514ce318d75
nfra,fdb74689e07e304fb00614a57978ba898e0372287dfeb62d4a27d256ea6ff6f8,金办发〔2025〕7号,国家金融监督管理总局办公厅关于开展保险资金投资黄金业务试点的通知,法规司,BOUNDARY,低,人寿保险,,,商业银行,[body]…合约、黄金询价即期合约、黄金询价掉期合约和黄金租借业务。（二）试点参与主体。中国人民财产保险股份有限公司、中国人寿保险股份有限公司、太平人寿保险有限公司、中国出口信用保险公司、中国平安财产保险股份有限公司、中国平安人寿保险股份有…,3676,True,True,RFN-5e21059504818112;RFN-5e21059504818112
nfra,f8055c247fd9f55a7002a2b1bbf49296d1efcdb02e66bbb7a6732f193fc84f9d,金规〔2025〕3号,国家金融监督管理总局关于印发金融租赁公司监管评级办法的通知,非银机构监管司,EXCLUDE,中,,,,银行业,[body]…监管资源，有效实施分类监管，促进金融租赁公司稳健经营和规范发展，持续提升服务实体经济能力，根据《中华人民共和国银行业监督管理法》和《金融租赁公司管理办法》（国家金融监督管理总局令2024年第6号）等有关法律、部门规章的规定，制…,7650,True,False,
nfra,98d3f88776e2b2ca0e88a20dc06ee8a614837121c6c1b06a4906cc1511f94608,金发〔2025〕4号,金融监管总局 工业和信息化部 交通运输部 商务部关于深化改革加强监管促进新能源车险高质量发展的指导意见,财产保险监管司（再保险监管司）,EXCLUDE,中,,,保险公司|分支机构,财产保险公司,[meta]…发展的指导意见 各金融监管局，各省、自治区、直辖市工业和信息化主管部门、交通运输厅（局、委）、商务主管部门，各财产保险公司，银保信公司、上海保交所、保险业协会、精算师协会，中国交通通信信息中心、中国国际电子商务中心，中国汽车工业协会…,7475,True,False,
nfra,9fc10d012266fd2095f3c76bf692dd442f12f3b49c46859de77ddedab94ffe10,金规〔2024〕26号,小额贷款公司监督管理暂行办法,普惠金融司,EXCLUDE,中,,,,商业银行|金融资产,[body]…照合同约定检查贷款资金的使用情况。贷款用途应当符合法律法规、国家宏观调控和产业政策，且不得用于以下用途：（一）金融资产投资；（二）股本权益性投资；（三）向股东分红；（四）法律、行政法规、国家有关政策禁止的其他用途。第十四条 小额…,18910,True,False,
nfra,3a0eae1fbce5f2ef6f2f06d03316d7ccce86e3f513e0e2f2b1785317ebdb08c3,金规〔2025〕1号,国家金融监督管理总局关于印发保险公司监管评级办法的通知,统计与风险监测司,INCLUDE,中,人身保险公司,,,再保险公司|财产保险公司,[body]…年新设立的保险公司进行试评级。本办法所称保险公司，是指依法在中国境内设立的保险集团（控股）公司、财产保险公司、人身保险公司、再保险公司的法人机构和外国保险公司分公司。本办法所称监管机构，是指国家金融监督管理总局（以下简称金融监管总局…,8168,True,True,RFN-5b3e509b9f4c368c;RFN-5b3e509b9f4c368c
nfra,5f72bc43376dc3be42c9cd761a0c58b8504b7cc31035adf3119d389ce2b83fc0,金规〔2024〕25号,国家金融监督管理总局关于印发《金融机构非集中清算衍生品交易保证金管理办法》的通知,法规司,BOUNDARY,低,,,保险公司|保险资产管理,金融资产,[meta]…型银行、股份制银行、外资银行、直销银行、金融资产管理公司、金融资产投资公司、理财公司，各保险集团（控股）公司、保险公司、保险资产管理公司、养老金管理公司，各金融控股公司：现将《金融机构非集中清算衍生品交易保证金管理办法》印发给你…,669,True,False,
nfra,300d40e3e4f585d23685351ad6afa0c9b00dab882377b51fa9c1a5774817cc14,金规〔2024〕24号,国家金融监督管理总局关于印发银行保险机构数据安全管理办法的通知,科技监管司,EXCLUDE,中,,,保险公司|保险机构|保险资产管理,信托公司|商业银行|金融资产|银行业|银行业金融机构,[meta]…法的通知 国家金融监督管理总局关于印发 各金融监管局，各政策性银行、大型银行、股份制银行、外资银行、直销银行、金融资产管理公司、金融资产投资公司、理财公司，各保险集团（控股）公司、保险公司、保险资产管理公司、养老金管理公司、保险…,24055,True,True,RFN-68d83278af759a5e;RFN-68d83278af759a5e
nfra,b3a9faff5809302c7bb19467c4ea5f072289f0d3a4d109754bc70f447910e08b,国家金融监督管理总局令〔2024〕7号,金融机构合规管理办法,法规司,EXCLUDE,中,,,保险公司|保险资产管理|分支机构,信托公司|再保险公司|商业银行|金融资产|银行业,[meta]…理办法 金融机构合规管理办法第一章  总  则 第一条  为提高金融机构依法合规经营能力，根据《中华人民共和国银行业监督管理法》《中华人民共和国商业银行法》《中华人民共和国保险法》《中华人民共和国信托法》等法律法规，制定本办法…,17802,True,True,RFN-5941fed4f419fd6d;RFN-5941fed4f419fd6d
nfra,6525b92804b494b722e125aa3cd2df1c45ee700f9387e695269f6fab9c27868f,金规〔2024〕23号,国家金融监督管理总局关于公司治理监管规定与公司法衔接有关事项的通知,公司治理监管司,BOUNDARY,低,,,保险公司|保险资产管理,金融资产|银行业金融机构,[meta]…型银行、股份制银行、外资银行、直销银行、金融资产管理公司、金融资产投资公司、理财公司，各保险集团（控股）公司、保险公司、保险资产管理公司、养老金管理公司、保险专业中介机构，各金融控股公司：为做好公司治理监管规定与《中华人民共和国…,1373,True,True,RFN-ebccb5447ebc9b87;RFN-ebccb5447ebc9b87
nfra,6e83dfd2cfdd836f21b0a6acc23032a5be31016b1c7e851b8be298e96a8b0850,金规〔2024〕21号,国家金融监督管理总局关于印发中国出口信用保险公司监督管理办法的通知,财产保险监管司（再保险监管司）,BOUNDARY,低,,,保单|保险公司|保险资金|偿付能力|分支机构,,[title]…国家金融监督管理总局关于印发中国出口信用保险公司监督管理办法的通知 金规〔2024〕21号各金融监管局、中国出口信用保险公司：现将《中国出口信用保险公司监督管…,15679,True,False,
nfra,af11fe4e6f5c04b2ac436ef887dee9b5bbff18b34de0ee23fe5b073bc32a2a85,金规〔2024〕22号,国家金融监督管理总局关于延长保险公司偿付能力监管规则（Ⅱ）实施过渡期有关事项的通知,法规司,BOUNDARY,低,,,保险公司|偿付能力,,[title]…国家金融监督管理总局关于延长保险公司偿付能力监管规则（Ⅱ）实施过渡期有关事项的通知 国家金融监督管理总局关于各金融监管局，各保险集团（控股）公司、…,1399,True,True,RFN-d4197cda0a439d6c;RFN-d4197cda0a439d6c
nfra,e212abf5e81b2f207a3bd85479a210ef8fde0f1424743bcbf3fa1bab90b94742,金规〔2024〕20号,国家金融监督管理总局关于印发消费金融公司监管评级办法的通知,非银机构监管司,EXCLUDE,中,,,,银行业,[body]…营管理和风险状况，合理配置监管资源，有效实施分类监管，促进消费金融公司稳健经营和规范发展，根据《中华人民共和国银行业监督管理法》和《消费金融公司管理办法》（国家金融监督管理总局令2024年第4号）等有关法律、部门规章的规定，制…,7820,True,False,
nfra,ace2d8aa57fcc79924ec8471e4efddc22989626008b28c131ee7868458e37dc4,金办发〔2024〕122号,国家金融监督管理总局办公厅关于印发《保险资金运用内部控制应用指引（第4号—第6号）》的通知,法规司,BOUNDARY,低,,,保险公司|保险机构|保险资产管理|保险资金|偿付能力,,[title]…国家金融监督管理总局办公厅关于印发《保险资金运用内部控制应用指引（第4号—第6号）》的通知 国家金融监督管理总局办公厅各金融监管局，各保险集团（控股）公司…,28188,True,True,RFN-bd2dc00378b68047;RFN-bd2dc00378b68047
nfra,689d48ba3bb1a33b2183fd2e4acf3d17d7a1eb658d7ec4ece52401cc0bfa2ad8,金办发〔2024〕121号,国家金融监督管理总局办公厅印发《关于强监管防风险促改革推动财险业高质量发展行动方案》的通知,财产保险监管司（再保险监管司）,EXCLUDE,中,,,保险产品|保险公司|保险机构|保险消费者|偿付能力|分支机构,再保险公司|财产保险公司,[meta]…国家金融监督管理总局办公厅印发《关于强监管防风险促改革推动财险业高质量发展行动方案》的通知 各金融监管局，各财产保险公司、再保险公司、保险专业中介机构，银保信公司、上海保交所、银保传媒公司，保险业协会、保险学会、精算师协会、保险资…,8848,True,False,
nfra,48b2c0feff1e1edb81449a7bbdd4c488c47d98f008300d04e230d9146982eb93,金规〔2024〕19号,国家金融监督管理总局关于印发保险资产风险分类暂行办法的通知,法规司,EXCLUDE,中,,,保险公司|保险资产管理|保险资金|偿付能力,商业银行|金融资产,[body]…知存款、货币市场基金、货币市场类组合类保险资产管理产品、现金管理类理财产品、短期融资券、超短期融资券、买入返售金融资产、央行票据、商业银行票据、商业票据、大额可转让存单、同业存单、拆出资金、存放在中国证券登记结算公司和中央国债登…,17867,True,True,RFN-66768782981b1368;RFN-66768782981b1368
nfra,2dbaac9a823630f9e7d76fb1c67e32f9895065134e8e0716cdf2c126847be458,金发〔2024〕35号,金融监管总局 财政部 农业农村部 国家林草局关于推进农业保险精准投保理赔等有关事项的通知,财产保险监管司（再保险监管司）,EXCLUDE,中,,,保险产品|保险公司|保险理赔,再保险公司|财产保险公司,[meta]…（局）、农业农村（农牧）厅（局、委）、林业和草原主管部门，新疆生产建设兵团财政局、农业农村局、林业和草原局，各财产保险公司，农业再保险公司，银保信公司，保险业协会，精算师协会：为认真贯彻落实《中共中央  国务院关于学习运用“千村示范…,5324,True,False,
nfra,36eb496cc6be67911d0dd2f8b306a1c106011ceafca119c4b3f7b2972b7d8b04,金规〔2024〕18号,国家金融监督管理总局关于印发银行业金融机构小微企业金融服务监管评价办法的通知,普惠金融司,EXCLUDE,中,,,分支机构,商业银行|银行业|银行业金融机构,[title]…国家金融监督管理总局关于印发银行业金融机构小微企业金融服务监管评价办法的通知 国家金融监督管理总局各金融监管局，各政策性银行、大型银行、股份制银行、外资…,13278,True,False,
nfra,24a5b6800ba78265b4a65569a3781cf70eaa4a56b9bd073f1cd83ca66f60404b,金规〔2024〕17号,国家金融监督管理总局关于印发金融资产管理公司不良资产业务管理办法的通知,非银机构监管司,EXCLUDE,中,,,保险机构|分支机构,商业银行|证券公司|金融资产|银行业,[title]…国家金融监督管理总局关于印发金融资产管理公司不良资产业务管理办法的通知 各金融监管局，各金融资产管理公司：各金融监管局，各金融资产管理公司：现将《…,22071,True,False,
nfra,44c32a999ffe17bc6b21c4341746682df3aef7939b2b71576801a113e975886a,金发〔2024〕34号,国家金融监督管理总局关于进一步提升金融服务适老化水平的指导意见,金融消费者权益保护局,EXCLUDE,中,,,保单|保险产品|保险公司|保险理赔|保险资产管理,商业银行|金融资产|银行业|银行业金融机构,[meta]…进一步提升金融服务适老化水平的指导意见 各金融监管局，各政策性银行、大型银行、股份制银行、外资银行、直销银行、金融资产管理公司、金融资产投资公司、理财公司，各保险集团（控股）公司、保险公司、保险资产管理公司、养老金管理公司、保险…,9196,True,True,RFN-3a6d19f09a88aed2;RFN-3a6d19f09a88aed2
nfra,ece486d9761a5764f9b8dd894d3753e897bd0c942dee830ac9ce286c4a6a374f,金规〔2024〕16号,国家金融监督管理总局关于印发商业银行实施资本计量高级方法申请及验收规定的通知,法规司,EXCLUDE,中,,,,商业银行|银行业|银行业金融机构,[title]…国家金融监督管理总局关于印发商业银行实施资本计量高级方法申请及验收规定的通知 各金融监管局，各政策性银行、大型银行、股份制银行、外资银行：各金融监…,17951,True,False,
nfra,cb29d858a89dd524784d176171d009b652f3a84713d08bf55c66b2e7b48b06cc,金办发〔2024〕110号,国家金融监督管理总局办公厅关于大力发展商业保险年金有关事项的通知,人身保险监管司,INCLUDE,中,人身保险|人身保险公司|养老保险|养老保险公司,,,商业银行,[meta]…国家金融监督管理总局办公厅关于大力发展商业保险年金有关事项的通知 各金融监管局，各人身保险公司，相关商业银行：为深入贯彻落实中央金融工作会议关于做好养老金融大文章的决策部署，加快补齐第三支柱短板，进一步满…,4199,True,True,RFN-9c75fa95d274936c;RFN-9c75fa95d274936c
nfra,06270f577e90c08d9938ee6905b0e50bda199f6c16f2bd811e5bbb7a867d84ab,金规〔2024〕15号,国家金融监督管理总局关于部分非银机构差异化适用公司治理等相关监管规定的通知,非银机构监管司,EXCLUDE,中,,,保险机构,商业银行,[body]…行保险机构关联交易管理办法》（中国银行保险监督管理委员会令2022年第1号，以下简称《关联交易管理办法》）和《商业银行资本管理办法》（国家金融监督管理总局令2023年第4号）的部分监管规定，同时应当严格执行相关监管制度的其他规定…,4097,True,False,
nfra,978c94f9eb3f29b4718edacb2eb277eca1c1154913a148e725a30004d3997b0c,金规〔2024〕14号,国家金融监督管理总局关于印发银团贷款业务管理办法的通知,法规司,EXCLUDE,中,,,分支机构,商业银行|金融资产|银行业|银行业金融机构,[meta]…总局关于印发银团贷款业务管理办法的通知 各金融监管局，各政策性银行、大型银行、股份制银行、外资银行、直销银行、金融资产管理公司：各金融监管局，各政策性银行、大型银行、股份制银行、外资银行、直销银行、金融资产管理公司：为进一步优化…,14296,True,False,
nfra,f35d8de88860c107a28684d0ae5acba0d0a731380388b644b752d0cc76768066,银发〔2022〕254号,中国人民银行 国家金融监督管理总局关于延长部分房地产金融政策期限的通知,统计与风险监测司,EXCLUDE,中,,,保险公司,信托公司|商业银行|金融资产,[meta]…策期限的通知 中国人民银行上海总部，各省、自治区、直辖市及计划单列市分行；国家金融监督管理总局各监管局；各国有商业银行，中国邮政储蓄银行，各股份制商业银行：中国人民银行上海总部，各省、自治区、直辖市及计划单列市分行；国家金融监督…,1205,True,False,
nfra,e51fb70144c68137692014ca04cb66e557d4a14a67caae8eb5126d293559123f,,中国人民银行 国家金融监督管理总局关于优化个人住房贷款最低首付款比例政策的通知,统计与风险监测司,EXCLUDE,中,,,,商业银行,[meta]…例政策的通知 中国人民银行上海总部，各省、自治区、直辖市及计划单列市分行；国家金融监督管理总局各监管局；各国有商业银行，中国邮政储蓄银行，各股份制商业银行：中国人民银行上海总部，各省、自治区、直辖市及计划单列市分行；国家金融监督…,1093,True,False,
nfra,0cf34745c838fb2eb02b207a9e33aded209437f5b0893430bfc2e7e4cd407ce8,金规〔2024〕13号,国家金融监督管理总局关于做好续贷工作 提高小微企业金融服务水平的通知,法规司,BOUNDARY,低,,,偿付能力,金融资产|银行业金融机构,[body]…量， 现就有关事项通知如下：一、 优化贷款服务模式。 银行业金融机构应当根据小微企业生产经营特点、 风险状况和偿付能力等因素， 优化贷款服务模式， 合理设置贷款期限， 丰富还款结息方式， 扩大信贷资金覆盖面。 持续开发续贷产品，…,3547,True,False,
nfra,c2b772d232ed6b1596007f7498537bf798d3247920e9d8d2bb3a1de053808bd2,金办发〔2024〕100号,国家金融监督管理总局办公厅关于做好金融资产投资公司股权投资扩大试点工作的通知,大型银行监管司,EXCLUDE,中,,,,金融资产,[title]…国家金融监督管理总局办公厅关于做好金融资产投资公司股权投资扩大试点工作的通知 工商银行、农业银行、中国银行、建设银行、交通银行，工银投资、农银投资、中银…,3414,True,False,
nfra,de88f7698040faf037eabd57aee4c7c5b1f7c69b2e1f190d90fbc0cca27d8871,金办便函〔2024〕1210号,国家金融监督管理总局办公厅关于扩大金融资产投资公司股权投资试点范围的通知,大型银行监管司,EXCLUDE,中,,,,金融资产,[title]…国家金融监督管理总局办公厅关于扩大金融资产投资公司股权投资试点范围的通知 工商银行、农业银行、中国银行、建设银行、交通银行，工银投资、农银投资、中银资产…,1175,True,False,
nfra,1f65eba941993496e0f52c2c097443a673773e623229492ea97add0f05ffa1cf,国家金融监督管理总局令〔2024〕6号,金融租赁公司管理办法,非银机构监管司,EXCLUDE,中,,,,商业银行|银行业|银行业金融机构,[meta]…险，促进金融租赁公司稳健经营和高质量发展，根据《中华人民共和国民法典》《中华人民共和国公司法》《中华人民共和国银行业监督管理法》等法律法规，制定本办法。第二条  本办法所称金融租赁公司，是指经国家金融监督管理总局批准设立的，以…,29153,True,False,
nfra,882adbc8b221b86a26a5a7c29c145bfbe0a704b15e635fd40f371f42c7ae5ea4,金办发〔2024〕99号,国家金融监督管理总局办公厅关于加强银行业保险业移动互联网应用程序管理的通知,科技监管司,BOUNDARY,低,,,保险公司|保险资产管理|分支机构,金融资产|银行业|银行业金融机构,[meta]…型银行、股份制银行、外资银行、直销银行、金融资产管理公司、金融资产投资公司、理财公司，各保险集团（控股）公司、保险公司、保险资产管理公司、养老金管理公司，各金融控股公司：为指导银行业金融机构、保险业金融机构和金融控股公司（以下统…,5726,True,True,RFN-76da31e921fcdf4a;RFN-76da31e921fcdf4a
nfra,3b8160d0f5cee4b5c18043d4f754805a3ccd8f4eca1b9b9e0974c299d9c24a15,金办发〔2024〕96号,国家金融监督管理总局办公厅关于促进非银行金融机构支持大规模设备更新和消费品以旧换新行动的通知,非银机构监管司,EXCLUDE,中,,,,银行业,[meta]…国家金融监督管理总局办公厅关于促进非银行金融机构支持大规模设备更新和消费品以旧换新行动的通知 各金融监管局，银行业协会、财务公司协会： 各金融监管局，银行业协会、财务公司协会：为深入贯彻落实党中央、国务院决策部署，按照国务院…,6553,True,False,
nfra,8e790cca6f541cd5718396dad00f84d10806770712f9cdc188090cdea0fa3609,金规〔2024〕12号,国家金融监督管理总局关于印发金融机构涉刑案件管理办法的通知,稽查局,BOUNDARY,低,人身保险公司,个人保险代理人,,保险公估|保险经纪|信托公司|再保险公司|商业银行|财产保险公司|金融资产|银行业|银行业金融机构,[body]…业集团财务公司、金融租赁公司、汽车金融公司、消费金融公司、货币经纪公司、信托公司、理财公司、金融资产投资公司、人身保险公司、财产保险公司、保险资产管理公司、保险集团（控股）公司、再保险公司、政策性保险公司、相互保险组织、保险专业代理…,13849,True,True,RFN-8858a4a6a7519c69;RFN-8858a4a6a7519c69
nfra,859ca3c4da4a9fd495576eb1a6f20fb0f44423a7114ddd290c381110318dcf71,金办发〔2024〕94号,国家金融监督管理总局办公厅关于印发保险公司县域机构统计制度的通知,统计与风险监测司,INCLUDE,中,人寿保险|人身保险公司|健康保险,,,财产保险公司,[body]…县域机构监管和风险防控，特制定本制度。一、统计内容保险公司县域机构统计报表包括《财产保险公司县域机构统计表》《人身保险公司县域机构统计表》（详见附件），具体内容有：各行政区域的原保险保费收入、赔付支出；有关险种的保险金额、签单数量、…,3840,True,True,RFN-993e71a24a57ac0a;RFN-993e71a24a57ac0a
nfra,882cba3957e256f8e836c8a17f9789e08d85265789ae7715ce72626bbe55f879,金办发〔2024〕91号,国家金融监督管理总局办公厅关于印发金融租赁公司业务发展鼓励清单、负面清单和项目公司业务正面清单的通知,非银机构监管司,EXCLUDE,—,,,,,,4515,True,False,
nfra,07ec52573a891aa670bdeaf93212a1acf46b93a5d7ccb2e0a64448a63390a64c,金规〔2024〕9号,国家金融监督管理总局关于加强和改进互联网财产保险业务监管有关事项的通知,财产保险监管司（再保险监管司）,BOUNDARY,低,人身保险|健康险,保险兼业代理,,保险中介机构|保险公估|保险经纪|商业银行|财产保险公司,[body]…直辖市、计划单列市），并及时向拓展地的派出机构报告互联网财产保险业务拓展情况。财产保险公司通过互联网经营的短期健康险和意外伤害保险，应符合《中国银保监会办公厅关于进一步规范保险机构互联网人身保险业务有关事项的通知》（银保监办发…,8099,True,False,
nfra,072cb4bd6debc3bf9dcd2d16bd8e91e9c94e82d03e84066bd206194e7f9f50fe,金发〔2024〕18号,国家金融监督管理总局关于健全人身保险产品定价机制的通知,人身保险监管司,INCLUDE,高,人身保险|人身保险公司,,,,[title]…国家金融监督管理总局关于健全人身保险产品定价机制的通知 金发〔2024〕18号各金融监管局，各人身保险公司，保险业协会：为全面贯彻中央金融工作会议…,2509,True,True,RFN-f38f43d420bb7d29;RFN-f38f43d420bb7d29
nfra,20924b50e3e8af66718cfe8d197669a4f9609b143883bd7a6dd68fe9946c0de9,金规〔2024〕11号,国家金融监督管理总局关于普惠信贷尽职免责工作的通知,普惠金融司,EXCLUDE,中,,,分支机构,商业银行|金融资产|银行业金融机构,[meta]…家金融监督管理总局关于普惠信贷尽职免责工作的通知 各金融监管局，各政策性银行、大型银行、股份制银行、外资银行、金融资产管理公司：各金融监管局，各政策性银行、大型银行、股份制银行、外资银行、金融资产管理公司：为贯彻落实中央金融工作…,7262,True,False,
nfra,01cea9db71b70a4f4eb3a544fab0072cba3ec88a1168d609a6bee05665c16ab3,金发〔2024〕16号,国家金融监督管理总局 上海市人民政府关于加快上海国际再保险中心建设的实施意见,财产保险监管司（再保险监管司）,EXCLUDE,中,,,保险公司|保险机构|分支机构,保险经纪|保险经纪公司|再保险公司,[meta]…金融监管局，上海市各区人民政府和市政府有关委、办、局，上海临港新片区管委会，各保险集团（控股）公司、保险公司、再保险公司、保险经纪公司，上海保交所、保险业协会：为深入贯彻中央金融工作会议精神，落实《中共中央  国务院关于支持浦东新…,4454,True,False,
nfra,a9fc01d12f50a9ae86e1120ed42f74543d78abcfee95371f1650038c8621d21c,金规〔2024〕10号,国家金融监督管理总局关于印发《反保险欺诈工作办法》的通知,稽查局,EXCLUDE,中,,,保险公司|保险机构|分支机构,保险中介机构|再保险公司,[body]…系统安全可控运行。第六条 保险机构应将消费者权益保护作为反欺诈工作的出发点和落脚点，不断提升保险服务质效，引导保险中介机构、第三方外包服务商、消费者等依法合规、诚实守信参与保险活动，营造良好保险市场秩序，切实保护消费者合法权益。 第…,10681,True,True,RFN-7ba085be0c1fabb8;RFN-7ba085be0c1fabb8
nfra,bf5e14fbf366af835b240a766c56e54035efe73717fa99d5eea494079371a009,自然资办发〔2024〕24号,自然资源部办公厅 国家林业和草原局办公室 国家金融监督管理总局办公厅关于落实深化集体林权制度改革要求 规范高效做好林权类不动产登记工作的通知,法规司,EXCLUDE,中,,,,银行业金融机构,[body]…抵押登记的，除存在权利交叉重叠、权属不清、证地不符等问题或法律规定不得抵押的情形外，自然资源部门应当办理，并为银行业金融机构等抵押权人颁发不动产登记证明，自然资源部门和银行业金融机构等抵押权人不得强制要求先换证再办理抵押登记，但抵押权…,4959,True,False,
nfra,75b2c7128f736e2cf66728eb8a100bd1b67b98ca4449f8a69ba14e83daaea3a1,金发〔2024〕13号,国家金融监督管理总局关于推进普惠保险高质量发展的指导意见,人身保险监管司,INCLUDE,中,人身保险|健康保险|健康险|养老保险|养老保险公司|寿险,,,保险中介机构|再保险公司,[meta]…和社会稳定器功能，更好满足人民群众和实体经济普惠性的保险需求，进一步推进普惠保险高质量发展，现提出以下意见。 人身保险监管司    各监管局，各保险集团（控股）公司、保险公司，银保信公司、上海保交所、保险业协会、保险学会：为深入…,8595,True,True,RFN-b879cf95ce425985;RFN-b879cf95ce425985
nfra,d70f726d5b30479204e022cee019c1bf51f2576cc6e7010217c959368f310432,,工业和信息化部 财政部 金融监管总局关于进一步完善首台（套）重大技术装备首批次新材料保险补偿政策的意见,财产保险监管司（再保险监管司）,BOUNDARY,低,,,保险公司,,[body]…障方案。支持生产制造单位根据装备、新材料产品特性和实际需要，在政策框架下自主决定投保险种、投保数量和投保年限。保险公司按照“保本微利”与“精算平衡”原则，定期开展保险费率回溯和动态调整。四、强化政策监督管理（七）依法依规投保承保…,4055,True,False,
nfra,cbb16847db56a25d76beebe8a2257d02564121aff21ef936e0fb700a8ecd7644,,金融监管总局2024年规章立法工作计划,法规司,EXCLUDE,中,,,保险公司|保险机构,信托公司|商业银行|银行业金融机构,[meta]…中国银保监会行政处罚办法》修订2《中国银保监会现场检查办法（试行）》修订3《中国银保监会信访工作办法》修订4《银行业金融机构董事（理事）和高级管理人员任职资格管理办法》修订5《政策性金融机构行政许可事项实施办法》制定6《银行保险机构产…,755,True,False,
nfra,63c1a3c5566b0bb42b50b6576c2780eeba968b4163eee4378695a5eda0d7a0b0,国知办发运字〔2024〕16号,国家知识产权局办公室 国家金融监督管理总局办公厅关于在银行业金融机构全面开展知识产权质押登记全流程无纸化办理的通知,法规司,EXCLUDE,中,,,,银行业金融机构,[title]…国家知识产权局办公室 国家金融监督管理总局办公厅关于在银行业金融机构全面开展知识产权质押登记全流程无纸化办理的通知 国知办发运字〔2024〕16号 各省、自治区、直辖市和新疆生产…,2066,True,False,
nfra,2347766223e5f6878f864a1dffb2fa8f631bb3991cd633802b5a1439711f4e66,,中国人民银行 国家金融监督管理总局关于调整个人住房贷款最低首付款比例政策的通知,统计与风险监测司,EXCLUDE,中,,,,商业银行,[meta]…例政策的通知 中国人民银行上海总部，各省、自治区、直辖市及计划单列市分行；国家金融监督管理总局各监管局；各国有商业银行，中国邮政储蓄银行，各股份制商业银行：中国人民银行上海总部，各省、自治区、直辖市及计划单列市分行；国家金融监督…,1169,True,False,
nfra,6af90cf3e019d8ff33fcf253486aa2a99178a48f60eca03fc6e9444d1a067f08,金发〔2024〕11号,国家金融监督管理总局关于银行业保险业做好金融“五篇大文章”的指导意见,政策研究司,BOUNDARY,低,人寿保险|健康保险|养老保险,,,信托公司|商业银行|金融资产|银行业,[body]…优健康保险产品供给，让相关政策惠及更多人民群众。探索包含长期护理服务、健康管理服务的商业健康保险产品。持续推进人寿保险与长期护理保险责任转换业务试点。加大对健康产业、养老产业、银发经济的金融支持。在风险有效隔离的基础上，支持保险…,10871,True,True,RFN-319734397c70c567;RFN-319734397c70c567
nfra,d662db389586308bf971bba3479a43f968a53db6185465989404464c3d69aec3,金规〔2024〕8号,国家金融监督管理总局关于商业银行代理保险业务有关事项的通知,人身保险监管司,INCLUDE,中,人身保险,,,商业银行,[meta]…业务和其他保险业务，各级分支行及网点均不限制合作保险公司数量。保险公司应当确保在合作区域内具备线下服务能力。 人身保险监管司    各监管局，各保险公司，各政策性银行、大型银行、股份制银行、外资银行：一、保险公司和商业银行开展保…,1202,True,True,RFN-9241d7927ce170a6;RFN-9241d7927ce170a6
nfra,c7349bae2143b4a01556237fe5092ac0c329c641a12a6bc271c8a01e4a5c089c,金规〔2024〕7号,国家金融监督管理总局发布《关于促进企业集团财务公司规范健康发展提升监管质效的指导意见》,非银机构监管司,BOUNDARY,低,,,保险机构,银行业,[body]…性改革，扎实推动财务公司行业高质量发展。坚持差异发展。引导财务公司为企业集团提供专业化、差异化金融支持，与银行保险机构形成优势互补、差异化服务的良好局面。坚持底线思维。有序推进财务公司风险化解处置，坚决惩治重大违法违规行为，严肃…,8190,True,False,
nfra,6dcc9f16ae1451d750e0250a8f1eadef1a42eece101177b919923581ec4bf406,金规〔2024〕6号,国家金融监督管理总局  中国人民银行关于优化已故存款人小额存款提取有关要求的通知,法规司,BOUNDARY,低,,,分支机构,银行业|银行业金融机构,[body]…引起的投诉、 诉讼、 资金损失， 办理人员尽到合理谨慎义务的， 实行尽职免责。 七、 银行业金融机构应当加大对分支机构落实已故存款人小额存款提取相关要求的培训和督促力度， 做好政策宣传， 切实加强和改进服务， 便利群众办理小额存…,2457,True,False,
nfra,4cb45b19d079d56ddd80639ace6fca6b07878804c884a128b4880bea3282cccf,金规〔2024〕5号,国家金融监督管理总局关于推动绿色保险高质量发展的指导意见,财产保险监管司（再保险监管司）,EXCLUDE,中,,,保险产品|保险公司|保险理赔|保险资产管理|保险资金|偿付能力|分支机构,再保险公司,[body]…风险管理体系。完善与客户环境、社会、治理等各类风险状况相挂钩的保险费率浮动机制，引导客户强化自身风险管理。支持再保险公司开发巨灾模型，提升行业巨灾风险定价能力。开展绿色保险产品定价回溯，提高风险定价的有效性、充足性，强化再保资源支…,9978,True,True,RFN-3dccbb28eae7bc24;RFN-3dccbb28eae7bc24
nfra,3369a1c9fbeb7bcf1223a83179674d0cc95b46e9534ec9bcb8dd0a4d97361f0d,金发〔2024〕5号,国家金融监督管理总局 工业和信息化部 国家发展改革委关于深化制造业金融服务 助力推进新型工业化的通知,政策研究司,BOUNDARY,低,,,保险产品|保险公司|保险机构|保险资产管理|保险资金|分支机构,金融资产|银行业金融机构,[meta]…型银行、股份制银行、外资银行、直销银行、金融资产管理公司、金融资产投资公司、理财公司，各保险集团（控股）公司、保险公司、保险资产管理金融监管总局各监管局，各省、自治区、直辖市及计划单列市、新疆生产建设兵团工业和信息化主管部门、发…,9634,True,False,
nfra,cf5a9bd252887fbd4078f431ffcd58bfa9b693501d44b4d045194f53196e8d2b,,中国人民银行 国家金融监督管理总局关于调整汽车贷款有关政策的通知,非银机构监管司,EXCLUDE,中,,,分支机构,商业银行|银行业,[meta]…关政策的通知 中国人民银行上海总部，各省、自治区、直辖市及计划单列市分行；国家金融监督管理总局各监管局；各国有商业银行，中国邮政储蓄银行，各股份制商业银行：中国人民银行上海总部，各省、自治区、直辖市及计划单列市分行；国家金融监督…,2348,True,False,
nfra,443ef06d692eca7f0ceeb399d63796ca33ecbd29da40dcf7d0deb6df14ba5a49,国家金融监督管理总局令〔2024〕5号,国家金融监督管理总局行政处罚裁量权实施办法,行政处罚局,EXCLUDE,中,,,保险公司|保险机构|保险资产管理,保险中介机构|信托公司|商业银行|金融资产|银行业,[meta]…行政处罚裁量权实施办法 第一章  总 则 第一条  为规范国家金融监督管理总局及其派出机构行政处罚裁量权，维护银行业保险业市场秩序，保护行政相对人合法权益，根据《中华人民共和国行政处罚法》《中华人民共和国银行业监督管理法》《中…,9958,True,False,
nfra,09b83d79a09bac36c9e1dbdc8eaa2dfe7f2138407768c72fd549751e92eb7892,金规〔2024〕2号,国家金融监督管理总局 财政部关于扩大城乡居民住宅巨灾保险保障范围进一步完善巨灾保险制度的通知,财产保险监管司（再保险监管司）,EXCLUDE,中,,,保险公司,再保险公司|财产保险公司,[meta]…理总局各监管局，各省、自治区、直辖市、计划单列市财政厅（局），新疆生产建设兵团财政局，各保险集团（控股）公司、财产保险公司、再保险公司，上海保交所、保险业协会：党中央、国务院高度重视巨灾保险工作，我国地震巨灾保险制度建立以来，在应对…,3080,True,False,
nfra,3998286bd5848455d5b760427728a48cfd00fca07a56f8be018f99bb7b0a9e32,国家金融监督管理总局令〔2024〕4号,消费金融公司管理办法,非银机构监管司,EXCLUDE,中,,,保险公司,商业银行|金融资产|银行业,[meta]…强对消费金融公司的监督管理，促进消费金融公司规范经营和高质量发展，依据《中华人民共和国公司法》《中华人民共和国银行业监督管理法》等法律法规，制定本办法。第二条  本办法所称消费金融公司，是指经国家金融监督管理总局批准设立的，不…,19561,True,False,
nfra,9b18eb6886b7cb8cddd43c599f47cdc701eb6617bfb9a7761f60fe85df1a5816,金规〔2024〕4号,国家金融监督管理总局关于印发人身保险公司监管评级办法的通知,人身保险监管司,INCLUDE,高,人身保险|人身保险公司,,,,[title]…国家金融监督管理总局关于印发人身保险公司监管评级办法的通知 各监管局，各人身保险公司：为强化人身保险公司分类监管，推动人身保险业高质量发展，现将《人身…,8393,True,True,RFN-67f0bc1e1e452b7c;RFN-67f0bc1e1e452b7c
nfra,61806fca20176c0078721bd9bcf44e2aa86881b4940d441097aa8b24c03673a4,财会〔2022〕39号,财政部办公厅 金融监管总局办公厅关于印发《银行函证工作操作指引》的通知,法规司,EXCLUDE,中,,,,银行业|银行业金融机构,[meta]…〔2024〕2号 各省、自治区、直辖市、计划单列市财政厅（局），金融监管总局各监管局，中国注册会计师协会，中国银行业协会，各政策性银行、大型银行、股份制银行、外资银行：为进一步落实《关于加快推进银行函证规范化、集约化、数字化建…,934,True,False,
nfra,1f41a8e1102cd5275aa11df34d861a96dc9ce60dad0740ef6dec822c9037430c,金规〔2024〕1号,国家金融监督管理总局关于印发汽车金融公司监管评级办法的通知,非银机构监管司,EXCLUDE,中,,,,银行业,[body]…配置监管资源，有效实施分类监管，促进汽金公司稳健经营和规范发展，逐步提升服务实体经济能力，根据《中华人民共和国银行业监督管理法》、《汽车金融公司管理办法》（国家金融监督管理总局令2023年第1号，以下简称《管理办法》）等有关法…,7986,True,False,
nfra,77a4c68c7e8e954357f9a8bb636ef9542932d943aaa6fa2ebe41426c8bb96e81,国家金融监督管理总局令〔2024〕2号,流动资金贷款管理办法,法规司,EXCLUDE,中,,,,商业银行|金融资产|银行业|银行业金融机构,[meta]…流动资金贷款管理办法 第一章  总  则 第一条  为规范银行业金融机构流动资金贷款业务经营行为，加强流动资金贷款审慎经营管理，促进流动资金贷款业务健康发展，依据《中华人民共和国银行…,13486,True,False,
nfra,aa8f4ec721f40920458ba3104cdf14703328ebb3774ef229d3165e7c0764c8c4,国家金融监督管理总局令〔2024〕3号,个人贷款管理办法,法规司,EXCLUDE,中,,,,商业银行|银行业|银行业金融机构,[meta]…个人贷款管理办法 第一章  总则第一条  为规范银行业金融机构个人贷款业务行为，加强个人贷款业务审慎经营管理，促进个人贷款业务健康发展，依据《中华人民共和国银行业监督管理法…,11173,True,False,
nfra,3ae36657753bbfa050b2f6332ddaed9041156137c961a1d0cbae54febbfc0b99,国家金融监督管理总局令〔2024〕1号,固定资产贷款管理办法,法规司,EXCLUDE,中,,,,商业银行|银行业|银行业金融机构,[meta]…固定资产贷款管理办法 第一章  总则 第一条  为规范银行业金融机构固定资产贷款业务经营行为，加强固定资产贷款审慎经营管理，促进固定资产贷款业务健康发展，依据《中华人民共和国银行…,14188,True,False,
nfra,d7f0611e38c26b9a282df985163bbbbd02f53c7a463f55537a39132087b06eea,,中国人民银行办公厅 国家金融监督管理总局办公厅关于做好经营性物业贷款管理的通知,统计与风险监测司,EXCLUDE,中,,,分支机构,商业银行,[meta]…贷款管理的通知中国人民银行上海总部，各省、自治区、直辖市及计划单列市分行；国家金融监督管理总局各监管局；各国有商业银行，中国邮政储蓄银行，各股份制商业银行：为促进房地产市场平稳健康发展，充分发挥经营性物业贷款作用，满足房地产行业…,3355,True,False,
nfra,a1891d1e8916787459debbfd8b3408807a5aba77fc3bdbbc7b32919eab5a2739,建房〔2024〕2号,住房城乡建设部 金融监管总局关于建立城市房地产融资协调机制的通知,统计与风险监测司,EXCLUDE,—,,,,,,2814,True,False,
nfra,1d6fb920f0efad5aac367e2eaf5bbea7f6b5b803ec73f433eb02949a3021a310,金发〔2024〕2号,国家金融监督管理总局关于加强科技型企业全生命周期金融服务的通知,政策研究司,BOUNDARY,低,,,保单|保险机构|保险资金|偿付能力|分支机构,银行业,[body]…机制，构建科技金融服务长效机制。二、持续深化科技金融组织管理机制建设（三）健全组织架构。鼓励有条件有能力的银行保险机构根据自身情况，将科技金融纳入机构战略规划和年度重点任务。建立健全科技金融工作领导协调机制，加强统筹协调和规划部…,7248,True,True,RFN-143a5bd9228ffc1b;RFN-143a5bd9228ffc1b
nfra,315d4bba4dd526fab4ee195f5b24db66090832712cb295e4bff92463270f81e3,国办发〔2016〕39号,中国人民银行 国家金融监督管理总局关于金融支持住房租赁市场发展的意见,统计与风险监测司,EXCLUDE,中,,,保险资金,商业银行,[meta]…上海总部，各省、自治区、直辖市及计划单列市分行；国家金融监督管理总局各监管局；国家开发银行，各政策性银行、国有商业银行，中国邮政储蓄银行，各股份制商业银行：　　为深入贯彻落实党中央、国务院决策部署，支持加快建立多主体供给、多渠道…,7640,True,False,
nfra,2f05f328c8001e57133304a6379ecb574b6edb77f2f6b45c6381db601466c96f,国家金融监督管理总局令〔2023〕5号,银行保险机构操作风险管理办法,法规司,EXCLUDE,中,,,保险公司|保险机构|保险资产管理|偿付能力|分支机构,信托公司|再保险公司|商业银行|金融资产|银行业,[meta]…险机构操作风险管理办法 第一章  总  则 第一条  为提高银行保险机构操作风险管理水平，根据《中华人民共和国银行业监督管理法》《中华人民共和国商业银行法》《中华人民共和国保险法》等法律法规，制定本办法。第二条  本办法所称操…,21957,True,True,RFN-659c7d5a7f3a42d0;RFN-659c7d5a7f3a42d0
nfra,7d7259bbe46122ebe376b100850bb8b7b32080cbc07d42ec445dcbaf9edc8a77,金规〔2023〕13号,国家金融监督管理总局关于印发养老保险公司监督管理暂行办法的通知,人身保险监管司,INCLUDE,高,人寿保险|人身保险|人身保险公司|健康保险|养老保险|养老保险公司,,,商业银行|金融资产,[title]…国家金融监督管理总局关于印发养老保险公司监督管理暂行办法的通知 各监管局，平安养老保险股份有限公司、太平养老保险股份有限公司、中国人寿养老保险股份有限…,13462,True,True,RFN-88040bc662487e3b;RFN-88040bc662487e3b
nfra,762fc28a8cd3c201643dcead15673562128f4b3af70034e3d17a82fc15ada814,金规〔2023〕14号,国家金融监督管理总局关于印发非银行金融机构行政许可事项申请材料目录及格式要求的通知,非银机构监管司,EXCLUDE,中,,,,金融资产,[meta]…国家金融监督管理总局关于印发非银行金融机构行政许可事项申请材料目录及格式要求的通知 各监管局，金融资产管理公司：《非银行金融机构行政许可事项实施办法》(国家金融监督管理总局令2023年第3号，以下简称《办法》）已…,1220,True,False,
nfra,d7f478a6894746e8ee69722831d27b7e0bb724ab935ba5655449436b3f012523,金规〔2023〕12号,国家金融监督管理总局关于印发《银行业金融机构国别风险管理办法》的通知,法规部,EXCLUDE,中,,,,信托公司|商业银行|金融资产|银行业|银行业金融机构,[title]…国家金融监督管理总局关于印发《银行业金融机构国别风险管理办法》的通知 中国银监会办公厅会议通知各监管局，各政策性银行、大型银行、股份制银行、外资银行、直销…,16535,True,False,
nfra,1685c99b539f739d619a1ade80ffeb8756f77213ae2fca02a6b84a8acd093194,金规〔2023〕11号,国家金融监督管理总局关于印发《信托公司监管评级与分级分类监管暂行办法》的通知,信托部,EXCLUDE,中,,,,信托公司|银行业,[title]…国家金融监督管理总局关于印发《信托公司监管评级与分级分类监管暂行办法》的通知 各监管局，信托保障基金公司、信托登记公司、信托业协会：现将《信托公司监…,11067,True,False,
nfra,c28aed6bf60c862a685b50c41eac4f8e2627cd892864dd1e0fa948b421bfb737,金规〔2023〕10号,国家金融监督管理总局关于印发《银行保险机构涉刑案件风险防控管理办法》的通知,风险处置局(打非局),EXCLUDE,中,,,保险公司|保险机构|保险理赔|保险资产管理|保险销售|分支机构,信托公司|再保险公司|商业银行|金融资产|银行业|银行业金融机构,[meta]…控管理办法》的通知 国家金融监督管理总局文件各监管局，各政策性银行、大型银行、股份制银行、外资银行、直销银行、金融资产管理公司、金融资产投资公司、理财公司，各保险集团（控股）公司、保险公司、保险资产管理公司、养老金管理公司、保险…,11337,True,True,RFN-9375b225151c1676;RFN-9375b225151c1676
nfra,21550e0e3a0ce82489967d43d288703c0bada06b08cb357b4d7fdff85faebb9e,金规〔2023〕9号,国家金融监督管理总局关于实施《商业银行资本管理办法》相关事项的通知,法规部,EXCLUDE,中,,,保险公司,商业银行,[title]…国家金融监督管理总局关于实施《商业银行资本管理办法》相关事项的通知 各监管局，机关各部门，各政策性银行、大型银行、股份制银行、外资银行：2023年1…,12657,True,False,
nfra,6d4d3e38292e771abceca8e43f9affae1057e541c41e7d5e25b64beabb278a4d,,商业银行资本管理办法,法规部,EXCLUDE,中,,,保险公司|分支机构,商业银行|金融资产|银行业,[title]…商业银行资本管理办法 No:0000001第一章  总  则 第一条  为加强商业银行资本监管，维护银行体系安全、稳健…,67485,True,False,
nfra,2c46f8612c0fd444c78c78f88dbe583f2c728a4c00b99326b9f5c6a1ed1cfc26,金规〔2023〕8号,国家金融监督管理总局关于促进金融租赁公司规范经营和合规管理的通知,非银部,EXCLUDE,—,,,,,,6382,True,False,
nfra,888f1dbaf8b2f661c0dc625f660dd76ba2c5c5ad490dc6b39891d58a373cea7b,金规〔2023〕7号,国家金融监督管理总局关于促进专属商业养老保险发展有关事项的通知,人身险部,INCLUDE,中,人身保险|人身保险公司|养老保险|养老保险公司,,,商业银行,[meta]…国家金融监督管理总局关于促进专属商业养老保险发展有关事项的通知 各监管局、各人身保险公司：各监管局、各人身保险公司：为推动第三支柱养老保险持续规范发展，更好满足广大人民群众多样化养老需求，根据《中华…,9421,True,True,RFN-533038be2a9180be;RFN-533038be2a9180be
nfra,93ba8f4ef0dd657cf1d74468af676fbc465395a2933c7431e6ee8fdbb7a99212,银发〔2023〕208号,中国人民银行 国家金融监督管理总局关于印发《系统重要性保险公司评估办法》的通知,法规部,INCLUDE,中,人身保险公司,,,再保险公司|财产保险公司|金融资产,[body]…监管，以降低其发生重大风险的可能性，防范系统性金融风险。 （二）适用范围。本办法适用于依法设立的保险集团公司、人身保险公司、财产保险公司和再保险公司。2家或2家以上保险公司组成保险集团公司的，以保险集团公司作为参评主体。 评估使用的…,6146,True,True,RFN-d57b46072751dc21
nfra,9c706052e93b779052d3a970247bdddd0b46faea850ea8642e9b19a0139ad60b,金规〔2023〕6号,国家金融监督管理总局关于加强中国出口信用保险公司地市级分支机构管理有关事项的通知,政策银行部,BOUNDARY,低,,,保险公司|分支机构,,[title]…国家金融监督管理总局关于加强中国出口信用保险公司地市级分支机构管理有关事项的通知 国家金融监督管理总局关于各监管局，中国出口信用保险公司：为进一步加强中国出口…,3276,True,False,
nfra,2519f5cd441ef8e9a9b8720a09f61bbd8011e9c3b4509285c4d5858c90d0344d,国家金融监督管理总局令〔2023〕3号,非银行金融机构行政许可事项实施办法,非银部,EXCLUDE,中,,,保险机构|分支机构,商业银行|金融资产|银行业|银行业金融机构,[meta]…出机构非银行金融机构行政许可行为，明确行政许可事项、条件、程序和期限，保护申请人合法权益，根据《中华人民共和国银行业监督管理法》《中华人民共和国行政许可法》等法律、行政法规及国务院有关决定，制定本办法。 非银部    第一章…,93000,True,False,
nfra,2ae3add89b4d05896e8e5c90ca6f9b0dcf8c3c02f8ea0305869fa65fc8d579eb,国办发〔2021〕30号,财政部 国务院国资委 金融监管总局关于加强审计报告查验工作的通知,法规部,EXCLUDE,中,,,,银行业|银行业金融机构,[meta]…财政局，各省、自治区、直辖市及计划单列市和新疆生产建设兵团国资委，各地金融监督管理局，中国注册会计师协会，中国银行业协会，各省级注册会计师协会，各银行业金融机构，各会计师事务所，有关国有企业财会〔2023〕15号 各省、自治区…,6696,True,False,
nfra,9a568defb231ad28fa08729c293398a61cf6c8a6e7c4800e23cf836e2817c643,国家金融监督管理总局令〔2023〕2号,保险销售行为管理办法,消保局,INCLUDE,中,人身保险,个人保险代理人,,保险中介机构|保险经纪|再保险公司,[body]…保险产品类型和等级范围，委派合格保险销售人员销售该等级范围内的保险产品。第二十二条 保险公司、保险中介机构销售人身保险新型产品的，应当向投保人提示保单利益的不确定性，并准确、全面地提示相关风险；法律、行政法规和监管制度规定要求对…,16815,True,True,RFN-946238a80cf9fab2;RFN-946238a80cf9fab2
nfra,b7f73d7bb5a0a6468469ae431f5a74fab33bada2d33b4d87c8925680849d39b0,,金融监管总局2023年规章立法工作计划,法规部,EXCLUDE,中,,,保险机构,信托公司,[meta]…银行保险机构合规管理办法》制定3《行政处罚裁量权实施办法》制定4《非银行金融机构行政许可事项实施办法》修订5《信托公司管理办法》修订6《金融租赁公司管理办法》修订7《消费金融公司试点管理办法》修订8《货币经纪公司试点管理办法》修…,519,True,False,
nfra,e9c12ca591318c01ee3a965819537a6a3c3294367e225bb95de2b222b49b96cd,金规〔2023〕5号,国家金融监督管理总局关于优化保险公司偿付能力监管标准的通知,财会部(偿付能力部),BOUNDARY,低,人身险公司,,,再保险公司|财产险,[body]…； 总资产 100 亿元以下公司的最低资本按照 90%计算偿付能力充足率， 即特征系数为-0.1。 （二）对于人身险公司， 总资产 500 亿元以上、 5000 亿元以下公司的最低资本按照 95%计算偿付能力充足率， 即特征系数为…,2998,True,True,RFN-a9234f3e51470cc0;RFN-a9234f3e51470cc0
nfra,c0c68fecf4cc56e3641a945851e3718cd450a35e08e2a888752097c374f12276,金规〔2023〕4号,国家金融监督管理总局关于个人税收递延型商业养老保险试点与个人养老金衔接有关事项的通知,人身险部,INCLUDE,高,养老保险,,,,[title]…国家金融监督管理总局关于个人税收递延型商业养老保险试点与个人养老金衔接有关事项的通知 国家金融监督管理总局上海、江苏、福建、厦门监管局，中国银行保险信息技术管理…,6380,True,True,RFN-f792b13d40a82eb5;RFN-f792b13d40a82eb5
nfra,dddeebe7cb00675e9c4a73fa8d9f21d90974b3569ba37f1060cbd8ce5156e420,,中国人民银行 国家金融监督管理总局关于降低存量首套住房贷款利率有关事项的通知,统信部,EXCLUDE,中,,,分支机构,商业银行,[meta]…局关于降低存量中国人民银行上海总部，各省、自治区、直辖市、计划单列市分行；国家金融监督管理总局各监管局；各国有商业银行，中国邮政储蓄银行，各股份制商业银行：为落实党中央、国务院决策部署，坚持房子是用来住的、不是用来炒的定位，引导…,2348,True,False,
nfra,4676ca2345f1551d3b02931b91911447f04bbc0715dcae8772c9f6cc2ebed173,,中国人民银行 国家金融监督管理总局关于调整优化差别化住房信贷政策的通知,统信部,EXCLUDE,中,,,,商业银行|银行业金融机构,[meta]…贷政策的通知 中国人民银行上海总部，各省、自治区、直辖市、计划单列市分行；国家金融监督管理总局各监管局；各国有商业银行，中国邮政储蓄银行，各股份制商业银行：中国人民银行上海总部，各省、自治区、直辖市、计划单列市分行；国家金融监督…,1773,True,False,
nfra,45aef3a5dc5087358b4618727a0b688dd7220b5755a3434882b881b02a00c5c4,金发〔2023〕6号,国家金融监督管理总局 中国人民银行 中国证券监督管理委员会 国家互联网信息办公室 国家外汇管理局关于规范货币经纪公司数据服务有关事项的通知,非银部,EXCLUDE,中,,,,银行业,[body]…货币经纪公司数据服务的监督管理， 对存在违反法律法规和本通知规定的， 依法采取监管措施或者实施行政处罚。 中国银行业协会、 中国证券业协会、 中国外汇交易中心、 中国银行间市场交易商协会、 沪深北证券交易所等根据相关规定对货币…,3544,True,False,
nfra,60031c60a6d63b8cb7db9ef55f6df100feba89c3f723a8d9349d0fe406b6f740,银发〔2014〕287号,住房城乡建设部 中国人民银行 金融监管总局关于优化个人住房贷款中住房套数认定标准的通知,统信部,EXCLUDE,中,,,,商业银行|银行业|银行业金融机构,[meta]…疆生产建设兵团住房城乡建设局，中国人民银行上海总部、各省、自治区、直辖市、计划单列市分行，各金融监管局，各国有商业银行、中国邮政储蓄银行、各股份制商业银行：为贯彻落实党中央、国务院决策部署，坚持房子是用来住的、不是用来炒的定位，…,1525,True,False,
nfra,ba58350730cc449e0daa78414b7851be4d4fae9e07d958885d8cfdc59e397a0e,金规〔2023〕3号,国家金融监督管理总局 人力资源社会保障部关于印发精算师职业资格规定和精算师职业资格考试实施办法的通知,财会部(偿付能力部),BOUNDARY,低,健康保险|健康险|寿险,,,再保险公司,[body]…理统计》《经济金融综合》《精算数学》《精算模型与数据分析》《精算风险管理》5门科目。（二）正精算师级别考试分为寿险、非寿险、健康险、社会保险与养老金计划、金融风险管理、资产管理、数据科学7个专业类别，每个专业类别包括1门公共…,7090,True,True,RFN-37efb918591eff7f;RFN-37efb918591eff7f
nfra,fcd1dfc02bfbfcf92f967f74b194a4def3180f403d81a9e1c733f30451f43df3,,汽车金融公司管理办法,非银部,BOUNDARY,低,,,分支机构,银行业,[body]…的最低限额。 第十条 汽车金融公司可以在全国范围内开展业务。未经国家金融监督管理总局批准，汽车金融公司不得设立分支机构。第十一条 经国家金融监督管理总局批准，汽车金融公司可以设立境外子公司。具体设立条件、程序及监管要求由国家金融…,15861,True,False,
nfra,e2843705e779980448f191e619d2ff8ec197492fbbdaf28075cb39aeda445074,,中国人民银行 国家金融监督管理总局关于延长金融支持房地产市场平稳健康发展有关政策期限的通知,统信部,EXCLUDE,中,,,保险公司,信托公司|商业银行|金融资产,[meta]…行、营业管理部，各省会（首府）城市中心支行、副省级城市中心支行；各银保监局；国家开发银行、农业发展银行，各国有商业银行，中国邮政储蓄银行，各股份制商业银行；各信托公司、保险公司、金融资产管理公司：《中国人民银行 中国银行保险监督…,952,True,False,
nfra,6db746c5aec667e42ad3f8fedeab5268c3f0367bebc60f28e838bfec9ff0ad5c,金规〔2023〕2号,国家金融监督管理总局关于适用商业健康保险个人所得税优惠政策产品有关事项的通知,人身险部,INCLUDE,中,人身保险|人身保险公司|健康保险,,,,[meta]…国家金融监督管理总局关于适用商业健康保险个人所得税优惠政策产品有关事项的通知 各银保监局，各人身保险公司，中国银行保险信息技术管理有限公司，中国保险行业协会、中国精算师协会：各银保监局，各人身保险公司，中国银行保险…,6001,True,True,RFN-4d87ec365f1d5f20;RFN-4d87ec365f1d5f20
nfra,db3e72f2c1d70ad0ef3652b6de64a0d7f1ce09b7da34a013a029b639713b6f8a,金规〔2023〕1号,国家金融监督管理总局关于印发企业集团财务公司监管评级办法的通知,非银部,EXCLUDE,中,,,,银行业,[body]…险向财务公司传导，引导财务公司坚持主责主业、稳健经营和规范发展，持续提升服务实体经济能力，根据《中华人民共和国银行业监督管理法》、《企业集团财务公司管理办法》（以下简称《管理办法》）等有关法律、部门规章的规定，制定本办法。第二…,10209,True,False,
nfra,9b26103221565f0a77b23d6d6421306c16bea20a324149c3c4e2883733cb1d90,银保监规〔2023〕4号,中国银保监会关于印发农业保险精算规定（试行）的通知,财险部(再保部),EXCLUDE,中,,,保单|保险公司|保险条款,财产保险公司,[meta]…中国银保监会关于印发农业保险精算规定（试行）的通知 各银保监局，各财产保险公司：各银保监局，各财产保险公司：为完善农业保险精算制度，加快农业保险高质量发展，银保监会制定了《农业保险精算规定…,4402,True,False,
nfra,ff4b8dcafd224ea9eec2089ea8b5d4ad3ca4d9cec734e1388cf05979d815dbb9,银保监规〔2023〕3号,中国银保监会关于规范信托公司异地部门有关事项的通知,信托部,EXCLUDE,中,,,,信托公司,[title]…中国银保监会关于规范信托公司异地部门有关事项的通知 各银保监局：各银保监局：为优化信托公司跨区域经营模式，促进信托行业改革转型发展，更好服…,2916,True,False,
nfra,6e65d432307578698192122a42deb7e2fda0d72e2800de1a1783574c9a4d2789,银保监规〔2023〕2号,中国银保监会关于印发中资商业银行行政许可事项申请材料目录及格式要求的通知,法规部,EXCLUDE,中,,,,商业银行,[title]…中国银保监会关于印发中资商业银行行政许可事项申请材料目录及格式要求的通知 各银保监局，各政策性银行、大型银行、股份制银行：各银保监局，各政策性…,1055,True,False,
nfra,9cca025a4de81e5967cad0e46ae54ef951bd7108e5a6e79cac66354c666da614,银保监规〔2023〕1号,中国银保监会关于规范信托公司信托业务分类的通知,信托部,EXCLUDE,中,,,,信托公司,[title]…中国银保监会关于规范信托公司信托业务分类的通知 各银保监局，各信托公司，信托保障基金公司、信托登记公司、信托业协会：各银保监局，各信托公司…,6347,True,False,
nfra,a43b0ac72fc7ad999cf5e15a05022fa91d2ba53f6b4d1f2d4b7e963b25ec2678,银保监办发〔2023〕11号,中国银保监会办公厅关于印发银行业保险业贯彻落实《国务院关于支持山东深化新旧动能转换推动绿色低碳高质量发展的意见》实施意见的通知,政研局,BOUNDARY,低,健康保险|养老保险|养老保险公司,,,保险经纪机构|信托公司|再保险公司|商业银行|金融资产|银行业,[body]…。推动山东第三支柱养老保险规范发展，稳步推进专属养老保险等试点，支持山东合格机构设立理财子公司，支持符合条件的养老保险公司等专业机构在山东设立分支机构。鼓励保险机构参与山东长期护理保险试点，积极发展商业医疗保险，持续提升城市定制型医…,11980,True,True,RFN-02a4b14ceb0df951;RFN-02a4b14ceb0df951
nfra,f73241f71dcdf8f522c2426f740dddb1e49cd41131fa91b9c29a5b648e18867b,中国人民银行令〔2023〕第1号,商业银行金融资产风险分类办法,法规部,EXCLUDE,中,,,,商业银行|金融资产|银行业|银行业金融机构,[title]…商业银行金融资产风险分类办法 商业银行金融资产风险分类办法（中国银行保险监督管理委员会 中国人民银行令〔2023〕第…,11050,True,False,
nfra,3c303069119673fe6e92efbae659411932af0db3359355df2300ebd59e5daab9,银保监办发〔2023〕7号,中国银保监会办公厅关于财产保险业积极开展风险减量服务的意见,财险部(再保部),EXCLUDE,中,,,保险公司,财产保险公司,[meta]…中国银保监会办公厅关于财产保险业积极开展风险减量服务的意见 各银保监局，各财产保险公司，保险业协会、保险学会：各银保监局，各财产保险公司，保险业协会、保险学会：风险减量服务是财险业服务实体经济发展…,4753,True,False,
nfra,2dc957d214821d57e012ca927463e0c297bb65a1ca5eaf324cdf018186ff424d,银保监规〔2022〕23号,中国银保监会关于进一步扩大商业车险自主定价系数浮动范围等有关事项的通知,财险部(再保部),EXCLUDE,中,,,保险公司,财产保险公司,[meta]…中国银保监会关于进一步扩大商业车险自主定价系数浮动范围等有关事项的通知 各银保监局，各财产保险公司，保险业协会、精算师协会、银保信公司：各银保监局，各财产保险公司，保险业协会、精算师协会、银保信公司：车险综合…,1669,True,False,
nfra,ca640ff5e5b2fa4c23741909dfe7561f56cb5b6d0c81bc135b51d1dcb0f81d00,,银行保险监管统计管理办法,统信部,EXCLUDE,中,,,保险公司|保险机构|保险资产管理|分支机构,商业银行|金融资产|银行业,[meta]…银行保险监管统计管理办法 总  则  第一章  总  则 第一条  为加强银行业保险业监管统计管理，规范监管统计行为，提升监管统计质效，落实统计监督职能，促进科学监管和行业平稳健康发展，根据…,8395,True,True,RFN-646dc8a542fbd107
nfra,07708cef841697ea697d8cce6b8781fc2067a5060373fc24c799a1cefd89ae92,银保监规〔2022〕24号,中国银保监会关于印发一年期以上人身保险产品信息披露规则的通知,人身险部,INCLUDE,高,人身保险|人身保险公司|健康保险|养老保险,,,商业银行,[title]…中国银保监会关于印发一年期以上人身保险产品信息披露规则的通知 各银保监局，各人身保险公司：各银保监局，各人身保险公司：现将《一年期以上人身保险产品信…,13968,True,True,RFN-1d48caa9c48b47da;RFN-1d48caa9c48b47da
nfra,b683919caf53e08c9933ecf89e1f2a154ed0e3b829362df8378f12202cc79f72,银保监规〔2022〕22号,中国银保监会关于进一步规范汽车金融业务的通知,非银部,EXCLUDE,中,,,,银行业|银行业金融机构,[body]…《汽车贷款管理办法》。金融机构开展与购车相关的贷款业务时，应当严格执行《汽车贷款管理办法》（中国人民银行 中国银行业监督管理委员会令〔2017〕第2号）有关规定，合规发放个人汽车贷款。禁止向非购车人发放个人汽车贷款。（二）加强…,4007,True,False,
nfra,c6d6ae80980503e7b442d154cf284a43ae63c6c5b0c2c0d3324ff057e016038b,,银行保险机构消费者权益保护管理办法,消保局,EXCLUDE,中,,,保险公司|保险机构|分支机构,信托公司|再保险公司|商业银行|银行业|银行业金融机构,[meta]…权益保护管理办法 中国银监会办公厅会议通知第一章  总  则 第一条  为维护公平公正的金融市场环境，切实保护银行业保险业消费者合法权益，促进行业高质量健康发展，根据《中华人民共和国银行业监督管理法》《中华人民共和国商业银行法…,12282,True,True,RFN-e7f16ef940e67852
nfra,2133de46692f5472b49756c65a30bc448704031d9a9890993fe9e289e959888a,银保监规〔2022〕21号,中国银保监会关于印发外国银行分行综合监管评级办法（试行）的通知,国际部(港澳台办),EXCLUDE,中,,,,商业银行|银行业,[body]…管理和风险状况以及总行支持力度，合理配置监管资源，加强分类监管，促进外国银行分行稳健运营，根据《中华人民共和国商业银行法》、《中华人民共和国银行业监督管理法》、《中华人民共和国外资银行管理条例》（中华人民共和国国务院令第720号…,10494,True,False,
nfra,29ae0a6ab74910cf2697fe43dbd45a25309e2fa926cd3af95e0d1bbbb950ac26,银保监规〔2022〕20号,中国银保监会关于印发商业银行表外业务风险管理办法的通知,法规部,EXCLUDE,中,,,分支机构,信托公司|商业银行|金融资产|银行业,[title]…中国银保监会关于印发商业银行表外业务风险管理办法的通知 各银保监局，各大型银行、股份制银行、外资银行、直销银行：各银保监局，各大型银行、股…,10458,True,False,
nfra,bb358cdb4890099d2eb52d665053998f3833a41a456d4b9a0dcef8ced48d232a,银保监规〔2022〕18号,中国银保监会 国家互联网信息办公室工业和信息化部 市场监管总局关于规范“银行”字样使用有关事项的通知,法规部,EXCLUDE,中,,,保险公司|保险机构,商业银行|银行业金融机构,[meta]…），各政策性银行、大型银行、股份制银行、外资银行，各保险集团（控股）公司、保险公司：为严格落实《中华人民共和国商业银行法》等法律法规要求，进一步规范“银行”字样使用，现就有关事项通知如下：一、未经银保监会及其派出机构批准，任何法…,3396,True,True,RFN-d9a725afed1a974b;RFN-d9a725afed1a974b
nfra,d4e9840e46e44ec00797a1106d0c6e3faf233cb758048b539ffbe995418e996a,银保监规〔2022〕19号,银行保险机构公司治理监管评估办法,公司治理部,BOUNDARY,低,人身保险公司,,,再保险公司|商业银行|财产保险公司|金融资产|银行业,[body]…城市商业银行、民营银行、农村商业银行、农村合作银行、外资银行、保险集团（控股）公司、财产保险公司、再保险公司、人身保险公司、相互保险社、自保公司、金融资产管理公司、金融租赁公司、企业集团财务公司、汽车金融公司、消费金融公司及货币经纪…,8822,True,True,RFN-26b288d62629e5de;RFN-26b288d62629e5de
nfra,dd53143c5950296eb1144fdf03f7570b646a89ca9e3ee029a3b062fc6365704c,银保监办发〔2022〕12号,中国银保监会办公厅关于加强金融租赁公司融资租赁业务合规监管有关问题的通知,非银部,EXCLUDE,中,,,,银行业,[body]…点，不断提升服务实体经济质效。准确把握市场定位和功能定位，摒弃“类信贷”经营理念，突出“融物”特色功能，与传统银行业务实现差异互补。优化业务模式和结构，强化租赁物管理，重视租赁物风险缓释作用，做精做细租赁物细分市场，逐步提升直…,3406,True,False,
nfra,7d73645b0239f58ddc51e777e97ea1885c29ab42914b7bc81f03ed73b2504eb5,银保监规〔2022〕17号,中国银保监会关于保险公司开展个人养老金业务有关事项的通知,人身险部,INCLUDE,中,人身保险公司|养老保险|养老保险公司,,,,[meta]…中国银保监会关于保险公司开展个人养老金业务有关事项的通知 各银保监局，各人身保险公司，中国银行保险信息技术管理有限公司：各银保监局，各人身保险公司，中国银行保险信息技术管理有限公司：为推进多层次…,4617,True,True,RFN-5a78e0f919a97468;RFN-5a78e0f919a97468
nfra,7ae3ac5d61a71d44c81b557dbb2c6e0700473f511213237eb56bbda5e78831b7,中国银行保险监督管理委员会令〔2022〕第4号,商业汇票承兑、贴现与再贴现管理办法(中国人民银行 中国银行保险监督管理委员会令〔2022〕第4号),法规部,EXCLUDE,中,,,偿付能力|分支机构,商业银行|银行业,[body]…范商业汇票承兑、贴现与再贴现业务，根据《中华人民共和国票据法》《中华人民共和国中国人民银行法》《中华人民共和国银行业监督管理法》《中华人民共和国商业银行法》等有关法律法规，制定本办法。第二条 本办法所称商业汇票是出票人签发的，…,7444,True,False,
nfra,0e03e96a4019b1b5043896d0785f7e38ff93f6575db9236d54c483a00d95a94f,银保监规〔2022〕16号,中国银保监会关于印发商业银行和理财公司个人养老金业务管理暂行办法的通知,法规部,BOUNDARY,低,养老保险,,,商业银行|银行业,[meta]…理公司、养老金管理公司，中国银行保险信息技术管理有限公司、银行业理财登记托管中心有限公司：为推进多层次、多支柱养老保险体系建设，促 法规部    各银保监局，各大型银行、股份制银行、理财公司，各保险集团（控股）公司、保险公司、保…,18377,True,False,
nfra,87fb57ac1f5e138bbf7b6710c259a3d1681cbcbcc27586de9c4cc4ec5f7014ed,中国银行保险监督管理委员会令〔2022〕8号,人身保险产品信息披露管理办法,人身险部,INCLUDE,高,人寿保险|人身保险|健康保险|寿险,,,保险中介机构,[title]…人身保险产品信息披露管理办法 第一章  总  则第一章  总 则 第一条  为规范人身保险产品信息披露行为，促进行业健…,7985,True,True,RFN-b7e988dc5da7eff4;RFN-b7e988dc5da7eff4
nfra,d78e53bc48ca8cd5bda177180d7e0dc58d078849dc29ef10ec54138951cc3e7a,银保监办发〔2022〕104号,中国银保监会办公厅 住房和城乡建设部办公厅 中国人民银行办公厅关于商业银行出具保函置换预售监管资金有关工作的通知,统信部,EXCLUDE,中,,,,商业银行,[title]…中国银保监会办公厅 住房和城乡建设部办公厅 中国人民银行办公厅关于商业银行出具保函置换预售监管资金有关工作的通知 银保监办发〔2022〕104号各银保监局，各省、自治区、直辖市及新疆生…,4194,True,False,
nfra,e79c737719d9ea7211d3a94814569f7ae708f24b3f0608d3b96be1da53ea375c,中国银行保险监督管理委员会令〔2022〕7号,保险保障基金管理办法,机构恢复与处置司,INCLUDE,中,人寿保险|人身保险|人身保险公司|健康保险,,,财产保险公司,[body]…有人，是指对保单利益依法享有请求权的主体，包括投保人、被保险人或者受益人。 本办法所称保单受让公司，是指经营有人寿保险等长期人身保险业务的保险公司被依法撤销或者依法实施破产的，接受该保险公司依法转让长期人身保险合同的有相应资质的…,10672,True,True,RFN-92b37ba95eb0c95c;RFN-92b37ba95eb0c95c
nfra,bc89ca591432b47d182832882958588d30d485270a22bd303ff0954b4394082b,银保监规〔2022〕15号,中国银保监会关于印发财产保险灾害事故分级处置办法的通知,财险部(再保部),EXCLUDE,中,,,保单|保险公司|保险理赔|分支机构,财产保险公司|银行业,[meta]…中国银保监会关于印发财产保险灾害事故分级处置办法的通知 银保监规〔2022〕15号 各银保监局，各财产保险公司，银保信公司、上海保交所、保险业协会：为进一步建立财险业应对灾害事故处置工作机制，提升财险业灾害事故处置能力，…,8276,True,False,
nfra,ff251127f64fe32959bc48fad2286cde2d260147d7aa96e9b4b207e4af33e0b1,中国银行保险监督管理委员会令〔2022〕6号,企业集团财务公司管理办法,非银部,EXCLUDE,中,,,分支机构,商业银行|金融资产|银行业,[meta]…简称财务公司）行为，防范金融风险，促进财务公司稳健经营和健康发展，依据《中华人民共和国公司法》《中华人民共和国银行业监督管理法》等法律法规，制定本办法。第二条  本办法所称财务公司，是指以加强企业集团资金集中管理和提高企业集团…,18808,True,False,
nfra,02d29f55420ad2b748a522cd7960e546de3c0e4e745b04fcb320bb358a0798d8,银保监发〔2022〕29号,中国银保监会 中国人民银行关于推动动产和权利融资业务健康发展的指导意见,政研局,BOUNDARY,低,,,保险公司|分支机构,银行业,[body]…管方不得重复出具仓储单据或类似证明。在风险可控前提下，支持接受监管方签发的标准化、格式化电子仓单。银行机构可与保险公司合作，引入保险机制，加强押品灭失、失控等保险保障。（十三）推进新技术在押品管控中的应用。银行机构应积极推动运用…,7556,True,False,
nfra,01ebf8b274d1e7d74bbb1376fffa5b4e89a1741cac90a1c3bccbd132d154cf6c,中国银行保险监督管理委员会令〔2022〕5号,中国银保监会关于修改部分行政许可规章的决定,法规部,EXCLUDE,中,,,分支机构,信托公司|商业银行|金融资产|银行业|银行业金融机构,[meta]…中国银保监会关于修改部分行政许可规章的决定 2022年第5号为进一步推进简政放权工作，优化银行业市场准入工作程序，银保监会决定对部分行政许可规章进行修改：一、将《中国银保监会中资商业银行行政许可事项实施办法…,185470,True,False,
nfra,74e3d174ec20ee28a3462bed88845b3ceae1e630552c04d3a4ef73d9c13c74e3,国发〔2021〕12号,中国银保监会办公厅  商务部办公厅关于开展铁路运输单证金融服务试点更好支持跨境贸易发展的通知,政研局,EXCLUDE,中,,,保险公司|保险机构|分支机构,再保险公司|财产保险公司|银行业,[meta]…四川、厦门、青岛银保监局、商务主管部门，各政策性银行、大型银行、股份制银行、外资银行，各保险集团（控股）公司、财产保险公司、再保险公司，银行业协会：   近年来，中欧班列等跨境铁路运输快速发展，部分地区银行保险机构依托铁路运输单证、…,3643,True,False,
nfra,4c556c32835f1fddf809ecf03e7d812d0c9f808f38586c22b18fef691a3f6ecb,中国银行保险监督管理委员会令〔2022〕4号,理财公司内部控制管理办法,创新部,EXCLUDE,中,,,保险机构,商业银行|银行业,[meta]…理财公司内部控制管理办法 2022年第4号第一章  总则 第一条  根据《中华人民共和国银行业监督管理法》等法律法规，以及《人民银行  银保监会  证监会  外汇局关于规范金融机构资产管理业务的指导意见》…,14244,True,False,
nfra,bbfb6b93e43bd2f5c4acab7be88662a9fa36309391a1911fe6597725397c156c,银发〔2022〕175号,中国人民银行 中国银行保险监督管理委员会关于保险公司发行无固定期限资本债券有关事项的通知,财会部(偿付能力部),BOUNDARY,低,,,保险公司|偿付能力,,[title]…中国人民银行 中国银行保险监督管理委员会关于保险公司发行无固定期限资本债券有关事项的通知 关于保险公司发行无固定期限资本债券银发〔2022〕175号 各保险公司：…,3305,True,True,RFN-dddd4931464533fa
nfra,eb3a5494599bba1964269365604861226b76d503163fd03dc3a0a950d44bebb7,中国银行保险监督管理委员会令〔2022〕2号,保险资产管理公司管理规定,资金部,BOUNDARY,低,养老保险,,,商业银行|金融资产,[body]…专业服务；（六）银保监会批准的其他业务；（七）国务院其他部门批准的业务。前款第（二）项所述“其他资金”包括基本养老保险基金、社会保障基金、企业年金基金、职业年金基金等资金及其他具备相应风险识别和风险承受能力的境内外合格投资者的资…,24834,True,True,RFN-6686a0522d059661;RFN-6686a0522d059661
nfra,4fbca87e0f55a756155ad80b9b893bf2d4a7d3ca63a54946a765cab2d0f2d704,银保监发〔2022〕16号,中国银保监会 上海市人民政府关于印发中国（上海）自由贸易试验区临港新片区科技保险创新引领区工作方案的通知,政研局,EXCLUDE,中,,,保险产品|保险公司|保险机构|保险资产管理|保险资金|分支机构,保险公估|保险经纪公司|再保险公司|银行业,[body]…响力和行业引领性的外商独资、中外合资金融机构。在依法合规前提下，鼓励国际上具有科技风险管理先进技术的保险公司、再保险公司和具有科技保险服务成熟经验的保险经纪公司、保险公估公司在临港新片区内设立机构。（十）构建国际化科技保险交易体系…,12659,True,True,RFN-3a38f57a4a85e2c7;RFN-3a38f57a4a85e2c7
nfra,2a35396f380ea8544982dbf79f9210f1d7819fedea422871ead83caccacbf53a,银保监规〔2022〕14号,中国银保监会关于加强商业银行互联网贷款业务管理提升金融服务质效的通知,法规部,EXCLUDE,中,,,,信托公司|商业银行|银行业金融机构,[title]…中国银保监会关于加强商业银行互联网贷款业务管理提升金融服务质效的通知 银保监规〔2022〕14号各银保监局，各大型银行、股份制银行、外资银…,3783,True,False,
nfra,832d6a0fc768cc08b7165bc21fde3380fdd376329e1a7e1de98abdfec7650a2b,银保监办发〔2022〕70号,中国银保监会办公厅关于进一步推动金融服务制造业高质量发展的通知,政研局,BOUNDARY,低,,,保单|保险公司|保险机构|保险理赔|保险资产管理|保险资金|偿付能力|分支机构,银行业,[meta]…的通知 银保监办发〔2022〕70号 各银保监局，各政策性银行、大型银行、股份制银行，各保险集团（控股）公司、保险公司、保险资产管理公司：为深入贯彻落实党中央、国务院关于金融服务制造业的决策部署，进一步推动银行业保险业完善制造业…,5281,True,False,
nfra,b031cc37ac90a06ab7e4adbb29dee9e063c911cdb55b2cfe0c459f92a55699e9,银保监规〔2022〕12号,中国银保监会关于印发金融资产投资公司资本管理办法（试行）的通知,大型银行部,EXCLUDE,中,,,,商业银行|金融资产|银行业,[title]…中国银保监会关于印发金融资产投资公司资本管理办法（试行）的通知 各银保监局，工商银行、农业银行、中国银行、建设银行、交通银行，各金融资产投…,31559,True,False,
nfra,affab04f7551d2339afa15c157167c8fffd6956e0d4e024e4f33ee66cfdb805d,银保监规〔2022〕13号,中国银保监会 中国人民银行关于进一步促进信用卡业务规范健康发展的通知,创新部,EXCLUDE,中,,,分支机构,商业银行|银行业|银行业金融机构,[body]…支付机构，中国银联股份有限公司、网联清算有限公司、连通（杭州）技术服务有限公司：为规范信用卡业务经营行为，落实银行业金融机构及其合作机构管理责任，提升信用卡服务质效，保护金融消费者合法权益，坚持以人民为中心的发展思想，促进信用卡业务以…,13053,True,False,
nfra,a9085bd8ba2c90dc2a15afef79309b580e2fe4419a797d9275dab5464338bc4f,,中国银保监会2022年规章立法工作计划,法规部,BOUNDARY,低,人身保险,,,商业银行,[meta]…行服务价格管理办法》修订6《商业银行托管业务监督管理办法》制定7《政策性金融机构行政许可事项实施办法》制定8《人身保险产品信息披露管理办法》制定9《保险销售行为管理办法》制定10《保险保障 法规部    中国银保监会2022年规…,903,True,True,RFN-a3cd627cf001d29f
nfra,c2c8262f5b48b500607a724f360bcf9513af7a639be73c0f984fd4005eeb7438,银保监办发〔2022〕64号,中国银保监会办公厅关于进一步做好受疫情影响困难行业企业等金融服务的通知,政研局,EXCLUDE,中,,,保单|保险产品|保险公司|保险机构|保险理赔|分支机构,商业银行|银行业,[meta]…）、新疆生产建设兵团地方金融监督管理局，各政策性银行、大型银行、股份制银行，各保险集团（控股）公司、保险公司，银行业协会、保险业协会：为深入贯彻党中央、国务院决策部署，按照疫情要防住、经济要稳住、发展要安全的要求，进一步加强对…,9250,True,False,
nfra,3e1194afc75361623b965430ad0bcffd02df0fd89db6389b837126059a954272,银保监规〔2022〕11号,中国银保监会关于加强保险机构资金运用关联交易监管工作的通知,资金部,BOUNDARY,低,,,保险公司|保险机构|保险资产管理|保险资金,,[title]…中国银保监会关于加强保险机构资金运用关联交易监管工作的通知 各银保监局，各保险集团（控股）公司、保险公司、保险资产管理公司，保险业协会、保…,6936,True,True,RFN-864eb2c88b0a5def;RFN-864eb2c88b0a5def
nfra,6a296c0afc5afd005d17009bf4a4ea0e32e7ce0a5b1e7f2088fcdc21151f7974,银保监发〔2022〕15号,中国银保监会关于印发银行业保险业绿色金融指引的通知,政研局,EXCLUDE,中,,,保险公司|保险机构|保险资产管理|保险资金|分支机构,再保险公司|商业银行|银行业|银行业金融机构,[title]…中国银保监会关于印发银行业保险业绿色金融指引的通知 中国银保监会关于印发 各银保监局，各政策性银行、大型银行、股份制银行，各保险集团（控…,10095,True,True,RFN-274307463e9b6d47;RFN-274307463e9b6d47
nfra,ea081c033325e304c9c196ed94bf06b79c02acc187ce7fb043e75ec8fd9a31ce,银保监发〔2022〕11号,中国银保监会关于印发保险业标准化“十四五”规划的通知,统信部,BOUNDARY,低,人身保险|健康保险|养老保险,,,保险中介机构,[body]…部沟通和外部交流的规范性、通用性语言，对保险业稳健发展具有重要意义。《产险单证》《财产保险业务要素数据规范》《人身保险业务要素数据规范》等标准对财产保险、人身保险的条款、格式、数据作出通用约定，增强了保险业务的规范性，促进了保险…,16575,True,True,RFN-880a34fa8a87cd4a;RFN-880a34fa8a87cd4a
nfra,d8e0d947497584526b6796c3f10d904edfccf8d5843511e34f3c867b936e3282,银保监规〔2022〕10号,中国银保监会关于印发商业银行预期信用损失法实施管理办法的通知,财会部(偿付能力部),EXCLUDE,中,,,偿付能力,商业银行,[title]…中国银保监会关于印发商业银行预期信用损失法实施管理办法的通知  财会部(偿付能力部)…,47,False,False,
nfra,866b7005caf69ba14126d156a98095bc10d6359043de1a00d233181fccf12225,银发〔2022〕115号,中国人民银行 中国银行保险监督管理委员会关于调整差别化住房信贷政策有关问题的通知,统信部,EXCLUDE,—,,,,,,1160,True,False,
nfra,c60b53d9020fba4131b5f5837113c276cdd5e3d7ccedb7593e3ed7d0907be501,银保监发〔2022〕10号,中国银保监会关于银行业保险业支持城市建设和治理的指导意见,政研局,BOUNDARY,低,养老保险,,,商业银行|银行业,[body]…养老服务网络、依托基层和社区卫生服务网络开展的老年养护服务项目等养老服务体系发展提供助力。继续规范发展第三支柱养老保险，鼓励开发具备较强养老功能的金融产品，满足差异化养老需求。（三）加强金融消费者合法权益保护，促进城市和谐发展。…,10349,True,True,RFN-7e33cdb0dc08ada8;RFN-7e33cdb0dc08ada8
nfra,2abcef44445a4ed8b93d57ae3fdaa1088e3b1c8d10aa4b8642c063fb3498fbda,银保监规〔2022〕9号,中国银保监会关于印发保险资金委托投资管理办法的通知,资金部,EXCLUDE,中,,,保险公司|保险资产管理|保险资金|偿付能力,商业银行,[body]…受托开展不动产金融产品投资的， 应当具备债权投资计划产品管理能力。 第七条 保险公司应当聘请符合银保监会规定的商业银行等专业机构担任委托投资资产的托管人。 托管人应当按规定忠实履行托管职责， 妥善保管托管财产， 有效监督投资行为…,7234,True,True,RFN-122a9682820821f9;RFN-122a9682820821f9
nfra,2dc2b8f9eac5415c649585c33fea03fd504ad1ba4e9b0f81eb0fed6ef62973f0,银保监规〔2022〕7号,中国银保监会关于保险资金投资有关金融产品的通知,资金部,EXCLUDE,中,,,保险公司|保险机构|保险资产管理|保险资金|偿付能力,信托公司|商业银行|基金管理公司|证券公司|金融资产,[meta]…管理委员会令2018年第1号）及相关规定，现就保险资金投资金融产品有关事项通知如下：一、本通知所称金融产品是指商业银行或理财公司、信托公司、金融资产投资公 资金部    各保险集团（控股）公司、保险公司、保险资产管理公司：各保险…,7138,True,True,RFN-00a507b7a4c33c1d;RFN-00a507b7a4c33c1d
nfra,95d4e5e36315da67e7fb3e358377004556a4478a4e5d18a07b54dc2d26fdd354,银保监规〔2022〕8号,中国银保监会关于规范和促进商业养老金融业务发展的通知,人身险部,INCLUDE,中,人身保险公司|养老保险,,,,[meta]…中国银保监会关于规范和促进商业养老金融业务发展的通知 各银保监局，各大型银行、股份制银行、理财公司、人身保险公司，建信养老金管理有限责任公司：各银保监局，各大型银行、股份制银行、理财公司、人身保险公司，建信养老金管理有限责…,3007,True,True,RFN-c34308e830ead05b;RFN-c34308e830ead05b
nfra,ecb38202e153da0ae13769e42ef9fcf1178508911bc5efccb6fe3035d6aaf841,银发〔2022〕100号,中国人民银行 中国银行保险监督管理委员会关于全球系统重要性银行发行总损失吸收能力非资本债券有关事项的通知,法规部,EXCLUDE,中,,,,商业银行|银行业,[meta]…防范化解系统性金融风险，维护金融稳定，保护投资者合法权益，根据《中华人民共和国中国人民银行法》《中华人民共和国商业银行法》《全球系统重要性银行总损失吸收能力管理办法》（中国人民银行 中国银行 法规部    中国人民银行 中国银行…,2658,True,False,
nfra,7a71c6702d2f51e35231bcf891e252d803a3aa04c648b81a671cd87504dd5a42,银保监发〔2022〕8号,中国银保监会 交通运输部关于银行业保险业支持公路交通高质量发展的意见,统信部,BOUNDARY,低,,,保险产品|保险公司|保险机构|保险资产管理|保险资金,金融资产|银行业|银行业金融机构,[meta]…，各政策性银行、大型银行、股份制银行、外资银行、直销银行、金融资产管理公司、理财公司，各保险集团（控股）公司、保险公司、保险资产管理公司、养老金管理公司： 各银保监局，各省、自治区、直辖市交通运输厅（局、委），各政策性银行、大型…,6919,True,False,
nfra,bd0bde5eb71b8c6cd07a398d62e0af16af1d017cfdf6e54657093aff70e90ec2,国办发〔2021〕52号,国家发展改革委办公厅 银保监会办公厅关于加强信用信息共享应用推进融资信用服务平台网络建设的通知,普惠金融部,EXCLUDE,中,,,,银行业金融机构,[body]…读力度，广泛动员辖区内中小微企业和个体工商户在地方平台进行实名注册，并主动完善相关信息，扩大市场主体覆盖面。各银行业金融机构要积极对接各级平台，把握好信用信息共享深化的有利时机，强化自身数据能力建设，充分利用信用信息资源和银行内部金融…,5255,True,False,
nfra,b55d520af5022001e1736ed1325e91f6523db84bf42e14454bf3b0f15889703b,银保监办发〔2022〕40号,中国银保监会办公厅关于金融支持货运物流保通保畅工作的通知,政研局,EXCLUDE,中,,,保险公司|保险机构|保险资产管理,商业银行|金融资产,[meta]…关于金融支持货运物流保通保畅工作的通知 000001各银保监局，各政策性银行、大型银行、股份制银行、外资银行、金融资产管理公司，各保险集团（控股）公司、保险公司、保险资产管理公司，各会管单位：为深入贯彻落实党中央、国务院决策部署…,2617,True,False,
nfra,55168db52364555f533a2d43a7e326e67763cb169454cda0260d52e0d085ffb5,银保监办发〔2022〕37号,中国银保监会办公厅关于2022年进一步强化金融支持小微企业发展工作的通知,普惠金融部,EXCLUDE,中,,,保单|保险产品|保险公司|保险机构|保险理赔|分支机构,商业银行|银行业|银行业金融机构,[body]…济大盘。巩固和完善差异化定位、有序竞争的金融供给格局。进一步提升金融服务的质量和效率，扩展服务覆盖面。稳步增加银行业对小微企业的信贷供给，优化信贷结构，促进综合融资成本合理下降。丰富普惠保险产品和业务，更好地为小微企业提供融资…,10514,True,False,
nfra,744b7d70112776edeec57dc7ce72df4d07e0dae7b87234339da68cb254c9e367,银保监办发〔2022〕35号,中国银保监会办公厅关于2022年银行业保险业服务全面推进乡村振兴重点工作的通知,普惠金融部,BOUNDARY,低,人身保险|人身险公司|健康保险|养老保险|寿险,,,商业银行|银行业,[body]…小农户农业保险投保率。加快发展应对台风、地震、洪涝等重大自然灾害的保险业务，提高农业农村自然灾害保险保障水平。人身险公司要针对农村居民需求，特别是脱贫地区群众需求，扩大意外伤害险、定期寿险、健康保险、养老保险等人身保险产品供给。切…,9311,True,True,RFN-8d93a321dad29046;RFN-8d93a321dad29046
nfra,f0079f66566be2f520a84ad592591e0aa12f458ee70e2cfc04b9c7f8d5849e3a,银保监发〔2022〕7号,中国银保监会关于印发银行业保险业法治建设实施方案的通知,法规部,EXCLUDE,中,,,保险公司|保险机构|保险资产管理,信托公司|商业银行|金融资产|银行业,[title]…中国银保监会关于印发银行业保险业法治建设实施方案的通知 银保监字〔2022〕××号           签发人：×××各银保监局，各政策…,12530,True,False,
nfra,09ed20279147bf1cb5b2495ccf0dab8f7e9e8df9935caf8e40fa72fbbd70b4b3,银保监规〔2022〕6号,中国银保监会关于印发保险公司非寿险业务准备金管理办法实施细则（1—7号）的通知,财险部(再保部),BOUNDARY,低,健康保险,,,,[body]…、 《关于编报保险公司非寿险业务准备金评估报告有关事项的通知》（保监产险〔2012〕651 号）同时废止。 《健康保险管理办法》（中国银行保险监督管理委员会令 2019 年第 3 号）和《意外伤害保险业务监管办法》（银保监办发〔…,1055,True,True,RFN-88a77c8e05338809;RFN-88a77c8e05338809
nfra,84dce4421cc6c6cd50e53c72abe3d3f008c787f9233e1805879634441133be53,银保监发〔2022〕4号,中国银保监会 中国人民银行关于加强新市民金融服务工作的通知,大型银行部,BOUNDARY,低,健康保险|养老保险,,,信托公司|商业银行|银行业,[body]…发展普惠性学前教育责任险和意外险业务，为新市民家庭学龄前儿童教育抚养解决后顾之忧。六、加强与政府部门合作，提高健康保险服务水平（十六）充分发挥商业健康保险的补充作用。鼓励保险机构加强与医保部门合作，推动商业健康保险与基本医疗保险…,9247,True,False,
nfra,0ecff2f19c124f0a1d84791b7a0b234b0a6d6035c0e3d2ddd6b52a9abc58fb74,银保监规〔2022〕5号,中国银保监会 住房和城乡建设部关于银行保险机构支持保障性租赁住房发展的指导意见,统信部,EXCLUDE,中,,,保险公司|保险机构|保险资产管理|保险资金|分支机构,信托公司|商业银行|金融资产|银行业金融机构,[meta]…设厅（委、管委），新疆生产建设兵团住房和城乡建设局，国家开发银行，各大型银行、股份制银行、外资银行、直销银行、金融资产管理公司、金融资产投资公司、理财公司，各保险集团（控股）公司、保险公司、保险资产管理公司、养各银保监局，各省、…,7286,True,False,
nfra,87189337b3fe17e513f38c2e5460194559a5fe3a0dd45b5796848540b742f1d6,银保监规〔2022〕4号,中国银保监会关于印发农业保险承保理赔管理办法的通知,财险部(再保部),EXCLUDE,中,,,保单|保险公司|保险机构|保险条款|分支机构,财产保险公司,[meta]…中国银保监会关于印发农业保险承保理赔管理办法的通知 农业保险承保理赔管理办法各银保监局，各财产保险公司：为强化农业保险业务监管，规范农业保险承保理赔行为，切实保护农业保险活动当事人合法权益，促进农业保险高质量发展…,13791,True,False,
nfra,559f95ffd5d76df1cba7ae1c8bfcaf84f9766df679a6ca080d48f12d9c01b6ae,银保监规〔2022〕3号,中国银保监会关于印发融资租赁公司非现场监管规程的通知,普惠金融部,BOUNDARY,低,,,分支机构,,[body]…赁公司非现场监管主体责任，负责本地区融资租赁公司法人机构非现场监管工作。融资租赁公司跨省、自治区、直辖市设立的分支机构和特殊项目公司（SPV)，其非现场监管工作由融资租赁公司法人机构注册地地方金融监管部门负责，分支机构和特殊项目…,6778,True,False,
nfra,976f71a481649800ffee3ca647d40dadf2fb70a92d8a01eb5655dedbdcdc467e,国办发〔2021〕22号,中国人民银行 中国银行保险监督管理委员会关于保障性租赁住房有关贷款不纳入房地产贷款集中度管理的通知,统信部,EXCLUDE,中,,,分支机构,商业银行|银行业金融机构,[meta]…分行、营业管理部，各省会（首府）城市中心支行、副省级城市中心支行；各银保监局；国家开发银行，各政策性银行、国有商业银行，中国邮政储蓄银行，各股份制商业银行：银发〔2022〕30号 中国人民银行上海总部，各分行、营业管理部，各省会…,1591,True,False,
nfra,3bccf0b8fc07fc3d50f7faefae66774fe6b0b8e69573b5f4417c88c727385ce4,银保监办发〔2022〕2号,中国银保监会办公厅关于银行业保险业数字化转型的指导意见,统信部,BOUNDARY,低,,,保险公司|保险机构|保险资产管理,金融资产|银行业,[meta]…型银行、股份制银行、外资银行、直销银行、金融资产管理公司、金融资产投资公司、理财公司，各保险集团（控股）公司、保险公司、保险资产管理公司、养老金管理公司：各银保监局，各政策性银行、大型银行、股份制银行、外资银行、直销银行、金融资…,11119,True,True,RFN-7401ccdf3b72c1be;RFN-7401ccdf3b72c1be
nfra,8d83931c977501525d17e87d9b2525e712662fa04e0c88b8b5bd7d7d62ca0c36,银保监规〔2022〕2号,中国银保监会关于规范银行服务市场调节价管理的指导意见,消保局,EXCLUDE,中,,,分支机构,商业银行|银行业|银行业金融机构,[meta]…关于规范银行服务市场调节价管理的指导意见 各银保监局，各政策性银行、大型银行、股份制银行、外资银行、直销银行，银行业协会：为规范银行服务市场调节价管理，提升服务实体经济质效，改善人民群众金融消费体验，依据《中华人民共和国银行业…,7776,True,False,
nfra,52621f79b6e5e389e974d8964031c2dc34757dc75ca4dd30c46c242b365a5256,中国银行保险监督管理委员会令〔2022〕3号,保险公司非现场监管暂行办法,人身险部,INCLUDE,中,人身保险公司,,,再保险公司|财产保险公司,[body]…果、拟采取的监管措施等信息。第二十四条 机构监管部门根据保险公司的业务范围和机构层级，制定适用于财产保险公司、人身保险公司和再保险公司的风险监测和非现场监管评估指引，明确风险监测指标的定义和非现场监管评估的方法，并根据保险行业和金融…,8247,True,True,RFN-4cc516fe3b3639ea;RFN-4cc516fe3b3639ea
nfra,14b18212f61c3d3af78d4ade87ea0de94c344516ba703af12a595ae1b8635d4d,银保监规〔2022〕1号,中国银保监会关于精简保险资金运用监管报告事项的通知,资金部,BOUNDARY,低,,,保险公司|保险资金,,[title]…中国银保监会关于精简保险资金运用监管报告事项的通知 银保监规〔2022〕1号各保险集团（控股）公司、保险公司：为进一步落实国务院“放管服”…,967,True,True,RFN-7f4d5c1609742630;RFN-7f4d5c1609742630
nfra,be759cb4c389c230ea9984317c93d08821e48e553f037e605d22acbbdf37d7ae,中国银行保险监督管理委员会令〔2022〕1号,银行保险机构关联交易管理办法,公司治理部,EXCLUDE,中,,,保险公司|保险机构|保险资产管理|保险资金,信托公司|商业银行|金融资产|银行业,[body]…交易行为，防范关联交易风险，促进银行保险机构安全、独立、稳健运行，根据《中华人民共和国公司法》《中华人民共和国银行业监督管理法》《中华人民共和国商业银行法》《中华人民共和国保险法》《中华人民共和国信托法》等法律法规，制定本办法…,24941,True,True,RFN-29d3d5575cdc896c;RFN-29d3d5575cdc896c
nfra,c13ab39fd749658d41f0798f1ec847e897bf0bab196ceb386d80c14c8f1401e4,银保监办发〔2021〕143号,中国银保监会办公厅关于印发金融租赁公司项目公司管理办法的通知,非银部,EXCLUDE,中,,,,银行业,[meta]…条  为规范金融租赁公司通过项目公司形式开展融资租赁业务，强化风险防范，促进业务健康发展，根据《中华人民共和国银行业监督管理法》《中华人民共和国公司法》《金融租赁公司管理办法》《金融租赁公司专业子公司管理暂行规定》等法律法规和…,6715,True,True,RFN-27d6a2e1e857bda0;RFN-27d6a2e1e857bda0
nfra,071d42cfdb9eb109be5f291d1b057d3f434230895b383d54fc4ba965dc82bc92,银保监办发〔2021〕141号,中国银保监会办公厅关于印发银行保险机构信息科技外包风险监管办法的通知,统信部,EXCLUDE,中,,,保险公司|保险机构|保险资产管理,商业银行|金融资产|银行业|银行业金融机构,[meta]…行保险机构信息科技外包风险监管办法的通知 各银保监局，各政策性银行、大型银行、股份制银行、外资银行、直销银行、金融资产管理公司、金融资产投资公司、理财公司，各保险集团（控股）公司、保险公司、保险资产管理公司、养老金管理公司、保险…,17869,True,True,RFN-2e59d19571d19b2e;RFN-2e59d19571d19b2e
nfra,ea762c4935e4350fe271e1fe26981fdf703af809557a6c8694091b38d41762c3,银保监发〔2021〕52号,中国银保监会关于实施保险公司偿付能力监管规则（Ⅱ）有关事项的通知,财产保险监管司（再保险监管司）,INCLUDE,中,人身保险公司|寿险,,,财产保险公司,[body]…分的证据显示其应纳税所得额持续为正的趋势发生根本性、长期性逆转时，方可终止确认所得税准备。所得税准备以财务报表寿险合同负债剩余边际金额的10%作为其认可价值。（二）《保险公司偿付能力监管规则第1号：实际资本》第十三条关于投资…,7829,True,True,RFN-4550d27d7367058e;RFN-4550d27d7367058e
nfra,4bc12cdd295c224d331e1da59771edc1feff2b1b5694f8764aed5bfb3fdd32bd,银保监发〔2021〕51号,中国银保监会关于印发保险公司偿付能力监管规则（Ⅱ）的通知,财会部(偿付能力部),BOUNDARY,低,,,保险公司|保险消费者|保险资产管理|偿付能力,,[title]…中国银保监会关于印发保险公司偿付能力监管规则（Ⅱ）的通知 各银保监局，各保险集团（控股）公司、保险公司、保险资产管理公司：各银保监局，各保…,652,True,True,RFN-e6617caf260fb45e;RFN-e6617caf260fb45e
nfra,190f412d91f77082fd44c6c51eaca9c4b36f379e0b1d7b2d74d9e0b8fa777f82,银保监发〔2021〕131号,中国银保监会办公厅关于精简保险资产管理公司监管报告事项的通知,资金部,BOUNDARY,低,,,保险公司|保险机构|保险资产管理,,[title]…中国银保监会办公厅关于精简保险资产管理公司监管报告事项的通知 各保险资产管理公司：为进一步落实国务院“放管服”改革要求，聚焦风险监管，提高监管质效，…,1014,True,True,RFN-9661dd2d093dfcfe;RFN-9661dd2d093dfcfe
nfra,fa38c5a820b1eeb292a0041ce0d94b03df61dc5947555cbd3f26bd16292aa92c,银保监办发〔2021〕128号,中国银保监会办公厅关于明确保险中介市场对外开放有关措施的通知,中介部,EXCLUDE,中,,,,保险公估|保险经纪|保险经纪公司|保险经纪机构,[meta]…进保险业健康有序发展，经银保监会同意，现将有关事项通知如下：一、允许有实际业务经验并符合银保监会相关规定的境外保险经纪公司在华投资设立的保险经纪公司经营保险经纪业务。 中介部    为进一步扩大保险业对外开放， 促进保险业健康有序发…,1265,True,True,RFN-59b9c4fc9ad76efd;RFN-59b9c4fc9ad76efd
nfra,bb096812caa6b9805f23cd2aae6e388efe40ae4205bcde5ad72b362b646a2483,银保监发〔2021〕47号,中国银保监会关于修改保险资金运用领域部分规范性文件的通知,资金部,BOUNDARY,低,,,保险公司|保险机构|保险资产管理|保险资金,金融资产,[title]…中国银保监会关于修改保险资金运用领域部分规范性文件的通知 各保险集团（控股）公司、保险公司、保险资产管理公司：为进一步深化“放管服”改革，…,4356,True,True,RFN-02c6c20ac0c9ff87;RFN-02c6c20ac0c9ff87
nfra,b3b29775a9c717ff0f8224d0331c0b3fd460383e438fdf92315030f0352781e9,中国银行保险监督管理委员会令〔2021〕14号,理财公司理财产品流动性风险管理办法,创新部,EXCLUDE,中,,,,商业银行|银行业|银行业金融机构,[meta]…理财公司理财产品流动性风险管理办法 第一章　总则第一章　总则 第一条　根据《中华人民共和国银行业监督管理法》等法律、行政法规，以及《关于规范金融机构资产管理业务的指导意见》《商业银行理财业务监督管理办法》《…,13987,True,False,
nfra,6758b0db0b84d3bb955308ce6a86f3680807b8bfe7d303d6d40bc96fc3dca19c,银保监办发〔2021〕121号,中国银保监会办公厅关于保险资金参与证券出借业务有关事项的通知,资金部,EXCLUDE,中,,,保险公司|保险机构|保险资产管理|保险资金|偿付能力,商业银行|基金管理公司|证券公司,[body]…证券出借业务的，不受前款第（四）（五）项的限制。五、保险机构通过约定申报方式参与境内转融通证券出借业务的，借券证券公司上一会计年度末经审计的净资产不得低于60亿元人民币、最近一年分类监管评级不得低于A类。六、保险机构参与境内债券…,5034,True,True,RFN-15cf23e082283da3;RFN-15cf23e082283da3
nfra,5abb8f83294e2a98db165c4acbe23026785cdb87bb4c4e08668731d630973e64,银保监发〔2021〕46号,中国银保监会关于银行业保险业支持高水平科技自立自强的指导意见,政研局,EXCLUDE,中,,,保单|保险产品|保险公司|保险机构|保险资金,保险经纪机构|信托公司|商业银行|金融资产|银行业,[title]…中国银保监会关于银行业保险业支持高水平科技自立自强的指导意见 为深入贯彻党中央、国务院关于完善金融支持创新体系的决策部署，推动银行业…,8484,True,True,RFN-86c997f8e8e3fffd;RFN-86c997f8e8e3fffd
nfra,7ce08f2bc5634c24cec2f1373e524c001bcd96ab883a024be7c52dd9fc857645,中国银行保险监督管理委员会令〔2021〕13号,保险集团公司监督管理办法,公司治理部,EXCLUDE,中,,,保单|保险公司|保险机构|保险消费者|保险资产管理|保险资金|偿付能力|分支机构,保险公估|保险经纪机构|商业银行,[body]…条 保险集团公司可以投资下列保险类企业： （一）保险公司； （二）保险资产管理机构； （三）保险专业代理机构、保险经纪机构和保险公估机构； （四）银保监会批准设立的其他保险类企业。 第十六条 保险集团公司可以投资非保险类金融企业。…,27498,True,True,RFN-9fc6edfd17d7c304;RFN-9fc6edfd17d7c304
nfra,bb392c8ddc61c25bbff57a53f641b570c1a819133a64742613d19afa5f795dbc,银保监办发〔2021〕124号,中国银保监会办公厅关于衍生工具交易对手违约风险资产计量规则有关问题的通知,法规部,EXCLUDE,中,,,,商业银行|银行业金融机构,[body]…门，现就有关问题通知如下：一、关于《衍生工具交易对手违约风险资产计量规则》第四条规定的净额结算组合认定标准，如商业银行的交易对手为经我国金融监督管理部门批准设立的金融机构，且交易双方签署《中国银行间市场金融衍生产品交易主协议》《…,2060,True,False,
nfra,910a72818c774b8df862fb80ac8f49fc6352cb1cc979cbd44ef413b924d12a30,银保监办发〔2021〕123号,中国银保监会办公厅关于持续深入做好银行机构“内控合规管理建设年”有关工作的通知,银行检查局,EXCLUDE,中,,,分支机构,商业银行|银行业|银行业金融机构,[body]…将狠抓内控合规管理与提升金融风险防控能力、服务实体经济高质量发展紧密结合，取得了阶段性成效。但应清醒看到，当前银行业面临的经济金融环境复杂严峻，一些长期积累的矛盾和问题集中暴露。有的银行落实国家宏观政策不力，有的银行授信管理领…,5316,True,False,
nfra,38a620604ce6e4e9ffab0de60e83913c5c8f0609ac5b6aa5cce62275887a3f86,银保监办发〔2021〕118号,中国银保监会办公厅关于调整保险资金投资债券信用评级要求等有关事项的通知,资金部,BOUNDARY,低,,,保险公司|保险机构|保险资产管理|保险资金|偿付能力,,[title]…中国银保监会办公厅关于调整保险资金投资债券信用评级要求等有关事项的通知 各银保监局，各保险集团（控股）公司、保险公司、保险资产管理公司：为规范保…,2585,True,True,RFN-bcd5795407b8d858;RFN-bcd5795407b8d858
nfra,c4e66d645928170ea49719636a8e09040201aabc8765e1b9d1a44d6746811460,银保监办发〔2021〕120号,中国银保监会办公厅关于保险资金投资公开募集基础设施证券投资基金有关事项的通知,资金部,BOUNDARY,低,,,保险公司|保险机构|保险资产管理|保险资金|偿付能力,,[title]…中国银保监会办公厅关于保险资金投资公开募集基础设施证券投资基金有关事项的通知 各保险集团（控股）公司、保险公司、保险资产管理公司：为进一步丰…,3170,True,True,RFN-36ba886ec6c1aed8;RFN-36ba886ec6c1aed8
nfra,6023cc92c09ccab18a40ea4d2ff7937c89ddcafd6bba0cfef19fda7c9c177b99,中国银行保险监督管理委员会令〔2021〕12号,保险中介行政许可及备案实施办法,法规部,EXCLUDE,中,,保险兼业代理,保单|保险公司|分支机构,保险中介机构|保险公估|保险经纪|保险经纪公司|保险经纪机构|商业银行,[body]…公司继续存续的，应当依法办理名称、营业范围和公司章程等事项的变更登记，确保其名称中无“保险代理”字样。第二节 保险兼业代理业务许可第二十条 商业银行经营保险代理业务，应当具备下列条件：（一）具有银保监会或其派出机构颁发的金融许可证；…,30995,True,True,RFN-626725afa3a2ecbc;RFN-626725afa3a2ecbc
nfra,a6dc692c0298f4345a4f42df40136599b8662003a99a366c79f74210d2a807e0,财政部令〔2021〕第6号,全球系统重要性银行总损失吸收能力管理办法 (中国人民银行 中国银行保险监督管理委员会 中国财政部令〔2021〕第6号),法规部,EXCLUDE,中,,,,商业银行|银行业,[body]…功能的连续性， 防范化解系统性金融风险， 维护金融稳定， 根据《中华人民共和国中国人民银行法》《中华人民共和国银行业监督管理法》《中华人民共和国商业银行法》《存款保险条例》等法律法规， 制定本办法。 第二条 本办法适用于在中华…,11770,True,False,
nfra,f17dd94f59741deaa3870cfc18af54a0b2c1b39b96548f679871f4221d95e8ca,中国银行保险监督管理委员会令〔2021〕11号,保险公司非寿险业务准备金管理办法,财险部(再保部),BOUNDARY,低,人寿保险|人身保险公司|健康保险,,,再保险公司|财产保险公司,[body]…中华人民共和国保险法》(以下简称《保险法》)等法律、行政法规，制定本办法。第二条 本办法所称非寿险业务，是指除人寿保险业务以外的保险业务，包括财产损失保险、责任保险、信用保险、保证保险、短期健康保险和意外伤害保险业务以及上述业务…,7143,True,False,
nfra,946d30c172a0e8291aa38383a2fd7f8c7318c8dc21276736c85ac599912b3647,银保监办发〔2021〕108号,中国银保监会办公厅关于进一步规范保险机构互联网人身保险业务有关事项的通知,人身险部,INCLUDE,高,人寿保险|人身保险|健康保险|健康险|寿险,保险兼业代理,,保险中介机构,[title]…中国银保监会办公厅关于进一步规范保险机构互联网人身保险业务有关事项的通知 中国银保监会办公厅关于进一步规范保险机构互联网人身保险业务有关事项的通知各银保监局，各保险…,16743,True,True,RFN-7684dfbe8a46b362;RFN-7684dfbe8a46b362
nfra,a7a85b3f352a14b75ea1728de2cc24dcbaaa15dedfe0dc3e3d6b3a93383802f9,中国银行业监督管理委员会令2012年第1号,系统重要性银行附加监管规定（试行）（中国人民银行 中国银行保险监督管理委员会 令〔2021〕第5号）,法规部,EXCLUDE,中,,,,商业银行|银行业,[body]…管框架，明确系统重要性银行附加监管要求，加强宏观审慎管理，根据《中华人民共和国中国人民银行法》《中华人民共和国银行业监督管理法》《中华人民共和国商业银行法》等法律法规和完善系统重要性金融机构监管的相关要求，制定本规定。第二条…,11364,True,False,
nfra,5116735bcfdcc0fc4b2723c7090baf0fe877fccaf2da3d47ba3f3358944f94f8,银保监办发〔2021〕107号,中国银保监会办公厅关于进一步丰富人身保险产品供给的指导意见,人身险部,INCLUDE,高,人身保险|健康保险|养老保险,,,,[title]…中国银保监会办公厅关于进一步丰富人身保险产品供给的指导意见 银保监办发〔2021〕107号为深化保险业供给侧结构性改革，促进人身保险扩面提质稳健发展，…,4921,True,True,RFN-cd3687883bfc8c55;RFN-cd3687883bfc8c55
nfra,3024b23baf56c06ac48bbe1909796e665b98c5bec9e65a63852c339c75500186,银保监发〔2021〕40号,中国银保监会关于印发派出机构规范性文件备案审查办法的通知,法规部,BOUNDARY,低,,,保险机构,银行业,[body]…党中央、国务院决策以及银保监会改革发展政策和工作部署提出监管要求的文件； （二）在法定职权范围内，规范辖内银行保险机构经营管理和业务发展提出监管要求的文件；（三）银保监局制定的规范监管行为的文件；（四）配合地方政府发布的就金融支…,5850,True,False,
nfra,b4ec8a2c6dac83584c4cd244d8e82330c996ad31fa54fb9bc2e3203de4c01abe,银保监发〔2021〕43号,中国银保监会关于印发银行保险机构大股东行为监管办法（试行）的通知,公司治理部,EXCLUDE,中,,,保险公司|保险机构|保险资产管理|偿付能力,信托公司|商业银行|金融资产|银行业,[body]…司治理监管，规范大股东行为，保护银行保险机构及利益相关者合法权益，根据《中华人民共和国公司法》《中华人民共和国银行业监督管理法》《中华人民共和国商业银行法》《中华人民共和国保险法》等法律法规及其他相关规定，制定本办法。第二条…,14987,True,True,RFN-9eaa3396df6f7385;RFN-9eaa3396df6f7385
nfra,c9a598fb27bb696ca65189a1f7b7acde2c56355edcc2a002835d5dd4b48306c3,银保监办发〔2021〕106号,中国银保监会办公厅关于印发意外伤害保险业务监管办法的通知,人身险部,INCLUDE,中,人身保险|人身保险公司|寿险,保险代理人,,保险中介机构|保险经纪|财产保险公司,[body]…险（以下简称意外险），是以被保险人因遭受意外伤害造成死亡、伤残或者发生保险合同约定的其他事故为给付保险金条件的人身保险。本办法所称保险公司，是指依法设立的人身保险公司和财产保险公司。第三条 保险公司开展意外险业务，应严格遵守法律…,10704,True,True,RFN-b18747233ab0f7a3;RFN-b18747233ab0f7a3
nfra,d456b6d6651259e56d7a1bfb109b0a0cb6b8029ff5a18c461fe45e75d786179e,银保监发〔2021〕42号,中国银保监会关于服务煤电行业正常生产和商品市场有序流通 保障经济平稳运行有关事项的通知,办公厅,EXCLUDE,中,,,保险机构|保险资金,商业银行,[body]…。二、保障煤电、煤炭、钢铁、有色金属等生产企业合理融资需求。督促银行保险机构特别是开发性、政策性银行，国有大型商业银行，全国性股份制银行，全力做好今冬明春能源电力保供金融服务工作，满足能源电力供应合理资金需求。对符合支持条件的煤…,3699,True,True,RFN-083a6756e550da1d;RFN-083a6756e550da1d
nfra,8a22ec86157a8fc246aa4cc7c0d4d7e1867b6a6671cf94faacebddfaa0312fea,银保监办发〔2021〕103号,中国银保监会办公厅关于资产支持计划和保险私募基金登记有关事项的通知,资金部,BOUNDARY,低,,,保险资产管理|保险资金,,[meta]…中国银保监会办公厅关于资产支持计划和保险私募基金登记有关事项的通知 各保险资产管理机构：为持续深入落实国务院“放管服”工作部署，进一步深化保险资金运用市场化改革，提高服务实体经济质效，银保监会…,2761,True,True,RFN-3f22ec04be54ee21;RFN-3f22ec04be54ee21
nfra,deb9152e4d1b3e7712ff6e4a1f696ccd243f1b29ab9b21baec15798f4088902a,银保监办发〔2021〕102号,中国银保监会办公厅关于境内保险公司在香港市场发行巨灾债券有关事项的通知,财险部(再保部),EXCLUDE,中,,,保险公司,再保险公司|财产保险公司,[meta]…中国银保监会办公厅关于境内保险公司在香港市场发行巨灾债券有关事项的通知 各财产保险公司、再保险公司：各财产保险公司、再保险公司：为落实《<内地与香港关于建立更紧密经贸关系的安排>服务贸易协议》有关…,1815,True,True,RFN-957ee521cd708e26;RFN-957ee521cd708e26
nfra,884406d3e2a0fd2bf1c0501be379cb87b436f7cabe18500aa4fe086d117a0a2b,银保监发〔2021〕39号,中国银保监会关于印发商业银行监管评级办法的通知,统信部,EXCLUDE,中,,,分支机构,商业银行|银行业|银行业金融机构,[title]…中国银保监会关于印发商业银行监管评级办法的通知 现将《商业银行监管评级办法》印发给你们，请遵照执行。各银保监局：现将《商业银行监管评级办法…,10270,True,False,
nfra,54113c6a482e142765893cba03fac936244c7b48ee770b1c44862aababf41775,银保监办发〔2021〕97号,中国银保监会办公厅关于印发支持国家乡村振兴重点帮扶县工作方案的通知,普惠金融部,BOUNDARY,低,,,保单|保险产品|保险公司|保险机构|保险理赔|保险资金|分支机构,银行业金融机构,[meta]…国家乡村振兴重点帮扶县工作方案的通知 各银保监局，各政策性银行、大型银行、股份制银行，各保险集团（控股）公司、保险公司：各银保监局，各政策性银行、大型银行、股份制银行，各保险集团（控股）公司、保险公司：为认真贯彻落实《中共中央…,5466,True,False,
nfra,2bf9423d290daf6a666a9a47cdc341d6ba6676c877cca088f42f968fab960e23,银保监办发〔2021〕94号,中国银保监会办公厅关于金融服务乡村振兴创新示范区建设工作的通知,普惠金融部,BOUNDARY,低,,,保险机构|保险理赔,银行业,[body]…共享机制建设。推动地方政府构建域内综合金融服务平台，整合财税、农业农村、市场监管、社保等涉农信用信息，指导银行保险机构共建共享。加强农村信用信息在撮合金融供需、提升信贷获取便利、改进银行机构风险控制效率等方面的作用。推动地方政府…,5424,True,False,
nfra,d694b72e6ce8888c75b384793fa427e2f00b0c60981b01caa67595ecd1f07fd8,银保监发〔2021〕37号,中国银保监会关于印发保险公司分支机构市场准入管理办法的通知,法规部,INCLUDE,中,人身保险,,,,[body]…自发布之日起施行。《保险公司分支机构市场准入管理办法》（保监发〔2013〕20号）、《中国保监会关于进一步加强人身保险监管有关事项的通知》（保监发〔2016〕113号）同时废止。 附:中国银保监会发布《保险公司分支机构市场准入管…,12430,True,True,RFN-2c5c046f3b50a096
nfra,fe7eacefa1c53e6a11fd7ebd28935cdc990490d0014c16f4f070dbe19574c3ec,银保监发〔2021〕38号,中国银保监会关于印发全国银行业保险业开展法治宣传教育的第八个五年规划（2021-2025年）的通知,法规部,EXCLUDE,中,,,保险机构,商业银行|银行业,[title]…中国银保监会关于印发全国银行业保险业开展法治宣传教育的第八个五年规划（2021-2025年）的通知 中国银保监会关于印发《全国银行业保险业开…,9511,True,True,RFN-bb9ed4da49e5a932;RFN-bb9ed4da49e5a932
nfra,db97edd4b4c5a4e20cf8d61926d01324c4ae7efe627e1f185441b5ab34a0e352,中国银行保险监督管理委员会令〔2021〕10号,财产保险公司保险条款和保险费率管理办法,财险部(再保部),EXCLUDE,中,,,保险公司|保险公司分支机构|保险条款|偿付能力|分支机构,财产保险公司,[title]…财产保险公司保险条款和保险费率管理办法 《财产保险公司保险条款和保险费率管理办法》已于2021年4月2日经银保监会2021…,8268,True,False,
nfra,e0f40011d3c1f82ae5cddee6be503d55508df2267582c32a5cd7a521be6f25ed,中国银行保险监督管理委员会令〔2021〕9号,中国银行保险监督管理委员会派出机构监管职责规定,法规部,EXCLUDE,中,,,保险公司|保险机构|保险资产管理|偿付能力,保险公估|保险经纪机构|信托公司|商业银行|金融资产|银行业|银行业金融机构,[meta]…督管理委员会第一条　为明确中国银行保险监督管理委员会（以下简称银保监会）派出机构监管职责，根据《中华人民共和国银行业监督管理法》《中华人民共和国商业银行法》《中华人民共和国保险法》等法律、行政法规，制定本规定。 法规部…,6393,True,True,RFN-2ccd696d3fd16f64;RFN-2ccd696d3fd16f64
nfra,9e724618f3804f3b9876f946c6c8bce4c5ed77bb4b25cc566df09450b484f426,银保监发〔2021〕30号,中国银保监会关于修订《保险公司偿付能力监管规则——问题解答第1号：偿付能力监管等效框架协议过渡期内的香港地区再保险交易对手违约风险因子》的通知,财会部(偿付能力部),EXCLUDE,中,,,保险公司|保险机构|偿付能力,,,1037,True,True,RFN-b775856858a03547;RFN-b775856858a03547
nfra,e0fc64dcad964c60fbb022232b741dd0b98b6aea86706f06218e4bbefeeabbf9,银保监办发〔2021〕85号,中国银保监会办公厅关于清理规范信托公司非金融子公司业务的通知,信托部,EXCLUDE,中,,,,信托公司,[title]…中国银保监会办公厅关于清理规范信托公司非金融子公司业务的通知 中国银保监会办公厅关于清理规范信托公司各银保监局（辽宁、广西、海南、宁夏除外）：近年来…,2570,True,False,
nfra,c270aa64b35a2ced0958e3490fdde8530683c059791b1b4774e84b98027b01ba,中国银行保险监督管理委员会令〔2021〕8号,再保险业务管理规定,财险部(再保部),EXCLUDE,中,寿险,,,保险经纪|保险经纪机构|再保险公司|财产保险公司|财产险,,9941,True,True,RFN-5816d1163e51a4b0;RFN-5816d1163e51a4b0
nfra,c37650eb864984d94cc110e9d92f4995d1d860a253976e8172b8357541f70638,银保监发〔2021〕25号,中国银保监会关于印发深化“证照分离”改革 进一步激发市场主体发展活力实施方案的通知,法规部,BOUNDARY,低,,,保险公司|保险公司分支机构|保险机构|分支机构,银行业,[body]…、减环节。在自由贸易试验区内，进一步加大改革试点力度，采取“审批改为备案”的改革方式，结合监管实际，将部分银行保险机构分支机构设立、高级管理人员任职资格核准等事项由事前审批改为事后报告，自由贸易试验区所在县、不设区的市、市辖区的…,5927,True,False,
nfra,5f149c7f742aa7f77d15feb3f25faaa406ad4b561db513c2fd93ce35bfdfaf54,银保监办发〔2021〕83号,中国银保监会办公厅关于印发非银行金融机构行政许可事项申请材料目录及格式要求的通知,非银部,EXCLUDE,中,,,,金融资产,[meta]…将与之相配套的行政许可事项申请材料目录及格式要求（以下简称目录）印发给你们，并就有关事项通知如下：各银保监局、金融资产管理公司：《中国银保监会非银行金融机构行政许可事项实施办法》(中国银行保险监督管理委员会令2020年第6号，以…,1600,True,True,RFN-1268fe11f930a793;RFN-1268fe11f930a793
nfra,e3c2b289c983acb6585f530c0bd9128b3bd876e2b256ab0a33967a11b40e26ba,银保监发〔2021〕24号,中国银保监会关于印发银行保险机构消费者权益保护监管评价办法的通知,消保局,BOUNDARY,低,养老保险公司,,,再保险公司|商业银行|金融资产|银行业|银行业金融机构,[body]…币经纪公司、省联社、贷款公司、农村资金互助社、政策性保险公司、保险集团(控股)公司、再保险公司、农业保险公司、养老保险公司、相互保险组织、保险资产管理公司、养老金管理公司和保险专业中介机构。第三十条 不开展个人业务或者个人业务占比较…,10998,True,True,RFN-fbdaa69875495dfe;RFN-fbdaa69875495dfe
nfra,a58bea135e7286911045ef446276000019ccdc52531e1b2b0b8dfc67eaf625c1,中国银行保险监督管理委员会令〔2021〕7号,中国银保监会关于清理规章规范性文件的决定,法规部,INCLUDE,中,人身保险|人身保险公司|健康保险|养老保险|寿险,保险营销员|保险销售从业人员,,保险中介机构|保险公估|保险经纪|保险经纪机构|商业银行|财产保险公司|银行业|银行业金融机构,[body]…004〕86号10关于印发《中国保监会保险统计现场检查工作规程》的通知保监发〔2005〕101号11关于印发《人身保险保单标准化工作指引（试行）》的通知保监发〔2005〕108号12关于印发《寿险公司非现场监管规程（试行）》的通…,14633,True,True,RFN-cf37a691dab2c2a0;RFN-cf37a691dab2c2a0
nfra,445f149cf240f7ee2e035ace4c463f61ef95c6d05942f3db39f73f8c67258d5e,银保监办发〔2021〕74号,中国银保监会办公厅关于加强保险公司省级分公司以下分支机构负责人管理的通知,法规部,BOUNDARY,低,,,保险公司|分支机构,,[title]…中国银保监会办公厅关于加强保险公司省级分公司以下分支机构负责人管理的通知 为配合《保险公司董事、监事和高级管理人员任职资格管理规定》（中国银行保…,2048,True,True,RFN-e1c4d0b0f6058062;RFN-e1c4d0b0f6058062
nfra,1bf0d520ec52837680049ee9550f5a60092755e46e92af4402366f329571cde4,中国银行保险监督管理委员会令〔2021〕6号,保险公司董事、监事和高级管理人员任职资格管理规定,法规部,BOUNDARY,低,人身保险公司,,,再保险公司|财产保险公司,[body]…公司，是指经银保监会批准设立，并依法登记注册的商业保险公司。本规定所称同类保险公司，是指同属财产保险公司、同属人身保险公司或者同属再保险公司。专属机构高级管理人员任职资格管理，由银保监会另行规定。第四条 本规定所称高级管理人员，是指…,15878,True,True,RFN-3f1d5683e4f0e25b;RFN-3f1d5683e4f0e25b
nfra,b2377043d57109a19823f57da2564b017eb33312a3bc59bb6296e5ea337252b6,银保监发〔2021〕20号,中国银保监会 中国人民银行关于规范现金管理类理财产品管理有关事项的通知,创新部,EXCLUDE,中,,,,商业银行|金融资产|银行业金融机构,[meta]…会（首府）城市中心支行，各副省级城市中心支行；各政策性银行、大型银行、股份制银行、外资银行、理财公司：为加强对商业银行、理财公司现金管理类理财产品（以下简称现金管理类产品）的监督管理 创新部    各银保监局；中国人民银行上海总…,11850,True,False,
nfra,e5d7f66913a66374bb78939cb30b4a835bede0899dcaf03c281161511fc8de34,银保监发〔2021〕16号,银行保险机构恢复和处置计划实施暂行办法,法规部,BOUNDARY,低,人身保险公司,,,信托公司|再保险公司|商业银行|财产保险公司|金融资产|银行业,[body]…公众存款的金融机构以及金融资产管理公司、 金融租赁公司和保险公司。 保险公司， 是指在中华人民共和国境内设立的人身保险公司、 财产保险公司、 再保险公司等从事商业保险经营活动的公司。 第二十八条 对于全球系统重要性金融机构、 国内系…,10824,True,True,RFN-50102bafc397e42e;RFN-50102bafc397e42e
nfra,0f7ba54ba11e5175707fbd6f40817f0039f2d72e7f5e54b765785ed11c75b4cb,银保监发〔2021〕14号,中国银保监会关于印发银行保险机构公司治理准则的通知,公司治理部,BOUNDARY,低,人身保险公司,,,再保险公司|商业银行|财产保险公司|银行业,[body]…份制商业银行、城市商业银行、民营银行、农村商业银行、外资银行、保险集团（控股）公司、财产保险公司、再保险公司、人身保险公司。本准则所称“主要股东”，是指持有或控制银行保险机构百分之五以上股份或表决权，或持有资本总额或股份总额不足百分…,31942,True,True,RFN-69f975886ec7bfb5;RFN-69f975886ec7bfb5
nfra,9b507b74d17b45fb05410cd55b47593aa16f25f2dc358e562c1c76bac5c3b05b,银保监发〔2021〕17号,中国银保监会关于开展银行业保险业“内控合规管理建设年”活动的通知,银行检查局,BOUNDARY,低,,,保险产品|保险公司|保险机构|保险理赔|保险资产管理|分支机构,金融资产|银行业,[meta]…，各政策性银行、大型银行、股份制银行、外资银行、直销银行、金融资产管理公司、理财公司，各保险集团（控股）公司、保险公司、保险资产管理公司，银行业协会、信托业协会、财务公司协会、保险业协会、保险资管业协会：为深入贯彻落实党中央、国…,17772,True,True,RFN-314cff32a194a1d7;RFN-314cff32a194a1d7
nfra,0ffccdbfb6601a98b11e56b49b2a78027d6949187c669ad15fed191a35868b15,银保监办发〔2021〕66号,中国银保监会办公厅关于规范保险公司城市定制型商业医疗保险业务的通知,人身险部,BOUNDARY,低,健康保险,,,,[meta]…险公司，中国保险行业协会：为规范保险公司城市定制型商业医疗保险（以下简称定制医疗保险）业务的开展，有效发挥商业健康保险作用，满足人民群众多层次多样化的医疗保障需求，经银保监会同意，现就有关事项通知如下：    一、发挥市场作用…,2858,True,True,RFN-537e793f5aa9fa58;RFN-537e793f5aa9fa58
nfra,fb1470f8c62c78468ae00284877df3d23fa3bec2269e382302453098c882669b,中国银行保险监督管理委员会令〔2021〕5号,银行保险机构董事监事履职评价办法（试行）,公司治理部,BOUNDARY,低,人身保险公司,,,再保险公司|商业银行|财产保险公司|银行业,[body]…份制商业银行、城市商业银行、民营银行、农村商业银行、外资银行、保险集团（控股）公司、财产保险公司、再保险公司、人身保险公司。未设立监事会的银行保险机构，以及中国银保监会负责监管的其他金融机构参照适用本办法。法律、行政法规或规章对外资…,17865,True,True,RFN-8d905c2a008fc11a;RFN-8d905c2a008fc11a
nfra,8c0b06dfeab0b2480b6acdf77045b214874d40e1808532fee38294b517466806,银保监办发〔2021〕65号,中国银保监会办公厅关于规范保险公司参与长期护理保险制度试点服务的通知,人身险部,BOUNDARY,低,健康保险,,,,[body]…提升公共服务运营效率，降低制度运行成本，增强参保群众的获得感和幸福感。二、提升专业服务能力。保险公司应按照长期健康保险的经营要求完善组织架构、健全制度体系、加强专业人员配备，具有经办基本医保或承办大病保险的经验和为项目所在地提供…,2709,True,True,RFN-7cb63d6e3267a100;RFN-7cb63d6e3267a100
nfra,2897e9a54971f5e81a4f9edf241ecda3732d9838517beb2abe20a00fbd322bdc,中国银行保险监督管理委员会令〔2021〕4号,理财公司理财产品销售管理暂行办法,创新部,EXCLUDE,中,,,分支机构,商业银行|金融资产|银行业|银行业金融机构,[meta]…20年第14次委务会议通过。现予公布，自2021年6月27日起施行。第一章 总则 第一条 根据《中华人民共和国银行业监督管理法》《中华人民共和国商业银行法》等法律、行政法规，以及《关于规范金融机构资产管理业务的指导意见》《商业…,25031,True,False,
nfra,0b2d1f56a16508360863bca65d1186a3bfd31c3a32e861f3b17fbb0c2fcd43ab,银保监发〔2021〕12号,中国银保监会关于印发保险公司城乡居民大病保险业务管理办法的通知,人身险部,BOUNDARY,低,健康保险,,,再保险公司,[body]…大病保险业务，应当符合下列条件：（一）注册资本不低于人民币20亿元或近3年内净资产均不低于人民币50亿元，专业健康保险公司除外；（二）上一年度末和最近季度末的综合偿付能力不低于150%；（三）上一年度及提交申请前连续两个季度风险…,17079,True,True,RFN-5b49ba04299b1e65;RFN-5b49ba04299b1e65
nfra,a8c0ef52a890c90cd5400eb4ca049a899001474d063a6fde17478fc6ad02ea8b,中国保险监督管理委员会令〔2021〕3号,银行保险机构许可证管理办法,法规部,EXCLUDE,中,,保险兼业代理,保险公司|保险机构|保险资产管理|分支机构,保险中介机构|保险经纪|保险经纪公司|信托公司|商业银行|金融资产|银行业,[body]…银行金融机构及其分支机构，保险代理集团（控股）公司、保险经纪集团（控股）公司、保险专业代理公司、保险经纪公司、保险兼业代理机构等保险中介机构。上述银行保险机构开展金融业务，应当依法取得许可证和市场监督管理部门颁发的营业执照。第四条…,7029,True,True,RFN-fb86913deb7eb8db
nfra,caad7a85bf5781dc7c3b031f186a861845e7748f825ed7c4a7479f68ed964d75,银保监办发〔2021〕46号,中国银保监会办公厅关于明确外资法人银行对母行集团大额风险暴露有关监管要求的通知,国际部(港澳台办),EXCLUDE,中,,,,商业银行|银行业,[meta]…关于明确外资法人银行对母行集团大额风险暴露有关监管要求的通知 各银保监局：各银保监局：为进一步对外资银行执行《商业银行大额风险暴露管理办法》（中国银行保险监督管理委员会令2018年第1号，以下简称《办法》）相关监管规定予以明确，…,1304,True,False,
nfra,cb8c28712346dae91e5bb61b7460ddc4243645ceeb3478fa12cf952890dca218,银保监办发〔2021〕49号,中国银保监会办公厅关于2021年进一步推动小微企业金融服务高质量发展的通知,普惠金融部,EXCLUDE,中,,,保单|保险产品|保险公司|保险机构|分支机构,商业银行|财产险|银行业|银行业金融机构,[body]…布结构，丰富供给手段，更有力地支持小微企业在科技创新和产业结构升级中发挥作用，实现小微企业金融服务高质量发展与银行业保险业自身高质量发展的相互促进、有机统一。二、以信贷投放为抓手，确保稳定高效的增量金融供给（二）围绕“两增”目…,11642,True,True,RFN-49d70defed73b858;RFN-49d70defed73b858
nfra,be31823e8c6bdc4e026c4fc06a96ebd61d7fdce67b96b3eb0ca0c02b80777b0a,其他〔2021〕84号,中国人民银行、银保监会、证监会、外汇局发布《关于金融支持海南全面深化改革开放的意见》,政研局,EXCLUDE,中,,,保险产品|保险机构|保险资产管理|偿付能力,商业银行|基金管理公司|银行业|银行业金融机构,[body]…外汇市场， 依法合规开展人民币对外汇即期业务和相关衍生品交易。  三、 完善海南金融市场体系 （十二）支持海南银行业发展。 支持海南引进全国性股份制商业银行设立分行。 研究海南农村信用社改革， 推动其更好服务乡村振兴战略实施。…,9964,True,False,
nfra,7a81f871ff493f1fc428f836c4ab1cffa280edcb5414fbea03b0648f4a649f65,银保监办发〔2021〕39号,中国银保监会办公厅 住房和城乡建设部办公厅 中国人民银行办公厅关于防止经营用途贷款违规流入房地产领域的通知,统信部,BOUNDARY,低,,,分支机构,银行业金融机构,[body]…，进一步强化合规意识和审慎经营理念，认真梳理经营用途贷款业务操作流程，扎紧制度笼子，切实强化内部问责。要加强对分支机构经营用途贷款的监测分析。要加强员工异常行为监控，严防内外勾结，对相关违法违规人员依法严格问责。七、加强中介机构…,4965,True,False,
nfra,ba5b26946593a9a0c8252ffbe2d1ca55a2a742bad7c0d26ebc0028c998977c1a,,中国银保监会关于修改《中华人民共和国外资保险公司管理条例实施细则》的决定,法规部,INCLUDE,中,人身保险|寿险,,,再保险公司|财产保险公司,[meta]…公司管理条例实施细则》部分条款予以修改。一、删去第三条：“外国保险公司与中国的公司、企业合资在中国境内设立经营人身保险业务的合资保险公司（以下简称合资寿险公司），其中外资比例不得超过公司总股本的51%。 法规部    中国银保监…,12324,True,True,RFN-1a58e6f945058610
nfra,0892a5e7b6153dbb2a4958fb9e3c5ef2c68eebcd68c9fd178ae8f1e704d77c47,银保监办发〔2021〕28号,中国银保监会办公厅 中央网信办秘书局 教育部办公厅 公安部办公厅 中国人民银行办公厅关于进一步规范大学生互联网消费贷款监督管理工作的通知,普惠金融部,EXCLUDE,中,,,,银行业|银行业金融机构,[body]…诱导性宣传等不正当方式诱导大学生超前消费、过度借贷，不得针对大学生群体精准营销，不得向放贷机构推送引流大学生。银行业金融机构要严守风险底线，审慎开展大学生互联网消费贷款业务，建立完善相适应的风险管理制度和预警机制，加强贷前调查评估，重…,5980,True,False,
nfra,71ccca482f4fc9b425957e8ba38e645c1ddf5e115f88516d72c4efdeeb0e3af0,银保监发〔2021〕6号,中国银保监会、财政部、中国人民银行、国家乡村振兴局联合发布《关于深入扎实做好过渡期脱贫人口小额信贷工作的通知》,普惠金融部,BOUNDARY,低,,,保险公司|分支机构,,[body]…好贷前调查、贷中审查、贷后管理，及时准确掌握贷款资金流向。（二）稳妥处置逾期贷款。监管部门、财政部门、人民银行分支机构、扶贫（乡村振兴）部门等部门要全面监测掌握脱贫人口小额信贷情况，加强分析研判，及时提示风险，合力解决突出问题。…,6815,True,False,
nfra,cbd9d9df4bbb34e25fa4b7aae101198406cc8f16e05360b2e87e64eda509057c,银保监办发〔2021〕27号,中国银保监会办公厅关于再次延长保险公司跨京津冀区域经营备案管理试点有效期的通知,政研局,BOUNDARY,低,,,保险公司,,[title]…中国银保监会办公厅关于再次延长保险公司跨京津冀区域经营备案管理试点有效期的通知 北京、天津、河北银保监局，各保险公司： 北京、天津、河北银保监局，各…,1098,True,True,RFN-f01e4e95dba12025;RFN-f01e4e95dba12025
nfra,9948791fb25f62188ec9006b1d0983454269d66ba7ff33458a94283e460e84d7,银保监办发〔2021〕24号,中国银保监会办公厅关于进一步规范商业银行互联网贷款业务的通知,法规部,EXCLUDE,中,,,,信托公司|商业银行|银行业金融机构,[title]…中国银保监会办公厅关于进一步规范商业银行互联网贷款业务的通知 中国银保监会办公厅关于进一步规范各银保监局，各大型银行、股份制银行、外资银行：为推动商业…,2102,True,False,
nfra,25588df0a1d5e9a1cb123b8d0838d300dab0c7d981a2d45fa796c1036af80930,银保监发〔2021〕4号,银行保险机构声誉风险管理办法（试行）,办公厅,EXCLUDE,中,,,保险公司|保险机构|分支机构,信托公司|商业银行|银行业,[body]…第一条 为提高银行保险机构声誉风险管理水平，有效防范化解声誉风险，维护金融稳定和市场信心，根据《中华人民共和国银行业监督管理法》《中华人民共和国商业银行法》《中华人民共和国保险法》《中华人民共和国信托法》等法律法规，制定本办法…,8940,True,True,RFN-959a399a557cae65;RFN-959a399a557cae65
nfra,7d485f1b191dfed9d19db841fb3102c370f2d91dfd4299dd294a3b42f3f8e204,银保监办发〔2021〕17号,中国银保监会办公厅印发关于建立完善银行保险机构绩效薪酬追索扣回机制指导意见的通知,公司治理部,EXCLUDE,中,,,保险公司|保险机构|保险资产管理,信托公司|商业银行|金融资产,[body]…追索扣回机制的指导意见 为健全绩效薪酬激励约束机制，充分发挥绩效薪酬在银行保险机构经营管理中的导向作用，根据《商业银行稳健薪酬监管指引》《保险公司薪酬管理规范指引（试行）》等规定，现就建立完善银行保险机构绩效薪酬追索扣回机制提出…,4466,True,True,RFN-14c7bc4d9cb3ee47;RFN-14c7bc4d9cb3ee47
nfra,6379fad6585868a31c00ae538bac0c5e0d36e55b78688861a849190c0fbe7110,银保监办发〔2021〕18号,中国银保监会办公厅 中国人民银行办公厅关于简化提取已故存款人小额存款相关事宜的通知,法规部,EXCLUDE,中,,,,商业银行|银行业|银行业金融机构,[meta]…，人民银行各分行、营业管理部、省会（首府）城市中心支行、副省级城市中心支行，各大型银行、股份制银行，外资银行，银行业协会：为进一步优化金融服务，便利群众办理存款继承，根据《中华人民共和国商业银行法》《中华人民共和国银行业监督管…,3894,True,False,
nfra,d56761011beb2187f0fd2905c7507ebb496a0466a4ecd6fd8072c68dad72e0d9,中国银行保险监督管理委员会令〔2021〕1号,保险公司偿付能力管理规定,财会部(偿付能力部),BOUNDARY,低,,,保单|保险公司|保险机构|保险消费者|偿付能力|分支机构,,[title]…保险公司偿付能力管理规定 中国银行保险监督管理委员会令（2021年第1号）第一章 总则 第一条 为加强保险公司偿付能力…,8391,True,True,RFN-efac5b23e7de4de8;RFN-efac5b23e7de4de8
nfra,6cfb0465bd7709d045911fa7c5cb548ff14b9f5f563312e6086aa043f10baeb2,,中国银保监会办公厅关于印发银保监会现场检查立项和实施程序规定（试行）的通知,非银检查局,BOUNDARY,低,,,分支机构,银行业,[body]…直接监管对象进行现场检查立项。监管对象所在地的银保监会派出机构（以下称属地监管机构）认为其所监管法人机构的异地分支机构可能存在重大风险的，可以向该分支机构的属地监管机构提出现场检查立项建议。第四条 银保监会及其派出机构的专职现场…,16310,True,False,
nfra,2ed36dd9418c0ccfd9bcb3fb946a6da4473bb60727a1fdbe09cd75b59edac37c,银保监办发〔2021〕9号,中国银保监会办公厅 中国人民银行办公厅关于规范商业银行通过互联网开展个人存款业务有关事项的通知,法规部,EXCLUDE,中,,,,商业银行|银行业|银行业金融机构,[title]…中国银保监会办公厅 中国人民银行办公厅关于规范商业银行通过互联网开展个人存款业务有关事项的通知 中国银保监会办公厅 中国人民银行办公厅关于各银保监局，中国人民银行上…,3395,True,False,
nfra,f2c423210aa1ebe2a9448807767bab535c782663447f094541b77137463108d3,银保监发〔2020〕43号,中国银保监会关于印发监管数据安全管理办法（试行）的通知,统信部,EXCLUDE,中,,,,银行业,[body]…安全管理工作，提高监管数据安全保护能力，防范监管数据安全风险，依据《中华人民共和国网络安全法》《中华人民共和国银行业监督管理法》《中华人民共和国保险法》《工作秘密管理暂行办法》等法律法规及有关规定，制定本办法。 第二条 本办法…,6907,True,True,RFN-9d0c6e9a62b81cae;RFN-9d0c6e9a62b81cae
nfra,d0a7674c1dc067413a6168b12bb8f6d499cac005e73afe10e7fb30bf60141afa,银保监办发〔2020〕128号,中国银保监会办公厅关于印发消费金融公司监管评级办法（试行）的通知,非银部,EXCLUDE,中,,,,银行业,[body]…管理与风险状况，合理配置监管资源，有效实施分类监管，促进消费金融公司持续、健康、规范发展，根据《中华人民共和国银行业监督管理法》《消费金融公司试点管理办法》等法律法规，制定本办法。第二条 本办法适用于在中华人民共和国境内依法成…,6546,True,False,
nfra,8b67a3c5bb1d6c30199e76af1873acdb2d6524f0c22a4a6cda8ebfdc0f4c3c4e,银保监发〔2021〕1号,中国银保监会关于印发人身保险公司监管主体职责改革方案的通知,人身险部,INCLUDE,高,人身保险|人身保险公司,,,,[title]…中国银保监会关于印发人身保险公司监管主体职责改革方案的通知 中国银保监会关于印发人身保险公司各银保监局，各人身保险公司：为进一步强化人身保险监…,4247,True,True,RFN-4f8ff885f0a76d12;RFN-4f8ff885f0a76d12
nfra,4947baf40311531d8a6af42a3fd4deaa981e6a62635886e276776690b6510b85,银保监办发〔2021〕3号,中国银保监会办公厅关于印发保险中介机构信息化工作监管办法的通知,中介部,EXCLUDE,中,,保险代理人|保险兼业代理,保单|保险公司|分支机构,保险中介机构|保险公估|保险经纪,[meta]…中国银保监会办公厅关于印发保险中介机构信息化工作监管办法的通知 各银保监局，各保险公司、各保险专业中介机构、各保险兼业代理机构：各银保监局，各保险公司、各保险专业中介机构、各保险兼业代理机构：经银保监会同意，现将《保险中介机构信息化…,10482,True,True,RFN-51a114e2f638b70b;RFN-51a114e2f638b70b
nfra,caea33738c9c61235c5584abbb7df22772c301d616996a081cf6d65de948232b,银保监办发〔2021〕7号,中国银保监会办公厅关于规范短期健康保险业务有关问题的通知,人身险部,INCLUDE,中,人身保险|健康保险|健康险|寿险,,,,[body]…费×（1-m/n），其中，m为已生效天数，n为保险期间的天数，经过日期不足一日的按一日计算。七、保险公司将短期健康险开发设计成主险产品的，不得强制要求保险消费者在购买主险产品的同时，购买该公司其他产品。保险公司将短期健康险开发…,4942,True,True,RFN-807c3c0c1abb9939;RFN-807c3c0c1abb9939
nfra,2288d8b2bfcabaa850445ef5a8a20ddad4bf46821a0c21cd5674663c17b6f7d5,其他〔2020〕22号,财政部 银保监会关于进一步贯彻落实新金融工具相关会计准则的通知,财会部(偿付能力部),EXCLUDE,中,,,保险公司|偿付能力,商业银行|金融资产|银行业|银行业金融机构,[meta]…7年修订发布《企业会计准则第22号——金融工具确认和计量》（财会〔2017〕7号）、《企业会计准则第23号——金融资产转移》（财会〔2017〕8号）、《企业会计准则第24号——套期会计》（财会〔2017〕9号）和《企业会计准则第…,6101,True,False,
nfra,eeb197de95307d569d336f2b2a4159793924a0853b4a64319e5b1880fd8e68ff,银发〔2020〕322号,中国人民银行 中国银行保险监督管理委员会关于建立银行业金融机构房地产贷款集中度管理制度的通知,统信部,EXCLUDE,中,,,分支机构,商业银行|银行业金融机构,[title]…中国人民银行 中国银行保险监督管理委员会关于建立银行业金融机构房地产贷款集中度管理制度的通知 中国人民银行 中国银行保险监督管理委员会（银发〔2020〕322号）  中国人…,4488,True,False,
nfra,c09bb543f5deb86a517e9ebf08e9e134e3ec206fe566278005e5fd89ab2e8dde,银保监办发〔2020〕129号,中国银保监会办公厅关于深化银行业保险业“放管服”改革 优化营商环境的通知,法规部,EXCLUDE,中,,,保险公司|保险机构|保险资产管理,商业银行|金融资产|银行业,[title]…中国银保监会办公厅关于深化银行业保险业“放管服”改革 优化营商环境的通知 中国银保监会办公厅关于深化银行业保险业“放管服”改革优化营商环境的通…,5519,True,True,RFN-75f5ada513870132;RFN-75f5ada513870132
nfra,21d3793886a79dcf537acc1ccd5a3e891cfaf18219b953258390de045cc52e38,银保监办发〔2020〕117号,中国银保监会办公厅关于印发责任保险业务监管办法的通知(银保监办发〔2020〕117号),财险部(再保部),EXCLUDE,中,,,保单|保险产品|保险公司|保险条款|保险消费者|偿付能力,财产保险公司,[meta]…促进责任保险业务持续健康发展，银保监会制定了《责任保险业务监管办法》。现印发给你们，请遵照执行。各银保监局，各财产保险公司：为进一步规范责任保险经营行为，促进责任保险业务持续健康发展，银保监会制定了《责任保险业务监管办法》。现印发给…,6710,True,False,
nfra,c28bb2b74e791679ff9715b4b7ec8dff0aedbb8ade4a2adf30263c43f6c68ea8,中国银行保险监督管理委员会令〔2020〕13号,互联网保险业务监管办法,中介部,INCLUDE,中,人身保险,个人保险代理人|保险代理人|保险兼业代理,,保险中介机构|保险公估|保险经纪|商业银行|银行业,[body]…，以及保险合同中的犹豫期、等待期、费用扣除、退保损失、保单现金价值等重点内容。（三）保险产品为投连险、万能险等人身保险新型产品的，应按照银保监会关于新型产品信息披露的相关规定，清晰标明相关信息，用不小于产品名称字号的黑体字标注保…,27835,True,True,RFN-dbacd268f2e2a3ab;RFN-dbacd268f2e2a3ab
nfra,f8b91a851ac184ce45b78716fadf78880c9cd2562f0aeffce076a9d8eb017b29,中国银行保险监督管理委员会令〔2020〕12号,中国银保监会信托公司行政许可事项实施办法,信托部,EXCLUDE,中,,,,信托公司|银行业|银行业金融机构,[title]…中国银保监会信托公司行政许可事项实施办法 中国银行保险监督管理委员会令（2020年第12号）第一章 总则 第一条 为规范银保监会及…,27093,True,False,
nfra,6c559efc99cb429907198442ef54b82c913840550f02b8fdf0c13d070c526dab,银保监发〔2020〕54号,中国银保监会关于保险资金财务性股权投资有关事项的通知,资金部,BOUNDARY,低,,,保险公司|保险机构|保险资产管理|保险资金|偿付能力,,[title]…中国银保监会关于保险资金财务性股权投资有关事项的通知 各保险集团（控股）公司、保险公司、保险资产管理公司：各保险集团（控股）公司、保险…,3357,True,True,RFN-c534c41e49d25c85;RFN-c534c41e49d25c85
nfra,fa55e10b5f8cd015b35f26734bd14c4d6e61ee8af3ad32a4841d8276105afb07,中国银行保险监督管理委员会令〔2020〕11号,保险代理人监管规定,中介部,BOUNDARY,低,人身保险公司,个人保险代理人|保险代理人|保险兼业代理|保险销售从业人员|独立个人保险代理人,,保险中介机构|保险公估|保险经纪|商业银行|财产保险公司,[body]…险代理业务的，除同一保险集团内各保险子公司之间开展保险代理业务外，一家财产保险公司在一个会计年度内只能代理一家人身保险公司业务，一家人身保险公司在一个会计年度内只能代理一家财产保险公司业务。第四十三条 保险代理人从事保险代理业务不得…,36179,True,True,RFN-51abefb17e408d4d;RFN-51abefb17e408d4d
nfra,9f76e32f8db4550fc2fd1b36fccde411b6d6a445717830970a513322ab974551,银保监发〔2020〕51号,中国银保监会关于使用《中国人身保险业重大疾病经验发生率表（2020）》有关事项的通知,人身险部,INCLUDE,高,人身保险|人身保险公司|寿险,,,,[title]…中国银保监会关于使用《中国人身保险业重大疾病经验发生率表（2020）》有关事项的通知 各人身保险公司：各人身保险公司：为规范重大疾病保险业务法定…,7588,True,True,RFN-cb9c47c7e07b7034;RFN-cb9c47c7e07b7034
nfra,d969173bb44bad6afd4824710afb32da031daab02754fbf87473ccc44d8be7ed,银保监发〔2020〕47号,中国银保监会 财政部 生态环境部关于印发核保险巨灾责任准备金管理办法的通知,财险部(再保部),EXCLUDE,中,,,保险公司|保险资金,保险中介机构|再保险公司|财产保险公司,[meta]…计划单列市、新疆生产建设兵团财政厅（局），各省、自治区、直辖市生态环境厅（局），新疆生产建设兵团生态环境局，各财产保险公司、再保险公司：各银保监局，各省、自治区、直辖市、计划单列市、新疆生产建设兵团财政厅（局），各省、自治区、直辖市…,5304,True,True,RFN-a79d07f6acb16143;RFN-a79d07f6acb16143
nfra,d71dab0db5eef18a4f89164c94f45e28d24746ab44894e9c2981e5a30093f57d,其他〔2020〕14号,财政部 国务院国资委 银保监会关于加强会计师事务所执业管理切实提高审计质量的实施意见,财会部(偿付能力部),BOUNDARY,低,,,偿付能力,,"[meta]…务院有关决定精神，为加强会计师事务所执业管理,切实促进提高会计师事务所审计质量，现提出以下实施意见。 财会部(偿付能力部)    财政部 国务院国资委 银保监会关于加强财会〔2020〕14号 各省、自治区、直辖市财政厅（局）、国…",6311,True,False,
nfra,a31081b0865eaaa0d5cade592c49dceb23b7244c39155ce19d454b0d9313e223,银保监发〔2020〕45号,中国银保监会关于优化保险机构投资管理能力监管有关事项的通知,资金部,BOUNDARY,低,,,保险公司|保险机构|保险资产管理|保险资金,,[title]…中国银保监会关于优化保险机构投资管理能力监管有关事项的通知 为持续推进简政放权，进一步深化保险资金运用市场化改革，根据《保险资金运用管理办…,5796,True,True,RFN-ca5ea9313202f162;RFN-ca5ea9313202f162
nfra,08c1ad296a2580af011ad15aaeddc999c177a4d697f7ba96fd6306855d927060,银保监发〔2020〕46号,中国银保监会 湖北省人民政府关于印发东湖科技保险创新示范区总体方案的通知,政研局,BOUNDARY,低,健康保险,,,保险中介机构|保险公估|保险经纪公司|保险经纪机构,[body]…发展产品研发责任险、关键研发设备保险等产品，支持“智能制造”和“机器换人”，大力发展高管人员和关键研发人员团体健康保险、高管人员和关键研发人员团体意外保险，为科技企业的业务骨干、关键研发人员提供一揽子保险。继续开展营业中断损失险…,16370,True,False,
nfra,afb127eb249bf30d00938b665da276ab861d0969181c1f555c53de971d5ee4da,银保监办发〔2020〕91号,中国银保监会办公厅关于规范银行业金融机构协助有权机关办理保险公司资本保证金账户查询、冻结、扣划有关事宜的通知,法规部,EXCLUDE,中,,,保险公司,商业银行|银行业|银行业金融机构,[title]…中国银保监会办公厅关于规范银行业金融机构协助有权机关办理保险公司资本保证金账户查询、冻结、扣划有关事宜的通知 为进一步规范银行业金融机构协助有权机关办…,2294,True,True,RFN-27e45ffafb1ca5e4;RFN-27e45ffafb1ca5e4
nfra,f1d3081e67d5cc512332d84adb13dcefb20056177235160b3fff4820c3e25b27,中国银行保险监督管理委员会令〔2020〕10号,银行保险机构应对突发事件金融服务管理办法,法规部,EXCLUDE,中,,,保单|保险产品|保险公司|保险机构|保险资产管理,保险中介机构|信托公司|商业银行|金融资产|银行业|银行业金融机构,[meta]…则第一条 为规范银行保险机构应对突发事件的经营活动和金融服务，保护客户的合法权利，增强监管工作的针对性，维护银行业保险业安全稳健运行，根据《中华人民共和国银行业监督管理法》《中华人民共和国商业银行法》《中华人民共和国保险法》…,11543,True,True,RFN-745152701d454b21;RFN-745152701d454b21
nfra,b0e9527fdfd487d4f059b754cb7e4e2caac77e081fdcbfa094350f26e616d993,财会〔2020〕13号,财政部 人民银行 国务院国资委 银保监会证监会 国家档案局 国家标准化管理委员会关于推进会计师事务所函证数字化相关工作的指导意见,法规部,EXCLUDE,中,,,,银行业,[body]…略纲要》和党中央、国务院关于实施国家大数据战略的决策部署，以及《中华人民共和国注册会计师法》、《中华人民共和国银行业监督管理法》有关要求，制定本指导意见。一、重要意义银行函证程序和银行回函对于注册会计师审计工作至关重要。而函证…,6826,True,False,
nfra,e75a980100c8eef8e73136131f6279885c17100ce5011313c8703fd58029f997,银保监办发〔2020〕86号,中国银保监会办公厅关于加强小额贷款公司监督管理的通知,普惠金融部,EXCLUDE,—,,,,,,7534,True,False,
nfra,9c463683c2ad69aa827cb76440f6ebddc7f058c968d4c792f59f8fdf235334a8,银保监办发〔2020〕85号,中国银保监会办公厅关于印发组合类保险资产管理产品实施细则等三个文件的通知,资金部,EXCLUDE,中,,,保险公司|保险资产管理|保险资金,商业银行|金融资产,[body]…类产品所投资资产的集中度应当符合《指导意见》相关规定。第六条 保险资产管理机构对组合类产品应当实行净值化管理。金融资产的估值和产品净值的生成应当符合《企业会计准则》《指导意见》等相关规定。货币市场类组合类产品在严格监管的前提下，…,16121,True,True,RFN-96408816bb15f4cd;RFN-96408816bb15f4cd
nfra,5405f5ebc90df7d123bf84eafbc16aa206053ae51a9e13b8df04c113ae67f1bf,银保监发〔2020〕42号,中国银保监会关于印发示范型商车险精算规定的通知,财险部(再保部),EXCLUDE,中,,,保险公司,财产保险公司,[meta]…竞争行为，推动车险高质量发展，银保监会制定了《示范型商车险精算规定》，现印发给你们，请遵照执行。各银保监局，各财产保险公司：为完善车险精算制度，防范非理性竞争行为，推动车险高质量发展，银保监会制定了《示范型商车险精算规定》，现印发给…,557,True,False,
nfra,9f9a5e78b2459ac814e1f17a6bf513653c70599383a01777e0bbbc3ef8aa71b3,银保监办发〔2020〕83号,中国银保监会办公厅关于规范保险公司健康管理服务的通知,人身险部,BOUNDARY,低,健康保险,,,,[meta]…理服务的通知 银保监局，各保险公司，中国保险行业协会：各银保监局，各保险公司，中国保险行业协会：为进一步落实《健康保险管理办法》（银保监会令2019年第3号）有关要求，规范保险公司健康管理服务行为，切实提升专业化服务水平，促进商…,5164,True,True,RFN-2c90ae467fcf41f9;RFN-2c90ae467fcf41f9
nfra,da5ec0d2595464a9c9c7ed499c61e0e20ed86e7d39e4314492141cee15e2fc82,银保监办发〔2020〕82号,中国银保监会办公厅关于保险资金投资债转股投资计划有关事项的通知,资金部,BOUNDARY,低,,,保险公司|保险资产管理|保险资金,金融资产,[title]…中国银保监会办公厅关于保险资金投资债转股投资计划有关事项的通知 各保险集团（控股）公司、保险公司、保险资产管理公司： 各保险集团（控股）公司…,1523,True,True,RFN-903014c1644dab9b;RFN-903014c1644dab9b
nfra,2d48da40d8347a1305639b377c95cfdb701008705e84f20c421e3a9058e70b3d,财会〔2020〕12号,财政部办公厅  银保监会办公厅关于印发《银行函证及回函工作操作指引》的通知,法规部,EXCLUDE,中,,,,银行业|银行业金融机构,[meta]…号财办会〔2020〕21号 各省、自治区、直辖市、计划单列市财政厅（局），各银保监局，中国注册会计师协会，中国银行业协会，各政策性银行、大型银行、股份制银行、外资银行：根据财政部、中国银保监会联合发布的《关于进一步规范银行函证…,831,True,False,
nfra,86514a59fe6c078800372819a74491cc6e9e45e37939057fb4744a8aeebc5071,财会〔2020〕12号,财政部  中国银保监会关于进一步规范银行函证及回函工作的通知,法规部,EXCLUDE,中,,,,商业银行|银行业|银行业金融机构,[meta]…范银行函证及回函工作的通知 各省、自治区、直辖市、计划单列市财政厅（局），各银保监局，中国注册会计师协会，中国银行业协会，各政策性银行、大型银行、股份制银行、外资银行：财会〔2020〕12号 各省、自治区、直辖市、计划单列市财…,4611,True,False,
nfra,b1d8e4b4346eb9b166b79316d96be42d7aeef566b04e66783eac6ee3ebcbabdd,银保监办发〔2020〕40号,中国银保监会关于印发健全银行业保险业公司治理三年行动方案（2020—2022年）的通知,公司治理部,EXCLUDE,中,,,保险公司|保险机构|偿付能力|分支机构,商业银行|银行业,[title]…中国银保监会关于印发健全银行业保险业公司治理三年行动方案（2020—2022年）的通知 为进一步加强银行保险机构公司治理监管，切实提升公司治…,14096,True,True,RFN-a63c24c77745c181;RFN-a63c24c77745c181
nfra,567fdcf57db1027aa21a08cae4af38da221d735013fe4cccd5352ea9729173e8,银保监发〔2020〕39号,中国银保监会等七部门关于做好政府性融资担保机构监管工作的通知,普惠金融部,EXCLUDE,中,,,,商业银行|金融资产|银行业金融机构,[body]…市、计划单列市财政厅（局），新疆生产建设兵团财政局，各银保监局，各政策性银行、大型银行、股份制银行，外资银行，金融资产管理公司，各会管单位：为充分发挥政府性融资担保机构作用，大幅拓展政府性融资担保覆盖面并明显降低费率，扎实做好“…,5793,True,False,
nfra,673231aab69875ecc7595e2e9a0e3babf68afaf7e252d28146a78f3e063fe65b,银保监发〔2020〕37号,中国银保监会关于印发融资担保公司非现场监管规程的通知,普惠金融部,BOUNDARY,低,,,分支机构,金融资产|银行业|银行业金融机构,[body]…监管部际联席会议成员单位的信息共享和互联互通。监督管理部门承担非现场监管主责，负责本地区融资担保公司法人机构和分支机构非现场监管工作。融资担保公司跨省、自治区、直辖市设立的分支机构，其非现场监管工作由分支机构所在地监督管理部门负…,8632,True,False,
nfra,c0319c646067e3d6cc57e36e9ad9e0fb3f5e1757421ff9cf7b09eadc58e0ba26,银保监办发〔2020〕63号,中国银保监会办公厅关于优化保险公司权益类资产配置监管有关事项的通知,资金部,BOUNDARY,低,人身保险公司,,,,[body]…增权益类资产投资。三、保险公司存在以下情形之一的，权益类资产投资余额不得高于本公司上季末总资产的15%：（一）人身保险公司上季末责任准备金覆盖率不足100%；（二）最近一年资金运用出现重大风险事件；（三）资产负债管理能力较弱且匹配状…,3811,True,True,RFN-13a9d49189b51e8b;RFN-13a9d49189b51e8b
nfra,4469a0426b816e0a496e830db0a7b54e73a4c329408b6c361c77dd0624a1b8a6,,商业银行互联网贷款管理暂行办法,法规部,EXCLUDE,中,,,保险公司|分支机构,商业银行|银行业|银行业金融机构,[title]…商业银行互联网贷款管理暂行办法 商业银行互联网贷款管理暂行办法第一章 总则 第一条  为规范商业银行互联网贷款业务经营…,18413,True,False,
nfra,7dd37f5ab99489122e78e4a460388024604ffdac36054268746ea8dabd701557,,证券投资基金托管业务管理办法（中国证券监督管理委员会令第172号）,创新部,EXCLUDE,中,,,,商业银行|银行业,[body]…竞争秩序，保护基金份额持有人及相关当事人合法权益，促进证券投资基金健康发展，根据《证券法》《证券投资基金法》《银行业监督管理法》及其他相关法律、行政法规，制定本办法。第二条 本办法所称证券投资基金（以下简称基金）托管，是指由依…,15069,True,False,
nfra,abb119c2cc351c1ec371e4422383c89618b373758897d3cd237edffffa449417,银保监办发〔2020〕60号,中国银保监会办公厅关于印发金融租赁公司监管评级办法（试行）的通知,非银部,EXCLUDE,中,,,,银行业,[body]…赁公司的经营管理与风险状况，合理配置监管资源，加强分类监管，促进金融租赁公司持续健康发展，根据《中华人民共和国银行业监督管理法》《金融租赁公司管理办法》等有关法律法规的规定，制定本办法。第二条 本办法适用于在中华人民共和国境内…,6381,True,False,
nfra,6532a1e48c880111ac8b7b75bb122d33c345f184a2aded04cbf0ad36cb8d2e57,银保监办发〔2020〕59号,中国银保监会办公厅关于印发保险资金参与金融衍生产品交易办法等三个文件的通知,资金部,BOUNDARY,低,,,保险公司|保险资产管理|保险资金,,[title]…中国银保监会办公厅关于印发保险资金参与金融衍生产品交易办法等三个文件的通知 各保险集团（控股）公司、保险公司、保险资产管理公司：各保险集团（控股…,782,True,True,RFN-1c7a2ea96bfada4e;RFN-a7c3b3863a4a088a;RFN-1c7a2ea96bfada4e
nfra,cf1b9d6351fd98a24f1a5e7329f530a97569c65351cae9738fa9aeaae3cae069,银保监发〔2020〕26号,中国银保监会关于规范互联网保险销售行为可回溯管理的通知,消保局,BOUNDARY,低,人身保险|健康保险|养老保险,保险兼业代理,,保险中介机构,[body]…构销售以下保险产品时，应当按照要求展示可能影响保单效力以及可能免除保险公司责任的内容，包括但不限于：（一）销售人身保险新型产品，应当增加保单利益不确定性风险提示内容；（二）销售健康保险产品，应当增加保险责任等待期的起算时间、期限…,5264,True,True,RFN-8956cecc20380d22;RFN-8956cecc20380d22
nfra,4ecf6f7eacea15746dfad3d5805eecdae885681b802e62f8eb6e0674a87694ef,银保监发〔2020〕27号,中国银保监会关于开展银行业保险业市场乱象整治“回头看”工作的通知,银行检查局,EXCLUDE,中,,,保单|保险产品|保险公司|保险机构|保险条款|保险消费者|保险资产管理|保险资金|保险销售|偿付能力|分支机构,信托公司|金融资产|银行业|银行业金融机构,[title]…中国银保监会关于开展银行业保险业市场乱象整治“回头看”工作的通知 中国银保监会关于开展各银保监局，机关各部门，各政策性银行、大型银行、股…,21029,True,True,RFN-d87f91e80a21f732;RFN-d87f91e80a21f732
nfra,61232e2f08942e69cf74d51cf548da33b990a2ecf690dd5bdf333fc06fb28b91,,中国银保监会行政处罚办法,法规部,EXCLUDE,中,,,保险公司|保险公司分支机构|保险机构|保险资产管理|分支机构,保险中介机构|保险公估|保险经纪机构|信托公司|商业银行|金融资产|银行业,[meta]…行。第一章  总则 第一条 为规范中国银行保险监督管理委员会（以下简称银保监会）及其派出机构行政处罚行为，维护银行业保险业市场秩序，根据《中华人民共和国行政处罚法》《中华人民共和国银行业监督管理法》《中华人民共和国商业银行法》…,23695,True,False,
nfra,fdd56ba6ee8a36574ea56c8a6171b8ccc911964320e058b7181289d88c00cbad,银保监办发〔2020〕24号,中国银保监会关于修订《保险公司偿付能力监管规则——问题解答第1号：偿付能力监管等效框架协议过渡期内的香港地区再保险交易对手违约风险因子》的通知,财会部(偿付能力部),EXCLUDE,中,,,保险公司|保险机构|偿付能力,,,1051,True,True,RFN-b775856858a03547
nfra,1ea491be84e73642f91d8f7f550fd56e1bde909d0414002ba8a6d94fe0f4dff4,银保监办发〔2020〕51号,中国银保监会办公厅关于进一步明确农业保险业务经营条件的通知,财险部(再保部),EXCLUDE,中,,,保险公司|保险机构|偿付能力|分支机构,财产保险公司,[meta]…中国银保监会办公厅关于进一步明确农业保险业务经营条件的通知 各银保监局，各财产保险公司：各银保监局，各财产保险公司：    为深入贯彻中央全面深化改革委员会关于加快农业保险高质量发展的总体部署，落…,4883,True,False,
nfra,760708eb937e62c6b324e4fdaee7258b26e7ac65f7d7b025f0653d329c246fa4,中国保险监督管理委员会令〔2020〕7号,中国银保监会行政许可实施程序规定,法规部,BOUNDARY,低,,,保险机构,银行业|银行业金融机构,[meta]…和国保险法》《中华人民共和国行政许可法》等法律及行政法规，制定本规定。第二条 银保监会依照本规定的程序，对银行保险机构及银保监会监督管理的其他金融机构实施行政许可。 法规部    第一章 总 则第一章 总 则第一条 为规范中国银…,10441,True,True,RFN-0b6631bb23443a81;RFN-0b6631bb23443a81
nfra,772313d0f003eb91f22a446a992cd143c75d5fc7747e3f1143c478b8cea4a9e7,银保监发〔2020〕17号,中国银保监会关于保险资金投资银行资本补充债券有关事项的通知,资金部,BOUNDARY,低,,,保险公司|保险机构|保险资产管理|保险资金|偿付能力,,[title]…中国银保监会关于保险资金投资银行资本补充债券有关事项的通知 银保监发〔2020〕17号各保险集团（控股）公司、保险公司、保险资产管理公…,1462,True,True,RFN-3e281549d769f09f;RFN-3e281549d769f09f
nfra,f2b6c2eab413abe467ee9e48429f4541d55eeb2deac8e0d1e48ca28fb774513d,银保监发〔2020〕18号,中国银保监会 工业和信息化部 发展改革委 财政部 人民银行 市场监管总局关于进一步规范信贷融资收费降低企业融资综合成本的通知,消保局,EXCLUDE,中,,,保险公司|保险机构|保险资产管理|分支机构,信托公司|金融资产|银行业,[body]…直辖市及计划单列市）、新疆生产建设兵团市场监督管理局（厅、委），各政策性银行、大型银行、股份制银行，外资银行，金融资产管理公司，各保险集团（控股）公司、保险公司、保险资产管理公司，各会管单位：近年来，银行业保险业认真贯彻党中央、…,7733,True,False,
nfra,ee15267138b427ab2bc2a505cb081ccc9aa000a389de9c4d9619cb7e875ca466,银保监办发〔2020〕39号,中国银保监会办公厅关于印发信用保险和保证保险业务监管办法的通知(银保监办发〔2020〕39号),财险部(再保部),EXCLUDE,中,,,保单|保险产品|保险公司|保险条款|保险消费者|保险销售|偿付能力|分支机构,财产保险公司,[meta]…中国银保监会办公厅关于印发信用保险和保证保险业务监管办法的通知(银保监办发〔2020〕39号) 各银保监局，各财产保险公司：各银保监局，各财产保险公司：现将《信用保险和保证保险业务监管办法》（以下简称《办法》）印发给你们，请遵照执行…,10047,True,False,
nfra,25ba26074ba1852387de3da55b8e9c1137da6fa0574eade8f1e99fd4d8c88617,银保监办发〔2020〕42号,中国银保监会办公厅关于切实加强保险专业中介机构从业人员管理的通知,中介部,EXCLUDE,中,,,保险产品|保险销售|分支机构,保险公估|保险经纪,[meta]…业人员管理的通知 2019年，银保监会部署开展了保险专业中介机构从业人员（包括保险专业代理机构的代理从业人员、保险经纪人的经纪从业人员、保险公估人的公估从业人员，以下统称从业人员）执业登记清核工作。 中介部    2019年，银…,5183,True,True,RFN-78e7878746afaafd;RFN-78e7878746afaafd
nfra,13b8250f31f9924b991168ae7b7c067fe6361680ce20fb38591c9490908b337f,银保监办发〔2020〕41号,中国银保监会办公厅关于落实保险公司主体责任 加强保险销售人员管理的通知,中介部,INCLUDE,中,,个人保险代理人,保险产品|保险公司|保险机构|保险消费者|保险销售|分支机构,,[meta]…公厅关于落实保险公司主体责任 加强保险销售人员管理的通知 2019年银保监会部署开展了保险公司销售从业人员（含个人保险代理人、从事保险销售的员工以及其他用工关系人员，以下简称销售人员）执业登记清核工作。从清核情况看，由于保险公司主体管…,7338,True,True,RFN-b6f2e3de87f56668;RFN-b6f2e3de87f56668
nfra,3494cf020a73752cf1c3f65dd744c3240282783dd776a9032c2b15c6cd29c0a6,银保监发〔2020〕12号,中国银保监会关于金融资产投资公司开展资产管理业务有关事项的通知,法规部,EXCLUDE,中,,,保险公司|保险资产管理|保险资金,商业银行|金融资产|银行业,[title]…中国银保监会关于金融资产投资公司开展资产管理业务有关事项的通知 各银保监局，各政策性银行、大型银行、股份制银行，外资银行，各保险集团（…,6789,True,False,
nfra,c4f47135c4f5602991be9be149f32d28f5c332796109f649b29d2a9c7b314402,银保监发〔2020〕6号,国家税务总局办公厅 中国银行保险监督管理委员会办公厅关于发挥“银税互动”作用助力小微企业复工复产的通知,普惠金融部,EXCLUDE,中,,,,银行业金融机构,[body]…一步发挥“银税互动”作用，助力小微企业复工复产有关事项通知如下：一、实施重点帮扶各省税务机关加强与银保监部门和银行业金融机构的协作，及时梳理受疫情影响较大的批发零售、住宿餐饮、物流运输、文化旅游等行业的小微企业名单，按照国家社会信用体…,2217,True,False,
nfra,ddaa1f137ad9ff02a0f2dd462e28fa11ab858a438f600e6568dfd2bdb928f5cd,银保监办发〔2020〕25号,中国银保监会办公厅关于优化银行业金融机构分支机构变更营业场所事项的通知,法规部,EXCLUDE,中,,,分支机构,商业银行|金融资产|银行业金融机构,[title]…中国银保监会办公厅关于优化银行业金融机构分支机构变更营业场所事项的通知 中国银保监会办公厅关于优化银行业金融机构分支机构变更营业场所事项的通知各银保监…,4023,True,False,
nfra,0859aac9d641d4be44ff406601c645ac36c27c03e37b59781d72610b903128e8,银保监办发〔2020〕27号,中国银保监会办公厅关于长期医疗保险产品费率调整有关问题的通知,人身险部,INCLUDE,中,人身保险公司|健康保险,,,,[meta]…中国银保监会办公厅关于长期医疗保险产品费率调整有关问题的通知 各人身保险公司，中国保险行业协会：为进一步满足人民群众日益增长的健康保障需求，丰富医疗保险产品供给，鼓励保险公司开发销售长期…,5151,True,True,RFN-7f43eecb5fb0cab5;RFN-7f43eecb5fb0cab5
nfra,10ba0fb24568949984942d1f2a24a1e1e0d9d9eac4d4e59f1e4f137f8ec014e8,中国银行保险监督管理委员会令〔2020〕6号,中国银保监会非银行金融机构行政许可事项实施办法,非银部,EXCLUDE,中,,,分支机构,商业银行|金融资产|银行业|银行业金融机构,[meta]…出机构非银行金融机构行政许可行为，明确行政许可事项、条件、程序和期限，保护申请人合法权益，根据《中华人民共和国银行业监督管理法》《中华人民共和国行政许可法》等法律、行政法规及国务院有关决定，制定本办法。 非银部    办文说明…,88301,True,False,
nfra,91af1302c48ae0fd38be24733b635b193bf67db8132b093fc8d6416f5128335c,银保监办发〔2020〕28号,中国银保监会办公厅关于加强产业链协同复工复产金融服务的通知,大型银行部,BOUNDARY,低,人身保险公司,,,银行业金融机构,[body]…、 纯信用等多种形式的保证保险业务， 进一步加大贸易信用保险的承保覆盖面， 拓宽企业融资的增信方式。 （十七）人身保险公司在风险可控的前提下可适度延长保单质押贷款期限， 提升贷款额度， 帮助客户缓解短期资金压力， 支持小微企业复工复…,4966,True,True,RFN-0f42203bec02632a;RFN-0f42203bec02632a
nfra,d7a93dfd9b93ab153afaacdc708f9945d1f638ca0c3d74da47c7f28fc926156c,银保监办发〔2020〕18号,中国银保监会办公厅关于预防银行业保险业从业人员金融违法犯罪的指导意见,法规部,BOUNDARY,低,,,保单|保险产品|保险公司|保险机构|保险资产管理|保险资金|分支机构,金融资产|银行业|银行业金融机构,[meta]…指导意见 各银保监局，各政策性银行、大型银行、股份制银行，外资银行，金融资产管理公司，各保险集团（控股）公司、保险公司、保险资产管理公司，各会管单位：各银保监局，各政策性银行、大型银行、股份制银行，外资银行，金融资产管理公司，各…,9941,True,True,RFN-9917ff1e2892c493;RFN-9917ff1e2892c493
nfra,9e2e4c4079233ebbf81e4ac58fe43a652ebf586169fa181d49856fba41742e7c,银保监办发〔2020〕4号,中国银保监会办公厅关于加快推进意外险改革的意见,人身险部,BOUNDARY,低,,,保单|保险消费者,,[body]…贯彻落实党中央、国务院关于金融工作的决策部署，服务金融供给侧结构性改革，建立意外险费率市场化形成机制，更好保护保险消费者合法权益，推动意外险市场高质量发展，现就加快推进意外险改革提出以下意见。 一、总体要求（一）指导思想坚持以人民…,5848,True,True,RFN-8e6afa271b0e491d;RFN-8e6afa271b0e491d
nfra,7f2409406165d4bd508421f5db10589e4bd28d0be49881b35a375a72980c808a,银保监发〔2020〕6号,银保监会 人民银行 发展改革委 工业和信息化部 财政部关于对中小微企业贷款实施临时性延期还本付息的通知,办公厅,EXCLUDE,中,,,,银行业金融机构,[body]…本金安排对于 2020 年 1 月 25 日以来到期的困难中小微企业（含小微企业主、 个体工商户）贷款本金， 银行业金融机构应根据企业延期还本申请， 结合企业受疫情影响情况和经营状况， 通过贷款展期、 续贷等方式， 给予企业一定期限的…,3842,True,False,
nfra,9d66835ec66402bb12fdb0015e2ba5f0aae2ab81eb21041205a6206b73909339,银保监办发〔2020〕13号,中国银保监会办公厅关于进一步规范健康保障委托管理业务有关事项的通知,人身险部,BOUNDARY,低,健康保险,,,,[body]…失能收入损失审核和费用支付、护理审核和费用支付等经办管理服务。二、保险公司开展健康保障委托管理业务，应当符合《健康保险管理办法》有关经营健康保险的各项条件，并在开办地区设有分支机构或服务合作机构。三、保险公司开展健康保障委托管理…,4313,True,True,RFN-07f18128a3d26c01;RFN-07f18128a3d26c01
nfra,74baee897ac4cc911f72a936f54a0051e3922a1871933b0107ff5629e1648e6c,银保监办发〔2020〕17号,中国银保监会办公厅关于进一步加强和改进财产保险公司产品监管有关问题的通知,财险部(再保部),EXCLUDE,中,,,保险产品|保险公司|保险条款|保险消费者|偿付能力,财产保险公司,[title]…中国银保监会办公厅关于进一步加强和改进财产保险公司产品监管有关问题的通知 银保监办发〔2020〕17号各银保监局，各财产保险公司，中国保险行业协会：为深化“放管…,4477,True,False,
nfra,9b12d38ee8b021299061ab9b4b4684b0d914b0d625845319065242cd4ef6f391,证监会公告〔2020〕12号,中国证券监督管理委员会、财政部、中国人民银行、中国银行保险监督管理委员会关于商业银行、保险机构参与中国金融期货交易所国债期货交易的公告,创新部,EXCLUDE,中,,,保险机构,商业银行,[title]…中国证券监督管理委员会、财政部、中国人民银行、中国银行保险监督管理委员会关于商业银行、保险机构参与中国金融期货交易所国债期货交易的公告 关于商业银行、保险机构参与中国金融期货证监会公告〔2020…,1318,True,True,RFN-0bab2c662362a3b1
nfra,c3d786650451cd33ade169c92ec877615ea801a6ed516b3cf95966d54f149748,银保监办发〔2020〕6号,中国银保监会办公厅关于强化人身保险精算监管有关事项的通知,人身险部,INCLUDE,高,人身保险|人身保险公司,,,,"[title]…中国银保监会办公厅关于强化人身保险精算监管有关事项的通知 为进一步强化人身保险精算监管，完善人身保险监管指标体系,更好保护保险消费者合法权益，推…",1800,True,True,RFN-6e384e54b9892ea1;RFN-6e384e54b9892ea1
nfra,c60185473871758dfc4e1ba945b31487c74e58ecb129dd4d5df69d9ca36967cc,银保监发〔2020〕5号,中国银保监会关于废止和修改部分规范性文件的通知,法规部,EXCLUDE,中,,,,银行业,[meta]…中国银保监会关于废止和修改部分规范性文件的通知 为推动简政放权改革、激发市场活力，进一步完善银行业保险业监管制度体系，银保监会对现行规范性文件进行了清理。经过清理，银保监会决定：为推动简政放权改革、优化营商环…,902,True,False,
nfra,f05791ab2ad8575f925a6cb641593103f58762391788923cd5b812bacab05565,银保监办发〔2020〕7号,中国银保监会办公厅关于印发普通型人身保险精算规定的通知,人身险部,INCLUDE,高,人寿保险|人身保险|健康保险|寿险,,,,[title]…中国银保监会办公厅关于印发普通型人身保险精算规定的通知 为进一步完善人身保险精算制度体系，保护保险消费者合法权益，推动人身保险市场高质量发展，银保监会…,11555,True,True,RFN-801959f225db4a1f;RFN-801959f225db4a1f
nfra,1a6ffc19d4a7e410910a415bb424a1d54a25fbfc0bf005f549bcab0f09cc4f35,中国银行保险监督管理委员会令〔2020〕4号,信托公司股权管理暂行办法,信托部,EXCLUDE,中,,,,信托公司|银行业,[title]…信托公司股权管理暂行办法 中国银监会办公厅会议通知第一章  总 则 第一条  为加强信托公司股权管理，规范信托公司股东…,24586,True,False,
nfra,4a51a4acf009f6afbb607aa4a6c5fab291f85bab3eef5bdca5bd1df5f150c878,银保监发〔2020〕4号,中国银保监会 发展改革委 教育部 民政部 司法部 财政部 人力资源社会保障部 自然资源部 住房城乡建设部 商务部 卫生健康委 税务总局 医保局关于促进社会服务领域商业保险发展的意见,人身险部,BOUNDARY,低,人身保险|健康保险|养老保险|寿险,,,,[body]…究开发适合居家护理、社区护理及机构护理等多样化护理需求的产品，探索将商业长期护理保险与护理服务相结合。研究建立寿险赔付责任与护理支付责任转换机制，支持被保险人在失能时提前获得保险金给付，用于护理费用支出。四、促进健康服务业发…,5892,True,True,RFN-efa0f809bf932c9e;RFN-efa0f809bf932c9e
nfra,f17b5a87b52f9a87e12305ceaf0f5e19609fa534678f318532769b7d4b7225b8,中国银行保险监督管理委员会令〔2020〕1号,中国银保监会规范性文件管理办法,法规部,EXCLUDE,中,,,,银行业,[body]…规定，制定本办法。第二条 本办法所称规范性文件是除部门规章外，由银保监会依照法定权限、程序制定并公开发布，涉及银行业保险业监管行政相对人等的权利义务，具有普遍约束力，在一定期限内反复适用的公文。第三条 下列公文不属于本办法规定…,6918,True,False,
nfra,37255773d64f0623d55c92149c88c1f9e540b327d63b43c3dbb07475d9c3dda7,中国银行保险监督管理委员会令〔2020〕3号,银行业保险业消费投诉处理管理办法,消保局,EXCLUDE,中,,,保险产品|保险机构|分支机构,保险中介机构|商业银行|银行业|银行业金融机构,[title]…银行业保险业消费投诉处理管理办法 第一章 总 则 第一条 为了规范银行业保险业消费投诉处理工作，保护消费者合法权益，…,10186,True,True,RFN-cf9bf8df3fefb087;RFN-cf9bf8df3fefb087
nfra,efcf6e7d9f84b3f6f39880cdd68c356b42f63e8469cf6ca694d80e241f227ce9,中国银行保险监督管理委员会令〔2020〕2号,中国银保监会信访工作办法,办公厅,BOUNDARY,低,,,保险产品|保险机构,银行业,[body]…十二条 银行保险监督管理机构对下列不属于信访事项的请求，应依照有关规定程序处理并告知材料提交人。（一）举报银行保险机构或其工作人员违反相关银行保险监管法律、行政法规、部门规章和其他规范性文件；举报公民、法人或者其他组织涉嫌非法设…,12780,True,False,
nfra,ac24a8a3dc1987decb8b7ac7c959e7d432a7ac50303b6bfcf3d7c3986a0a91e1,中国保险监督管理委员会令〔2019〕8号,银行保险违法行为举报处理办法,法规部,EXCLUDE,中,,,保险机构,保险中介机构|商业银行|银行业|银行业金融机构,[meta]…派出机构（以下统称银行保险监督管理机构）对银行保险违法行为举报处理工作，维护经济金融秩序，根据《中华人民共和国银行业监督管理法》《中华人民共和国商业银行法》《中华人民共和国保险法》等有关法律、行政法规，制定本办法。 法规部…,6506,True,True,RFN-63076feefad24a6b;RFN-63076feefad24a6b
nfra,8f9cc027d809dd649ab2a4ee09d4f151d53ff85cab8d0c2246b8d035aadb3de0,银保监发〔2019〕52号,中国银保监会关于推动银行业和保险业高质量发展的指导意见,政研局,BOUNDARY,低,健康保险|养老保险,,,信托公司|再保险公司|商业银行|金融资产|银行业|银行业金融机构,[body]…挥经济“减震器”和社会“稳定器”作用，更好地为经济社会发展提供风险保障和长期稳定资金。支持发展相互保险、健康和养老保险等机构。推动构建新型保险中介市场体系。完善农业保险大灾风险分散机制，加快设立中国农业再保险公司。增强出口信用保…,15253,True,True,RFN-c52c03ee0ac9f135;RFN-c52c03ee0ac9f135
nfra,af81d414ff5fd6214465b61352d5dd9b371fd836409a9e231d835a80331ea1bc,中国银行保险监督管理委员会令〔2019〕9号,农村中小银行机构行政许可事项实施办法,法规部,EXCLUDE,中,,,分支机构,商业银行|银行业|银行业金融机构,[meta]…机构农村中小银行机构行政许可行为，明确行政许可事项、条件、程序和期限，保护申请人合法权益，根据《中华人民共和国银行业监督管理法》《中华人民共和国商业银行法》和《中华人民共和国行政许可法》等法律、行政法规及国务院有关决定，制定本…,52829,True,False,
nfra,ddad9a5ea686b8d1ac6f63b691759456fd28c38c0ef0a6628b92678c05129edb,中国银行保险监督管理委员会令〔2019〕10号,中国银保监会外资银行行政许可事项实施办法,国际部(港澳台办),EXCLUDE,中,,,分支机构,信托公司|商业银行|金融资产|银行业|银行业金融机构,[meta]…派出机构实施外资银行行政许可行为，明确行政许可事项、条件、程序和期限，保护申请人合法权益，根据《中华人民共和国银行业监督管理法》《中华人民共和国商业银行法》《中华人民共和国行政许可法》和《中华人民共和国外资银行管理条例》等法律…,73896,True,False,
nfra,5e837ab59d66d0ee6f1e3cbb93123e0f8bd897b37d702877eacdb6b68f54e7d6,中国银行保险监督管理委员会令2019年第7号,中国银保监会现场检查办法（试行）(中国银行保险监督管理委员会令2019年第7号),银行检查局,EXCLUDE,中,,,保险公司|保险机构|保险资产管理|偿付能力,保险中介机构|商业银行|金融资产|银行业,[body]…国银保监会现场检查办法（试行） 第一章 总则 第一条 为全面贯彻落实党中央、国务院对金融工作的决策部署，加强对银行业和保险业的监督管理，规范现场检查行为，提升现场检查质效，促进行业健康发展，根据《中华人民共和国银行业监督管理法…,16211,True,True,RFN-cf2b8f2b5b03b772;RFN-cf2b8f2b5b03b772
nfra,930affdd90d8a3101649d8c58509d4f12472795c08946bc4435d79139263bf28,银保监发〔2019〕49号,中国银保监会 商务部 国家外汇管理局关于完善外贸金融服务的指导意见（银保监发〔2019〕49号）,政研局,EXCLUDE,中,,,保单|保险公司|保险机构|分支机构,财产保险公司|金融资产|银行业|银行业金融机构,[meta]…局深圳、大连、青岛、厦门、宁波市分局，各政策性银行、大型银行、股份制银行，邮储银行，外资银行，出口信保公司，各财产保险公司，银行 政研局    中国银保监会 商务部 国家外汇管理局中国银保监会 商务部 国家外汇管理局关于完善外贸金融…,9408,True,False,
nfra,c1ef8e758f14f31086a7ae221633995ef8ed971a23c68e50d98dc44857309375,中国银行保险监督管理委员会令〔2019〕6号,中华人民共和国外资银行管理条例实施细则,法规部,EXCLUDE,中,,,分支机构,商业银行|银行业|银行业金融机构,[meta]…中华人民共和国外资银行管理条例实施细则 第一章 总则第一章 总则第一条  根据《中华人民共和国银行业监督管理法》、《中华人民共和国商业银行法》和《中华人民共和国外资银行管理条例》（以下简称《条例》），制定本细则…,28182,True,False,
nfra,56316dd65bf6e4941de1197d6edb2126d5833e761b843d3ae6cd15b15f307e90,银保监发〔2019〕50号,中国银保监会关于银行保险机构员工履职回避工作的指导意见,大型银行部,EXCLUDE,中,,,保险公司|保险机构|保险资产管理|分支机构,商业银行|金融资产|银行业,[meta]…银保监会关于银行保险机构员工履职回避工作的指导意见 各银保监局，各政策性银行、大型银行、股份制银行，外资银行，金融资产管理公司，各保险集团（控股）公司、保险公司、保险资产管理公司、保险专业中介机构、外国保险机构驻华代表机构，其他…,7734,True,True,RFN-f598e0fe8cbc03e3;RFN-f598e0fe8cbc03e3
nfra,fa92a75d199b023a6ad14acc92caeb494a6b90cc242d8c025bd3af16b149dbb8,中国银行保险监督管理委员会令〔2019〕7号,中国银保监会现场检查办法（试行）,银行检查局,EXCLUDE,中,,,保险公司|保险机构|保险资产管理|偿付能力,保险中介机构|商业银行|金融资产|银行业,[meta]…场检查办法（试行） 第一章 总则第一章 总则 第一条 为全面贯彻落实党中央、国务院对金融工作的决策部署，加强对银行业和保险业的监督管理，规范现场检查行为，提升现场检查质效，促进行业健康发展，根据《中华人民共和国银行业监督管理法…,15756,True,False,
nfra,eabb73fd349f709553d7ae7379cbda4d6da22410b587fcf6a5e95583dbdc28c7,银保监发〔2019〕48号,中国银保监会关于将澳门纳入保险资金境外可投资地区的通知,资金部,BOUNDARY,低,,,保险公司|保险机构|保险资产管理|保险资金,,[title]…中国银保监会关于将澳门纳入保险资金境外可投资地区的通知 中国银保监会关于中国银保监会关于将澳门纳入保险资金境外可投资地区的通知银保监发〔2019…,978,True,True,RFN-11debc850c92d549;RFN-11debc850c92d549
nfra,3ae972c905717912c84d76c9c97f841219fe952ffb13de3f2c217f7598608db4,中国银行保险监督管理委员会令〔2019〕4号,中华人民共和国外资保险公司管理条例实施细则,法规部,INCLUDE,中,人身保险|寿险,,,再保险公司|财产保险公司,[body]…是指在中国境外注册、 经营保险业务的保险公司。 第三条 外国保险公司与中国的公司、 企业合资在中国境内设立经营人身保险业务的合资保险公司（以下简称合资寿险公司）， 其中外资比例不得超过公司总股本的 51%。 中国银行保险监督管理…,7518,True,True,RFN-b53296b4adf450b5;RFN-b53296b4adf450b5
nfra,7854b7cc239181f99e1745e1a9c55b44121b33d41633e0775c287eed56868033,银保监办发〔2019〕229号,中国银保监会办公厅  中国证监会办公厅关于进一步规范银行业金融机构协助有权机关办理金融机构清算交收账户冻结、扣划有关事宜的通知,法规司,EXCLUDE,中,,,,商业银行|证券公司|银行业|银行业金融机构,[title]…中国银保监会办公厅  中国证监会办公厅关于进一步规范银行业金融机构协助有权机关办理金融机构清算交收账户冻结、扣划有关事宜的通知 为进一步规范银行业金融机构协助有权机关办理金融机…,2891,True,False,
nfra,b0444c7b161b816b6f569a70bec63e577a8a5e7ea8ddba5d63c264a7080cd6bc,银保监办发〔2019〕230号,中国银保监会办公厅关于明确取消合资寿险公司外资股比限制时点的通知,国际部(港澳台办),INCLUDE,高,人身保险|寿险,,,,[title]…中国银保监会办公厅关于明确取消合资寿险公司外资股比限制时点的通知 中国银保监会关于明确取消合资寿险公司 中国银保监会办公厅关于明确取消合资寿险公司外…,1085,True,True,RFN-2044962215470332;RFN-2044962215470332
nfra,264c84411f3668b2e7906e51994978000eb6b9597ca3e44f14d13213c782a755,银保监办发〔2019〕228号,中国银保监会办公厅关于规范两全保险产品有关问题的通知,人身险部,INCLUDE,中,人身保险|人身保险公司,,,,[meta]…规范两全保险产品有关问题的通知 中国银保监会办公厅关于中国银保监会办公厅关于规范两全保险产品有关问题的通知 各人身保险公司：为加快推进保险业供给侧结构性改革，进一步丰富保险产品供给，规范保险产品开发设计行为，保护保险消费者合法权益，…,3823,True,True,RFN-6c7d2ac10152570c;RFN-6c7d2ac10152570c
nfra,5ada36169d4ac45d08ddb496804e57b25a6dc252d9af2ec98b7763a9cf5983b6,中国银行保险监督管理委员会令〔2019〕5号,商业银行理财子公司净资本管理办法（试行）,创新部,EXCLUDE,中,,,,商业银行|银行业,[title]…商业银行理财子公司净资本管理办法（试行） 《商业银行理财子公司净资本管理办法（试行）》已经中国银保监会2019年第6次…,4421,True,False,
nfra,a96d182ca83975908507bef17f7e7e605e82c09e657bfc63d24bd9b90a1e33b0,银保监发〔2019〕42号,中国银保监会关于印发《关于商业银行资本工具创新的指导意见（修订）》的通知(银保监发〔2019〕42号),法规部,EXCLUDE,中,,,,商业银行,[title]…中国银保监会关于印发《关于商业银行资本工具创新的指导意见（修订）》的通知(银保监发〔2019〕42号) 各银保监局，各政策性银行、大型银行、股份…,5101,True,False,
nfra,199124ce218c146ea72df4c73ec1074c940200a77f84c329d949c939493c0cd3,中国银行保险监督管理委员会令2019年第3号,健康保险管理办法（中国银行保险监督管理委员会令2019年第3号）,人身险部,BOUNDARY,低,人寿保险公司|健康保险|养老保险公司,,,保险中介机构|再保险公司,[body]…行。保险公司开展不承担保险风险的委托管理服务不适用本办法。 第二章 经营管理 第八条 依法成立的健康保险公司、人寿保险公司、养老保险公司，经银保监会批准，可以经营健康保险业务。 前款规定以外的保险公司，经银保监会批准，可以经营短期健…,15389,True,True,RFN-bfd71798c8acfe26
nfra,00c8fc0a30f2dd7796e92bb0e1e1fc04171a8a1ad28c37212d7e8b8c9956f3b5,银保监发〔2019〕38号,中国银保监会关于银行保险机构加强消费者权益保护工作体制机制建设的指导意见,消保局,BOUNDARY,低,,,保险公司|保险机构|分支机构,银行业,[title]…中国银保监会关于银行保险机构加强消费者权益保护工作体制机制建设的指导意见 各银保监局，各大型银行、股份制银行，邮储银行，外资银行，各保险集…,11054,True,True,RFN-73253ae1a83ce441;RFN-73253ae1a83ce441
nfra,c894d7fa5baafc4a27f39549fe6e3371a1fb97ec408281740b2626351bf042f4,国办发〔2018〕104号,国家税务总局 中国银行保险监督管理委员会关于深化和规范“银税互动”工作的通知,普惠金融部,EXCLUDE,中,,,,银行业|银行业金融机构,[body]…有关事项通知如下：    一、深挖合作潜能，充分发挥“银税互动”的普惠效能（一）扩大“银税互动”受惠企业范围。银行业金融机构（以下简称“银行”）逐步将申请“银税互动”贷款的受惠企业范围由纳税信用A级和B级企业扩大至M级企业。（二）积极…,5175,True,False,
nfra,5a9a18313f2d19b1246f457597ea21c5484dee35a7057a352b05d927480a01d3,,中国银保监会办公厅关于加强商业保理企业监督管理的通知,普惠金融部,BOUNDARY,低,,,保险公司|保险机构|分支机构,银行业金融机构,[body]…范工作，并向银保监会报告。（二十一）商业保理企业住所地金融监管局要牵头负责跨区域经营商业保理企业的监管，加强与分支机构所在地金融监管局的协调配合，定期共享跨区域经营的商业保理企业分支机构名单和经营信息，避免重复监管和监管真空。六…,7076,True,False,
nfra,19edb6cade3e9e854983c83fd4cd3dbc6e42f5dfeb3bd22bcfe3b335d9ef6132,中华人民共和国国务院令第683号,关于印发融资担保公司监督管理补充规定的通知,普惠金融部,EXCLUDE,中,,,,金融资产|银行业金融机构,[meta]…督管理部门，各银保监局，各住房和城乡建设厅（委、局），各政策性银行、大型银行、股份制银行，邮储银行，外资银行，金融资产管理公司，其他会管经营类机构:现将《融资担保公司监督管理补充规定》印发给你们，请遵照执行。 普惠金融部…,4724,True,False,
nfra,34013a878d682cfa8015a3cccbb078a8c00e1271b5cfe2ece582e92162d699d8,银保监办发〔2019〕204号,中国银保监会办公厅关于进一步规范商业银行结构性存款业务的通知,创新部,EXCLUDE,中,,,,商业银行|银行业|银行业金融机构,[title]…中国银保监会办公厅关于进一步规范商业银行结构性存款业务的通知 中国银保监会办公厅关于进一步规范商业银行。中国银保监会办公厅关于进一步规范商业银行。结构…,6096,True,False,
nfra,2315d3e19e204d11a81e6b0f21b01fa3b72c3e9d04b5c7476a8d9ea6c7cfae44,财金〔2019〕102号,关于印发《关于加快农业保险高质量发展的指导意见》的通知,财险部(再保部),BOUNDARY,低,,,保险产品|保险机构|保险条款|偿付能力|分支机构,,[body]…作。与农业保险发展内在规律相适应，充分发挥市场在资源配置中的决定性作用，坚持以需求为导向，强化创新引领，发挥好保险机构在农业保险经营中的自主性和创造性。 自主自愿。充分尊重农民和农业生产经营组织意愿，不得强迫、限制其参加农业保险…,8363,True,False,
nfra,ca42dc55fc3ecfecaf93f3da0ffc7687848e06fe38c3b502598ba80676c59e95,财金〔2019〕1491号,国家发展改革委 银保监会关于深入开展“信易贷”支持中小微企业融资的通知,普惠金融部,BOUNDARY,低,,,保险公司,银行业金融机构,[body]…风险防控。 金融机构应当建立覆盖贷前贷中贷后的一体化风险防控体系，加强监测预警和提前处置。鼓励银行业金融机构与保险公司开展信用保证保险等业务合作，完善风险分担机制。 （五）加大宣传力度。 依托部门政务服务大厅、银行网点、服务热线…,5452,True,False,
nfra,a4cf556882d12e18e270f3b032b020ceded7e1e9660cdd8762ac86783a79f9e3,银保监办发〔2019〕189号,中国银保监会办公厅   农业农村部办公厅关于支持做好稳定生猪生产保障市场供应有关工作的通知,政研局,BOUNDARY,低,,,保险公司|保险资产管理|保险资金,银行业|银行业金融机构,[meta]…计划单列市农业农村（农牧）厅（委、局），各政策性银行、大型银行、股份制银行，邮储银行，各保险集团（控股）公司、保险公司、保险资产管理公司：为贯彻落实 政研局    机密★公开前 特急   中国银保监会办公厅   农业农村部办公厅…,2581,True,False,
nfra,893bce6bc835e559cf99601d95236a8d23fa5af1d0b34c69621e4ef85a8351f4,国办发〔2018〕47号,中国银保监会办公厅关于取消部分证明材料的通知,法规部,EXCLUDE,中,,保险兼业代理,保险公司|保险机构,保险中介机构,[body]…2019 年 8 月 27 日 （此件发至银保监分局和地方法人银行保险机构， 并请各银保监局转发至辖内保险兼业代理机构） 中国银保监会办公厅关于取消部分证明材料的通知中国银保监会办公厅关于取消部分证明材料的通知 银保监办发〔…,1092,True,True,RFN-ad1d22dc64f02096
nfra,cddc926c1bdd5801ceb189467243c8d2aacf407ba253a24ea90cb00b6d5c531f,银保监办发〔2019〕182号,中国银保监会办公厅关于完善人身保险业责任准备金评估利率形成机制及调整责任准备金评估利率有关事项的通知,人身险部,INCLUDE,高,人身保险|人身保险公司,,,,[title]…中国银保监会办公厅关于完善人身保险业责任准备金评估利率形成机制及调整责任准备金评估利率有关事项的通知 中国银保监会办公厅关于完善中国银保监会办公…,2962,True,True,RFN-6f569cc29f16a71b;RFN-6f569cc29f16a71b
nfra,371404205abce73c75174b4b6aad50789f2d757f2dba8abd6730fb75553fd153,银保监办发〔2019〕179号,中国银保监会办公厅关于印发《商业银行代理保险业务管理办法》的通知,中介部,BOUNDARY,低,人身保险|健康保险|寿险,保险兼业代理|保险销售从业人员,,商业银行|财产保险公司|银行业|银行业金融机构,[body]…户无继续投保意愿等问题的不得承保。（二）销售保单利益不确定的保险产品，包括分红型、万能型、投资连结型、变额型等人身保险产品和财产保险公司非预定收益型投资保险产品等，存在以下情况的，应当在取得投保人签名确认的投保声明后方可承保：1…,21898,True,True,RFN-e5a60d918465f9ee;RFN-e5a60d918465f9ee
nfra,ebffecd0251e8db13faf444d3d9e9b2fa77c6cf68c24734791a0556c2ca2737a,银保监发〔2019〕34号,中国银保监会 国家知识产权局 国家版权局关于进一步加强知识产权质押融资工作的通知,法规部,EXCLUDE,中,,,保险公司|保险机构|保险资产管理,商业银行|金融资产|银行业金融机构,[meta]…团、计划单列市知识产权局（知识产权管理部门）、版权局，各政策性银行、大型银行、股份制银行，邮储银行，外资银行，金融资产管理公司，各保险集团（控股）公司、保险公司、保险资产管理公司，其他会管经营类机构:为 法规部    中国银保监…,6417,True,False,
nfra,5ed4e39cb66a0572f502b6115202863ce506818bdedd7ef7a655a9d0bdc1094d,银保监发〔2019〕32号,中国银保监会关于印发《保险资产负债管理监管暂行办法》的通知,资金部,INCLUDE,中,人身保险公司|养老保险公司,,,再保险公司|财产保险公司,[body]…， 根据《中华人民共和国保险法》及有关规定， 制定本办法。 第二条 本办法所称保险公司是指于中国境内依法设立的人身保险公司和财产保险公司（以下简称“保险公司”）。 第三条 本办法所称保险资产负债管理， 是指保险公司在风险偏好和其他约…,7750,True,True,RFN-47dbf8f341cf0db8
nfra,a5e23c601800bd0932d80d079ea0ea07ca1ff67df7bed4327902b7ada8871dd6,易有关问题的通知证监发〔2019〕81号,中国证监会 中国人民银行 中国银保监会关于银行在证券交易所参与债券交易有关问题的通知,创新部,EXCLUDE,中,,,,商业银行,[body]…证券交易所参与债券交易的银行范围有关问题通知如下：一、 本通知所指银行包括政策性银行和国家开发银行、 国有大型商业银行、 股份制商业银行、 城市商业银行、 在华外资银行、 境内上市的其他银行。 二、 银行应在依法合规、 风险可控…,1480,True,False,
nfra,01918f4507e3416a99a1ee18dfff56a592ea5013d783aabf382f9c7ab205fc67,银行业监督管理委员会令〔2018〕2号,中国银监会关于废止部分规章的决定,法规部,EXCLUDE,中,,,,银行业,[meta]…中国银监会关于废止部分规章的决定 中国银行业监督管理委员会令为贯彻落实中共中央、国务院关于简政放权、放管结合、优化服务改革措施要求，进一步提高银行业服务实…,634,True,False,
nfra,447b751f683c6f78d23f47129a7307e0fefeb4e5b76ba3297d7dd53149dc8c3b,银保监发〔2019〕30号,中国银保监会关于修订《保险公司偿付能力监管规则——问题解答第1号：偿付能力监管等效框架协议过渡期内的香港地区再保险交易对手违约风险因子》的通知,财会部(偿付能力部),EXCLUDE,中,,,保险公司|保险机构|偿付能力,,,1187,True,True,RFN-b775856858a03547
nfra,2199a79e52d6be297c181864ada069a351004d8959f6c04099fe729aeb2f5286,国发〔2013〕46号,中国银保监会 中国证监会关于商业银行发行优先股补充一级资本的指导意见（修订）,法规部,EXCLUDE,中,,,,商业银行|银行业,[title]…中国银保监会 中国证监会关于商业银行发行优先股补充一级资本的指导意见（修订） 中国银保监会 中国证监会关于。中国银保监会 中国证监会关于。商业银行…,4151,True,False,
nfra,848765f8ea7e535f1f6fa5aaca7ca2cba1468f5fb34a1c7af5f75e383e7abf30,银保监办发〔2019〕156号,中国银保监会办公厅关于做好《商业银行股权托管办法》实施相关工作的通知,法规部,EXCLUDE,中,,,,商业银行,[title]…中国银保监会办公厅关于做好《商业银行股权托管办法》实施相关工作的通知 中国银保监会办公厅关于做好《商业银行股权托管办法》实施相关工作的通知中国银保…,1820,True,False,
nfra,27ebb03239c66920b9f3a5f05b813ee7a828f8bc9c014607743ab0ea70c93063,中国银行保险监督管理委员会令〔2019〕2号,商业银行股权托管办法,法规部,EXCLUDE,中,,,,商业银行|银行业|银行业金融机构,[title]…商业银行股权托管办法 第一章 总则第一章 总则第一条 为规范商业银行股权托管，加强股权管理，提高股权透明度，根据《中华…,6738,True,False,
nfra,00a3ab54f32a5da3aaeb4138d299e20846aea6fcc588c2e495ff6487f63de019,银保监发〔2019〕23号,中国银保监会关于开展“巩固治乱象成果 促进合规建设”工作的通知,非银检查局,EXCLUDE,中,,,保险公司|保险机构|保险资产管理|保险资金|保险销售|偿付能力|分支机构,商业银行|金融资产|银行业|银行业金融机构,[meta]…作的通知（银保监发〔2019〕23号） 各银保监局，各政策性银行、大型银行、股份制银行，邮储银行，外资银行，各金融资产管理公司，各保险集团（控股）公司、保险公司、保险资产管理公司：为全面贯彻党中央、国务院关于金融工作的决策部署，…,19085,True,True,RFN-de6540d3191cfce5;RFN-de6540d3191cfce5
nfra,2cca3d6603c63e029e5633955736331fa81409625ddfb29c4e82315f865afa5c,银保监办发〔2019〕150号,中国银保监会办公厅转发关于推动出入境证件便利化应用工作方案的通知,法规部,BOUNDARY,低,,,保险机构,,[body]…问题，请及时报告银保监会。特此通知。中国银保监会办公厅 2019年7月1日 （此件发至银保监分局和地方法人银行保险机构） 现将国家移民管理局等十六个部门联合印发的《关于印发<关于推动出入境证件便利化应用的工作方案>的通知》（国移…,689,True,False,
nfra,31965b984a5a15e40eaef5751d473608ffd4845a755901e8800179ea7e6441b3,银保监办发〔2019〕144号,中国银保监会办公厅关于保险资金投资集合信托有关事项的通知,资金部,EXCLUDE,中,,,保险公司|保险机构|保险资产管理|保险资金,信托公司,[body]…进行监管，对其资质条件、权利义务和风险责任等要求，执行保险机构投资风险责任人的相关规定。 三、保险机构应当明确信托公司选择标准，完善持续评价机制，并将执行情况纳入年度内控审计。担任受托人的信托公司应当具备以下条件： （一）具有完…,6348,True,True,RFN-7cccd232fc36550e;RFN-7cccd232fc36550e
nfra,fed3a14052d23acc2b2038a90d7eaab85b8e5927756fd3fa5642b82a53757067,银保监办发〔2019〕143号,中国银保监会办公厅关于资产支持计划注册有关事项的通知,资金部,BOUNDARY,低,,,保险机构|保险资产管理|保险资金,,[meta]…注册有关事项的通知 中国银保监会办公厅关于。资产支持计划注册有关事项的通知。银保监办发〔2019〕143号。各保险资产管理公司:。为进一步落实国务院“放管服”工作部署，推动资产支持计划（以下简称支持计划）业务发展，提高监管效率和透明…,1828,True,False,
nfra,ab056fc373e4436a5ba4b3f649eb31e7c6d19f3b45e96bebe617f6325e240381,银保监发〔2019〕23号,中国银保监会关于开展“巩固治乱象成果 促进合规建设”工作的通知,现场检查局,EXCLUDE,中,,,保险公司|保险机构|保险资产管理|保险资金|保险销售|偿付能力|分支机构,商业银行|金融资产|银行业|银行业金融机构,[meta]…的通知。（银保监发〔2019〕23号）。各银保监局，各政策性银行、大型银行、股份制银行，邮储银行，外资银行，各金融资产管理公司，各保险集团（控股）公司、保险公司、保险资产管理公司：。 现场检查局    中国银保监会关于 中国银保…,19560,True,True,RFN-de6540d3191cfce5;RFN-de6540d3191cfce5
nfra,f1b545940d7229afd952e7931b508ad3404994f47c9fb83601283a9ca2e43392,银保监办发〔2019〕121号,中国银保监会办公厅关于保险资金参与信用风险缓释工具和信用保护工具业务的通知,资金部,BOUNDARY,低,,,保险公司|保险机构|保险资产管理|保险资金,,[title]…中国银保监会办公厅关于保险资金参与信用风险缓释工具和信用保护工具业务的通知 中国银保监会办公厅关于保险资金参与信用风险缓释工具和信用保护工具…,2016,True,True,RFN-dcf8ffb8f9bc1eee
nfra,568b4d2c3c73ba25c082d707f5d8c0cd8cbe1a7656e7f53c3c0d3f7f33cb7bc7,银保监发〔2019〕22号,中国银保监会关于印发《保险公司偿付能力监管规则——问题解答第2号：无固定期限资本债券》的通知,财会部(偿付能力部),EXCLUDE,中,,,保险公司|保险机构|保险资产管理|保险资金|偿付能力,商业银行,[body]…用风险最低资本》， 计量交易对手违约风险的最低资本。 其中， 风险暴露为其账面价值； 政策性银行和国有控股大型商业银行的基础风险因子为 0.20， 全国性股份制商业银行的基础风险因子为 0.23。 中国银保监会关于印发中国银保监…,1556,True,True,RFN-bcc821eac1f4f5bf;RFN-bcc821eac1f4f5bf
nfra,d5a5c996e6059d836102e51781c2d56c809215a0f369f5066ffb42f13ce8016b,银保监办发〔2019〕105号,中国银保监会办公厅关于延长保险公司跨京津冀区域经营备案管理试点有效期的通知,政研局,BOUNDARY,低,,,保险公司,,[title]…中国银保监会办公厅关于延长保险公司跨京津冀区域经营备案管理试点有效期的通知 中国银保监会办公厅关于延长保险公司跨京津冀区域经营备案管理试点有效期…,1000,True,True,RFN-a3abd303e6febeca;RFN-a3abd303e6febeca
nfra,a690994a59c1e199537ce04c761e4a7a2c18fa3d31b520ed990d764793b6cc92,银保监办发〔2019〕98号,中国银保监会办公厅关于明确保险资产负债管理报告报送要求的通知,,EXCLUDE,中,,,保险公司|保险资金,再保险公司|财产险,[body]…表和量化评估表中没有相关信息的， 在数字框中应填“0”， 文本框中应填“无”。  3.保险集团（控股）公司、 再保险公司年度报告和季度报告只需填报财产险公司量化评估表中的表 1－1 和 1－2， 填报公司整体信息， 不区分大类账户…,2321,True,True,RFN-dfd287d5f2f0c127;RFN-dfd287d5f2f0c127
nfra,4ac04813fecb635103eaaf15a65bee99204ae5d02328e2ce9046bc40abcde5a6,银监办发〔2018〕13号,中国银监会办公厅关于印发银监会机关银行业消费者投诉处理规程的通知,消保局,BOUNDARY,低,,,分支机构,金融资产|银行业|银行业金融机构,[body]…行业从业人员的投诉事项，按照属地原则转交相应银监局办理。（二）涉及经营规则、业务系统等，或者其他银行业金融机构分支机构无法办理或无权办理的投诉事项，转交当事银行业金融机构总行（部）办理。（三）对于适宜采用第三方调解方式处理的投诉…,10561,True,False,
nfra,97f160ce4bd7580ab592add73dc20b108eb6567463b142f39c4cf0f337632ca2,,中国银保监会办公厅关于授权派出机构实施部分行政许可事项的通知,法规部,BOUNDARY,低,健康保险|养老保险公司,,,再保险公司,[body]…述保险公司不包括政策性保险公司、 再保险公司、 相互保险组织、 自保公司、 互联网保险公司、 健康保险公司、 养老保险公司及其他银保监会认定的保险公司。 二、 授权派出机构实施的行政许可事项， 由保险公司或拟设省级分公司所在地银保监…,1185,True,True,RFN-c1ef5512ad05a651
nfra,ebffeef5d1082bf14126ddb1db5dbe6dc07359cfb081bab724a44a8278b6f977,银保监发〔2019〕11号,中国银保监会关于印发《商业银行净稳定资金比例信息披露办法》的通知,法规部,EXCLUDE,中,,,,商业银行|银行业,[title]…中国银保监会关于印发《商业银行净稳定资金比例信息披露办法》的通知 中国银保监会关于印发《商业银行净稳定资金比例信息披露办法》的通知银保监发〔…,3155,True,False,
nfra,f9c6289ccae81d85f4d7a6c29cdada843ac2274933025df090f5594b9ce67827,银保监办发〔2019〕19号,中国银保监会办公厅关于加强保险公司中介渠道业务管理的通知,办公厅,EXCLUDE,中,,个人保险代理人|保险兼业代理,保单|保险公司|保险销售|分支机构,保险公估|保险经纪机构,[meta]…险公司中介渠道业务管理有关事项通知如下：一、保险公司要建立权责明晰的中介渠道业务管理制度体系（一）保险公司通过个人保险代理人、保险专业代理机构、保险经纪机构、保险兼业代理机 办公厅    中国银保监会办公厅关于加强保险公司中介渠道业务…,5053,True,True,RFN-280bba93cfa3b5dd;RFN-280bba93cfa3b5dd
nfra,72a7bda340faf952c7303386ccf29e1ca559ac3dec1001586b790f1d140b09dd,,中国银保监会关于进一步加强金融服务民营企业有关工作的通知,办公厅,EXCLUDE,中,,,保险机构|保险资金|分支机构,商业银行|银行业金融机构,[meta]…融资贵问题，切实提高民营企业金融服务的获得感，现就有关工作通知如下：一、持续优化金融服务体系（一）国有控股大型商业银行要继续加强普惠金融事业部建设， 办公厅    中国银保监会关于进一步加强金融服务民营企业有关工作的通知中国银保…,6720,True,True,RFN-79dc56c0dec3a960
nfra,6ab4bb8f8076237004cb990e76ff852a4c6c8962aee44edf691f102005223643,中国银行保险监督管理委员会令2019年第1号,银行业金融机构反洗钱和反恐怖融资管理办法（中国银行保险监督管理委员会令2019年第1号）,法规部,EXCLUDE,中,,,分支机构,信托公司|商业银行|金融资产|银行业|银行业金融机构,[title]…银行业金融机构反洗钱和反恐怖融资管理办法（中国银行保险监督管理委员会令2019年第1号） 《银行业金融机构反洗钱和反恐怖融资…,13641,True,True,RFN-ba99e1d3cdba2d2f
nfra,49b045d29d3bace90020a732b979456862a3469ecd976f9570774d280662a2c2,保监会令〔2019〕1号,银行业金融机构反洗钱和反恐怖融资管理办法,法规部,EXCLUDE,中,,,分支机构,信托公司|商业银行|金融资产|银行业|银行业金融机构,[title]…银行业金融机构反洗钱和反恐怖融资管理办法 第一章 总则第一章 总则第一条  为预防洗钱和恐怖融资活动，做好银行业金融机构反洗…,12632,True,True,RFN-73a29788b6ddf06c
nfra,cb068216c55d62b139fa9dab3923e18992115ca50c93a0504b83cbc847cba69a,银保监发〔2019〕7号,中国银保监会关于保险资金投资银行资本补充债券有关事项的通知,办公厅,EXCLUDE,中,,,保险公司|保险机构|保险资产管理|保险资金,商业银行,[body]…限资本债券。 二、 政策性银行发行的二级资本债券和无固定期限资本债券， 比照准政府债券的投资规定执行。 三、 商业银行发行的二级资本债券和无固定期限资本债券纳入无担保非金融企业（公司）债券管理。 四、 保险资金投资的商业银行二级…,1578,True,True,RFN-3e281549d769f09f
nfra,a32ffafaf22a035bbd02212687318adb1ef1b71acda16911e1ed691d8b59fb17,银保监办发〔2019〕13号,中国银保监会办公厅关于加强中资商业银行境外机构合规管理长效机制建设的指导意见,办公厅,EXCLUDE,中,,,保险公司|保险机构|分支机构,商业银行|金融资产,[title]…中国银保监会办公厅关于加强中资商业银行境外机构合规管理长效机制建设的指导意见 中国银保监会办公厅关于加强中资商业银行境外机构合规管理长效机制建设的指…,9850,True,False,
nfra,875ffdee8aa22feb2f791fbbeb1baf932a106051fcd09560db04b10a82f67fdd,银保监办发〔2019〕7号,中国银保监会办公厅关于进一步加强车险监管有关事项的通知,财险部(再保部),EXCLUDE,中,,,保险公司,财产保险公司,[meta]…事项的通知 中国银保监会办公厅关于进一步加强车险监管有关事项的通知。银保监办发〔2019〕7号。各银保监局，各财产保险公司，保险业协会，中国保信：。为进一步加强车险业务监管，整治市场乱象，维护车险消费者合法权益，为下一步商业车险改革…,2331,True,False,
nfra,426d762200c89010db7072a673e0c8f4163a9a4cef20b2eca4de68782017ba39,银保监办发〔2019〕27号,中国银保监会办公厅  自然资源部办公厅关于延长农村集体经营性建设用地使用权抵押贷款工作试点期限的通知,法规部,EXCLUDE,中,,,,银行业|银行业金融机构,[body]…〔2016〕26 号， 以下简称《暂行办法》）有效期延长至 2019 年 12 月 31 日。 二、 试点地区银行业金融机构要按照《暂行办法》要求， 稳步推进农村集体经营性建设用地使用权抵押贷款业务。 三、 试点地区银行业监督管理机构…,1265,True,False,
nfra,ecc56539b1512c4b704913b734266b38ba5849789a7255e25b6faa56f8065f18,银保监发〔2018〕71号,中国银保监会关于规范银行业金融机构异地非持牌机构的指导意见,法规部,EXCLUDE,中,,,分支机构,商业银行|银行业|银行业金融机构,[title]…中国银保监会关于规范银行业金融机构异地非持牌机构的指导意见 中国银监会办公厅会议通知中国银保监会关于规范银行业金融机构异地非持牌机构的指导意见…,6643,True,False,
nfra,397b0b0cf818744a961746c8b1ba494cb497829fc311b451bed4d3f5fc537fdf,中国银行保险监督管理委员会令2018年第7号,商业银行理财子公司管理办法（中国银行保险监督管理委员会令2018年第7号）,创新部,EXCLUDE,中,,,分支机构,商业银行|银行业|银行业金融机构,[title]…商业银行理财子公司管理办法（中国银行保险监督管理委员会令2018年第7号） 中国银行保险监督管理委员会令 商业银行理财…,21775,True,False,
nfra,10dcf5b72c7ff4149946aa60fb75bff51ea61cb448ac1caa0dae1014bfd5f447,银保监发〔2018〕65号,中国银保监会关于保险资产管理公司设立专项产品有关事项的通知,办公厅,BOUNDARY,低,养老保险公司,,,商业银行|金融资产,[body]…产管理公司应当及时向银保监会报告， 并在事件发生后的 2 个工作日内向投资者披露相关信息。 十四、 符合条件的养老保险公司设立专项产品参照本通知执行。…,2917,True,True,RFN-e4ad445337272c70;RFN-e4ad445337272c70
nfra,80519e56e6cbdd48141e0874aa0620fad1c2d8dde93dec4b7067fe3a5f85f96e,中国银行保险监督管理委员会令2018年第6号,商业银行理财业务监督管理办法（中国银行保险监督管理委员会令2018年第6号）,创新部,EXCLUDE,中,,,分支机构,商业银行|金融资产|银行业|银行业金融机构,[title]…商业银行理财业务监督管理办法（中国银行保险监督管理委员会令2018年第6号） 中国银行保险监督管理委员会令 商业银行理…,32058,True,False,
nfra,90ebd97b385475b4a1a29dbd79330912398d7bdd625b6db33f3582ec4f154cd3,保监发〔2013〕25号,中国银保监会关于同意中航安盟财产保险有限公司开展“保险+期货”试点的函,,BOUNDARY,低,,,保险产品|保险条款|保险资金,,[body]…结构设置费率调节因子。  三、 你公司参与农产品期货/期权交易应经公司董事会决议通过。  四、 你公司应参照《保险资金参与金融衍生产品交易暂行办法》有关要求， 建立健全参与农产品期货/期权交易的内部管理制度和运作机制， 配备熟悉…,1608,True,False,
nfra,c523cca8dd7732f4fa77c2b1887455e7cd0318b4a926fa668b5b7588dd287a26,国办发〔2018〕81号,中国银保监会办公厅关于做好港澳台居民居住证使用工作有关事项的通知,法规部,BOUNDARY,低,,,保险公司|保险机构|保险资产管理|分支机构,金融资产|银行业金融机构,[body]…，各保监局，各政策性银行、大型银行、股份制银行，邮储银行，外资银行，金融资产管理公司，各保险集团（控股）公司、保险公司、保险资产管理公司、保险专业中介机构，其他会管金融机构： 2018年8月6日，国务院办公厅印发了《港澳台居民居…,1975,True,True,RFN-39c0fc086c78c90d
nfra,d9c337c993dd2f699d215201125f58e8e6cee44b60ab36d30fbe96aeb85c4f79,银保监办发〔2018〕83号,中国银保监会办公厅关于做好港澳台居民居住证使用工作有关事项的通知,法规部,BOUNDARY,低,,,保险机构|分支机构,银行业金融机构,[body]…民在内地（大陆）证明身份的合法身份证件，可以作为办理银行、保险、信托及其他金融业务的有效身份证件。 二、各银行保险机构可以通过人工识别、第二代居民身份证阅读机具机读等方式识别港澳台居民居住证。已配备第二代居民身份证阅读机具的银行…,1773,True,True,RFN-39c0fc086c78c90d;RFN-39c0fc086c78c90d
nfra,2c2673299ea169e2c5374e896a9851c2b0b3f707bacb3bbc62dfb55080cb0456,中国银行保险监督管理委员会令〔2018〕5号,中国银保监会关于废止和修改部分规章的决定,法规部,EXCLUDE,中,,,分支机构,商业银行|金融资产|银行业|银行业金融机构,[meta]…中国银保监会关于废止和修改部分规章的决定 为进一步扩大银行业对外开放，取消中资银行和金融资产管理公司外资持股比例限制，实施内、外资一致的股权投资比例规则，中国银保监会决定…,170193,True,False,
nfra,5c8c553e3a71f3a50b8c795238a1bba8e49e037ecefc71714f6d6030b705ed9e,中国银行保险监督管理委员会令2018年第5号,中国银保监会关于废止和修改部分规章的决定（中国银行保险监督管理委员会令2018年第5号）,法规部,EXCLUDE,中,,,分支机构,商业银行|金融资产|银行业|银行业金融机构,[body]…自公布之日起施行。 主席：郭树清 2018年8月17日 中国银保监会关于废止和修改部分规章的决定 为进一步扩大银行业对外开放，取消中资银行和金融资产管理公司外资持股比例限制，实施内、外资一致的股权投资比例规则，中国银保监会决定…,170899,True,False,
nfra,14bfdcbe1dfb718b61555099e76dc57a912a0d423fcca3c30c8058950179c0b3,银保监发〔2018〕44号,中国银保监会关于发布《保险业车联网基础数据元目录(JR/T0165-2018)》行业标准的通知,,BOUNDARY,低,,,保险公司|保险资产管理,,"[meta]…司、上海保险交易所股份有限公司、中国保险报业股份有限公司,中国保险行业协会、中国保险学会、中国精算师协会、中国保险资产管理业协会,各保险公司、保险资产管理公司,各保险专业中介机构:。     银保监发〔2018〕44 号 各保监局,…",760,True,True,RFN-79ee1919cdfd991e;RFN-79ee1919cdfd991e
nfra,0ae006bf55040c074a273cc781d60bd2b538d8b84180dee015049951822820fb,银保监办发〔2018〕78号,中国银保监会办公厅关于报送保险资产负债管理能力自评估结果有关事项的通知,,BOUNDARY,低,人身保险公司,,,财产保险公司,[body]…系人：余诚 熊迎  010－66288832 附件：1.财产保险公司资产负债管理能力评估表EXCEL表样 2.人身保险公司资产负债管理能力评估表EXCEL表样 3.制度健全性和遵循有效性填报说明 4.保险资产负债管理能力自评估报告签…,2209,True,True,RFN-799c0c56335d722d;RFN-799c0c56335d722d
nfra,8113f0208ea6ee50c64a4ef3cf480b368d94b8f0eb178663c4fc528e551afa0e,银保监办发〔2018〕76号,中国银保监会办公厅关于进一步做好信贷工作 提升服务实体经济质效的通知,审慎规制局,BOUNDARY,低,人身保险,,,信托公司|商业银行|金融资产|银行业|银行业金融机构,[body]…等方面的改革，进一步缩短投资链条，降低投资成本，提高投资效率。发挥保险业风险管理和保障功能，不断丰富财产保险、人身保险等产品和业务模式，改进保险服务，稳定企业和居民财务预期。八、规范经营行为，严禁附加不合理贷款条件。规范贷款行为…,4420,True,True,RFN-29968296549c56bc;RFN-29968296549c56bc
nfra,cf58ced3172276aea3e2b33148ed5744d2b51b0f890700f311b167108aa47beb,银保监发〔2018〕40号,中国银保监会关于切实加强和改进保险服务的通知,办公厅,EXCLUDE,中,,,保险产品|保险公司|保险消费者|保险理赔|保险营销|保险销售|分支机构,保险中介机构,[meta]…务的通知 中国银保监会关于中国银保监会关于切实加强和改进保险服务的通知银保监发〔2018〕40号各保险公司、各保险中介机构：加强和改进保险服务是保险业落实“以人民为中心”发展思想和服务实体经济的必然要求。近年来，各保险公司、各保险中…,3485,True,True,RFN-763780caf95292c6;RFN-763780caf95292c6
nfra,dac67cf849e4a7e49e7696b97c0b955a4b22a00c9a21eef9e1b2443075d34f78,国发〔2013〕35号,中国银保监会关于扩大老年人住房反向抵押养老保险开展范围的通知,,INCLUDE,中,人身保险公司|养老保险,,,,"[meta]…中国银保监会关于扩大老年人住房反向抵押养老保险开展范围的通知 银保监发〔2018〕43号。各保监局,各人身保险公司:。     银保监发〔2018〕43号 各保监局,各人身保险公司: 为贯彻落实《国务院关于加快发展养老服务业…",1249,True,True,RFN-1801df174a88699e
nfra,00b6cc6bb1514bac705d888d328c011681abe56968abaa18c4cff4d873ace71b,中华人民共和国国务院令第247号,中国银保监会关于银行业和保险业做好扫黑除恶专项斗争有关工作的通知,法规部,EXCLUDE,中,,,保险产品|保险公司|保险机构|保险资产管理,商业银行|金融资产|银行业|银行业金融机构,[title]…中国银保监会关于银行业和保险业做好扫黑除恶专项斗争有关工作的通知 中国银保监会关于银行业和保险业做好扫黑除恶专项斗争有关工作的通知银…,6096,True,True,RFN-635f918856e44fe0
nfra,0a62946b910b8c3ffa1444ac5def55c84032cee80f30e6c7d1949798bef6c778,保监发〔2013〕25号,中国银保监会关于同意中国平安财产保险股份有限公司开展“保险+期货”试点的函,,BOUNDARY,低,,,保险产品|保险条款|保险资金,,"[body]…因子。  三、 你公司参与玉米、 棉花、 鸡蛋等农产品期权交易应经公司董事会决议通过。  四、 你公司应参照《保险资金参与金融衍生产品交易暂行办法》有关要求, 建立健全参与农产品期权交易的内部管理制度和运作机制, 配备熟悉期货期…",1597,True,False,
nfra,dea84fa1f3cf5b78fc3f0d3ff9d7bdc0a83bfc9f52b1119fbb2d4196a2a07281,银保监办发〔2018〕57号,中国银保监会办公厅关于商业车险费率监管有关要求的通知,,EXCLUDE,中,,,保险公司,保险中介机构|财产保险公司,"[meta]…中国银保监会办公厅关于商业车险费率监管有关要求的通知 银保监办发〔2018〕57号。各财产保险公司:。为加强商业车险产品费率监管,保护消费者合法权益,现就商业车险费率方案报送有关要求通知如下:。一、各财产保险…",1777,True,False,
nfra,33b598ebedc394adf70de8c187cf85bae6e598a5202aaccbcd2cba766235b238,银保监发〔2018〕34号,中国银保监会关于印发《保险公司偿付能力监管规则——问题解答第1号：偿付能力监管等效框架协议过渡期内的香港地区再保险交易对手违约风险因子》的通知,办公厅,EXCLUDE,中,寿险,,,再保险公司,,3482,True,True,RFN-19f7ec81e17cdf73
nfra,3e4eb8f7317cd8506c7936ead8ecff532d641749db35535cde678c72b19d1ca1,银保监发〔2018〕35号,中国银保监会关于印发《保险机构独立董事管理办法》的通知,办公厅,BOUNDARY,低,,,保险公司|保险机构|保险消费者|保险资产管理,,[title]…中国银保监会关于印发《保险机构独立董事管理办法》的通知 中国银保监会关于印发《保险机构中国银保监会关于印发《保险机构独立董事管理办法》的通知…,19577,True,True,RFN-723ff41eb9823b54
nfra,2a4b9ea701041924754c7f529ee07be1c582fabf4284b48e28a5f8fd490c780f,银保监发〔2018〕32号,中国银保监会关于印发《个人税收递延型商业养老保险资金运用管理暂行办法》的通知,办公厅,INCLUDE,高,养老保险,,,基金管理公司|证券公司|金融资产,[title]…中国银保监会关于印发《个人税收递延型商业养老保险资金运用管理暂行办法》的通知 中国银保监会关于印发《个人税收递延型商业中国银保监会关于印发《个人税收递延型商业…,12240,True,True,RFN-4519bfab6d37349a
nfra,82cf356e68690d3eeaa3d66859d2362ea79ad68b8b4062aaf6e4472f0da43cee,银保监发〔2018〕28号,中国银行保险监督管理委员会关于发布保险资产负债管理季度报告XBRL分类标准及启用保险资产负债管理监管信息系统模块的通知,,BOUNDARY,低,人身保险公司,,,财产保险公司,[body]…附件:1.保险资产负债管理季度报告XBRL分类标准 2.财产保险公司资产负债管理量化评估表EXCEL表样 3.人身保险公司资产负债管理量化评估表EXCEL表样 4.财产保险公司资产负债管理量化评估表填报指引补充说明 5.人身保险公司…,2810,True,True,RFN-4646e0fe770893e6;RFN-4646e0fe770893e6
nfra,d18f6ca5fca7a7742c9d36a345d370dc6b5e23ca5bf2a83688e82a9462dca160,中国银行保险监督管理委员会令〔2018〕4号,金融资产投资公司管理办法（试行）,法规部,EXCLUDE,中,,,偿付能力|分支机构,信托公司|商业银行|金融资产|银行业|银行业金融机构,[title]…金融资产投资公司管理办法（试行） 第一章 总则第一章 总则第一条 为推动市场化、法治化银行债权转股权健康有序开展，规范…,19572,True,False,
nfra,35652661003232a1c6ef882e7be099257d4a0e40e773f94e60819cb1b3b2d20d,中国银行保险监督管理委员会令2018年第4号,金融资产投资公司管理办法（试行）（中国银行保险监督管理委员会令2018年第4号）,法规部,EXCLUDE,中,,,偿付能力|分支机构,信托公司|商业银行|金融资产|银行业|银行业金融机构,[title]…金融资产投资公司管理办法（试行）（中国银行保险监督管理委员会令2018年第4号） 中国银行保险监督管理委员会令 中国银…,20499,True,False,
nfra,1d0a64472147d984b09c707986f321443749a7c9d47bed10cc77fb376fdecaba,银保监发〔2018〕30号,中国银保监会关于允许境外投资者来华经营保险代理业务的通知,,BOUNDARY,低,,,保险公司,,"[meta]…中国银保监会关于允许境外投资者来华经营保险代理业务的通知 银保监发〔2018〕30号。各保监局、外资保险公司:。为进一步扩大保险业对外开放,促进我国保险代理行业发展,现将有关事项通知如下:。一、经营保险代理业务3年以上…",692,True,True,RFN-97dd365b27c0157a;RFN-97dd365b27c0157a
nfra,15af2a27fa515284a5c52b705da7591b867f841001a27489baed03cb5548ca0e,银保监发〔2018〕29号,中国银保监会关于允许境外投资者来华经营保险公估业务的通知,,EXCLUDE,中,,,保险公司,保险公估|公估机构,"[title]…中国银保监会关于允许境外投资者来华经营保险公估业务的通知 银保监发〔2018〕29号。各保监局、外资保险公司:。为进一步扩大保险业对外开放,促进我国保险公估…",674,True,True,RFN-37ef5d9afec33701;RFN-37ef5d9afec33701
nfra,97707ca8f3e5ebbdc69a931eed68fa506ec8c33ef3cfa8d08ae3b84412820905,银保监办发〔2018〕45号,中国银行保险监督管理委员会办公厅关于印发人身保险公司《精算报告》编报规则的通知,办公厅,INCLUDE,高,人身保险|人身保险公司,,,,[title]…中国银行保险监督管理委员会办公厅关于印发人身保险公司《精算报告》编报规则的通知 中国银行保险监督管理委员会关于印发人身保险公司《精算报告》编报规则的通知中国银行保…,1986,True,True,RFN-2faa19cd0d52b724
nfra,f3e383760b173a12c077080006f7a8a9e3da8df87f5792a9b60e0acfe5e10476,国办发〔2014〕39号,中国银行保险监督管理委员会办公厅 中国人民银行办公厅关于完善商业银行存款偏离度管理有关事项的通知,审慎规制局,EXCLUDE,中,,,分支机构,商业银行|银行业|银行业金融机构,[title]…中国银行保险监督管理委员会办公厅 中国人民银行办公厅关于完善商业银行存款偏离度管理有关事项的通知 中国银行保险监督管理委员会办公厅 中国人民银行办公厅  中国银行保险监督管理委员…,4328,True,False,
nfra,0ee73530699d9b3af77d89444247a2e6cd776e1a6b661121f3cfbd249035ed96,银保监发〔2018〕24号,中国银行保险监督管理委员会关于印发银行业金融机构联合授信管理办法（试行）的通知,统信部,EXCLUDE,中,,,分支机构,商业银行|金融资产|银行业|银行业金融机构,[title]…中国银行保险监督管理委员会关于印发银行业金融机构联合授信管理办法（试行）的通知 为抑制多头融资、过度融资行为，有效防控企业杠杆率上升引发信用风险，银保监会制定…,13272,True,False,
nfra,76e9490c33666b7a796413f848dd7afba6d8b35333c7bb44bf24940116961c00,银保监发〔2018〕26号,中国银行保险监督管理委员会关于保险资金参与长租市场有关事项的通知,办公厅,BOUNDARY,低,,,保险公司|保险机构|保险资产管理|保险资金|偿付能力,,[title]…中国银行保险监督管理委员会关于保险资金参与长租市场有关事项的通知 中国银行保险监督管理委员会关于保险资金中国银行保险监督管理委员会关于保险资金参与长…,2688,True,True,RFN-c497a8d9d2e8134e;RFN-c497a8d9d2e8134e
nfra,7faca852a1b16cb5e4862339aa47c8d3351b729080aef9a0baa836e1972497ba,,中国银行保险监督管理委员会关于印发商业银行银行账簿利率风险管理指引（修订）的通知,审慎规制局,EXCLUDE,中,,,,商业银行|银行业,[title]…中国银行保险监督管理委员会关于印发商业银行银行账簿利率风险管理指引（修订）的通知 现将《商业银行银行账簿利率风险管理指引（修订）》印发给你们，请遵照执行…,10693,True,False,
nfra,3ef10a9c853eef8d2054eac5df5c47fa0eb8ac608791eb9b0a6262084e56b32f,银保监发〔2018〕20号,关于印发 《个人税收递延型商业养老保险产品开发指引 》的通知,,INCLUDE,中,人身保险公司|养老保险,,,,"[meta]…0号。各保监局,各银监局,上海市、江苏省、福建省、厦门市财政厅(局)、人力资源社会保障厅(局)、地方税务局,各人身保险公司:。     银保监发〔2018〕20号 各保监局,各银监局,上海市、江苏省、福建省、厦门市财政厅(局)、人力…",8421,True,True,RFN-580182301b2bbb2f;RFN-580182301b2bbb2f
nfra,7112c77cb9aceacc04041de6bdec4fc5e9a3a4f0d57c71ba813b8dce07b5b7f0,银保监发〔2018〕21号,中国银行保险监督管理委员会关于印发《保险公估基本准则》的通知,,EXCLUDE,中,,,保单|保险公司|保险条款|保险理赔,保险中介机构|保险公估|公估机构,[title]…中国银行保险监督管理委员会关于印发《保险公估基本准则》的通知 银保监发〔2018〕21号。各保监局，中国保险行业协会，各保险集团(控股)公司、保险公司、保…,11593,True,True,RFN-41cbdba31797f083;RFN-41cbdba31797f083
nfra,5012f456e5999e30253ca29d1131e330f326c11351a95350e494400178bbf434,银监会令〔2018〕3号,商业银行流动性风险管理办法,法规部,EXCLUDE,中,,,分支机构,商业银行|银行业,[title]…商业银行流动性风险管理办法 中国银行保险监督管理委员会令第一章  总则     第一条  为加强商业银行流动性风险管理…,26149,True,False,
nfra,56ceec81314963742e15298a7dc1b18a89f80db2ca25bdc090ac0bcb86975748,银保监发〔2018〕22号,中国银行保险监督管理委员会关于印发银行业金融机构数据治理指引的通知,审慎规制局,EXCLUDE,中,,,分支机构,商业银行|金融资产|银行业|银行业金融机构,[title]…中国银行保险监督管理委员会关于印发银行业金融机构数据治理指引的通知 银行业金融机构数据治理指引中国银行保险监督管理委员会关于印发银行业金融机构数据治理指引的通…,9714,True,False,
nfra,074795f38e4da09ab231cba60920b5f0d4d97e85118151b792edabb5b6690dc9,银保监发〔2018〕23号,中国银行保险监督管理委员会关于印发《个人税收递延型商业养老保险业务管理暂行办法》的通知,办公厅,INCLUDE,中,人身保险公司|养老保险|养老保险公司,,,商业银行,[meta]…管理委员会关于印发《个人税收递延型商业养老保险业务管理暂行办法》的通知银保监发〔2018〕23号 各保监局，各人身保险公司:为贯彻落实党的十九大精神，促进个人税收递延型商业养老保险试点健康发展，服务多层次养老保障体系建设，根据《财政…,41659,True,True,RFN-9d16004cb5c41e51
nfra,594c13fbfc2ecf1c81d12f0215d582bb37579e930efcc0c75e194fa39911b026,中国银行保险监督管理委员会令2018年第2号,保险公司信息披露管理办法（中国银行保险监督管理委员会令2018年第2号),法规部,BOUNDARY,低,人身保险|人身保险公司,,,再保险公司|财产保险公司,[body]…设置情况。第十一条 保险公司披露的产品基本信息应当包括下列内容：（一）审批或者备案的保险产品目录、条款；（二）人身保险新型产品说明书；（三）中国银行保险监督管理委员会规定的其他产品基本信息。第十二条 保险公司披露的上一年度财务会…,10504,True,True,RFN-1269f65c0d907a31;RFN-a38358ef731da863
nfra,e8a97e0834f55278c77660d844cfcd471030ead6ddc5bc5272212c923a9a45ac,国办发〔2017〕84号,中国银行保险监督管理委员会办公厅关于规范银行业金融机构跨省票据业务的通知,审慎规制局,BOUNDARY,低,,,分支机构,银行业金融机构,[meta]…风险，提升服务实体经济质效，现就跨省票据业务有关事项通知如下:一、本通知所称跨省票据业务是指银行业金融机构及其分支机构为其所在省（自治区、直辖市）以外地区注册的企业 审慎规制局    中国银行保险监督管理委员会办公厅关于中国银行…,3302,True,False,
nfra,be3af7600ca87228c089093b7252304a582076c7fc4df67d5b8128dbfbcfd4c3,银保监发〔2018〕17号,中国银行保险监督管理委员会关于发布《保险电子签名技术应用规范(JRT0161-2018)》行业标准的通知,统信部,BOUNDARY,低,,,保险公司|保险资产管理,,"[meta]…司、上海保险交易所股份有限公司、中国保险报业股份有限公司,中国保险行业协会、中国保险学会、中国精算师协会、中国保险资产管理业协会,各保险公司、保险资产管理公司、保险专业中介机构: 全国金融标准化技术委员会保险分技术委员会制定了《保险…",838,True,True,RFN-adec00b96bdb096e;RFN-adec00b96bdb096e
nfra,0ab92edef9db660464ce548c763e09626726e02edf59ce17ab7dbc057e481ad0,银保监发〔2018〕20号,中国银行保险监督管理委员会 财政部 人力资源社会保障部 税务总局关于印发《个人税收递延型商业养老保险产品开发指引》的通知,办公厅,INCLUDE,中,人身保险公司|养老保险,,,,"[meta]…20号各保监局,各银监局,上海市、江苏省、福建省、厦门市财政厅(局)、人力资源社会保障厅(局)、地方税务局,各人身保险公司:为贯彻落实党的十九大精神,促进个人税收递延型商业养老保险试点健康发展,规范保险公司个人税收递延型商业养老保险…",8738,True,True,RFN-580182301b2bbb2f;RFN-2c2826f69b405f9f
nfra,879fa466429d9a38244aec9968095fba64689d0b25c3db83fbd442d072f7b3ab,,商业银行大额风险暴露管理办法,法规部,EXCLUDE,中,,,,商业银行|金融资产|银行业,[title]…商业银行大额风险暴露管理办法 中国银行保险监督管理委员会令第一章  总  则 第一条  为促进商业银行加强大额风险暴露…,18535,True,False,
nfra,cbc6d6a43bc2549bc281f5d90129f53903050fe7b66b16cfeadeafa297662b95,银保监发〔2018〕10号,关于规范民间借贷行为 维护经济金融秩序有关事项的通知,法规部,EXCLUDE,中,,,,商业银行|金融资产|银行业|银行业金融机构,[body]…部，各省会（省府）城市中心支行，各副省级城市中心支行；各政策性银行、大型银行、股份制银行，邮储银行，外资银行，金融资产管理公司： 为规范民间借贷行为，维护经济金融秩序，防范金融风险，切实保障人民群众合法权益，打击金融违法犯罪活动…,4004,True,False,
nfra,27e2087a3061c673592ec319438881d0f13f1062d5ac965c21a1876dd3880905,银保监发〔2018〕19号,中国银行保险监督管理委员会关于放开外资保险经纪公司经营范围的通知,办公厅,EXCLUDE,中,,,,保险经纪|保险经纪公司|保险经纪机构|银行业,[title]…中国银行保险监督管理委员会关于放开外资保险经纪公司经营范围的通知 中国银行保险监督管理委员会中国银行保险监督管理委员会关于放开外资保险经纪公司经营范围的通知…,1326,True,True,RFN-c616b2b4ff8e65be;RFN-c616b2b4ff8e65be
nfra,53f2a92c1a5f5e9308a3caf12cf7fb00385837ffdca20e40c976d63cd86dfd6f,银保监办发〔2018〕16号,中国银行保险监督管理委员会办公厅关于进一步放宽外资银行市场准入有关事项的通知,办公厅,EXCLUDE,中,,,,银行业|银行业金融机构,"[meta]…厅关于进一步放宽外资银行市场准入有关事项的通知 	银保监办发〔2018〕16号各银监局,外资银行：为进一步扩大银行业对外开放，提升外资银行营商便利度，现就外资银行市场准入有关事项通知如下：一、外国银行分行可以依法开展代理发行、…",2469,True,False,
nfra,9eb7a9f475211997b877df58487edc3b7fa08f34cd1bca273f7d175221603577,银保监办发〔2018〕4号,中国银行保险监督管理委员会办公厅关于开展商业车险自主定价改革试点的通知,,EXCLUDE,中,,,保险公司,财产保险公司,[body]…知如下： 一、 商业车险自主定价改革试点地区为广西壮族自治区、 陕西省、 青海省。 试点期为一年。  二、 各财产保险公司拟订试点地区商业车险费率时， 可在确保所使用的基础数据、 精算方法、 精算假设和精算模型符合通用精算原理和保险…,1081,True,False,
nfra,abb06306d4ba6b19d0b7646ba06f0662faa01f5b45657f2994f225bcd23f45e3,银监发〔2018〕9号,中国银监会关于印发银行业金融机构从业人员行为管理指引的通知,审慎规制局,EXCLUDE,中,,,,信托公司|商业银行|金融资产|银行业|银行业金融机构,[title]…中国银监会关于印发银行业金融机构从业人员行为管理指引的通知 中国银监会关于印发银行业金融机构从业人员行为管理指引的通知中国银监会关于印发银行业…,7323,True,False,
nfra,c4838a18f15a913718d8335d922a7801b37a99c8727feb59d6fbc004d3c053fb,国办发〔2017〕40号,中国银监会关于规范性文件清理结果的公告,法规部,EXCLUDE,中,,,,商业银行|银行业,[body]…制， 银监会对截至 2017 年 5 月底印发的规范性文件进行了集中清理。 现将清理结果公告如下：一、 《中国银行业监督管理委员会关于印发的通知》（银监发〔2003〕14 号）等 499 件主要规范性文件（见附件 1）， 继续…,1676,True,False,
nfra,da61c0808b36a0f3c9e6e6273b4271dceae98a6ad4d502dcf0ae5494cf08600c,保监发〔2015〕18号,中国保监会关于调整部分地区商业车险自主定价范围的通知,,EXCLUDE,中,,,保险公司,财产保险公司,[meta]…中国保监会关于调整部分地区商业车险自主定价范围的通知 保监财险〔2018〕61号。各财产保险公司：。根据《中国保监会关于深化商业车险条款费率管理制度改革的意见》（保监发〔2015〕18号），更好地发挥市场在…,1143,True,False,
nfra,ac54c3a13d698db52866b755a88f14faa33dee0d9ab24bcbb6a4e5716b468437,银监发〔2018〕5号,关于进一步支持商业银行资本工具创新的意见,审慎规制局,EXCLUDE,中,,,保险公司,商业银行|银行业,[title]…关于进一步支持商业银行资本工具创新的意见 关于进一步支持商业银行资本工具创新的意见关于进一步支持商业银行资本工具创新的意见银监发〔2…,2408,True,False,
nfra,f0b525ca840de0cd36204b9c0a5c537daa205e04d51cc3655e206f27595ccfec,银监会令2018年第1号,中国银监会办公厅关于规范商业银行股东报告事项的通知,法规部,EXCLUDE,中,,,,商业银行,[title]…中国银监会办公厅关于规范商业银行股东报告事项的通知 中国银监会办公厅关于规范商业银行股东中国银监会办公厅关于规范商业银行股东报告事项的通知银监…,3487,True,False,
nfra,40a3cd567b994b8af346f04644f15b69cb9c035dd7a6ffa1fc1eefa694543993,银监办发〔2018〕48号,中国银监会办公厅关于做好《商业银行股权管理暂行办法》实施相关工作的通知,法规部,EXCLUDE,中,,,,商业银行,[title]…中国银监会办公厅关于做好《商业银行股权管理暂行办法》实施相关工作的通知 中国银监会办公厅关于做好《商业银行股权管理暂行办法》实施相关工作的通知中…,2775,True,False,
nfra,44defb1b734fe2cebfc8194ed9b533808ef53d4a91bdf94bf13ae0ae2221a511,,保险公司股权管理办法,,BOUNDARY,低,,,保险公司|保险机构|保险资产管理|保险资金|偿付能力,,[title]…保险公司股权管理办法 保监会令〔2018〕5号。《保险公司股权管理办法》已经2018年2月7日中国保险监督管理委员会主…,25222,True,True,RFN-af8219392e2fe4c6
nfra,c0d359ce007ed085081c0d8f3ff4838234ba57d08fb20f919573a15fe19ec928,保监发〔2018〕27号,中国保监会关于印发《保险资产负债管理监管规则（1－5号）》及开展试运行有关事项的通知,,INCLUDE,中,人身保险公司,,,再保险公司|财产保险公司,[body]…照《保险资产负债管理监管规则第1号：财产保险公司资产负债管理能力评估规则》或《保险资产负债管理监管规则第3号：人身保险公司资产负债管理能力评估规则》的要求，对资产负债管理能力进行自评估，评估依据为截至2018年6月30日的制度健全情…,3603,True,True,RFN-c7be83617d6fc9e6;RFN-c7be83617d6fc9e6
nfra,e334b36122b037dc4abfc022138688327cdb65dd4b5a8bf1aadeeaff4957d61a,中国银行业监督管理委员会令2018年第3号,中国银监会关于修改《中国银监会外资银行行政许可事项实施办法》的决定（中国银监会令2018年第3号）,法规部,EXCLUDE,中,,,分支机构,信托公司|商业银行|金融资产|银行业|银行业金融机构,[meta]…中国银监会关于修改《中国银监会外资银行行政许可事项实施办法》的决定（中国银监会令2018年第3号） 中国银行业监督管理委员会令中国银监会关于修改《中国银监会外资银行行政许可事项实施办法》的决定 （中国银行业监督管理委员会…,74222,True,False,
nfra,cc545268d51343a328fadd7ece45e5a02c6d75f25870ca8b29270e60c8213afc,保监发〔2018〕24号,中国保监会关于印发《反保险欺诈指引》的通知,,EXCLUDE,中,,,保险公司|保险机构|保险消费者|偿付能力|分支机构,再保险公司,[body]…监会）及其派出机构（以下简称派出机构）批准设立的保险集团（控股）公司、保险公司及其分支机构。保险专业中介机构、再保险公司和其他具有反保险欺诈职能的机构参照本指引开展反欺诈相关工作。 第三条 保险欺诈（以下简称欺诈）是指假借保险名义…,14715,True,True,RFN-ac0ab71db17598fe;RFN-ac0ab71db17598fe
nfra,6bfcea1b851a59c0d3af49e58210fc901423d7026d53ea24406033a705fc2348,保监会令2018年第4号,中国保险监督管理委员会关于修改《中华人民共和国外资保险公司管理条例实施细则》等四部规章的决定,,BOUNDARY,低,,,保险公司|保险机构,,[title]…中国保险监督管理委员会关于修改《中华人民共和国外资保险公司管理条例实施细则》等四部规章的决定 保监会令2018年第4号。现公布《中国保险监督管理委员会关于修改〈中华人民…,1628,True,False,
nfra,7eaa8a99f76a48a72fdb11bc4a8bfe59e1258b3956ee7c33df8db37eb41455f1,,保险公估人监管规定,,EXCLUDE,中,,,保单|保险公司|保险条款|分支机构,保险公估|保险经纪|公估机构|商业银行,[title]…保险公估人监管规定 保监会令〔2018〕2号。《保险公估人监管规定》已经2018年1月17日中国保险监督管理委员会第6…,29019,True,True,RFN-fdd4c59c39fd50f8
nfra,93943fa2bd22e0f626fee3af7d9f847c7b645046759f070dfe78857089e95ab3,,保险经纪人监管规定,,EXCLUDE,中,,保险兼业代理,保单|保险产品|保险公司|分支机构,保险中介机构|保险公估|保险经纪|保险经纪公司|保险经纪机构|商业银行,[body]…称保险专业中介机构是指保险专业代理机构、保险经纪人和保险公估人。 本规定所称保险中介机构是指保险专业中介机构和保险兼业代理机构。 第一百零五条 经中国保监会批准经营保险经纪业务的外资保险经纪人适用本规定，我国参加的有关国际条约和中国…,28653,True,True,RFN-94a1e55c54595567
nfra,7126bf0c96760babc8f87479b98d84438c680b63c71edffc9459249782b6a196,中国保险监督管理委员会令〔2018〕2号,保险公估人监管规定,中介部,EXCLUDE,中,,,保单|保险公司|保险条款|分支机构,保险公估|保险经纪|公估机构|商业银行,[title]…保险公估人监管规定 总则第一章 总则 第一条  为了规范保险公估人的行为，保护保险公估活动当事人的合法权益和公共利益，…,28914,True,True,RFN-fdd4c59c39fd50f8
nfra,db565cbbf1bb3f85e280d9daf755fc08b7fd17486219f8b75c7934392fc5c5d8,中国保险监督管理委员会令〔2018〕3号,保险经纪人监管规定,中介部,EXCLUDE,中,,保险兼业代理,保单|保险产品|保险公司|分支机构,保险中介机构|保险公估|保险经纪|保险经纪公司|保险经纪机构|商业银行,[body]…称保险专业中介机构是指保险专业代理机构、保险经纪人和保险公估人。 本规定所称保险中介机构是指保险专业中介机构和保险兼业代理机构。 第一百零五条 经中国保监会批准经营保险经纪业务的外资保险经纪人适用本规定，我国参加的有关国际条约和中国…,28525,True,True,RFN-94a1e55c54595567
nfra,f1fd4bfd2d44c3f11068c3f1d79da424e0b9771a88751e9dda05e4efaf63b54a,保监财会〔2018〕47号,中国保监会关于印发《全国性保险业社团组织收费管理暂行办法》的通知,,BOUNDARY,低,,,保险资产管理,,[meta]…理暂行办法》的通知 保监财会〔2018〕47号。各保监局，中国保险行业协会、中国保险学会、中国精算师协会、中国保险资产管理业协会：。为加强全国性保险业社团组织收费管理，规范收费行为，促进其健康有序发展，根据《关于进一步规范行业协会商…,864,True,True,RFN-49493953265901e8;RFN-49493953265901e8
nfra,59addaf7c004f64885ddec9d850eea896c193fc6aa690a92ca916c2bd0e23bdd,日中国银行业监督管理委员会令2018年第2号,中国银监会关于废止部分规章的决定,法规部,EXCLUDE,中,,,,银行业,[meta]…中国银监会关于废止部分规章的决定 中国银行业监督管理委员会令中国银监会关于废止部分规章的决定 （2018年1月30日中国银行业监督管理委员会令2018年第…,772,True,False,
nfra,f557151d50c4012411412e501237bd5fad2070741956d612f05479111dd45498,,保险资金运用管理办法,法规司,EXCLUDE,中,,,保单|保险产品|保险公司|保险机构|保险资产管理|保险资金|偿付能力|分支机构|投资连结保险,保险公估|保险经纪机构|信托公司|商业银行|基金管理公司|证券公司,[body]…符合中国保监会、中国人民银行和国家外汇管理局的相关规定。第七条 保险资金办理银行存款的，应当选择符合下列条件的商业银行作为存款银行：（一）资本充足率、净资产和拨备覆盖率等符合监管要求；（二）治理结构规范、内控体系健全、经营业绩良…,19515,True,True,RFN-e3d01cc01869fafc
nfra,0514ea1214daaeb93c17c95d0b0b6520c0214381c1991506b7a3a5565203c8ab,保监统信〔2018〕7号,中国保监会关于调整“保险金额”“签单数量”等保险监管统计指标报送频率的通知,,BOUNDARY,低,,,保单|保险公司,,[meta]…整“保险金额”“签单数量”等保险监管统计指标报送频率的通知 保监统信〔2018〕7号。各保险集团（控股）公司、保险公司：。为进一步提升监管效能，更好的发挥保险业服务实体经济作用，我会决定将“保险金额”“签单数量”等监管统计指标由…,1856,True,True,RFN-b4cdf56e50c9be98;RFN-b4cdf56e50c9be98
nfra,0b10feb442f231a0c9597bd0cb41cc351e7339219fadb115986cdf8912887ac1,国发〔2014〕43号,中国保监会 财政部关于加强保险资金运用管理 支持防范化解地方政府债务风险的指导意见,,BOUNDARY,低,,,保险公司|保险机构|保险资产管理|保险资金,,[title]…中国保监会 财政部关于加强保险资金运用管理 支持防范化解地方政府债务风险的指导意见 保监发〔2018〕6号。各保险集团（控股）公司、保险公司、保…,4395,True,True,RFN-9377e5986668cec6
nfra,d5f62a8cb3dbbb77fdeb532e9f0ca672d2033fae1e8ca17ba4c5ebe09a862b51,保监发〔2018〕9号,中国保监会关于印发《打赢保险业防范化解重大风险攻坚战的总体方案》的通知,,BOUNDARY,低,人身险公司,,,保险中介机构,[body]…投资失败导致大额损失的风险（资金部）。 【时 限】：3年 【优先级】：★★★ 4.防控和处置保险业务风险。监测人身险公司业务结构调整过程中的现金流动态，做好政策预案，防控流动性风险。关注和评估部分人身险公司的长期保障型业务由于利率…,13382,True,True,RFN-f9179729195a004b;RFN-f9179729195a004b
nfra,17a2a3fe62b255e3ae19b43937d4bb7b487ef66569a329c6cd00a203a5f8c4e4,银监发〔2018〕1号,中国银监会关于印发衍生工具交易对手违约风险资产计量规则的通知,审慎规制局,EXCLUDE,中,,,分支机构,商业银行|银行业|银行业金融机构,[meta]…约风险资产计量规则的通知银监发〔2018〕1号  各银监局，各大型银行、股份制银行，邮储银行，外资银行：为提高商业银行衍生工具风险计量和管理水平，促进衍生工具业务稳健发展，现将衍生工具交易对手违约风险资产计量规则印发给你们，请遵…,3671,True,False,
nfra,117603920aafaecda6374c6f01dc38cf084438c10c9d61cd81151f9cb6a0dcc2,银监发〔2018〕4号,中国银监会关于进一步深化整治银行业市场乱象的通知（银监发〔2018〕4号）,办公厅,EXCLUDE,中,,,分支机构,商业银行|金融资产|银行业|银行业金融机构,[title]…中国银监会关于进一步深化整治银行业市场乱象的通知（银监发〔2018〕4号） 中国银监会关于中国银监会关于进一步深化整治银行业市场乱象的通知（银监…,20306,True,False,
nfra,d68eec613ace100eddc9ad35f74fa8d9222b5d2971a45c22553aae71d805af30,保监发〔2017〕94号,中国保监会关于印发《保险标准化工作管理办法》的通知,,BOUNDARY,低,,,保险公司|保险机构|保险资产管理,,[meta]…司、上海保险交易所股份有限公司、中国保险报业股份有限公司，中国保险行业协会、中国保险学会、中国精算师协会、中国保险资产管理业协会，各保险集团（控股）公司、保险公司、保险资产管理公司、相互保险社、保险专业中介机构：。     保监发〔…,6807,True,True,RFN-93f51bde3c1d9108;RFN-93f51bde3c1d9108
nfra,17ac19812e5e728500326d20c69d482f3a571f1cbfd8c20a9e41342e8b964074,银监会令〔2018〕1号,商业银行股权管理暂行办法,法规部,EXCLUDE,中,,,,信托公司|商业银行|金融资产|银行业|银行业金融机构,[title]…商业银行股权管理暂行办法 第一章　总则第一章　总则第一条 为加强商业银行股权管理，规范商业银行股东行为，保护商业银行、…,16361,True,False,
nfra,4ec4e93ac0de4d04f5b4a8f3a10fc5edb03ee9c688c6afc6ecb25caa8b81eb6a,中国银行业监督管理委员会令2018年第1号,商业银行股权管理暂行办法（中国银监会令2018年第1号）,法规部,EXCLUDE,中,,,,信托公司|商业银行|金融资产|银行业|银行业金融机构,[title]…商业银行股权管理暂行办法（中国银监会令2018年第1号） 中国银行业监督管理委员会令 商业银行股权管理暂行办法（中国银…,17066,True,False,
nfra,25908a15c2601ef1882ca6332ea110f7ee6b501b92e41bf98d974aace99a6ec8,银监办发〔2017〕174号,中国银监会办公厅 国土资源部办公厅关于延长农村集体经营性建设用地使用权抵押贷款工作试点期限的通知,法规部,EXCLUDE,中,,,,金融资产|银行业|银行业金融机构,[meta]…通知 各银监局，各省、自治区、直辖市国土资源主管部门，各政策性银行、大型银行、股份制银行，邮储银行，外资银行，金融资产管理公司，其他会管金融机构：各银监局，各省、自治区、直辖市国土资源主管部门，各政策性银行、大型银行、股份制银行…,1279,True,False,
nfra,48f1e1f9975b7b26387585861ba906e219bcf72ab74577eaf4ac1426c023321d,银监发〔2017〕55号,中国银监会关于规范银信类业务的通知,审慎规制局,EXCLUDE,中,,,,信托公司|商业银行|银行业金融机构,[body]…银信类业务规范健康发展，防范金融风险，保护投资者合法权益，现就有关事项通知如下：一、本通知所指银信类业务，是指商业银行作为委托人，将表内外资金或资产（收益权）委托给信托公司，投资或设立资金信托或财产权信托，由信托公司按照信托文件…,3258,True,False,
nfra,67476b5b569a334da3ef4f9e705f87d19c96d3ae78a14be7811b7fb3afe1353b,保监厅发〔2017〕43号,中国保监会办公厅关于印发《中国保险监督管理委员会公职律师工作方案》的通知,,EXCLUDE,—,,,,,,4608,True,False,
nfra,34c6d677df2f1bbc4d7f4bbdf90413cf1160fc10eac821be565a448ed0b8e02f,保监统信〔2017〕274号,中国保监会关于印发《保险扶贫统计制度（试行）》的通知,,BOUNDARY,低,人身保险|健康保险,,,财产险,[body]…8.其他保险 指与贫困人口生产、生活密切相关的其他保险扶贫业务，如：小额信贷保证保险、助学贷款保证保险、小额人身保险、涉农保险等。 （二）表2《保险扶贫分项目统计表》 本表统计政府相关部门以统保形式推动的保险扶贫项目，逐项目进…,7944,True,True,RFN-9c7558e2640f5f38;RFN-9c7558e2640f5f38
nfra,995189a33e79ac720e04bec139337f8d45e5059c519fc3c35c75eebebc53d956,,中国保监会关于财产保险公司和再保险公司实施总精算师制度有关事项的通知,,EXCLUDE,中,人身保险,,,再保险公司|财产保险公司,,1531,True,False,
nfra,d6beaa670d9c80ae0db5dec6ec898ef892f6a3e682613d65e6ed91c3a7cb951a,银监办发〔2016〕174号,中国银监会办公厅国土资源部办公厅关于扩大农村集体经营性建设用地使用权抵押贷款工作试点范围的通知,法规部,EXCLUDE,中,,,,银行业|银行业金融机构,[body]…号，以下简称《暂行办法》）确定的15个试点县（市、区）扩大为33个试点县（市、区），试点名单附后。二、试点地区银行业金融机构要按照《暂行办法》要求开展农村集体经营性建设用地使用权抵押贷款业务。三、试点地区银行业监督管理机构应当会同国土…,2255,True,False,
nfra,d818f6b828f0755caa975e00e5678c75568ad80102542c5d473ec9b73e7fcedb,银监发〔2016〕26号,中国银监会办公厅 国土资源部办公厅关于扩大农村集体经营性建设用地使用权抵押贷款工作,法规部,EXCLUDE,中,,,,银行业|银行业金融机构,[body]…，以下简称《暂行办法》）确定的15个试点县（市、区）扩大为33个试点县（市、区），试点名单附后。 二、试点地区银行业金融机构要按照《暂行办法》要求开展农村集体经营性建设用地使用权抵押贷款业务。 三、试点地区银行业监督管理机构应当会同国…,2387,True,False,
nfra,335ae268e26bd633b52d1290888d14d05b3ed6abfb1cf938174496c8e162df57,银监会令2017年第4号,中国农业发展银行监督管理办法（中国银监会令2017年第4号）,办公厅,BOUNDARY,低,,,分支机构,银行业|银行业金融机构,[body]…并、重大投资、重大资产购置与处置、重大对外担保（银行担保业务除外）等；（八）审议批准内部管理机构以及境内外一级分支机构设置、调整和撤销方案，对一级子行（子公司）的设立、分立、合并、资本金变动等事项作出决议，审议子公司章程；（九）…,18633,True,False,
nfra,9747ef07e37d0bf0d3f8c537305dab3938b9b9d6119591054cdb3248459328bd,银监会令2017年第3号,中国进出口银行监督管理办法（中国银监会令 2017年第3号),办公厅,BOUNDARY,低,,,分支机构,银行业|银行业金融机构,[body]…、重大投资、重大资产购置与处置、重大对外担保（银行担保业务除外）等； （八）审议批准内部管理机构以及境内外一级分支机构设置、调整和撤销方案，对一级子行（子公司）的设立、分立、合并、资本金变动等事项作出决议，审议子公司章程；（九）…,19695,True,False,
nfra,f3fb22d2dfc02759a470ba180246436ad73ddf0cfe8d0f6ec8dd60af8e52eada,银监会令2017年第2号,国家开发银行监督管理办法（中国银监会令 2017年第2号),办公厅,BOUNDARY,低,,,分支机构,银行业|银行业金融机构,[body]…险管理、内部控制等基本管理制度；（六）制定董事会议事规则及其修订方案；（七）审议批准内部管理机构以及境内外一级分支机构设置、调整和撤销方案，对附属机构的设立、资本金变动等作出决议，审议附属机构章程；（八）决定对董事长和经营管理层…,18607,True,False,
nfra,d249370178b094b26712a62e6a7b22329f1aa2d66bea7caa9f77a8bfb73adf3f,中国银行保险监督管理委员会令〔2017〕3号,中国进出口银行监督管理办法,政策银行部,BOUNDARY,低,,,分支机构,银行业|银行业金融机构,[body]…并、重大投资、重大资产购置与处置、重大对外担保（银行担保业务除外）等；（八）审议批准内部管理机构以及境内外一级分支机构设置、调整和撤销方案，对一级子行（子公司）的设立、分立、合并、资本金变动等事项作出决议，审议子公司章程；（九）…,19570,True,False,
nfra,431fefd78ebbe18d0c208728d9dfece210c0a9c879a6787ead9104b857ada6d7,银行业监督管理委员会令〔2017〕4号,中国农业发展银行监督管理办法,政策银行部,BOUNDARY,低,,,分支机构,银行业|银行业金融机构,[body]…并、重大投资、重大资产购置与处置、重大对外担保（银行担保业务除外）等；（八）审议批准内部管理机构以及境内外一级分支机构设置、调整和撤销方案，对一级子行（子公司）的设立、分立、合并、资本金变动等事项作出决议，审议子公司章程；（九）…,18568,True,False,
nfra,4593c4e73be8ff5a1ba666ca974a738788c0ac19579110c943ef7b8d11f10b48,保监发〔2013〕25号,中国保监会关于中煤财产保险股份有限公司开展“保险 期货”试点的通知,,BOUNDARY,低,,,保险产品|保险条款|保险资金,,[body]…小麦、 鸡蛋等农产品场外期权交易应经董事会决议通过， 并向我会出具董事会风险知晓函。  四、 你公司应参照《保险资金参与金融衍生产品交易暂行办法》有关要求， 建立健全参与玉米、 小麦、 鸡蛋等农产品期权交易的内部管理制度和运作…,1706,True,False,
nfra,32220db51f5212ea0b4d90c30a2a1214ae01336496aa7b994dc724e45818d1cf,国办发〔2015〕81号,中国保监会关于印发《中国保监会关于加强保险消费风险提示工作的意见》的通知,,BOUNDARY,低,,,保险公司|保险机构|保险消费者,,[meta]…作的意见》的通知 保监发〔2017〕66号。机关各部门，各保监局，中国保险行业协会，各保险集团（控股）公司、各保险公司、各保险专业中介机构：。为推进保险消费风险提示工作规范化、制度化、科学化，我会制定了《中国保监会关于加强保险消…,6303,True,True,RFN-5f0f7ab9a050cd56;RFN-3678cb752c5eda74
nfra,53413d50465a5048ab9bf5f7d06b18340d59aa3ff466ff7d77432a757a0f7658,保监发〔2017〕60号,中国保监会关于开展重点新材料首批次应用保险试点工作的指导意见,,EXCLUDE,中,,,保险产品|保险公司|保险机构|保险消费者|偿付能力,保险中介机构|财产保险公司,[meta]…会关于开展重点新材料首批次应用保险试点工作的指导意见 保监发〔2017〕60号。各保监局，中国保险行业协会，各财产保险公司，各保险专业中介机构：。近期，工业和信息化部、财政部、保监会三部门联合发布《关于开展重点新材料首批次应用保险补…,3955,True,False,
nfra,6664f20028cd53251835ec17acfda8123faace7ddbf5f9e283fd12f57157a9e3,工信部联原〔2017〕222号,工业和信息化部 财政部 保监会关于开展重点新材料首批次应用保险补偿机制试点工作的通知,财产保险监管司（再保险监管司）,BOUNDARY,低,,,保险产品|保险公司,,[body]…首台套装备的材料不在本政策支持范围。 （二）保险险种及保障范围 保监会针对新材料推广应用中存在的特殊风险，指导保险公司提供定制化的新材料产品质量安全责任保险产品（以下简称新材料保险），承保新材料质量风险、责任风险。承保的质量风险…,4834,True,False,
nfra,ffd9ee9be4f7422afeb8ac3e80196a0c49b2146171a4ac6634e1dfb43200ea95,保监发〔2015〕102号,中国保监会办公厅关于启动中国保险业保单登记管理信息平台第三期建设的通知,,INCLUDE,中,人身保险|寿险,,,财产险,[body]…、 货物运输保险、 特殊风险保险、 巨灾保险、 医疗意外险以及其他财产保险等。  2.人身险登记范围扩展至全部人身保险， 在第一、 二期基础上增加下列险种：团体寿险、 团体年金保险和城乡居民大病保险。 其中， 城乡居民大病保险暂…,2938,True,True,RFN-3892677cdf5d7ecc
nfra,68865767d2cbd617dff9d9410b770738e747a01d1c155ce316b2cc7db378f696,银监办发〔2017〕110号,中国银监会办公厅关于印发银行业金融机构销售专区录音录像管理暂行规定的通知,消保局,EXCLUDE,中,,,,信托公司|商业银行|银行业|银行业金融机构,[title]…中国银监会办公厅关于印发银行业金融机构销售专区录音录像管理暂行规定的通知 中国银监会办公厅关于印发银行业金融机构销售专区录音录像管理暂行规定的通知中…,7088,True,False,
nfra,3b93315df8ea367abb98dffe65cc96b90f383c482ddb01627248e8fb16b9ef81,银监办发〔2017〕108号,中国银监会办公厅关于全力做好四川和新疆地震灾区银行业金融服务工作的通知,办公厅,BOUNDARY,低,,,分支机构,银行业|银行业金融机构,[body]…服务不断、 秩序不乱。 各银行业金融机构要把抗震救灾工作作为当前的第一要务， 启动地震灾害应急预案， 督促灾区分支机构救灾领导机构切实发挥作用， 确保抗震救灾工作有序推进。 二、 做好应急保障切实防止次生灾害要按照地方政府的统一…,2773,True,False,
nfra,5903703c3cafabb735c6520776c4d49be924bb3f50428053e40502eb21f1220d,,中国银监会关于《商业银行新设债转股实施机构管理办法（试行）》（征求意见稿）公开征求意见的通知,法规部,EXCLUDE,中,,,,商业银行|银行业,[title]…中国银监会关于《商业银行新设债转股实施机构管理办法（试行）》（征求意见稿）公开征求意见的通知 中国银监会关于《商业银行新设债转股实施机…,1186,True,False,
nfra,1ad19dbc8718c6802bb4b28aa6d4033b81f3ef52782aef120fa45bd2bb1add8d,保监财险〔2017〕180号,中国保监会关于印发《信用保证保险业务监管暂行办法》的通知,,EXCLUDE,中,,,保单|保险产品|保险公司|保险公司分支机构|保险条款|偿付能力|分支机构,财产保险公司,[meta]…中国保监会关于印发《信用保证保险业务监管暂行办法》的通知 保监财险〔2017〕180号   各保监局、各财产保险公司：   为进一步规范信用保证保险业务（以下简称信保业务）经营行为，加强信保业务监管，防范系统性金融风险，促进信…,8587,True,False,
nfra,86b6cb8a036200e9099aba5e04faeb8795175f037d66317290670a47d06965bb,银行业监督管理委员会令〔2017〕1号,中国银监会关于修改《中资商业银行行政许可事项实施办法》的决定,金融机构准入司,EXCLUDE,中,,,,商业银行|银行业,[title]…中国银监会关于修改《中资商业银行行政许可事项实施办法》的决定 为依法推进行政审批制度改革，持续推进简政放权，增强商业银行风险抵御能力，决定对《…,2481,True,False,
nfra,1816a9c51dc782534474e1dc4edf5cbad8e5fbb860a3d24586fe2ec6824d36f1,保监财会〔2017〕181号,中国保监会关于暂免征保险业监管费有关事项的通知,,BOUNDARY,低,,,保险公司|保险机构|保险资产管理,银行业,[meta]…中国保监会关于暂免征保险业监管费有关事项的通知 保监财会〔2017〕181号   各保监局，各保险公司、保险资产管理公司、保险专业中介机构，外国保险机构代表处：   根据《财政部 国家发改委关于暂免征银行业监管费…,1921,True,False,
nfra,2dbcfd7c369b8ac456da4e68c1de5f6e7d9281466c4d8ed9ceccd4366ce69de0,国办发〔2015〕81号,中国保监会关于印发《保险销售行为可回溯管理暂行办法》的通知,,BOUNDARY,低,人身保险|人身保险公司|健康保险,保险兼业代理|保险销售从业人员,,保险中介机构|保险经纪,[body]…存保险销售过程关键环节，实现销售行为可回放、重要信息可查询、问题责任可确认。 第三条 本办法所称保险公司为经营人身保险业务和财产保险业务的保险公司，专业自保公司除外。 本办法所称保险中介机构是指保险专业中介机构和保险兼业代理机构…,5976,True,True,RFN-5f0f7ab9a050cd56;RFN-4ab1a1555817bbc8
nfra,8e8c727df47d4fdd14ad0cf66101b2baa60258292326df88730c25e63884c456,保监发〔2017〕52号,中国保监会关于进一步加强保险公司关联交易管理有关事项的通知,,BOUNDARY,低,,,保险公司|保险机构|保险消费者|保险资产管理|保险资金,,[title]…中国保监会关于进一步加强保险公司关联交易管理有关事项的通知 保监发〔2017〕52号   各保险集团（控股）公司、保险公司、保险资产管理公司、…,3979,True,True,RFN-9b7cdfc6e7be106b;RFN-9b7cdfc6e7be106b
nfra,12fb07166d9c78b4f628e4531b6a84c54109ff284bf2b9224d9779e46e45ff06,财库〔2017〕76号,中国银监会关于进一步规范银行业金融机构吸收公款存款行为的通知,审慎规制局,EXCLUDE,中,,,,银行业|银行业金融机构,[title]…中国银监会关于进一步规范银行业金融机构吸收公款存款行为的通知 中国银监会关于进一步规范银行业金融机构中国银监会关于进一步规范银行业金融机构吸收公款存…,3206,True,False,
nfra,64d0854670ac79bdb1dcd112bb5d6c6fbb05a73c492f2d1bac73f798dd77314b,保监发〔2017〕51号,中国保监会关于进一步加强保险公司开业验收工作的通知,,BOUNDARY,低,,,保险公司|保险资产管理|分支机构,,[title]…中国保监会关于进一步加强保险公司开业验收工作的通知 保监发〔2017〕51号   各中资保险公司筹备组：   为规范保险公司筹建行为，严格开业…,3388,True,True,RFN-2c4db51d19ff2f20;RFN-2c4db51d19ff2f20
nfra,1183cc97256eeac25649dfacdb432b33d20dda8113b93fb5a65fc3ce94a1e63d,保监发〔2017〕49号,中国保监会关于进一步贯彻落实疏解北京非首都功能有关政策意见的通知,,BOUNDARY,低,,,保险公司|保险机构|保险资产管理|分支机构,,[meta]…的通知 保监发〔2017〕49号   机关各部门，北京保监局、天津保监局、河北保监局，各保险集团（控股）公司、保险公司、保险资产管理公司、保险专业中介机构：   为深入贯彻党中央、国务院关于疏解北京非首都功能控增量、疏存量的要求…,1867,True,False,
nfra,6bc7e10d609668cfd769aa709579d3f8953be81a8c1240189091f8b2e7c9c670,保监发〔2015〕18号,中国保监会关于商业车险费率调整及管理等有关问题的通知,,EXCLUDE,中,,,保险公司|保险条款,财产保险公司,[meta]…中国保监会关于商业车险费率调整及管理等有关问题的通知 保监产险〔2017〕145号   各保监局、各财产保险公司：   根据《保险法》等相关法律法规和《中国保监会关于深化商业车险条款费率管理制度改革的意见》（保监发〔201…,2968,True,False,
nfra,f2ae692b3ff78170a176ef93e07a0490c25eaa08925f8f09785b11cdb328c8ff,保监发〔2017〕39号,中国保监会关于发布《产险单证（JRT0051-2017）》行业标准的通知 ,,BOUNDARY,低,,,保险公司|保险资产管理,,[meta]…司、上海保险交易所股份有限公司、中国保险报业股份有限公司，中国保险行业协会、中国保险学会、中国精算师协会、中国保险资产管理业协会，各保险公司、保险资产管理公司：   全国金融标准化技术委员会保险分技术委员会对《产险单证（JR/T00…,896,True,False,
nfra,f03570b2f41aab32f8eaff4b7cde8646162963f01b7efcb317be98da910e5a5b,保监发〔2017〕37号,中国保监会关于发布《化学原料及化学制品制造业责任保险风险评估指引（JRT0152-2017）》行业标准的通知,,BOUNDARY,低,,,保险公司|保险资产管理,,[meta]…司、上海保险交易所股份有限公司、中国保险报业股份有限公司，中国保险行业协会、中国保险学会、中国精算师协会、中国保险资产管理业协会，各保险公司、保险资产管理公司、保险专业中介机构：。     保监发〔2017〕37 号 机关各部门，…,1004,True,False,
nfra,fcd9c8d70859eff9c6ac904d0e51a92ea76b64d33c1eb2dfd0cb0d344dca8006,保监发〔2012〕92号,中国保监会关于债权投资计划投资重大工程有关事项的通知,,BOUNDARY,低,,,保险公司|保险资产管理|保险资金,,[meta]…国保监会关于债权投资计划投资重大工程有关事项的通知 保监资金〔2017〕135号   各保险集团（控股）公司、保险公司、保险资产管理公司：   为支持保险资金投资关系国计民生的重大工程，进一步服务实体经济，根据《基础设施债权投资…,871,True,False,
nfra,0f8b713139b477a24b7b84e8b6e4d9ce19c491bf95f038f2791b0ab84dc1b373,,关于《国家税务总局 财政部 中国人民银行 中国银行业监督管理委员会 中国证券监督管理委员会 中国保险监督管理委员会关于发布〈非居民金融账户涉税信息尽职调查管理办法〉的公告》的解读,法规部,BOUNDARY,低,人寿保险,,,信托公司|商业银行|基金管理公司|金融资产|银行业,[body]…，因此，《管理办法》参照国际标准也规定了一些免予尽职调查的账户，例如符合条件的退休金账户、社会保障类账户、定期人寿保险合同、休眠账户以及其他符合条件的账户等。相关条件在《管理办法》中均有具体规定。 十六、所有类别账户的尽职调查程…,13531,True,False,
nfra,82c44636d9e6f996e152805cff932cf2789c686f5ede7901d06d41df6b0db6f6,国家税务总局财政部中国人民银行中国银行业监督管理委员会中国证券监督管理委员会中国保险监督管理委员会公告2017年第14号,国家税务总局 财政部 中国人民银行 银监会 证监会 保监会关于发布《非居民金融账户涉税信息尽职调查管理办法》的公告,法规部,BOUNDARY,低,人寿保险,,,信托公司|商业银行|基金管理公司|证券公司|金融资产|银行业,[body]…； 3.取款应当与账户设立的目的相关，包括医疗等； 4.每年缴款不超过五万美元。 （三）同时符合下列条件的定期人寿保险合同： 1.在合同存续期内或者在被保险人年满九十岁之前（以较短者为准），至少按年度支付保费，且保费不随时间递减…,21366,True,True,RFN-afb646fee1fa0c25
nfra,ca31bbd76210c4b7ef57d2fa558b2ae001442945b7c8c8a68cb2564860a410fc,保监人身险〔2017〕136号,中国保监会关于进一步加强人身保险公司销售管理工作的通知,,INCLUDE,高,人身保险|人身保险公司|健康险,,,,[title]…中国保监会关于进一步加强人身保险公司销售管理工作的通知 保监人身险〔2017〕136号   各保监局、各人身保险公司：   为进一步规范人身保险市…,3894,True,True,RFN-d2e7a82477f02321;RFN-d2e7a82477f02321
nfra,976b4a764640d507ecb3d67ed2c67cf6bfd14bab101926091b3e5daa3b723e5c,银监发〔2017〕16号,中国银监会关于印发商业银行押品管理指引的通知,审慎规制局,EXCLUDE,中,,,,商业银行|金融资产|银行业|银行业金融机构,[title]…中国银监会关于印发商业银行押品管理指引的通知 中国银监会关于印发中国银监会关于印发商业银行押品管理指引的通知银监发〔2017〕16号 各…,8553,True,False,
nfra,894c8894f73713d0b8c6606ca1350a478065594a83bc88ef5961799122d90f75,国发〔2014〕29号,中国保监会关于保险资金投资政府和社会资本合作项目有关事项的通知,,BOUNDARY,低,,,保险公司|保险机构|保险资产管理|保险资金,,[title]…中国保监会关于保险资金投资政府和社会资本合作项目有关事项的通知 保监发〔2017〕41号。各保监局，各保险集团（控股）公司、保险公司…,2601,True,True,RFN-f1310e01c0706482
nfra,63d657dbe46636dcbabcfab760f80fe66c1716b2e3895f9845e14ba40196e684,保监发〔2017〕42号,中国保监会关于保险业支持实体经济发展的指导意见,,BOUNDARY,低,健康保险|养老保险,,,,[body]…病保险政策向建档立卡贫困人群的倾斜，形成基本医保、大病保险、社会救助等衔接机制。在总结试点经验基础上，推进税优健康保险在全国推广。积极推动个人税收递延养老保险试点政策出台并落地实施。鼓励保险公司创新开发产品，开展地方试点，准确把…,7229,True,True,RFN-0cc7605e7139d3a1;RFN-0cc7605e7139d3a1
nfra,f393d742b4e06fc8a18ba4200211ae89d7461428d4a9d9ec8cbd0e953dd4a9eb,保监发〔2017〕38号,中国保监会关于保险业服务“一带一路”建设的指导意见,,BOUNDARY,低,人身保险|养老保险,,,保险中介机构,[body]…通”重要产业、重点企业和重大建设项目提供风险保障。大力发展建筑工程、交通、恐怖事件等意外伤害保险和流行性疾病等人身保险产品，完善海外急难救助等附加服务措施。加快特种保险业务国际化进程，服务航空航天、核能及新能源等高新领域的国际合…,8783,True,True,RFN-b79fa64e25fb0507;RFN-b79fa64e25fb0507
nfra,9c4d59f8ad5a3aa17cc51f3834400d26c9462090e11e90020626314ad8f879d5,,中国银监会关于切实弥补监管短板提升监管效能的通知,审慎规制局,BOUNDARY,低,,,分支机构,银行业|银行业金融机构,[body]…结果进行通报，强化震慑效应。六、强化责任追究（一）严肃银行业金融机构责任追究。银行业金融机构要细化各业务条线、分支机构、业务岗位的职责，明确尽职要求和失职责任，建立规范化、流程化的责任追究体系，做到尽职免责、失职追责。要指定专门…,6637,True,False,
nfra,920a5b7d722167d0660b7c91a1d55b6bf71ea56cef2872c67564609540eb83d3,国发〔2014〕43号,中国银监会关于银行业风险防控工作的指导意见,审慎规制局,EXCLUDE,中,,,分支机构,信托公司|金融资产|银行业|银行业金融机构,[title]…中国银监会关于银行业风险防控工作的指导意见 中国银监会关于 中国银监会关于银行业风险防控工作的指导意见银监发〔2017〕6号 各银…,11759,True,False,
nfra,037c1e65ee07b0cd33ebadb2dcf841b62a3942ab174ed4988ba9e47a460612e9,银监发〔2017〕4号,中国银监会关于提升银行业服务实体经济质效的指导意见,政研局,EXCLUDE,中,,,保单|保险机构|分支机构,商业银行|金融资产|银行业|银行业金融机构,[title]…中国银监会关于提升银行业服务实体经济质效的指导意见 中国银监会关于提升银行业服务实体经济质效。中国银监会关于提升银行业服务实体经济质效…,10775,True,False,
nfra,285a0cc0c8b1538342cce4bf4bd1444b938bf22b68acc21315ac665b3cca35cf,银监办发〔2017〕12号,中国银监会办公厅关于外资银行开展部分业务有关事项的通知,外资银行部,EXCLUDE,中,,,,银行业金融机构,[body]…行集团业务协作开展情况向监管部门报告。 五、 外商独资银行、 中外合资银行在风险可控前提下， 可以依法投资境内银行业金融机构。     六、 外商独资银行、 中外合资银行、 外国银行分行开展上述业务活动应加强制度建设、 合规管理和风险…,2153,True,False,
nfra,8d517fb07c52f4ec697bf495d10b9b623dd17b8911e193629fd63005434e638e,,中国保险监督管理委员会行政处罚程序规定,,EXCLUDE,中,,保险兼业代理,保险公司|保险公司分支机构|保险机构|保险资产管理|分支机构,保险中介机构|保险公估|保险经纪机构,[body]…所称保险中介机构，是指保险代理机构、保险经纪机构和保险公估机构及其分支机构。保险代理机构包括保险专业代理机构和保险兼业代理机构。 第二章 管 辖 第十条 派出机构负责对辖区内下列机构、人员的保险违法行为实施行政处罚： （一）保险公司…,18223,True,True,RFN-1540c2ebea0b9c67
nfra,f6e80e2d821f52d200bc122480e30b5736b6fe5f0b490d0bc2799e0efda7f343,银监发〔2017〕1号,中国银监会关于规范银行业服务企业走出去 加强风险防控的指导意见,政研局,BOUNDARY,低,,,保险公司|分支机构,金融资产|银行业|银行业金融机构,[body]…强化资金监管，防范信贷资金挪用和逃废债等行为。当客户出现重大风险情况时，应及时采取有效措施，缓释风险。对当地无分支机构或代理行进行有效贷后管理的非出口信贷类业务，应审慎介入。 （十三）加强担保管理和风险分担。银行业金融机构应严格…,12730,True,False,
nfra,83e6e34d154499bed71fd215f10bb761c3d35a29f2f5e61b3ee4013d7db8f03a,保监发〔2017〕9号,中国保监会关于进一步加强保险资金股票投资监管有关事项的通知,,EXCLUDE,中,,,保险公司|保险机构|保险资产管理|保险资金|偿付能力,商业银行|银行业|银行业金融机构,[body]…非保险一致行动人共同开展重大股票投资，经备案后继续投资该上市公司股票的，新增投资部分应当使用自有资金。 国务院银行业监管机构对保险机构投资银行业金融机构另有规定的，从其规定。 四、保险机构开展一般股票投资发生举牌行为的，应当按…,5981,True,True,RFN-6a8af52972fe9707;RFN-6a8af52972fe9707
nfra,3bfef350112650e0c5642e1401acb0c297289b2cc63efa0d039651f338c2bb9b,保监发〔2016〕116号,中国保监会关于印发《保险公司合规管理办法》的通知,,INCLUDE,中,,保险销售从业人员,保险产品|保险公司|保险公司分支机构|保险资产管理|保险销售|分支机构,,[body]…部、营销服务部以及各类专属机构。 本办法所称保险从业人员，是指保险公司工作人员以及其他为保险公司销售保险产品的保险销售从业人员。 第四十一条  本办法由中国保监会负责解释。 第四十二条  本办法自2017年7月1日起施行。中国保监会20…,12746,True,True,RFN-618cdff76405c51c;RFN-618cdff76405c51c
nfra,46b2f7fec06c96228bd0d579dcbc43043ce2828d103f5b9b4d576be7c429e7b0,保监发〔2016〕115号,中国保监会关于印发《财产保险公司保险产品开发指引》的通知,,EXCLUDE,中,人身保险|健康保险|健康险,,,财产保险公司,,12688,True,False,
nfra,6818906792e7f852647abb1588f608d229c7582de1419cea6a42a0d98783a2dd,,中国银监会关于《商业银行押品管理指引（征求意见稿）》公开征求意见的公告,审慎规制局,EXCLUDE,中,,,,商业银行,[title]…中国银监会关于《商业银行押品管理指引（征求意见稿）》公开征求意见的公告 中国银监会关于《商业银行押品管理指引（征求意见稿）》公开征求意…,1059,True,False,
nfra,926a9b8e2fec24c8447b0ec6521e58582cf469edea0262f004fc6607c6b65da3,国发〔2016〕6号,中国银监会  发展改革委  工业和信息化部关于钢铁煤炭行业化解过剩产能金融债权债务问题的若干意见,法规部,EXCLUDE,中,,,,商业银行|金融资产|银行业|银行业金融机构,[meta]…银监局，各省（区、市）发展改革部门、工业和信息化部门，各政策性银行、大型银行、股份制银行，邮储银行，外资银行，金融资产管理公司，其他会管金融机构：为贯彻《国务院关于钢铁行业化解过剩产能实现脱困发展的意见》（国发〔2016〕6号）…,5588,True,False,
nfra,3f61395354c6f5986bc761a1354138fec80d6d1b08eb5c49b0d01fd4f598e4c8,银监办发〔2016〕170号,中国银监会办公厅 公安部办公厅关于印发电信网络新型违法犯罪案件冻结资金返还若干规定实施细则的通知,法规部,EXCLUDE,中,,,分支机构,商业银行|银行业金融机构,[body]…国银监会办公厅         公安部办公厅 2016年12月2日 （此件发至银监分局、各级公安机关和地方法人银行业金融机构、外国银行分行）  电信网络新型违法犯罪案件冻结资金返还若干规定实施细则  第一条  根据《电信网络新型违法犯…,6924,True,False,
nfra,dd970f7a17d96e9847ea527e59a0014384a241e5fe96f2741dfdddeeb4315d7d,保监发〔2016〕99号,中国保监会关于发布《再保险数据交换规范（JR/T0036－2016）》行业标准的通知,,EXCLUDE,中,,,保险公司|保险资产管理,,,910,True,False,
nfra,b0e74b0ecd7e836da03693528770598dc3a96e2e02e83f85c8a731c824c1a3d4,,中国银监会关于《衍生工具交易对手违约风险资产计量规则（征求意见稿）》公开征求意见的公告,审慎规制局,EXCLUDE,中,,,,商业银行,[meta]…开征求意见的公告中国银监会关于《衍生工具交易对手违约风险资产计量规则（征求意见稿）》公开征求意见的公告 为推动商业银行提高衍生工具风险估值能力，强化衍生工具风险防范，中国银监会起草了《衍生工具交易对手违约风险资产计量规则（征求意…,1099,True,False,
nfra,66be006224a816c1c81450e040c17290c4d04e66874e77cc84f8992be702ee43,保监发〔2016〕98号,中国保监会关于废止《关于印发〈人身保险内含价值报告编制指引〉的通知》的通知,,INCLUDE,高,人身保险|人身保险公司,,,,[title]…中国保监会关于废止《关于印发〈人身保险内含价值报告编制指引〉的通知》的通知 保监发〔2016〕98号。中国精算师协会、各人身保险公司：。为进一步简政…,1278,True,True,RFN-d42f587bc9f5ec61;RFN-d42f587bc9f5ec61
nfra,f6775240e9973ea4f15fba54663d70093acd3b061c223e0ce504d974d9a9c780,银监发〔2011〕31号,中国银监会关于《商业银行表外业务风险管理指引（修订征求意见稿）》公开征求意见的公告,审慎规制局,EXCLUDE,中,,,,商业银行,[title]…中国银监会关于《商业银行表外业务风险管理指引（修订征求意见稿）》公开征求意见的公告 中国银监会关于《商业银行表外业务风险管理指引中国银…,1264,True,False,
nfra,8e7e5c0a917ea3d1d4ba8727b3101ff437a93e1793fa02c878ff5ddcce206f66,银监发〔2016〕49号,中国银监会关于银行业金融机构法律顾问工作的指导意见,法规部,EXCLUDE,中,,,分支机构,信托公司|商业银行|金融资产|银行业|银行业金融机构,[title]…中国银监会关于银行业金融机构法律顾问工作的指导意见 各银监局，各政策性银行、大型银行、股份制银行，邮储银行，外资银行，金融资产管理公司，其…,8263,True,False,
nfra,9079c9acc393acaa40a8e90da6dd3f6911c1338452387c71bb0c0e1f9025a5ff,法〔2016〕374号,关于全面推进保险纠纷诉讼与调解对接机制建设的意见,,BOUNDARY,低,,,保险公司|分支机构,,[body]…调，各相关庭室要积极参与配合保险纠纷诉调对接工作，注重沟通协作。保险监管机构应加强对调解组织的指导和监督，鼓励保险公司建立调解权限动态授予、异地授权、及时应调、快速审批等机制，保障基层分支机构能够通过调解解决保险纠纷。保险行业协…,9050,True,True,RFN-1424066b74b361a3;RFN-1424066b74b361a3
nfra,acf1be4db18450f0e7cdd1a634303f841c5e30fa56678250e66a5a73a64bfe63,国办发〔2015〕57号,中国保监会关于印发《保险公司城乡居民大病保险投标管理暂行办法》等制度的通知,,INCLUDE,中,健康险公司,,,,[body]…出大病保险业务的监督和管理。 保监局负责辖区内保险公司分支机构退出大病保险业务的监督和管理。 第五条  除专业健康险公司外，保险公司有下列情形之一的，保险监管机构暂不再将该总公司及其分支机构列入大病保险资质名单： （一）注册资本低…,25823,True,True,RFN-9cf7ceade4f13ea1
nfra,c194b948df1e95209156f417747e6d5548c1f0bae1d31801d45903aa51c9393d,国办发〔2016〕21号,国务院办公厅关于印发互联网金融风险专项整治工作实施方案的通知,办公厅,EXCLUDE,中,,,分支机构,商业银行|银行业金融机构,[body]…和股权众筹平台客户资金与自有资金应分账管理，遵循专业化运营原则，严格落实客户资金第三方存管要求，选择符合条件的银行业金融机构作为资金存管机构，保护客户资金安全，不得挪用或占用客户资金。4.房地产开发企业、房地产中介机构和互联网金融从业…,14138,True,False,
nfra,e0040062473bc1f08becc3bbd6b8108f390127f387d2425b89a7f048b6805e74,银发〔2015〕221号,关于印发《P2P网络借贷风险专项整治工作实施方案》的通知,办公厅,BOUNDARY,低,,,分支机构,银行业金融机构,[body]…包括：一是网贷机构基本情况，包括但不限于股东或出资人、实际控制人、法定代表人、注册资本、借贷余额、出借人总数、分支机构数量及分布等。二是网贷机构各类产品及业务运营情况，包括产品期限、综合收益率、逾期率等。三是网贷机构存在的主要问…,9654,True,False,
nfra,b91b598c2dc192be04d74ae154b4e28ec71115f246f838ee304bf7511159d72b,银监发〔2009〕68号,中国银监会关于废止一批政策性文件的公告,法规部,EXCLUDE,中,,,,商业银行|银行业|银行业金融机构,[meta]…银监会成立以来至2015年底发布的文件进行全面清理，银监会决定废止一批政策性文件，现公告如下：《中国银监会关于银行业金融机构行政许可事项中消防有关问题的通知》等5份政策性文件自公告之日起废止（ 法规部    中国银监会关于中国银监会关…,1387,True,False,
nfra,b47adfe943ee5fa05242b187d508befa5386a7d5eaa77822ba45d23e64f5be54,银监发〔2016〕44号,中国银监会关于印发银行业金融机构全面风险管理指引的通知,审慎规制局,EXCLUDE,中,,,分支机构,商业银行|金融资产|银行业|银行业金融机构,[title]…中国银监会关于印发银行业金融机构全面风险管理指引的通知 中国银监会关于印发中国银监会关于印发银行业金融机构全面风险管理指引的通知银监发〔201…,14170,True,False,
nfra,61dc9f7a4cfc21002523e58a998d80314cad124b743fa5353f1f720c19f3a1c8,银监发〔2016〕41号,中国银监会 公安部关于印发电信网络新型违法犯罪案件冻结资金返还若干规定的通知,法规部,EXCLUDE,中,,,,商业银行|银行业|银行业金融机构,[body]…，确保依法、及时、便捷返还冻结资金，根据《中华人民共和国刑法》、《中华人民共和国刑事诉讼法》、《中华人民共和国银行业监督管理法》、《中华人民共和国商业银行法》等法律、行政法规，制定本规定。第二条 本规定所称电信网络新型违法犯罪…,5610,True,False,
nfra,e3561a32f9dcc51b48c097a3d946bcfc783441015e66d30ea7ec9c3f21f0454c,保监发〔2010〕86号,中国保监会关于强化人身保险产品监管工作的通知,,INCLUDE,高,人身保险|人身保险公司|寿险,,,,[title]…中国保监会关于强化人身保险产品监管工作的通知 保监寿险〔2016〕199号。各人身保险公司：。为做好新形势下人身保险产品监管工作，充分发…,4668,True,True,RFN-855bfc08f72b5e80;RFN-2e965f2ed510a7f4
nfra,c3c878270c88973822f745b21dfbd17231372588b95ec67484c0e0856eee41f4,保监发〔2016〕76号,中国保监会关于进一步完善人身保险精算制度有关事项的通知,,INCLUDE,高,人身保险|人身保险公司|寿险,,,,[title]…中国保监会关于进一步完善人身保险精算制度有关事项的通知 保监发〔2016〕76号。各人身保险公司：。为进一步完善人身保险精算制度，发挥保险保障…,4599,True,True,RFN-7e94bb9d116a324b;RFN-7e94bb9d116a324b
nfra,81f93729e36b6698a8e337ace81df31d261e5de9931a78fa457c0e624d691d2b,国发〔2014〕29号,中国保监会关于印发《中国保险业发展“十三五”规划纲要》的通知,,BOUNDARY,低,人身保险|健康保险|养老保险|寿险,,,保险中介机构|再保险公司,[body]…现上市，自保、相互、互联网等新型主体创新发展，统一开放、协调发展、充满活力的现代保险市场体系日益完善。全面实施寿险产品费率市场化改革，稳步推进商业车险条款费率管理制度改革，市场配置资源的决定性作用得到有效发挥。保险资金运用体…,33237,True,True,RFN-8d034d52a8baa74e
nfra,66a47d9a5d6119bf2c27e73f4c35318c504324c99f19e810cbaeb9a2365948f9,保监发〔2016〕70号,中国保监会关于发布《保险公司参与社会医疗保险服务数据交换规范（JR/T 0147-2016）》行业标准的通知,,EXCLUDE,中,,,保险公司|保险资产管理,,,981,True,True,RFN-a7368ce63f54a8ed;RFN-a7368ce63f54a8ed
nfra,7fc8b6e8b5927002cfd846025748b98398d8743e6ec7cd4016ce00b7595ca299,国发〔2015〕13号,中国保监会关于印发《中国保险业标准化“十三五”规划》的通知,,BOUNDARY,低,人寿保险|人身保险|健康保险|寿险,,,,[body]…领域，初步构建了一套符合中国保险业发展需要的保险标准体系。 专栏1  已发布保险行业标准列表 1.银行保险业务人寿保险数据交换规范（JR/T0031-2016 2.保险术语（JR/T0032-2015） 3.保险基础数据元目录（…,16698,True,True,RFN-209a68b6d192b73d
nfra,79dddcc61028a0feb869a0715c65b383e927eb15dbb5284bcd01dd154e42b3b5,国家互联网信息办公室令2016年第1号,网络借贷信息中介机构业务活动管理暂行办法（银监会令[2016]1号）,办公厅,BOUNDARY,低,,,分支机构,银行业|银行业金融机构,[body]…互联网信息内容等业务进行监管。 第二章 备案管理 第五条 拟开展网络借贷信息中介服务的网络借贷信息中介机构及其分支机构，应当在领取营业执照后，于10个工作日以内携带有关材料向工商登记注册地地方金融监管部门备案登记。地方金融监管部…,16902,True,False,
nfra,2d89d52b909c6119c85fe276903fcc9eeedcb11b4477d3b821d578246e95b783,保监发〔2016〕70号,中国保监会关于发布《保险公司参与社会医疗保险服务数据交换规范（JR/T 0147-2016）》行业标准的通知,,EXCLUDE,中,,,保险公司|保险资产管理,,,981,True,True,RFN-a7368ce63f54a8ed;RFN-a7368ce63f54a8ed
nfra,dac997f452ea182ff1eb545086816d96ece5cd233326a24f508d72ea4bc12237,保监发〔2016〕71号,中国保监会关于保险公司在全国中小企业股份转让系统挂牌有关事项的通知,,EXCLUDE,中,,,保险公司|保险资产管理|偿付能力,证券公司,[body]…照适用上市保险公司监管要求，允许自然人等合格投资者投资挂牌保险公司股份。 九、本通知第七、八条所称做市，是指由证券公司担任做市商的做市交易方式。 十、本办法所称保险公司，包括保险集团（控股）公司、保险公司和保险资产管理公司。中国…,2526,True,True,RFN-90ec65df04036cdd;RFN-90ec65df04036cdd
nfra,6f87283dd4cc4603488e890eaf5e2df6ae7a50a958813d8e8f8c7b13ce406793,保监发〔2016〕62号,中国保监会关于进一步加强保险公司股权信息披露有关事项的通知,,BOUNDARY,低,,,保险公司|保险资产管理,,[title]…中国保监会关于进一步加强保险公司股权信息披露有关事项的通知 保监发〔2016〕62号。各保险集团（控股）公司、保险公司、保险资产管理公司：。为…,2090,True,True,RFN-16798970243245c6;RFN-16798970243245c6
nfra,762239dd24a5fc7561f1393218158276418a0c0c3705cfd6883afdbbb7b6eb57,保监寿险〔2016〕131号,中国保监会关于进一步规范保险理赔服务有关事项的通知,,INCLUDE,中,寿险,,,,[meta]…中国保监会关于进一步规范保险理赔服务有关事项的通知 保监寿险〔2016〕131号。各保监局、中国保险行业协会、各保险公司：。为保护保险消费者合法权益，方便群众理赔，避免出…,1342,True,True,RFN-1eb5a997aca74bd9;RFN-1eb5a997aca74bd9
nfra,051875d3507f00be722c6d2e76b1c54114989d0ef60fad607443e4ff15c00e7b,国发〔2013〕35号,中国保监会关于延长老年人住房反向抵押养老保险试点期间并扩大试点范围的通知,,INCLUDE,中,人身保险公司|养老保险,,,,[meta]…国保监会关于延长老年人住房反向抵押养老保险试点期间并扩大试点范围的通知 保监发〔2016〕55号。各保监局、各人身保险公司：。为贯彻落实《国务院关于加快发展养老服务业的若干意见》（国发〔2013〕35号）、《国务院关于加快发展现代保…,1210,True,True,RFN-499af08f2e4fdabf
nfra,f8efc0420ad7aa36d2b74dbc03ef18c44b245566f47a139f9e1d592886ab7856,保监发〔2016〕52号,中国保监会关于进一步加强保险公司关联交易信息披露工作有关问题的通知,,BOUNDARY,低,,,保险公司|保险消费者|保险资产管理,,[title]…中国保监会关于进一步加强保险公司关联交易信息披露工作有关问题的通知 保监发〔2016〕52号。各保监局，各保险集团（控股）公司、保险公司、保险…,4032,True,True,RFN-51133216754b33d3;RFN-51133216754b33d3
nfra,66e3746fda99f608e209bcb8544cbefacf2c2cc96de975227faaf150b1b430c6,保监发〔2016〕53号,中国保监会关于印发《广西辖区保险公司分支机构市场退出管理指引》的通知,,BOUNDARY,低,人身保险公司,,,财产保险公司,[body]…/T1100－2014）及其他机动车辆保险理赔服务规范组织的车辆理赔服务测评中2年内累计3次不及格的； （三）人身保险公司市级分公司、中心支公司在广西保监局或当地保险行业协会根据相关服务规范组织的服务测评中2年内累计3次不及格的，或…,13123,True,True,RFN-5df67fbeabffacee;RFN-5df67fbeabffacee
nfra,7cc5993b0d3715e40d18c6e70ec10af51643b0b3668f3f4ab0ff8c3ac2ab0b09,银监办便函〔2016〕1196号,中国银监会办公厅关于做好银行业金融机构债权人委员会有关工作的通知,法规部,EXCLUDE,中,,,,金融资产|银行业|银行业金融机构,[title]…中国银监会办公厅关于做好银行业金融机构债权人委员会有关工作的通知 中国银监会办公厅关于做好银行业金融机构债权人委员会有关工作的通知  ( 银监办便函…,3772,True,False,
nfra,e6b694d941aeb3c7c618194d79ee94953f82a49774bdc7a4eef2d948a0f1a71a,保监发〔2015〕18号,中国保监会关于商业车险条款费率管理制度改革试点全国推广有关问题的通知,,EXCLUDE,中,,,保险公司,财产保险公司,[meta]…中国保监会关于商业车险条款费率管理制度改革试点全国推广有关问题的通知 保监产险〔2016〕113号。各财产保险公司，北京、河北、山西、辽宁、上海、江苏、浙江、福建、江西、海南、贵州、云南、西藏、甘肃、深圳、大连、宁波、厦门保…,1273,True,False,
nfra,b2354f69e4ebec7dfbf0d7a45945c6aa56bcdca25e62136c647ffd8721a09e1c,保监会令2016年第2号,保险资金间接投资基础设施项目管理办法,,EXCLUDE,中,,,保险公司|保险机构|保险资产管理|保险资金|偿付能力,信托公司|商业银行|基金管理公司,[body]…十五条  本办法所称受托人，是指根据投资计划约定，按照委托人意愿，为受益人利益，以自己的名义投资基础设施项目的信托公司、保险资产管理公司、产业投资基金管理公司或者其他专业管理机构。 受托人与托管人、独立监督人、融资主体不得为同一…,25563,True,True,RFN-8524c44509f7af89
nfra,1e905ae9c35a7a6efe3c1c2f1e92a49227b74edb0393358f0468e380843ccdd2,保监资金〔2016〕104号,中国保监会关于加强组合类保险资产管理产品业务监管的通知,,INCLUDE,中,养老保险公司,,,,[meta]…中国保监会关于加强组合类保险资产管理产品业务监管的通知 保监资金〔2016〕104号。各保险资产管理公司、养老保险公司：。为加强保险资产管理产品业务监管，规范市场行为，强化风险管控，根据《保险资金运用管理暂行办法》《关于保险资产…,4758,True,True,RFN-bc833e59561e17f2;RFN-bc833e59561e17f2
nfra,e13f0434f1129fe4f197da66ef404fae4bd33d9b02fbb8eaf3268aaaf06e6ddb,国发〔2015〕22号,银行卡清算机构管理办法,办公厅,BOUNDARY,低,,,分支机构,银行业|银行业金融机构,[body]…变更与终止第二十五条 银行卡清算机构有下列变更事项之一的，应当按规定向中国人民银行提交变更申请材料：（一）设立分支机构。（二）分立或者合并。（三）变更公司名称或者公司章程。（四）变更注册资本。（五）变更主要出资人或其他单一持股比…,12649,True,False,
nfra,c4784801829fb3587f065c2315a85384b7fabaca4702d76e41a57e9249b1c1dd,保监发〔2016〕44号,中国保监会 国务院扶贫开发领导小组办公室关于做好保险业助推脱贫攻坚工作的意见,,BOUNDARY,低,人身保险|健康保险,,,,[body]…接民生保险服务需求。保险机构要针对建档立卡贫困人口，积极开发推广贫困户主要劳动力意外伤害、疾病和医疗等扶贫小额人身保险产品。重点开发针对留守儿童、留守妇女、留守老人、失独老人、残疾人等人群的保险产品，对农村外出务工人员开辟异地理…,10320,True,True,RFN-b9704a30ab4640f6;RFN-b9704a30ab4640f6
nfra,ed72a134010156f000ac5faa0184a4a6e080d0b37eb24498aeeecfa02cf95140,,中国银监会关于废止一批规章和政策性文件的公告,法规部,EXCLUDE,中,,,,商业银行|银行业,[meta]…经对银监会成立以来至2015年底发布的文件进行全面清理，银监会决定废止一批规章和政策性文件，现公告如下：一、《商业银行内部控制指引》自公告之日起废止（决定废止的规章目录见附件1）。 法规部    中国银监会关于中国银监会关于废止…,974,True,False,
nfra,ac2063980b6cb03f08a016c02fdff506ae2834bf11500af5b8d9082bae4a6c5e,保监中介〔2016〕44号,关于银行类保险兼业代理机构行政许可有关事项的通知,,BOUNDARY,低,人身保险公司,保险兼业代理|保险销售从业人员,,财产保险公司|银行业,[body]…公告。 十五、拟开展相互代理保险业务的保险公司参照银行类机构管理。一家财产保险公司在一个会计年度内只能代理一家人身保险公司业务。一家人身保险公司在一个会计年度内只能代理一家财产保险公司业务。 保险集团内各保险子公司间开展保险代理业务…,4673,True,True,RFN-979909a99a339372;RFN-979909a99a339372
nfra,b26a4c7b6d99a31faf60299f1d687cfcf73b2a8a829924b2bcbb11c1f2ef90c7,银监发〔2016〕26号,中国银监会  国土资源部关于印发农村集体经营性建设用地使用权抵押贷款管理暂行办法的通知,法规部,EXCLUDE,中,,,,金融资产|银行业|银行业金融机构,[meta]…通知 各银监局，各省、自治区、直辖市国土资源主管部门，各政策性银行、大型银行、股份制银行，邮储银行，外资银行，金融资产管理公司，其他会管金融机构：各银监局，各省、自治区、直辖市国土资源主管部门，各政策性银行、大型银行、股份制银行…,9253,True,False,
nfra,acf71af1a9d26d5d2b6b8d2999cc8a525f1b42c76002e3fcf72ee3987ab41810,国发〔2014〕29号,中国保监会 财政部关于印发《建立城乡居民住宅地震巨灾保险制度实施方案》的通知,,EXCLUDE,中,,,保险产品|保险公司|保险销售|偿付能力,再保险公司|财产保险公司,[meta]…，新疆生产建设兵团财务局，中国保险保障基金有限责任公司，中国保险信息技术管理有限责任公司，中国保险行业协会，各财产保险公司，各再保险公司：。     保监发〔2016〕39号 各保监局，各省、自治区、直辖市、计划单列市财政厅（局），…,8069,True,False,
nfra,f2f3b349469dc1187b38a801032a21d884ddb2d0559ea7faef3ec13759a521d9,银监发〔2016〕24号,中国银监会关于规范商业银行代理销售业务的通知,创新部,EXCLUDE,中,,,分支机构,商业银行|银行业|银行业金融机构,[title]…中国银监会关于规范商业银行代理销售业务的通知 中国银监会关于。中国银监会关于规范商业银行代理销售业务的通知。银监发〔2016〕24号。各…,9055,True,False,
nfra,b1a3f3a67367753ccfdae9cfd6aa2f5891c1c674a10691de0cacb8ea238bb9c3,保监发〔2016〕38号,中国保监会关于进一步加强保险公司合规管理工作有关问题的通知,,BOUNDARY,低,,,保险公司|保险资产管理|分支机构,,[title]…中国保监会关于进一步加强保险公司合规管理工作有关问题的通知 保监发〔2016〕38号。机关各部门，各保监局，各保险公司、保险资产管理公司：。为…,3444,True,True,RFN-1a3eb467db2eb3d0;RFN-1a3eb467db2eb3d0
nfra,6736ddd7553c09f1491a8c18d1481047f340984d8da8bbc1c21d70b0c2d96bc8,保监发〔2016〕36号,中国保监会关于印发《保险公司资金运用信息披露准则第4号：大额未上市股权和大额不动产投资》的通知,,BOUNDARY,低,,,保险公司|保险资产管理|保险资金|偿付能力,,[title]…中国保监会关于印发《保险公司资金运用信息披露准则第4号：大额未上市股权和大额不动产投资》的通知 保监发〔2016〕36号。各保险集团（控股…,8917,True,True,RFN-6f1433327170757c;RFN-6f1433327170757c
nfra,a36d9fafdc28b8e7445f1489714fdf0d9af06c408b0f9f00c416f78732341b6b,银监发〔2016〕14号,中国银监会 科技部 中国人民银行关于支持银行业金融机构加大创新力度 开展科创企业投贷联动试点的指导意见,政研局,EXCLUDE,中,,,保险公司|分支机构,商业银行|金融资产|银行业金融机构,[title]…中国银监会 科技部 中国人民银行关于支持银行业金融机构加大创新力度 开展科创企业投贷联动试点的指导意见 中国银监会 科技部 中国人民银行。中国银监会 科技部 中国人…,8398,True,False,
nfra,a63f707432c0c5f5b3dad4bab6c8de667aff85f050b85c93460f67999fda8719,银监发〔2016〕12号,中国银监会关于印发商业银行内部审计指引的通知,审慎规制局,EXCLUDE,中,,,分支机构,商业银行|金融资产|银行业|银行业金融机构,[title]…中国银监会关于印发商业银行内部审计指引的通知 中国银监会关于印发。商业银行内部审计指引的通知。银监发〔2016〕12号。各银监局，各政策…,11211,True,False,
nfra,a2c3ba3e948ee7f6cc1ed08000ba9828823cade38a62a3e0dc615e7a4eb72884,保监发〔2016〕29号,中国保监会关于印发《保险集团并表监管统计制度》的通知,,EXCLUDE,中,,,保险公司|保险资产管理|偿付能力,信托公司|证券公司|金融资产,[body]…担保、金融担保、承诺事项等。 7.保险业：保险集团公司、保险公司和保险资产管理公司。 8.非保险金融业：银行、信托公司、证券公司、基金公司、期货公司和金融租赁公司。 9.非金融业：除保险业及非保险金融业以外的公司和实体。 10.…,6023,True,True,RFN-1941bd04a588e548;RFN-1941bd04a588e548
nfra,6747ef0e29648c0d889a131cd2e89174502edde0eba0bf2afeeaabd4048ce682,银监发〔2016〕5号,中国银监会关于进一步加强银行业金融机构境外运营风险管理的通知,审慎规制局,EXCLUDE,中,,,分支机构,商业银行|金融资产|银行业|银行业金融机构,[title]…中国银监会关于进一步加强银行业金融机构境外运营风险管理的通知 中国银监会关于进一步加强银行业金融机构。中国银监会关于进一步加强银行业金融机构。境外运…,6334,True,False,
nfra,0b5d04609e0f50203cef680c239b3ae4709e7de950729d5fe14f039c17ec4f1e,保监发〔2016〕25号,中国保险监督管理委员会 中国人民银行关于发布《银行保险业务财产保险数据交换规范》行业标准的通知,,EXCLUDE,中,,,保险公司|保险资产管理,保险中介机构|商业银行,[body]…行业协会、 中国保险学会、 中国精算师协会、 中国保险资产管理业协会， 各保险公司、 各保险资产管理公司、 各保险中介机构； 中国人民银行上海总部， 各分行、 营业管理部、 省会（首府）城市中心支行、 副省级城市中心支行， 国家开发…,1076,True,False,
nfra,5b02c2de7e2de189583542f9ac742b639b6d45c333045cc07ac0851e48aaf2a9,保监发〔2016〕24号,中国保险监督管理委员会 中国人民银行关于发布《银行保险业务人寿保险数据交换规范》行业标准的通知,,INCLUDE,高,人寿保险,,,保险中介机构|商业银行,[title]…中国保险监督管理委员会 中国人民银行关于发布《银行保险业务人寿保险数据交换规范》行业标准的通知 保监发〔2016〕24号。     保监发〔2016〕24 号 机关各部门， 各…,1074,True,True,RFN-350ba8cd7b05aefb;RFN-350ba8cd7b05aefb
nfra,102bb0c25cca964213a7edc9dcc52c407f2e66abfd42bb769df4d59ea0d79feb,国发〔2015〕66号,中国人民银行 银监会关于加大对新消费领域金融支持的指导意见,政研局,EXCLUDE,中,,,分支机构,商业银行|银行业金融机构,"[meta]…行,各副省级城市中心支行；各省、自治区、直辖市、计划单列市银监局；交易商协会；国家开发银行，各政策性银行、国有商业银行、股份制商业银行，中国邮政储蓄银行：中国人民银行 银监会关于加大对新消费领域金融支持的指导意见（银发〔2016…",4797,True,False,
nfra,f5839ebe195c7fde86b45cf25058a134eabd82b4df154807869f756af34afea9,保监厅发〔2016〕24号,中国保监会办公厅关于进一步加强保险业信访工作的指导意见,,BOUNDARY,低,,,保险公司,,[meta]…中国保监会办公厅关于进一步加强保险业信访工作的指导意见 保监厅发〔2016〕24号。各保监局，各保险公司：。为进一步加强保险业信访工作，切实维护好群众合法权益，促进保险业健康发展，维护社会和谐稳定，现提出以下指导意…,3873,True,True,RFN-797de304b1174246;RFN-797de304b1174246
nfra,abe066ac4cec8ac02fa8078f5c4de819f5486454cdc523d2f41d27f1b26792d2,保监发〔2016〕103号,中国保监会关于调整保险业监管费和保险罚没收入缴款方式等有关事项的通知,,EXCLUDE,中,,,保险公司|保险机构|保险资产管理,保险中介机构,[meta]…和保险罚没收入缴款方式等有关事项的通知 保监发〔2016〕103号。各保监局，各保险公司、保险资产管理公司，各保险中介机构，外国保险机构代表处：。     保监发〔2016〕103号 各保监局，各保险公司、保险资产管理公司，各保险中…,2222,True,False,
nfra,e9fc94b20059aa494bb01691dc53b0ef67c5ae1e184dc8498a0abe3c015cae4a,保监发〔2016〕22号,中国保监会关于规范中短存续期人身保险产品有关事项的通知,,INCLUDE,高,人身保险|人身保险公司,,,,[title]…中国保监会关于规范中短存续期人身保险产品有关事项的通知 保监发〔2016〕22号。各人身保险公司：。为防范风险，促进中短存续期人身保险产品（以下简…,4295,True,True,RFN-b5c74b5ed4a79ad3;RFN-b5c74b5ed4a79ad3
nfra,500cb142aef87f682d8f40e0443d6b6736ef53fa3f24b15b20d0799ea78b2a06,国发〔2016〕11号,中国保监会关于取消一批行政审批中介服务事项的通知,,EXCLUDE,中,,,保险公司|保险公司分支机构|保险机构|分支机构,保险中介机构,[body]…2016〕11 号文件有关决定执行。  二、 请各保监局收到本通知后， 及时转发至辖区内各保险公司分支机构、 保险中介机构及其分支机构、 国外保险机构驻华代表机构、 保险行业协会， 按照要求做好行政审批有关工作。  附件：中国保监会…,926,True,False,
nfra,127a6ff178bde95af8cd3e0f119b08e100bb30ed11727db49d4e389c081a0e4e,保监发〔2016〕20号,中国保监会关于印发《新增保险功能服务统计指标》的通知,,BOUNDARY,低,人身保险,,,银行业,[body]…险：指以在出口过程中因进口商方面的商业风险或进口国方面的政治风险而遭受经济损失为保险标的的信用保险。 5.小额人身保险：指保险公司面向低收入群体提供的人身保险产品的总称。填报口径按照《关于印发〈全面推广小额人身保险方案〉的通知》…,2864,True,True,RFN-0fa630786be84cf0;RFN-0fa630786be84cf0
nfra,1d0ff9bca2b5b748cf7dc717347af7e0e34b338bb2ff4c934d2295f0f88aee53,保监发〔2016〕18号,中国保监会关于开展财产保险公司备案产品自主注册改革的通知,,EXCLUDE,中,,,保险产品|保险公司|保险消费者,财产保险公司,[title]…中国保监会关于开展财产保险公司备案产品自主注册改革的通知 保监发〔2016〕18号。各财产保险公司、中国保险行业协会、中国保险信息技术管理有…,4926,True,False,
nfra,f17c2dd70331fd9b8eee4fe4bc40ae792db520363673e528f7e73f43f52630c4,国发〔2015〕13号,中国保监会关于印发《深化保险标准化工作改革方案》的通知,,BOUNDARY,低,,,保险公司|保险机构|保险资产管理,,[meta]…股份有限公司、中保投资有限责任公司、上海保险交易所筹备组，中国保险行业协会、中国保险学会、中国精算师协会、中国保险资产管理业协会，各保险公司、保险资产管理公司，各保险专业中介机构：。     保监发〔2016〕15号 机关各部门，各…,1466,True,True,RFN-7d3684c4a1ea4c21
nfra,1ebf88d1ae7b93b2810d6db72d402b4b7ca50db67357e6dea7a89d31fe8cc250,银发〔2016〕26号,中国人民银行 中国银行业监督管理委员会关于调整个人住房贷款政策有关问题的通知,政研局,EXCLUDE,中,,,,商业银行|银行业|银行业金融机构,[title]…中国人民银行 中国银行业监督管理委员会关于调整个人住房贷款政策有关问题的通知 中国人民银行 中国银行业监督管理委员会关于调整个人住房贷…,2092,True,False,
nfra,de930999f3dece0e4bfc5379e1b580c52d40826b7c5f869f62dfc77e7229ea06,保监发〔2016〕8号,中国保监会关于印发《责任保险统计制度（试行）》的通知,,EXCLUDE,中,,,保单|保险产品|保险公司,财产保险公司,[meta]…中国保监会关于印发《责任保险统计制度（试行）》的通知 保监发〔2016〕8号。各财产保险公司：。为进一步加强责任保险监管，完善责任保险数据统计，我会研究制定了《责任保险统计制度（试行）》，现予印发，请遵…,5013,True,False,
nfra,da5f1e9c10f699d56544db0b97c8943e9a0c1e1cfd64ffb6278aebb776502015,保监产险〔2016〕6号,中国保监会关于加强互联网平台保证保险业务管理的通知,,EXCLUDE,中,,,保险产品|保险公司|保险条款|保险消费者|偿付能力,财产保险公司,[meta]…中国保监会关于加强互联网平台保证保险业务管理的通知 保监产险〔2016〕6号。各财产保险公司：。为加强互联网信贷平台（以下简称互联网平台）保证保险业务管理，促进互联网平台保证保险业务持续健康发展，现就有…,3146,True,False,
nfra,d8e132a40560b5a5e1e27e4a4eec4c0764fcccd3526b7d2977f2f58708df0b4c,保监发〔2016〕9号,中国保监会关于调整保险业监管费收费标准等有关事项的通知,,BOUNDARY,低,人寿保险|人身保险|健康保险,,,保险中介机构|保险公估|保险经纪,[body]…自留保费的0.6‰收取；对意外伤害保险、除责任保险和信用保险以外的其他财产保险按年度自留保费的0.8‰收取；对人寿保险、长期健康保险业务按年度自留保费的0.4‰收取。上述自留保费是指保费加上分入保费减去分出保费。保费是指投保人按…,4698,True,True,RFN-15eb0a496c71325e;RFN-15eb0a496c71325e
nfra,6f40ef3a13423db83cff8c466ad6006e024d55c6c59df05c609123f84921a748,保监财会〔2015〕15号,中国保监会关于正式实施中国风险导向的偿付能力体系有关事项的通知,,INCLUDE,中,人身保险公司|养老保险公司|寿险,,,,[body]…的证据显示其应纳税所得额持续为正的趋势发生根本性、长期性的逆转，方可终止确认所得税准备。 所得税准备以财务报表寿险合同负债的剩余边际金额的10%作为其认可价值。 2.《保险公司偿付能力监管规则第3号：寿险合同负债评估》第十九…,6821,True,True,RFN-1fec32fdbfdeee97;RFN-1fec32fdbfdeee97
nfra,5e9a0d5d4a8cd2286310767abed3f21237341e0e05eef159e5e54f828b8daed8,保监发〔2016〕7号,中国保监会关于全面推进保险法治建设的指导意见,,BOUNDARY,低,健康保险|养老保险,,,,[body]…施等方面的制度建设。着眼于保险服务国家治理现代化，加强在巨灾保险、农业保险、责任保险、信用保证保险、大病保险、养老保险、健康保险等方面的制度建设。依法保护保险消费者合法权益，努力构建权利义务明确、救济渠道畅通的保险消费者权益保护…,10775,True,True,RFN-7f93b2baccc05369;RFN-7f93b2baccc05369
nfra,710951a89e57e647d6a54bd82e8b148cfa78bc443c86db622130e2639f8141a4,保监发〔2016〕6号,中国保监会关于印发《保险机构董事、监事和高级管理人员任职资格考试管理暂行办法》的通知,,BOUNDARY,低,人身保险公司,,,再保险公司|财产保险公司,[body]…构董事、 监事和高级管理人员任职资格的重要依据。  第三条  保险机构类别分为保险集团公司、 财产保险公司、 人身保险公司、 资产管理公司、 再保险公司、 专属自保公司、 相互保险组织等 7 类。  第四条  岗位类别分为董事、 监…,5192,True,True,RFN-49149ad4cec64473;RFN-49149ad4cec64473
nfra,3456c02e92e558c6529d27c30ec6c4852ef7e9488263a8e7d770ddfd0c718d78,保监会令2016年第1号,中国保险监督管理委员会派出机构监管职责规定,,EXCLUDE,中,,保险销售从业人员,保险产品|保险公司|保险公司分支机构|保险条款|保险消费者|保险销售|偿付能力|分支机构,保险中介机构|保险公估|保险经纪|保险经纪机构,[body]…管。  第八条  派出机构负责辖区内保险中介机构的董事长、 执行董事和高级管理人员的任职资格核准和监管， 以及保险销售从业人员、 保险经纪从业人员和保险公估从业人员的监管。  第九条  派出机构对辖区内保险产品的销售、 理赔等服务进行监…,3899,True,True,RFN-95f1d09ecebd3704
nfra,2390980e0da2f4cdb4eb57b4cab87491a90536490f63d87aef2e931401399edc,国发〔2014〕29号,中国保监会关于印发《保险业功能服务指标体系》的通知,,EXCLUDE,—,,,,,,969,True,True,RFN-dcdc09f305205cdb
nfra,a9ff2398227377a49f565d035ec4f89a27ad32f5d9e1772517b388430a8608cd,保监稽查〔2015〕263号,中国保监会关于进一步做好保险业防范和处置非法集资工作的通知,,EXCLUDE,中,,,保单|保险公司|保险机构|保险资产管理|分支机构,保险中介机构,[body]…据保险业防范和处置非法集资工作视频会的要求做好以下工作： （一）各保监局应于2015年12月31日前，召开辖内保险中介机构防范和处置非法集资工作会，传达落实保险业防范和处置非法集资工作视频会的会议精神和工作要求。 （二）各保监局、各…,4872,True,True,RFN-ab8b77719a0bd5d3;RFN-ab8b77719a0bd5d3
nfra,5eaba2548001e167558f854c58787a6153ea3c7592ea111e38c6915544a686f4,保监稽查〔2015〕242号,中国保监会关于印发车险反欺诈数据规范的通知,,EXCLUDE,中,,,保险公司,财产保险公司,[meta]…中国保监会关于印发车险反欺诈数据规范的通知 保监稽查〔2015〕242号。机关各部门、各保监局、各财产保险公司、中国保险行业协会、中国保险信息技术管理有限责任公司：。为推动保险业运用信息技术防范保险欺诈风险，提高车险反欺…,1777,True,False,
nfra,e57b36870b3a1f5dead13d706dccef5ceed31b358de01af337f0942e1c14b57b,国发〔2014〕29号,中国保监会办公厅、北京市金融工作局、北京市石景山区人民政府关于印发《关于加快推动北京保险产业园创新发展的实施办法》的通知,,BOUNDARY,低,人身保险|健康保险|养老保险,,,保险中介机构|商业银行|基金管理公司|证券公司,[body]…产业链，提高行业服务水平。 第十条  稳步推进保险交易所试点建设。探索开展保单贴现交易，积极研究建立财产保险、人身保险、保险衍生品等场内集中交易场所。 第十一条  探索在保险产业园建立巨灾风险证券化交易场所，试点开发巨灾债券、巨…,8083,True,True,RFN-0954ada2061d54e9
nfra,ffb1b087350f25458424135bd1d355cd65f68b875d852ae9920ca8bf45118516,保监厅发〔2016〕1号,中国保监会办公厅关于开展个人税收优惠型健康保险业务有关事项的通知,,INCLUDE,中,人身保险|人身保险公司|健康保险,,,,[meta]…税收优惠型健康保险业务有关事项的通知 保监厅发〔2016〕1号。各保监局，中国保险信息技术管理有限责任公司，各人身保险公司：。     保监厅发〔2016〕1 号 各保监局， 中国保险信息技术管理有限责任公司， 各人身保险公司： 为…,2672,True,True,RFN-cc2102aa4fcac489;RFN-cc2102aa4fcac489
nfra,88c773904aa8b439e44a2b47faf003cc07010cae9fbe90d34ed1d20550228702,保监发〔2015〕128号,关于印发《中国保险监督管理委员会政务信息工作办法》的通知,,EXCLUDE,中,,,保险公司|保险机构|保险消费者|保险资产管理|分支机构,再保险公司,[body]…予鼓励。 第五章  附  则 第二十六条  本办法所称各保险机构，是指各保险集团公司、保险控股公司、保险公司、再保险公司、保险资产管理公司以及保险专业中介机构等。 本办法所称各保险社团组织，是指全国性保险社团组织。 第二十七条…,11970,True,False,
nfra,702f2594b6ba9c6bbca0f0cb07f7a5b2238519d6a2a057822bf32cdab9a4e24c,保监发〔2015〕125号,中国保监会关于发布《保险术语（JR/T 0032－2015》行业标准的通知,,BOUNDARY,低,,,保险公司|保险资产管理,,[meta]…的通知 保监发〔2015〕125号。机关各部门，各保监局，中国保险行业协会、中国保险学会、中国精算师协会、中国保险资产管理业协会，中国保险保障基金有限责任公司、中国保险信息技术管理有限责任公司，各保险公司、保险资产管理公司，各保险专…,891,True,True,RFN-b6cf2a0a0700111c;RFN-b6cf2a0a0700111c
nfra,757aa29ed3fa3fb88b78d099b07f12e0e992954c796bd360c1501efa6d27a88e,的指导意见银监党发〔2015〕5号,中国银监会党委关于贯彻落实《中共中央关于全面推进依法治国若干重大问题的决定》的指导意见,宣传部,EXCLUDE,中,,,,信托公司|商业银行|金融资产|银行业|银行业金融机构,[meta]…发〔2015〕5号 为全面贯彻落实《中共中央关于全面推进依法治国若干重大问题的决定》（以下简称《决定》），加强银行业法治建设，结合银行业监管工作实际，提出以下指导意见。 宣传部    中国银监会党委关于贯彻落实《中共中央关于全…,8270,True,False,
nfra,d89bda5c32ae799af3943339b2535febb495843abe122bab629fdcc08499da5a,保监发〔2015〕122号,中国保监会关于印发《关于规范保险机构董事、监事和高级管理人员任职资格考试工作的实施方案》的通知,,BOUNDARY,低,人身保险公司,,,再保险公司|财产保险公司,[body]…监会对拟任职务的资格条件有特别规定的除外。  根据经营性质， 保险机构类别分为保险集团公司、 财产保险公司、 人身保险公司、 资产管理公司、 再保险公司、 专属自保公司、 相互保险组织等 7 类； 根据工作性质， 岗位类别分为董事、…,6181,True,True,RFN-850a12e5449e849e;RFN-850a12e5449e849e
nfra,abe0a7b2f51730e239d8646826e823a848a465d054b8bafd4f10fbeffaabd04a,保监发〔2015〕123号,中国保监会关于保险业履行社会责任的指导意见,,BOUNDARY,低,人身保险,,,保险中介机构,[body]…参与公共服务共建共享。融入社区和新农村建设，积极参与政府购买社会服务项目。推广治安保险、社区综合保险，农村小额人身保险等产品。开发针对弱势群体的创新公益保险产品，积极支持教育助学、养老医疗、孤残帮扶、疾病研究等社会事业。鼓励员工…,4763,True,True,RFN-4e3131787e5a2f80;RFN-4e3131787e5a2f80
nfra,31f2ae69b9aeca910f236e8e34deea93a2918ef89ce3ab586eb496a68b629f31,保监发〔2015〕121号,中国保监会关于印发《保险公司资金运用信息披露准则第3号：举牌上市公司股票》的通知,,BOUNDARY,低,,,保险公司|保险资产管理|保险资金|偿付能力,,[title]…中国保监会关于印发《保险公司资金运用信息披露准则第3号：举牌上市公司股票》的通知 保监发〔2015〕121号。各保险集团（控股）公司、保险…,3817,True,True,RFN-3a618cecfaf7cb06;RFN-3a618cecfaf7cb06
nfra,3be64090f4a08a63aaafc02f6fec4ba111d74d301c24e564d7a35820a91b4107,保监厅发〔2015〕79号,关于印发《中国保险保障基金有限责任公司业务监管办法》的通知,,INCLUDE,中,人身保险|人身保险公司,,,商业银行|财产保险公司|银行业,[body]…清缴后，向保险公司出具合法的收款凭证。 第十三条  保障基金公司应为财产保险保障基金（以下简称“财险基金”）和人身保险保障基金（以下简称“人身险基金”）各开立一个基本账户，专门用于保险保障基金的收缴和资金划拨。 保障基金公司如变…,9008,True,True,RFN-8ed55859167aa292;RFN-8ed55859167aa292
nfra,c5c6bd525447d8cbd9f21ea74ee560de1cfe4f2ae0a199be34cddeb2ea5592cb,,中国银监会关于印发商业银行流动性覆盖率信息披露办法的通知,审慎规制局,EXCLUDE,中,,,,商业银行|银行业,[title]…中国银监会关于印发商业银行流动性覆盖率信息披露办法的通知 中国银监会关于印发商业银行流动性覆盖率。中国银监会关于印发商业银行流动性覆盖率…,2823,True,False,
nfra,bf45734f38a56a4014c27c4005c52dad97ddc3b2042b04d27bb4d28dc61b1cc3,保监发〔2015〕114号,中国保监会关于印发《保险资金运用内部控制指引》及应用指引的通知,,BOUNDARY,低,,,保险公司|保险机构|保险资产管理|保险资金,,[title]…中国保监会关于印发《保险资金运用内部控制指引》及应用指引的通知 保监发〔2015〕114号。各保险集团（控股）公司、保险公司、保险资产管理…,1755,True,True,RFN-8df4c7ae09bb4d52;RFN-8df4c7ae09bb4d52
nfra,9a205ce36da67a3294526759add7ca2417d2dfc62f5c8731e0c49106ae60fd0a,保监发〔2015〕112号,中国保监会关于印发《保险法人机构公司治理评价办法（试行）》的通知,,BOUNDARY,低,,,保险公司|保险消费者|保险资产管理,,[meta]…会关于印发《保险法人机构公司治理评价办法（试行）》的通知 保监发〔2015〕112号。各保险集团（控股）公司、保险公司、保险资产管理公司：。为综合评价保险公司治理状况，进一步完善保险法人机构治理结构，提升行业公司治理水平，我会制…,5938,True,True,RFN-ad4dd121386851e0;RFN-ad4dd121386851e0
nfra,e31571ce5678291a9066162025d83978b0e13dc060f337692fe5fc51a5388f96,保监资金〔2015〕219号,中国保监会关于加强保险公司资产配置审慎性监管有关事项的通知,,BOUNDARY,低,人身保险公司,,,财产保险公司|金融资产,[body]…比例超过30%，且公司资产配置中股权、不动产类资产和其他金融资产合计占上季度末总资产比例超过20%的； （二）人身保险公司负债平均持有期少于5年，且公司资产配置中股权、不动产类资产和其他金融资产合计占上季度末总资产比例超过20%的；…,3210,True,True,RFN-fb6befd091f37ba3;RFN-fb6befd091f37ba3
nfra,59bbcabd5959e4b0ff124e20cf6c19c56eae56aa860fa43131cefbc514b24f71,保监发〔2015〕113号,中国保监会关于印发《保险机构内部审计工作规范》的通知,,EXCLUDE,中,,,保险公司|保险机构|保险资产管理|分支机构,再保险公司,[body]…二条  本规范所称保险机构是指在中华人民共和国境内依法设立的保险集团（控股）公司、保险公司、保险资产管理公司、再保险公司及其分支机构等。 经保险监督管理部门批准设立的其他保险机构可参照执行本规范。 保险监督管理部门有IT审计专门规…,13591,True,True,RFN-a1844f2b8b9b2470;RFN-a1844f2b8b9b2470
nfra,ff15f3432763a375c30f0029f97a7488df2d071512324bd133dd38d94e0e7643,银监会令2015年第10号,中国银监会现场检查暂行办法（中国银监会令2015年第10号）,法规部,EXCLUDE,中,,,,信托公司|商业银行|金融资产|银行业|银行业金融机构,[body]…主席：尚福林2015 年12月10日  中国银监会现场检查暂行办法 第一章 总则     第一条 为加强对银行业的监督管理，规范现场检查行为，提升现场检查质效，促进银行业健康发展，根据《中华人民共和国银行业监督管理法》、《…,13694,True,False,
nfra,d9d08d376d6a2cd82600638b151f80abb0f845e0af27e8024b87c7f0cfa2374b,保监发〔2015〕106号,中国保监会关于保险业服务京津冀协同发展的指导意见,,BOUNDARY,低,健康保险|养老保险,独立个人保险代理人,,,[body]…保险产品，更好服务京津都市现代农业和河北高产高效生态农业发展。 （四）支持京津冀公共服务一体化。 大力发展商业养老保险和健康保险，积极争取将京津冀三省市共同纳入个人税收递延型养老保险试点和个人税收优惠型健康保险试点区域范围，推动…,8348,True,True,RFN-9c51b2b68524b536;RFN-9c51b2b68524b536
nfra,11ac8876547221bdb055ac6e7e378d7eddaef8fb88ec6b55767415d63463158e,中国保险监督管理委员会令2010年第5号,中国保险监督管理委员会行政处罚程序规定（2015年修订）,,EXCLUDE,中,,保险兼业代理,保险公司|保险公司分支机构|保险机构|保险营销|保险资产管理|分支机构,保险中介机构|保险公估|保险经纪|保险经纪机构,[body]…本规定所称业务许可证，是指保险公司法人许可证、经营保险业务许可证、保险营销服务许可证、经营保险代理业务许可证、保险兼业代理业务许可证、经营保险经纪业务许可证、经营保险公估业务许可证、保险资产管理公司法人许可证和经营保险资产管理业务许…,17047,True,True,RFN-b7c9a94d4eb64cf7
nfra,348f4d7cd1f5d7cae8607b39eae390ec85f298df10e9ebf60ca9136c39e48c43,中国保险监督管理委员会令2010年第8号,再保险业务管理规定（2015年修订）,,EXCLUDE,中,人身保险公司|寿险,,,保险经纪|保险经纪机构|再保险公司|财产保险公司|财产险,,8599,True,False,
nfra,c86eff222bcfb606c99560329ad0d37ad59fb4759f5f923157474f679584f319,,人身保险公司保险条款和保险费率管理办法（2015年修订）,,INCLUDE,高,人寿保险|人身保险|人身保险公司|健康保险|寿险,,,,[title]…人身保险公司保险条款和保险费率管理办法（2015年修订） (2011年12月30日中国保险监督管理委员会令2011年第3号…,14617,True,True,RFN-bb9863080574cf5f
nfra,3f4eea8e7517bcb78963f72084e2a2a6006547b670ab0d74cd8ff952cb46f8a3,中国保险监督管理委员会令2009年第5号,保险专业代理机构监管规定（2015年修订）,,EXCLUDE,中,,,保单|保险产品|保险公司|保险销售|分支机构,保险中介机构|保险公估|保险经纪机构|商业银行,[body]…为保险专业代理公司的发起人或者股东。 保险公司员工投资保险专业代理公司的，应当书面告知所在保险公司；保险公司、保险中介机构的董事或者高级管理人员投资保险专业代理公司的，应当根据《公司法》有关规定取得股东会或者股东大会的同意。 第九条…,21696,True,True,RFN-ff60636ff757ae9c;RFN-ff60636ff757ae9c
nfra,4d0676fcb24e0f3fcbcdfd70c9db95ff573be460a9584f1a59bebf8f7052b012,中国保险监督管理委员会令2009年第6号,保险经纪机构监管规定（2015年修订）,,EXCLUDE,中,,,保单|保险产品|保险公司|分支机构,保险中介机构|保险公估|保险经纪|保险经纪公司|保险经纪机构|商业银行,[title]…保险经纪机构监管规定（2015年修订） (2009年9月25日中国保险监督管理委员会令2009年第6号发布  根据2013…,21334,True,True,RFN-b2dc070aae6d7995;RFN-b2dc070aae6d7995
nfra,42ed34038ba7adb441e73882aba94a8d1a1f81a2ee3d921ad837f9c948be9e64,中国保险监督管理委员会令〔2006〕7号,保险公司设立境外保险类机构管理办法,法规部,EXCLUDE,中,,,保单|保险公司|偿付能力|分支机构,保险中介机构|保险公估|保险经纪机构,[body]…立，并依法登记注册的商业保险公司。第三条 本办法所称境外保险类机构，是指保险公司的境外分支机构、境外保险公司和保险中介机构。本办法所称保险中介机构，是指保险代理机构、保险经纪机构和保险公估机构。第四条 本办法所称设立境外保险类机构，…,7960,True,True,RFN-65dc77bb8b5ce629;RFN-65dc77bb8b5ce629
nfra,f7472809d869bc13418a6222fc675eb75680a2889564b3cac36ac2b57fe91461,中国保险监督管理委员会令2009年第7号,保险公估机构监管规定（2015年修订）,,EXCLUDE,中,,,保险公司|保险条款|分支机构,保险中介机构|保险公估|保险经纪机构,[title]…保险公估机构监管规定（2015年修订） 保险公估机构监管规定。（2009年9月25日中国保险监督管理委员会令2009年…,18135,True,True,RFN-3d2e4e77b9696c64;RFN-3d2e4e77b9696c64
nfra,8eef02edec03f5e0d0ec5b364c4ae4fd09ca1ca91a255ee54c53c40811188645,保监发〔2015〕108号,中国保监会关于印发《养老年金保险业务统计制度》的通知,,INCLUDE,中,人身保险|人身保险公司|健康险|寿险,,,,[body]…监会 2015年11月20日 养老年金保险业务统计制度 一、总体说明 （一）统计内容 本制度的统计内容主要是各人身保险公司开展的养老年金保险业务。根据《人身保险公司保险条款和保险费率管理办法》（保监会令2011年第3号），养老年金保…,38248,True,True,RFN-e8e1d145eacd96af;RFN-e8e1d145eacd96af
nfra,19556171e5c1ebae858977836fdfc735a72e29ce7b41da422bdc5e651fb768b0,国办发〔2015〕57号,中国保监会关于印发《大病保险统计制度》的通知,,INCLUDE,中,人身保险,,,,[body]…《中国保监会关于印发〈大病保险统计制度（试行）〉的通知》（保监发〔2013〕77号）自本制度施行之日起废止。 人身保险监管部联系人：张俊兴  010－66286211 创新系统管理员：孙思  010－66286832 创新系统技…,5161,True,True,RFN-58dc072cb618f4a3
nfra,888cdd2881f469adcc704e766c89a563ca965f2a9061a2fec982c66e0afd065a,保监发〔2015〕104号,中国保监会关于印发《保险机构企业年金业务统计制度》的通知,,INCLUDE,中,人身保险公司|人身险公司|养老保险公司,,,,[meta]…中国保监会关于印发《保险机构企业年金业务统计制度》的通知 保监发〔2015〕104号。各人身险公司、保险资产管理公司：。为全面反映保险机构企业年金业务情况，满足对保险机构企业年金业务的监管需求，我会对《养老保…,8289,True,True,RFN-2abdd417fb0d9777;RFN-2abdd417fb0d9777
nfra,b08242dc3c6d36c3f53de37b16e65d604dc9e27959edfa9935fc96330251c9da,保监消保〔2015〕201号,中国保监会关于印发《保险小额理赔服务指引（试行）》的通知,,BOUNDARY,低,,,保单|保险公司|保险机构|保险消费者|保险理赔,,[meta]…试行）》的通知 保监消保〔2015〕201号。各保监局、中国保险行业协会、中国保险信息技术管理有限责任公司、各保险公司：。为深入贯彻落实《国务院关于加快发展现代保险服务业的若干意见》和《中国保监会关于加强保险消费者权益保护工作的…,6404,True,True,RFN-d13e858182803995;RFN-d13e858182803995
nfra,988d5cd780c645bbbdd3573ec6f20a8f134af7b9eca20bc7b8717dc0162e903b,保监会令2015年第3号,中国保险监督管理委员会关于修改《保险公司设立境外保险类机构管理办法》等八部规章的决定,,BOUNDARY,低,人身保险公司,,,保险公估|保险经纪|保险经纪公司|保险经纪机构,[body]…务管理规定》作出修改 （一）删去第二十三条。 （二）将第二十四条改为第二十三条，并删去“经批准的”。 八、对《人身保险公司保险条款和保险费率管理办法》作出修改 （一）将第三十四条第三项中“有《保险法》第一百三十七条规定情形的”修改为…,16092,True,True,RFN-a34feee980218d0d
nfra,0ce1358f5a9084eee669681845487cc0862c9f3d94cfcb0e83363fe265e1c45f,保监发〔2015〕100号,中国保监会关于修改《中国保监会关于严格规范非保险金融产品销售的通知》的通知,,BOUNDARY,低,,,保险公司|保险资金|保险销售|分支机构,,[meta]…监会关于修改《中国保监会关于严格规范非保险金融产品销售的通知》的通知 保监发〔2015〕100号。各保监局，各保险公司，各保险专业中介机构：。为了切实防范化解风险，现对《中国保监会关于严格规范非保险金融产品销售的通知》（保监发〔…,6449,True,True,RFN-84daea421e7dcede;RFN-84daea421e7dcede
nfra,1a60d8dbd0beb2b90fd8b142d403e8aa0fbeeb8de3b8cd638c43b90ca6297c7f,,国家发展改革委 中国保监会关于保险业支持重大工程建设有关事项的指导意见,,EXCLUDE,—,,,,,,42,False,False,
nfra,e82b2ca0255dd5ebdd536eb34174ef5d19cf603c4ac9c15794ce53fc7a895260,银发〔2015〕305号,中国人民银行 中国银行业监督管理委员会关于进一步完善差别化住房信贷政策有关问题的通知（银发〔2015〕305号）,政研局,EXCLUDE,中,,,,商业银行|银行业,[title]…中国人民银行 中国银行业监督管理委员会关于进一步完善差别化住房信贷政策有关问题的通知（银发〔2015〕305号） 中国人民银行 中国银…,1190,True,False,
nfra,2001f05af9cbb0c789a4b34b579e5e0f6e7ddb8353e46ee5165389be1436a274,保监发〔2015〕93号,中国保监会关于推进分红型人身保险费率政策改革有关事项的通知,,INCLUDE,高,人身保险|人身保险公司,,,,[title]…中国保监会关于推进分红型人身保险费率政策改革有关事项的通知 保监发〔2015〕93号。各人身保险公司：。为进一步发挥市场在保险资源配置中的决定…,2370,True,True,RFN-e83b6be5635b5f16;RFN-e83b6be5635b5f16
nfra,022530d1c72a0428e519671107be579c989873b52cef645debc5bf794780cc4e,国发〔2014〕29号,中国保监会关于深化保险中介市场改革的意见,,EXCLUDE,中,,,保单|保险产品|保险公司|保险消费者|保险资产管理|保险销售,保险中介机构|保险经纪|公估机构|财产险,[meta]…师协会，中国保险资产管理业协会，中国保险保障基金有限责任公司，中国保险信息技术管理有限责任公司，各保险公司，各保险中介机构：。     保监发〔2015〕91号 机关各部门，各保监局，培训中心，中国保险行业协会，中国保险学会，中国精…,7999,True,True,RFN-e334d8cce1f13776
nfra,10892f4836e81b4bbda43f2e4aa3941331da63ae143d2cafca7400300eb3e138,中华人民共和国主席令第34号,商业银行流动性风险管理办法（试行）（中国银监会令2015年第9号）,宣传部,EXCLUDE,中,,,分支机构,商业银行|银行业,[title]…商业银行流动性风险管理办法（试行）（中国银监会令2015年第9号） 商业银行流动性风险管理办法（试行）（中国银监会令2…,22284,True,False,
nfra,32e32c6b2e1710151ae2e87ca9cf0fde574617c771a0758ecdfae508463f97df,保监发〔2015〕90号,中国保监会关于父母为其未成年子女投保以死亡为给付保险金条件人身保险有关问题的通知,,INCLUDE,高,人身保险,,,,[title]…中国保监会关于父母为其未成年子女投保以死亡为给付保险金条件人身保险有关问题的通知 保监发〔2015〕90号。各保险公司：。为保护未成年人的合法权益，根据《中华人民共和国保险法》…,2408,True,True,RFN-fa3c07bf5c72eb1f;RFN-fa3c07bf5c72eb1f
nfra,79cffe6b4e6a063291112e498b53aa2d64b1dea514a9069fbf076953c2e06a88,保监发〔2015〕89号,中国保监会关于设立保险私募基金有关事项的通知,,BOUNDARY,低,,,保险公司|保险机构|保险资产管理|保险资金,,[meta]…中国保监会关于设立保险私募基金有关事项的通知 保监发〔2015〕89号。各保险集团（控股）公司、保险公司、保险资产管理公司：。为进一步发挥保险资金长期投资的独特优势，支持实体经济发展，防范相关风险，现就规范设立保险…,4868,True,True,RFN-66eb1d9a4ca88d86;RFN-66eb1d9a4ca88d86
nfra,b1186c5b1e54e56c0863095dfcac9eefb53ded76c3ab916ec013e0d228464738,保监发〔2015〕85号,中国保监会关于印发《资产支持计划业务管理暂行办法》的通知,,BOUNDARY,低,,,保险公司|保险机构|保险资产管理|保险资金,,[meta]…中国保监会关于印发《资产支持计划业务管理暂行办法》的通知 保监发〔2015〕85号。各保险集团（控股）公司、保险公司、保险资产管理公司：。为促进资产支持计划业务创新，规范管理行为，加强风险控制，维护投资者合法权益，我会制定了《…,12768,True,True,RFN-5ac2040a2787abfa;RFN-5ac2040a2787abfa
nfra,130e8bdfccc9e1bea8a38a9ecbe7ccb96da4e681c33d83302db06675558499d5,保监发〔2015〕80号,中国保监会关于印发《保险公司经营评价指标体系（试行）》的通知,,INCLUDE,中,人身保险公司|养老保险公司|寿险,,,再保险公司|财产保险公司,[meta]…险公司经营评价指标体系（试行）》的通知 保监发〔2015〕80号。各保监局，中国保险行业协会，各财产保险公司、人身保险公司：。为综合评价保险公司经营状况，加强保险监管，促进保险公司改进经营管理、转变发展方式，我会制定了《保险公司经营…,3850,True,True,RFN-5f10b0b16f3770a1;RFN-5f10b0b16f3770a1
nfra,3ce0e13789c1437e0074f2d18075516cef3da162db7f3377f682efe0b6306c4d,保监发〔2015〕73号,中国保监会关于印发《养老保障管理业务管理办法》的通知,,INCLUDE,中,养老保险公司,,,基金管理公司|证券公司|金融资产,[meta]…中国保监会关于印发《养老保障管理业务管理办法》的通知 保监发〔2015〕73号。各养老保险公司：。为促进保险业积极参与多层次养老保障体系建设，推动养老保障管理业务持续健康发展，保护养老保障管理业务活动当事…,18190,True,True,RFN-1446258540bdc328;RFN-1446258540bdc328
nfra,ed28b1d7b93b4323b3742638622e30f6a756cf17f5908a22fa0c7911ce349a49,国发〔2014〕60号,中国银监会 国家发展和改革委员会关于银行业支持重点领域重大工程建设的指导意见,政研局,EXCLUDE,中,,,,信托公司|商业银行|金融资产|银行业|银行业金融机构,[title]…中国银监会 国家发展和改革委员会关于银行业支持重点领域重大工程建设的指导意见 中国银监会 国家发展和改革委员会。中国银监会 国家发展和改革委员会。关于银…,6145,True,False,
nfra,de7bbd2f746e1e4a4d33df906ff4424f35def9cf87f1ac2c40de345650240ba6,保监发〔2015〕82号,中国保监会关于印发《个人税收优惠型健康保险业务管理暂行办法》的通知,,INCLUDE,中,人身保险公司|健康保险,,,,[meta]…中国保监会关于印发《个人税收优惠型健康保险业务管理暂行办法》的通知 保监发〔2015〕82号。各保监局，各人身保险公司：。为贯彻落实财政部、国家税务总局、保监会《关于开展商业健康保险个人所得税政策试点工作的通知》（财税〔2015…,6883,True,True,RFN-e7d637e1e33fa849;RFN-e7d637e1e33fa849
nfra,9ccf8687d905269575ac72ddcb9a29b13f730f232d6d8cef51cda09ee194a42b,保监发〔2015〕78号,中国保监会关于取消和调整一批行政审批事项的通知,,EXCLUDE,中,,保险销售从业人员,保险公司|保险公司分支机构|保险机构|保险销售|分支机构,保险中介机构|保险经纪|保险经纪机构,[body]…更组织形式、设立分支机构及解散退出审批”“保险经纪机构分立、合并、变更组织形式、设立分支机构及解散退出审批”“保险销售从业人员资格核准”及“保险经纪从业人员资格核准”等7项行政审批事项已无法律依据，“保险代理机构设立审批”“保险经纪机构…,1399,True,False,
nfra,33cea41804f2d9e510005d516ed8b57191a7a68289510cbad56f629596cfae83,保监发〔2015〕77号,关于发布《农业保险数据规范（JR/T 0128－2015）》行业标准的通知,,EXCLUDE,中,,,保险公司|保险资产管理,保险中介机构,[meta]…5）》行业标准的通知 保监发〔2015〕77号。机关各部门，各保监局，培训中心，各保险公司、保险资产管理公司、保险中介机构，中国保险行业协会、中国保险学会、中国精算师协会，中国保险资产管理业协会，中国保险保障基金有限责任公司、中国保…,819,True,True,RFN-99c3f00fed1bfa87;RFN-99c3f00fed1bfa87
nfra,8d9acfd4a8c9d13224ab0b70491b59b4d4911d6ee87606c13acb2ac388b9d39c,保监发〔2015〕71号,关于发布《保险基础数据元目录（JR/T 0033－2015）》行业标准的通知,,EXCLUDE,中,,,保险公司|保险资产管理,保险中介机构,[meta]…5）》行业标准的通知 保监发〔2015〕71号。机关各部门，各保监局，培训中心，各保险公司、保险资产管理公司、保险中介机构，中国保险行业协会、中国保险学会、中国精算师协会、中国保险资产管理业协会，中国保险保障基金有限责任公司、中国保…,822,True,True,RFN-f492addef0a5b08f;RFN-f492addef0a5b08f
nfra,8add67e538f8dbc0f4082356fdca6a6851f8231db65557b269fcf510e0e65c13,保监发〔2015〕70号,关于发布《保险机构投诉处理规范（JR/T 0127－2015）》行业标准的通知,,EXCLUDE,中,,,保险公司|保险机构|保险资产管理,保险中介机构,[meta]…5）》行业标准的通知 保监发〔2015〕70号。机关各部门，各保监局，培训中心，各保险公司、保险资产管理公司、保险中介机构，中国保险行业协会、中国保险学会、中国精算师协会，中国保险资产管理业协会，中国保险保障基金有限责任公司、中国保…,825,True,True,RFN-70560b5acf8d17f8;RFN-70560b5acf8d17f8
nfra,5f0f51d7e1b3f2b8bcdbeb8e8cf50fe15c50af68df05023ed2c5fcd8c85083c2,保监发〔2010〕86号,中国保监会关于加强人身保险费率政策改革产品管理有关事项的通知,,INCLUDE,高,人身保险|人身保险公司|寿险,,,,[title]…中国保监会关于加强人身保险费率政策改革产品管理有关事项的通知 保监寿险〔2015〕136号。各人身保险公司：。为深入推进人身保险产品费率…,2506,True,True,RFN-855bfc08f72b5e80;RFN-0431c0ac1ebb6dde
nfra,06ebe3496631c9cb5eb885f5c3f6854b57141323b3f67f3548392222be8718a0,税总发〔2015〕96号,国家税务总局 中国银行业监督管理委员会 关于开展“银税互动”助力小微企业发展活动的通知,法规部,EXCLUDE,中,,,,银行业|银行业金融机构,[title]…国家税务总局 中国银行业监督管理委员会 关于开展“银税互动”助力小微企业发展活动的通知 国家税务总局 中国银行业监督管理委员会国家税务…,4090,True,False,
nfra,3b9f02ae2c61d69428e8b3668c1314f86bc16c60e62a266453b92faf78636b9c,保监发〔2015〕75号,关于印发《保险公司服务评价管理办法（试行）》的通知,,INCLUDE,中,人身保险|人身保险公司|养老保险公司,,,财产保险公司,[body]…年开展一次。评价结果由保险监管部门对外发布。 第二章  评价范围 第五条  开业满一个会计年度的财产保险公司、人身保险公司纳入服务评价范围。养老保险公司、农业保险公司、政策性保险公司视条件成熟逐步纳入评价范围。 第六条  服务评价范…,4787,True,True,RFN-449377d09304d076;RFN-449377d09304d076
nfra,73069be34d559964ed39797ebca43d8f87feaf176277a484e36b8ad0687f96ee,保监发〔2015〕72号,关于发布《保险基础数据模型（JR/T 0048－2015）》行业标准的通知,,EXCLUDE,中,,,保险公司|保险资产管理,保险中介机构,"[meta]…5）》行业标准的通知 保监发〔2015〕72号。机关各部门,各保监局，培训中心，各保险公司、保险资产管理公司、保险中介机构，中国保险行业协会、中国保险学会、中国精算师协会，中国保险资产管理业协会，中国保险保障基金有限责任公司、中国保…",819,True,True,RFN-4fca05f8ef6a38b8;RFN-4fca05f8ef6a38b8
nfra,f577afddc446bfd4a45a00ea477f901211b605255e11ac3ec972fd660dd67e66,保监发〔2015〕69号,中国保监会关于印发《互联网保险业务监管暂行办法》的通知,,BOUNDARY,低,人身保险|寿险,,,保险公估|保险经纪公司,[body]…下，可将下列险种的互联网保险业务经营区域扩展至未设立分公司的省、自治区、直辖市： （一）人身意外伤害保险、定期寿险和普通型终身寿险； （二）投保人或被保险人为个人的家庭财产保险、责任保险、信用保险和保证保险; （三）能够独立…,12470,True,True,RFN-55f91e7c0fcda473;RFN-55f91e7c0fcda473
nfra,686fe5530c44d76e5c07d84de1c9e3195915b72b4401418dcfb1596b326068fb,国发〔2014〕29号,中国保监会 天津市人民政府关于加强保险业服务天津自贸试验区建设和京津冀协同发展等重大国家战略的意见,,BOUNDARY,低,人身保险|健康保险|养老保险,,,保险经纪,[body]…券发行模式。主动适应现代农业发展新常态，积极探索“三农”保险新模式、新机制，开展互助合作保险，大力发展农村小额人身保险、农村小额信贷保险、农房保险、农机保险和种业保险等普惠保险业务。 四、加大支持“走出去”力度，护航“一带一路”…,5747,True,True,RFN-90253ef97fd4f33e
nfra,a410356c16737ec524699fe688b67da35c724b3b9bbbd27c0c7fa3f6d9320699,银发〔2015〕221号,中国人民银行等十部委发布《关于促进互联网金融健康发展的指导意见》,办公厅,EXCLUDE,中,,,保险产品|保险公司,信托公司|银行业|银行业金融机构,[meta]…市场秩序，经党中央、国务院同意，中国人民银行、工业和信息化部、公安部、财政部、国家工商总局、国务院法制办、中国银行业监督管理委员会、中国证券监督管理委员会、中国保险监督管理委员会、国家互联网信息办公室日前联合印 办公厅…,13535,True,False,
nfra,bdd1458a7953f1aea33fd777eb637b962c90954e82c5fe0794eb3803b2e32b2f,保监财会〔2015〕125号,中国保监会关于在偿二代过渡期内开展保险公司偿付能力风险管理能力试评估有关事项的通知,,INCLUDE,中,人身保险公司|寿险,,,再保险公司|财产保险公司,[body]…险最低资本的依据。偿二代正式实施后的偿付能力风险管理评估方案另行发布。 二、评估范围 评估对象为财产保险公司、人身保险公司和再保险公司。评估内容为保险公司的偿付能力风险管理能力，具体包括：偿付能力风险管理的基础与环境、偿付能力风险管…,6510,True,True,RFN-b216553d0a86de92;RFN-b216553d0a86de92
nfra,a8a4e96b31507a8262d050be243175164522f53992f457a3cc87da9319909d0a,,财政部 保监会关于印发《会计师事务所职业责任保险暂行办法》的通知,,EXCLUDE,中,,,保单|保险公司|保险条款,财产保险公司,[meta]…保险暂行办法》的通知 财会﹝2015﹞13号。各省、自治区、直辖市财政厅（局），深圳市财政委员会，各保监局，各财产保险公司：。为规范会计师事务所职业责任保险投保行为，提高会计师事务所职业责任赔偿能力，促进会计师事务所可持续发展，根据…,5634,True,False,
nfra,edd2b7a52a9b70c35e7922640d9c5f5c88d12d0d3258b51213e33441bfe0fbf8,银监会令2015年第8号,中国银监会行政处罚办法（中国银监会令2015年第8号）,法规部,EXCLUDE,中,,,分支机构,信托公司|商业银行|金融资产|银行业|银行业金融机构,[body]…中国银监会行政处罚办法 第一章  总    则 第一条  为规范银监会及其派出机构行政处罚行为，维护银行业秩序，根据《中华人民共和国行政处罚法》、《中华人民共和国银行业监督管理法》、《中华人民共和国商业银行法》等相关…,22166,True,False,
nfra,98014ad61a048caaa7e00adc21396f3812b03ed719523535f091fad13fcc4337,保监资金〔2015〕114号,中国保监会关于保险资产管理产品参与融资融券债权收益权业务有关问题的通知,,EXCLUDE,中,,,保险资产管理,证券公司,[meta]…，切实维护投资者和投保人合法权益，现就有关事项通知如下：。保险资产管理公司通过发行保险资产管理产品募集资金，与证券公司开展融资融券债权收益权转让及回购业务，可以协商合理确定还款期限，不得单方强制要求证券公司提前还款。本通知自发布…,613,True,True,RFN-5074d178c64406e8;RFN-5074d178c64406e8
nfra,d22949a550eef352d8a8181c8d30b6a60b24c10d7a9d5c5e0b19d0627fe84d9e,保监发〔2015〕64号,中国保监会关于提高保险资金投资蓝筹股票监管比例有关事项的通知,,BOUNDARY,低,,,保险公司|保险资产管理|保险资金|偿付能力,,[title]…中国保监会关于提高保险资金投资蓝筹股票监管比例有关事项的通知 保监发〔2015〕64号。各保险集团（控股）公司、保险公司、保险资产管理公…,1307,True,True,RFN-b17bcf0df16484b9;RFN-b17bcf0df16484b9
nfra,8abd0cc1c91d5ef94edbf9c7695c623be01d1b6af67c7bdbe024aeacb3734122,保监发〔2015〕61号,中国保监会关于加强保险公司筹建期治理机制有关问题的通知,,BOUNDARY,低,,,保险公司|保险资产管理,,[title]…中国保监会关于加强保险公司筹建期治理机制有关问题的通知 保监发〔2015〕61号。各保险集团（控股）公司、保险公司、保险资产管理公司筹备…,3436,True,True,RFN-145299d1b8a86606;RFN-145299d1b8a86606
nfra,40d754c155cd9748a8938462c5140ab939592fbe70144968f9d0524feb8f7f7f,银监会令2015年第7号,中华人民共和国外资银行管理条例实施细则（中国银监会令2015年第7号）,法规部,EXCLUDE,中,,,分支机构,商业银行|银行业|银行业金融机构,[body]…2015年7月1日 中华人民共和国外资银行管理条例实施细则（修订） 第一章 总则第一条 根据《中华人民共和国银行业监督管理法》、《中华人民共和国商业银行法》和《中华人民共和国外资银行管理条例》（以下简称《条例》），制定本细则…,28832,True,False,
nfra,8dc9ae32a38c12fc35d4c263f96fec85b3047440771fad5f2ba959b243bec0d8,保监发〔2015〕54号,中国保监会关于印发《商业车险改革统计制度（试行）》的通知,,EXCLUDE,中,,,保单|保险公司|保险理赔,财产保险公司,[meta]…中国保监会关于印发《商业车险改革统计制度（试行）》的通知 保监发〔2015〕54号。各财产保险公司：。为贯彻落实《中国保监会关于深化商业车险条款费率管理制度改革的意见》（保监发〔2015〕18号）及《中国保监…,5405,True,False,
nfra,58293b17d9f4c778c873e65560d0863d65ba3135d90a41721b8678799d2ba00a,保监厅发〔2015〕42号,中国保监会办公厅关于优化保险公司章程修改等审批程序的通知,,BOUNDARY,低,,,保险公司|保险资产管理,,[title]…中国保监会办公厅关于优化保险公司章程修改等审批程序的通知 保监厅发〔2015〕42号。各保险集团（控股）公司、保险公司、保险资产管理公司：。为…,1083,True,True,RFN-23fb8f845baf5965;RFN-23fb8f845baf5965
nfra,6ef7d3cd98a601dbeeac61e34c3a085d34a2409bfcdded29922056b5a0c44cfd,保监厅发〔2014〕70号,中国保监会关于进一步规范报送《保险公司治理报告》的通知,,BOUNDARY,低,,,保险公司|保险资产管理,,[title]…中国保监会关于进一步规范报送《保险公司治理报告》的通知 保监发改〔2015〕95号。各保险集团（控股）公司、保险公司、保险资产管理公司：。为进一步简…,2630,True,True,RFN-19067d53c35e632c
nfra,f1f516cb6ffa6f312e1197a51861e840184520e1bad77ca6c1ce2f7b0e6b36e2,保监发〔2015〕44号,中国保监会关于加强保险公司再保险关联交易信息披露工作的通知,,EXCLUDE,中,,,保险公司,,,1197,True,True,RFN-edaadbb037824cf0;RFN-edaadbb037824cf0
nfra,765de0015523b6d47c613f768bf4ea116b25980b28c00febe6e5a2dbc77f995e,保监发〔2015〕18号,中国保监会关于商业车险改革试点地区条款费率适用有关问题的通知,,EXCLUDE,中,,,保险公司,财产保险公司,[meta]…试点地区条款费率适用有关问题的通知 保监产险〔2015〕47号。黑龙江、山东、广西、重庆、陕西、青岛保监局，各财产保险公司，中国保险行业协会：。     保监产险〔2015〕47 号 黑龙江、 山东、 广西、 重庆、 陕西、 青岛保…,826,True,False,
nfra,f69fa6aa70f6a6c6e5e80124df89545944a040de3f08e7291ab02a8ebc93f68e,保监会令2015年第2号,中国保险监督管理委员会关于修改《中国保险监督管理委员会行政处罚程序规定》的决定,,EXCLUDE,中,,保险兼业代理,保险公司|保险公司分支机构|保险机构|保险营销|保险资产管理|分支机构,保险中介机构|保险公估|保险经纪|保险经纪机构,[body]…本规定所称业务许可证，是指保险公司法人许可证、经营保险业务许可证、保险营销服务许可证、经营保险代理业务许可证、保险兼业代理业务许可证、经营保险经纪业务许可证、经营保险公估业务许可证、保险资产管理公司法人许可证和经营保险资产管理业务许…,17799,True,True,RFN-01e25fd1bd2c5bc5
nfra,38c20a6e17b12cba76078685d55cb31a8a45518520a71bcbc4fe9726660a23fd,国发〔2015〕11号,中国保监会关于印发《保险公司资本保证金管理办法》的通知,,EXCLUDE,中,,,保险公司|分支机构,商业银行|银行业,[body]…应遵循“足额、安全、稳定”的原则提存资本保证金。 第二章  存  放 第六条  保险公司应当选择两家（含）以上商业银行作为资本保证金的存放银行。存放银行应符合以下条件： （一）国有商业银行、股份制商业银行、邮政储蓄银行和城市商业…,5394,True,True,RFN-198b0a3f770628a7
nfra,ecaa999e4f373931c5c8cdb550eedc0410f766f3cf8d53ff3c2dd465c6162929,保监发〔2015〕43号,中国保监会关于印发《保险机构董事、监事和高级管理人员培训管理办法》的通知,培训中心,EXCLUDE,中,,,保险公司|保险机构|保险消费者|保险资产管理|保险资金|偿付能力|分支机构,保险公估|保险经纪机构,[body]…，按期完成信息反馈、资料报送等工作。 第四十四条  经中国保监会批准设立的全国性保险专业代理机构及其分支机构、保险经纪机构及其分支机构、保险公估机构及其分支机构、其它保险组织参照执行本办法。 第四十五条  本办法由中国保监会负责解释…,9875,True,True,RFN-21702f9f0e28b143;RFN-21702f9f0e28b143
nfra,df92a6df417d9317752a307c2622f51f40299481b8a64a28223fcf83a3b35b9c,保监发〔2015〕42号,中国保监会关于印发《保险公司资金运用信息披露准则第2号：风险责任人》的通知,,BOUNDARY,低,,,保险公司|保险机构|保险资产管理,,[title]…中国保监会关于印发《保险公司资金运用信息披露准则第2号：风险责任人》的通知 保监发〔2015〕42号。各保险集团（控股）公司、保险公司、保…,2118,True,True,RFN-2152461078d71661;RFN-2152461078d71661
nfra,1cc64808621b1da832795b5b21725fa640433d0915b24ef98fa76b791cb89f23,保监发〔2015〕36号,中国保监会关于进一步规范保险公司关联交易有关问题的通知,,BOUNDARY,低,人身保险公司,,,再保险公司|商业银行|金融资产,[body]…公司对关联方的全部投资余额，合计不得超过保险公司上季末总资产的30%，并不得超过保险公司上季末净资产。 在计算人身保险公司和再保险公司总资产时，其高现金价值产品对应的资产按50%折算。 四、保险公司重大关联交易应由董事会批准的，董事…,3393,True,True,RFN-3c08cf471cad2545;RFN-3c08cf471cad2545
nfra,03611bc9ec4f91000a5ad79296823bbf846d7f725893ada2cdadaa2f6d2d6b3f,保监发〔2015〕32号,中国保监会关于规范投资连结保险投资账户有关事项的通知,,INCLUDE,中,人身保险|人身保险公司,,,金融资产,[meta]…中国保监会关于规范投资连结保险投资账户有关事项的通知 保监发〔2015〕32号。各人身保险公司：。为规范投资连结保险投资账户的设立、变更、合并、分立、关闭、清算等事项，保护保险消费者利益，现将有关事项通知…,5451,True,True,RFN-3302744bda380f81;RFN-3302744bda380f81
nfra,fbbc9e8792aa638accb1a18c1c617a63ff4001f017ceb9343170b693571d4ef2,国发〔2015〕11号,中国保监会关于取消和调整一批行政审批项目等事项的通知,,EXCLUDE,中,,,保险公司|保险公司分支机构|保险机构|保险资产管理|分支机构|投资连结保险,保险中介机构,[body]…为后置审批的工商登记前置审批事项的后续管理措施。 四、请各保监局收到本通知后，及时转发辖内各保险公司分支机构、保险中介机构及其分支机构、国外保险机构驻华代表机构、保险行业协会、保险学会，并按照《中国保监会行政审批事项目录》（附件3）…,1302,True,True,RFN-9b5d48235a21a6cf
nfra,e6ceb438ccda622a2f77f2969d8000d234e9066cf21900a5ab5a09d0777b3cf9,保监发〔2015〕33号,中国保监会关于调整保险资金境外投资有关政策的通知,,BOUNDARY,低,,,保险公司|保险机构|保险资产管理|保险资金,,[title]…中国保监会关于调整保险资金境外投资有关政策的通知 保监发〔2015〕33号。各保险集团（控股）公司、保险公司、保险资产管理公司：。为加强…,1896,True,True,RFN-8633658d5623a32e;RFN-8633658d5623a32e
nfra,e0e2d771d37818dd68d9f57a117736cc68455b528da11fab75c95d6aa5a4039e,,中国人民银行 住房城乡建设部 中国银行业监督管理委员会关于个人住房贷款政策有关问题的通知,办公厅,EXCLUDE,中,,,,商业银行|银行业|银行业金融机构,[title]…中国人民银行 住房城乡建设部 中国银行业监督管理委员会关于个人住房贷款政策有关问题的通知 中国人民银行 住房城乡建设部 中国银行业监督管理委员会关于个…,1909,True,False,
nfra,2e5b659b9bafbe81a1a0d3e162e9c645463a81efa91208be07effd281071ae1e,保监发〔2015〕31号,中国保监会关于印发《农业保险承保理赔管理暂行办法》的通知,,EXCLUDE,中,,,保单|保险公司|保险条款|保险理赔|分支机构,财产保险公司,[meta]…理暂行办法》的通知 保监发〔2015〕31号。各保监局、中国保险行业协会、中国保险信息技术管理有限责任公司、各财产保险公司、中国财产再保险有限责任公司：。为进一步贯彻落实《农业保险条例》，规范农业保险承保理赔业务管理，切实维护参保农…,10245,True,False,
nfra,9e21071db20ef6777eac43497ce8efb4732275aeef08b6bdca7228771ecb2bdd,保监产险〔2015〕24号,中国保监会关于印发《深化商业车险条款费率管理制度改革试点工作方案》的通知,,EXCLUDE,中,,,保单|保险公司|保险机构|保险条款|保险消费者|偿付能力,财产保险公司,[meta]…保监会关于印发《深化商业车险条款费率管理制度改革试点工作方案》的通知 保监产险〔2015〕24号。各保监局、各财产保险公司、中国保险行业协会：。为落实全国保险监管工作会议精神，根据《中国保监会关于深化商业车险条款费率管理制度改革的意…,10037,True,False,
nfra,6be480deb567b1095d8b07692a5d37e5d75190624c8ad806d1f834442461dc88,银监发〔2015〕5号,中国银监会关于印发《商业银行并购贷款风险管理指引》的通知,办公厅,EXCLUDE,中,,,,商业银行|银行业|银行业金融机构,[title]…中国银监会关于印发《商业银行并购贷款风险管理指引》的通知 中国银监会关于印发。中国银监会关于印发。《商业银行并购贷款风险管理指引》的通知。…,11192,True,False,
nfra,95575a08b2c8e56228f14773b6088cf8548c16447ede67c79490e0f5005477e1,保监发〔2015〕27号,中国保监会关于印发《机动车保险理赔基础指标第1号（试行）》的通知,,EXCLUDE,中,,,保险公司|保险机构|保险理赔,财产保险公司,[meta]…中国保监会关于印发《机动车保险理赔基础指标第1号（试行）》的通知 保监发〔2015〕27号。各保监局，各财产保险公司，中国保险行业协会，中国精算师协会：。为落实全国保险监管工作会议精神，提高机动车保险理赔管理和服务标准的统一性…,1699,True,False,
nfra,4625271c0bcb69fefbe0faf1c0e1a7d593d7fb67d230bc9d2b62feb5871a4aa9,保监发〔2015〕28号,中国保监会关于实施再保险登记管理有关事项的通知,,EXCLUDE,中,,,保单|保险公司|保险机构|偿付能力|分支机构,保险经纪|保险经纪公司|再保险公司,[meta]…中国保监会关于实施再保险登记管理有关事项的通知 保监发〔2015〕28号。各保险公司、再保险公司、保险经纪公司：。为了进一步规范再保险信用风险管理，加强对再保险接受人和再保险经纪人的监管，实现再保险市场健康…,9683,True,True,RFN-166ed20d89384579;RFN-166ed20d89384579
nfra,65c70747e6da162a8b08ba2844b6f81b10def7cd231e319adbab1891aab6bad9,保监厅发〔2015〕19号,中国保监会办公厅关于贯彻实施《中国保险业信用体系建设规划（2015-2020年）》的通知,,BOUNDARY,低,,,保险机构|保险消费者|保险资产管理,,[meta]…）》的通知 保监厅发〔2015〕19号。机关各部门，各保监局，培训中心，中国保险行业协会，中国精算师协会，中国保险资产管理业协会，中国保险信息技术管理有限责任公司：。为贯彻落实《中国保险业信用体系建设规划（2015－2020年）》（…,1734,True,True,RFN-eaba3583544d0cff;RFN-eaba3583544d0cff
nfra,49374930ae51588a2a59b50ddf0e711a92c94faca63e5c26ed04508a68d6c282,国发〔2014〕52号,中国银监会关于2015年小微企业金融服务工作的指导意见,办公厅,EXCLUDE,中,,,保险公司,商业银行|银行业|银行业金融机构,[meta]…中国银监会关于。2015年小微企业金融服务工作的指导意见。银监发〔2015〕8号。各银监局，各政策性银行、国有商业银行、股份制商业银行，邮政储蓄银行，中国银行业协会、中国融资担保业协会、中国小额贷款公司协会：。为贯彻落实党中央国…,5958,True,False,
nfra,8c90e69a1c1b41050b34c58bfe2f64c7746cf0e27e587a53736cf180380096b5,银监办发〔2015〕30号,中国银监会办公厅关于做好2015年农村金融服务工作的通知,办公厅,EXCLUDE,中,,,保险机构|分支机构,信托公司|商业银行|银行业|银行业金融机构,[meta]…关于做好2015年农村金融服务工作的通知。银监办发〔2015〕30号。各银监局，机关各部门，各政策性银行、国有商业银行、股份制商业银行，邮储银行，银监会直接监管的信托公司、企业集团财务公司、金融租赁公司：。 办公厅    中国银…,6961,True,False,
nfra,ec95110fe5a5b7e5eff85a71ad4ff4e3573ac1fa5fbaefbd978972faf594bdfd,保监发〔2015〕25号,中国保监会 财政部 农业部关于进一步完善中央财政保费补贴型农业保险产品条款拟订工作的通知,,EXCLUDE,中,,,保险产品|保险公司|保险条款|保险理赔,财产保险公司,[meta]…），新疆生产建设兵团财务局，黑龙江省农垦总局，广东省农垦总局，中国储备粮管理总公司，中国农业发展集团总公司，各财产保险公司，中国保险行业协会：。     保监发〔2015〕25号 各保监局，各省、自治区、直辖市、计划单列市财政厅（局…,2737,True,False,
nfra,ed557b160928784232ca2f278f2b43537c3e1a3a2b8bf2e3c43d57eafe33e047,保监发〔2015〕24号,中国保监会关于保险资产管理产品风险责任人有关事项的通知,,INCLUDE,中,养老保险公司,,,,[meta]…中国保监会关于保险资产管理产品风险责任人有关事项的通知 保监发〔2015〕24号。各保险资产管理公司、养老保险公司：。为加强保险资产管理产品风险管理，落实保险资产管理产品业务风险责任，根据《关于保险机构投资风险责任人有关事项…,1140,True,True,RFN-f067602094af5b93;RFN-f067602094af5b93
nfra,369091111d7aba6e80df0e56e0ea955b9c37147ac6b4f5914cbb5ea58c2ea1eb,保监发〔2015〕15号,中国保监会关于开展首台（套）重大技术装备保险试点工作的指导意见,,EXCLUDE,中,,,保险产品|保险公司|偿付能力,财产保险公司,[meta]…中国保监会关于开展首台（套）重大技术装备保险试点工作的指导意见 保监发〔2015〕15号。各财产保险公司，各保监局，中国保险行业协会：。财政部、工业和信息化部、保监会三部委联合发布《关于开展首台（套）重大技术装备保…,4219,True,False,
nfra,80f1ac725a9954c2cd86d18d614d8eea916baecd0242687783a221f0cbce29e3,保监发〔2015〕16号,中国保监会 国家发展改革委关于印发《中国保险业信用体系建设规划（2015－2020年）》的通知,,EXCLUDE,中,,保险营销员,保单|保险产品|保险公司|保险机构|保险消费者|保险理赔|保险营销|保险资金|保险销售,保险中介机构|保险公估|保险经纪|财产险,[body]…，保险业高度重视信用体系建设并取得积极进展和成效。实施了《保险从业人员行为准则》、《保险监管人员行为准则》、《保险营销员诚信记录管理办法》等监管规定和办法，保险业信用建设制度体系基本形成。建立了保险机构和高管人员管理系统、保险中介…,20547,True,True,RFN-b589e0692561ef42;RFN-b589e0692561ef42
nfra,d598358ac6ced951159921b61bc5d186ca583d49c77d3ba0074d12cb6d79537c,国发〔2013〕35号,中国保监会关于印发《老年人住房反向抵押养老保险试点统计制度》的通知,,INCLUDE,中,养老保险|养老险,,,,[body]…贷款总额：指预计在被保险人生命期内发放给被保险人贷款的本金之和，包括以养老金形式直接发放给被保险人的贷款、抵交养老险保费的贷款等以各种形式产生并计入贷款本金余额的贷款。 18.贷款本金余额：指截至报告期末累计发放并计息的贷款本…,3946,True,True,RFN-26cc8f88f549e43e
nfra,e8e3e95891937e5812a0d1c99f027880bbab3d5531426460c28bd5d8bc358ecb,保监发〔2015〕22号,中国保监会关于印发《保险公司偿付能力监管规则（1—17号）》的通知,,BOUNDARY,低,,,保险公司|保险消费者|保险资产管理|偿付能力,,[title]…中国保监会关于印发《保险公司偿付能力监管规则（1—17号）》的通知 保监发〔2015〕22号。各保监局，各保险集团（控股）公司、保险公司、…,695,True,True,RFN-4c1c5c72d12fffda;RFN-4c1c5c72d12fffda
nfra,5e0e905dbb421e414bba63152b95f9f360f55e19d401e52714f3c23f530bf744,保监发〔2015〕19号,中国保监会关于万能型人身保险费率政策改革有关事项的通知,,INCLUDE,高,人身保险|人身保险公司|寿险,,,,[title]…中国保监会关于万能型人身保险费率政策改革有关事项的通知 保监发〔2015〕19号。各人身保险公司：。为进一步发挥市场在保险资源配置中的决定…,9126,True,True,RFN-2059d907cff9963a;RFN-2059d907cff9963a
nfra,a2320c65812e5c6c3a6849a705e71c2cefd79f955c72672fef4eda9fa464909d,保监发〔2015〕18号,中国保监会关于深化商业车险条款费率管理制度改革的意见,,EXCLUDE,中,,,保险产品|保险公司|保险条款|保险消费者|偿付能力,财产保险公司,[meta]…中国保监会关于深化商业车险条款费率管理制度改革的意见 保监发〔2015〕18号。各保监局、各财产保险公司、中国保险行业协会：。为进一步保护投保人、被保险人合法权益，维护财产保险市场正常秩序，促进财产保险市场持续健康…,5718,True,False,
nfra,81fd6c5375176ac87bd306b5060fdaafe0a1550002dd0f726692353d42e5530a,保监发〔2015〕11号,中国保监会关于印发《相互保险组织监管试行办法》的通知,,BOUNDARY,低,,,保险公司|保险条款|保险消费者|保险资产管理|偿付能力|分支机构,,[meta]…保监发〔2015〕11号。机关各部门，各保监局，培训中心，中国保险行业协会，中国保险学会，中国精算师协会，中国保险资产管理业协会，中国保险保障基金有限责任公司，中国保险信息技术管理有限责任公司：。为加强对相互保险组织的监督管理，促进…,9388,True,True,RFN-7a5d67f0c297bd89;RFN-7a5d67f0c297bd89
nfra,acd7fc052f4ebb1b028418e37e4fd5a5d80524300a8cb6e6dfcd122b501a1348,国发〔2012〕20号,国务院食品安全办 食品药品监管总局 保监会关于开展食品安全责任保险试点工作的指导意见,,BOUNDARY,低,,,保险产品|保险公司|保险机构|保险条款|保险消费者|保险理赔|保险销售,,[body]…险的重要意义和积极作用，结合实际开展食品安全责任保险试点，充分发挥保险的风险控制和社会管理功能，探索建立政府、保险机构、企业、消费者多方参与、互动共赢的激励约束机制和风险防控机制，为全面推行食品安全责任保险制度积累经验。 二、明…,7006,True,False,
nfra,b38daacf2126c34c607c5f6da92b6ce3bda703337d8f068996e284c5a25ed2a6,保监发〔2015〕14号,中国保监会关于促进团体保险健康发展有关问题的通知,,BOUNDARY,低,人身保险|人身保险公司,,,,[meta]…有关问题通知如下：。一、本通知所称团体保险是指投保人为特定团体成员投保，由保险公司以一份保险合同提供保险保障的人身保险。前款所称特定团体是指法人、非法人组织以及其他不以购买保险为目的而组成的团体。     保监发〔2015〕14…,3628,True,True,RFN-14a24d7ee6761dac;RFN-14a24d7ee6761dac
nfra,1fa8658b5cc4358fef0aa7df43cdf45780d654db7bd8d124087866481c088c5a,保监发〔2015〕12号,中国保监会关于规范人身保险公司赠送保险有关行为的通知,,INCLUDE,高,人身保险|人身保险公司|健康保险|寿险,,,,[title]…中国保监会关于规范人身保险公司赠送保险有关行为的通知 保监发〔2015〕12号。各人身保险公司：。为规范人身保险公司赠送保险的行为，维护人身…,1755,True,True,RFN-c8bb43e3d0cc918d;RFN-c8bb43e3d0cc918d
nfra,1583c5c50179a7759d72e62eb6742f03f7d1125100febb9351e91ac18645dcdc,国发〔2014〕29号,中国保监会 工业和信息化部 商务部 人民银行 银监会关于大力发展信用保证保险 服务和支持小微企业的指导意见,,EXCLUDE,中,,,保单|保险产品|保险公司|保险机构|保险资产管理|保险资金|保险销售|分支机构,再保险公司|商业银行|财产保险公司,[meta]…，中国人民银行上海总部，各分行、营业管理部，各省会（首府）城市中心支行，各副省级城市中心支行，各银监局，各国有商业银行、股份制商业银行、邮政储蓄银行，各保监局，各财产保险公司：。     保监发〔2015〕6号 各省、自治区、直…,6681,True,False,
nfra,64c4b093a4c201902e5922ea5919f2a3576d7a9b8d6e942d51e869980b188022,银监发〔2015〕2号,中国银监会  国家发展和改革委员会关于印发能效信贷指引的通知,办公厅,EXCLUDE,中,,,,信托公司|商业银行|金融资产|银行业|银行业金融机构,[meta]…省、自治区、直辖市及计划单列市、新疆生产建设兵团发展改革委（经信委、经委、工信厅、经发局），各政策性银行、国有商业银行、股份制商业银行、金融资产管理公司、邮储银行，银监会直接监管的信托公司、企业集团财务公司、金融租赁公司：。 办…,11777,True,False,
nfra,814623d09bf061669f283c9acaaa0c5c420045ba494421aea5242b60823779ea,银监发〔2014〕54号,中国银监会关于印发商业银行并表管理与监管指引的通知,办公厅,EXCLUDE,中,,,保险公司,信托公司|商业银行|证券公司|金融资产|银行业|银行业金融机构,[title]…中国银监会关于印发商业银行并表管理与监管指引的通知 中国银监会关于印发商业银行。中国银监会关于印发商业银行。并表管理与监管指引的通知。银…,26705,True,False,
nfra,839a82afa471106823335311a8d303c85c8ebd39aa621b688749da07a63f5b65,银监发〔2014〕53号,中国银监会 最高人民检察院 公安部 国家安全部关于印发银行业金融机构协助人民检察院公安机关国家安全机关查询冻结工作规定的通知,办公厅,EXCLUDE,中,,,分支机构,信托公司|商业银行|金融资产|银行业|银行业金融机构,[title]…中国银监会 最高人民检察院 公安部 国家安全部关于印发银行业金融机构协助人民检察院公安机关国家安全机关查询冻结工作规定的通知 中国银监会 最高人民检察院 公安部 国家安全部。中国…,13696,True,False,
nfra,f8827f870fb42aecb6b73b5d50a395642d5d689edbd8b5f0b3197c0f262b8d4c,保监发〔2015〕1号,中国保监会关于印发《保险公司偿付能力报告编报规则——问题解答第25号：中国铁路发展基金股份有限公司的优先股》的通知,,BOUNDARY,低,,,保险公司|保险资产管理|偿付能力,,[title]…中国保监会关于印发《保险公司偿付能力报告编报规则——问题解答第25号：中国铁路发展基金股份有限公司的优先股》的通知 保监发〔2015〕1号…,1197,True,True,RFN-da88f2269feb36fe;RFN-da88f2269feb36fe
nfra,cd286c17a83825ae4c169e84d6654e8b2ab545c70c14faa010f6a43f1fda1479,保监会令2015年第1号,保险违法行为举报处理工作办法,,EXCLUDE,中,,保险兼业代理|保险销售从业人员,保险产品|保险公司|保险机构|保险资产管理|保险销售|分支机构,保险中介机构|保险公估|保险经纪公司,[body]…，是指经中国保监会或者派出机构批准设立的保险专业代理公司、保险经纪公司、保险公估机构和上述机构的分支机构，以及保险兼业代理机构。 本办法所称的保险从业人员，是指保险机构工作人员、保险中介机构从业人员，以及其他为保险机构销售保险产品的…,5757,True,True,RFN-27a40e9d7443d407;RFN-27a40e9d7443d407
nfra,ec0aff07bb3858875d479997f8d53fcc93d81a7c0f33b142f5b1695c40846aa6,保监发〔2015〕124号,中国保监会关于发布《保险业务代码集（JR/T 0034－2015）》行业标准的通知,,BOUNDARY,低,,,保险公司|保险资产管理,,[meta]…的通知 保监发〔2015〕124号。机关各部门，各保监局，中国保险行业协会、中国保险学会、中国精算师协会、中国保险资产管理业协会，中国保险保障基金有限责任公司、中国保险信息技术管理有限责任公司，各保险公司、保险资产管理公司、保险专业…,905,True,True,RFN-db2a82ff84de69dd;RFN-db2a82ff84de69dd
nfra,f254fcdb7c298dbc4ccb5eab8fb0a4711dbf28cc52e16aeddfb4ef8f858214b4,国发〔2013〕35号,中国保监会关于印发《保险养老社区统计制度》的通知,,BOUNDARY,低,人寿保险,,,,[body]…如项目第一期的期数号为01，第二期的期数号为02；如果各期项目可以汇总统计，则项目的期数号应为00。例如，泰康人寿保险股份有限公司在北京昌平的“燕园”分期开发、分别核算，则项目第一期可编为00002000101。如果“燕园”项目…,12604,True,True,RFN-6d375356b1fc52a3
nfra,b9714895f7d62eb8234262bac645288e6ff94e1997fa3ac701d03cef75c787ae,中华人民共和国国务院令第657号,国务院关于修改《中华人民共和国外资银行管理条例》的决定,办公厅,EXCLUDE,中,,,分支机构,商业银行|银行业|银行业金融机构,[body]…外资银行营业性机构经营本条例第二十九条或者第三十一条规定业务范围内的人民币业务的，应当具备下列条件，并经国务院银行业监督管理机构批准： “（一）提出申请前在中华人民共和国境内开业1年以上； “（二）国务院银行业监督管理机构规定…,19768,True,False,
nfra,e4d4c5d6c4b4785013e84616a4cbdebe01c310cc6f726ad8bedad385db5fc3ec,国发〔2014〕29号,中国保监会关于保险资金投资创业投资基金有关事项的通知,,BOUNDARY,低,,,保险公司|保险资产管理|保险资金|偿付能力,,[title]…中国保监会关于保险资金投资创业投资基金有关事项的通知 保监发〔2014〕101号。各保险集团（控股）公司、保险公司、保险资产管理公司…,3211,True,True,RFN-fe73537cf9518f03
nfra,b96f18f245a8b2af31bc93681f37a9792b481e1950597f54d7d93283976437ee,银监办发〔2014〕287号,中国银监会办公厅关于印发加强农村商业银行三农金融服务机制建设监管指引的通知,办公厅,EXCLUDE,中,,,分支机构,商业银行|银行业|银行业金融机构,[title]…中国银监会办公厅关于印发加强农村商业银行三农金融服务机制建设监管指引的通知 中国银监会办公厅关于。中国银监会办公厅关于。印发加强农村商业银行三农金融服…,10680,True,False,
nfra,89b69daebcfe318d8eb4832ce6f46873616e67fee9b3f32530e71adfe229bd6e,银监发〔2014〕45号,中国银监会关于鼓励和引导民间资本参与农村信用社产权改革工作的通知,办公厅,EXCLUDE,中,,,,商业银行|银行业,[meta]…工作的通知。银监发〔2014〕45号。各银监局，各省级农村信用联社，北京、天津、上海、重庆、宁夏黄河、深圳农村商业银行：。 办公厅    中国银监会关于鼓励和引导民间资本参与农村信用社产权改革工作的通知 中国银监会关于鼓励和引导…,5480,True,False,
nfra,adc20d05b8e512077ff095eb1546c68fdc309cc87c8fec57df08f2e45d7d290f,银监发〔2014〕46号,中国银监会关于进一步促进村镇银行健康发展的指导意见,办公厅,EXCLUDE,中,,,分支机构,商业银行|银行业|银行业金融机构,[meta]…。中国银监会。关于进一步促进村镇银行健康发展的指导意见。银监发〔2014〕46号。各银监局，各政策性银行、国有商业银行、股份制商业银行，邮政储蓄银行：。为贯彻落实党的十八届三中全会有关全面深化改革、发展普惠金融的精神，进一步健全…,6763,True,False,
nfra,b305ba3f007e6a1f8b58a9e59d6784ee44fb47d0235a9cc195496a1f985a86a8,银监发〔2014〕50号,中国银监会 财政部关于印发《信托业保障基金管理办法》的通知,办公厅,EXCLUDE,中,,,,信托公司|银行业,[meta]…银监会 财政部关于印发。《信托业保障基金管理办法》的通知。银监发[2014]50号。各银监局，银监会直接监管的信托公司，中国信托业协会：。为规范中国信托业保障基金的筹集、管理和使用，建立市场化风险处置机制，保护信托当事人合法权益…,7659,True,False,
nfra,49b29da0787b7a991607f414bc82fadd1e60dc591562971fef0a4dd6c1f104a6,保监厅发〔2014〕76号,中国保监会办公厅关于保险资金运用属地监管试点工作有关事项的通知,,BOUNDARY,低,,,保险公司|保险机构|保险资产管理|保险资金,,[title]…中国保监会办公厅关于保险资金运用属地监管试点工作有关事项的通知 保监厅发〔2014〕76号。各保险集团（控股）公司，各保险公司，各保险资产…,1055,True,True,RFN-80bd420e4ec03c17;RFN-80bd420e4ec03c17
nfra,28b38b7cec20bfa68ef596a20e60a642011a362902a4387eb0c7dcddd118ad93,国发〔2014〕50号,中国保监会关于取消和调整行政审批项目的通知,,EXCLUDE,中,,,保险公司|保险公司分支机构|保险机构|分支机构,保险中介机构|保险公估,[meta]…和调整一批行政审批项目等事项的决定》（国发〔2014〕50号）要求，保监会将取消保险公司精算专业人员资格认可、保险公估机构高级管理人员任职资格核准2项行政审批项目，并将设立保险公估机构审批改为工商登记后置审批，现就有关事项通知如…,1295,True,False,
nfra,28cf988bbcd4531e333a65a6affeffe9350f2fa60cbc0e7f4ff7c57a7afebea9,国发〔2011〕26号,中国银监会办公厅关于印发《绿色信贷实施情况关键评价指标》的通知,办公厅,EXCLUDE,中,,,,商业银行|银行业金融机构,[meta]…见》（国发〔2013〕30号）等政策要求、落实《绿色信贷指引》（银监发〔2012〕4号）等监管规定，进一步推动银行业金融机构开展绿色信贷工作，并为下一步开展“银行绿色评级”打好基础，银监会在征求了会内外相关部门、主要银行机构、国内外专…,1583,True,False,
nfra,d976f6ee0faa450eadb6e93288a3efcaa394a65b43d4186ff23b9ae59ecadf9b,银监发〔2014〕41号,中国银监会  财政部  中国人民银行 中国证监会 中国保监会关于印发《金融资产管理公司监管办法》的通知,办公厅,EXCLUDE,中,,,偿付能力|分支机构,信托公司|商业银行|基金管理公司|证券公司|金融资产|银行业|银行业金融机构,[title]…中国银监会  财政部  中国人民银行 中国证监会 中国保监会关于印发《金融资产管理公司监管办法》的通知 为加强对金融资产管理公司商业化转型后的监管，规范其经营行为，根据国家有关法律、法规，…,51564,True,False,
nfra,a33c2d4dba55be29fc4c08cd40991bc7615e461e062a5f39ef581fe9d90eaf71,国发〔2010〕33号,中国银监会关于规范性文件清理结果的公告,法规部,EXCLUDE,中,,,,银行业,[body]…号）要求，中国银监会对成立以来截至2012年末印发的规范性文件进行了全面清理。现将清理结果公告如下：一、《中国银行业监督管理委员会关于印发<支持国家重大科技项目政策性金融政策实施细则>的通知》等393件规范性文件（见附件1）继…,791,True,False,
nfra,8f06326d271877462f9bcb786c9403c9bac636592f0f35b905ea10300ac09c69,保监发〔2014〕90号,中国保监会关于严格规范非保险金融产品销售的通知,,BOUNDARY,低,,,保险公司|保险资金|保险销售|分支机构,,[meta]…中国保监会关于严格规范非保险金融产品销售的通知 保监发〔2014〕90号。各保监局，各保险公司，各保险专业中介机构：。近年来，一些保险公司、保险专业中介机构及其保险销售（经纪）从业人员向客户直接推介销售包…,3530,True,True,RFN-949ffc4890a853bb;RFN-949ffc4890a853bb
nfra,d2ababaf16dc84a7201c9f0aa8e18da7a892595aab09a13bc9ad58bd0d7e54fe,国发〔2014〕29号,关于印发《中国保监会关于加强保险消费者权益保护工作的意见》的通知,,EXCLUDE,中,,,保险产品|保险公司|保险机构|保险条款|保险消费者|保险销售|分支机构,保险中介机构,[body]…或者互联网销售保险产品，保留与双方权利义务相关的电话录音和网络销售痕迹。完善委托合同约定，规范与其有代理关系的保险中介机构的销售行为，并对保险中介机构的违规销售行为承担相应责任。 （七）及时公允理赔给付。保险公司要建立公正透明的理赔…,10658,True,True,RFN-6025708b82d19a85
nfra,beec537698fe3cfe2347a19685acc3ac059e7e7da1b6a794f29ba6c5a26166ee,保监发〔2014〕84号,中国保监会 中国银监会关于规范保险资产托管业务的通知,,EXCLUDE,中,,,保险产品|保险公司|保险机构|保险资产管理|保险资金|偿付能力,商业银行|金融资产,"[body]…下： 一、保险集团（控股）公司、保险公司（以下简称保险机构）应当建立和完善保险资产托管机制，选择符合规定条件的商业银行等专业机构（以下简称托管机构）,将保险资金运用形成的各项投资资产全部实行第三方托管和监督，切实提高投资运作的透…",4560,True,True,RFN-fd8450a7f07ed637;RFN-fd8450a7f07ed637
nfra,7b9f1bf37f30b45f982958a0e9bc106c45961117c2731d2e2e3a9b58f6e73da9,保监发〔2014〕82号,中国保监会关于试行《保险资产风险五级分类指引》的通知,,EXCLUDE,中,,,保险公司|保险机构|保险资产管理|保险资金,商业银行|证券公司|金融资产,[body]…存续时间、按照预定的利率和形式偿付利息和本金等特征的资产，以及主要价值依赖于上述资产价值变动的资产，并包括其他金融资产中具有固定收益属性的资产。 第七条  固定收益类资产主要形式包括：基础设施债权投资计划、不动产债权投资计划、持…,17047,True,True,RFN-94d21d2115d42c83;RFN-94d21d2115d42c83
nfra,c84d9382824c0288e7c4658b229d619a4b7a5324c237f31ca2723551da80d3a0,保监发〔2014〕80号,中国保监会关于保险资金投资优先股有关事项的通知,,BOUNDARY,低,,,保险产品|保险公司|保险机构|保险资产管理|保险资金,,[title]…中国保监会关于保险资金投资优先股有关事项的通知 保监发〔2014〕80号。各保险集团（控股）公司、保险公司、保险资产管理公司：。为进…,3222,True,True,RFN-8ee61389c515f324;RFN-8ee61389c515f324
nfra,ce9ce2115ed6202e6c16be01c00d2538fc9eba9bae73cf7560f8550b0382ede6,保监发〔2014〕78号,中国保监会关于印发《保险公司所属非保险子公司管理暂行办法》的通知,,EXCLUDE,中,,,保单|保险公司|保险消费者|保险资产管理|保险资金|偿付能力,保险公估|保险经纪机构|银行业,[body]…对其实施直接或间接控制的不属于保险类企业的境内、外公司，不包括保险公司、保险资产管理机构以及保险专业代理机构、保险经纪机构、保险公估机构。 本办法所称保险公司包括保险集团（控股）公司。 第三条  保险公司所属非保险子公司不得从事法律…,10960,True,True,RFN-ff91deca9df634b5;RFN-ff91deca9df634b5
nfra,6b1782c96b43a265549d9e378ee1afd9ecf9adb77f3c562dc9717da17af2f005,保监党委发〔2014〕23号,关于印发《中共中国保监会委员会贯彻落实中共中央〈建立健全惩治和预防腐败体系2013－2017年工作规划〉实施办法》的通知,,INCLUDE,中,人寿保险|人身保险,,,,[meta]…013－2017年工作规划〉实施办法》的通知 保监党委发〔2014〕23号。各保监局党委，保监会机关党委，民生人寿保险股份有限公司、中国保险行业协会、中国保险学会、中国保险保障基金有限责任公司、中国保险信息技术管理有限责任公司党…,10245,True,True,RFN-df26d096b13a54d4;RFN-df26d096b13a54d4
nfra,2eb72cb95f9de457a5c9b501dc526befcc44c0ce6d9e7e709bfe8830aa136dcc,保监发〔2014〕77号,中国保监会关于印发《保险公司偿付能力报告编报规则——问题解答第24号：信托计划》的通知,,EXCLUDE,中,,,保险公司|保险资产管理|偿付能力,信托公司,[body]…14 年 9 月 23 日 保险公司偿付能力报告编报规则 ——问题解答第 24 号：信托计划 问：保险公司投资信托公司发行的信托计划， 在编制偿付能力报告时如何认可？  答：保险公司在本问题解答发布前投资的信托计划， 按照《保险…,1411,True,True,RFN-cf2d61151e8cfa01;RFN-cf2d61151e8cfa01
nfra,7d91cde05b92e0056f8d45bd48aa66bd35064a4d826be1663273ed33b8594f72,银监发〔2014〕40号,中国银监会关于印发商业银行内部控制指引的通知,大型银行部,EXCLUDE,中,,,分支机构,信托公司|商业银行|金融资产|银行业,[title]…中国银监会关于印发商业银行内部控制指引的通知 各银监局，各政策性银行、国有商业银行、股份制商业银行、金融资产管理公司，邮储银行，各省级农…,9089,True,False,
nfra,f1a1c0c3866a4583e2b255ccdb8d311b730551ffce2a9113283838a73f3994ac,银监发〔2014〕40号,中国银监会关于印发商业银行内部控制指引的通知,大型银行部,EXCLUDE,中,,,分支机构,信托公司|商业银行|金融资产|银行业,[title]…中国银监会关于印发商业银行内部控制指引的通知 中国银监会关于印发商业银行中国银监会关于印发商业银行内部控制指引的通知银监发〔2014〕4…,9244,True,False,
nfra,0cd9b965647664d7f0cce2ae0c50a57d1ef86dffeb57f79257c5a89026c33f58,保监发〔2014〕76号,中国保监会关于加强财产保险公司再保险分入业务管理有关事项的通知,,EXCLUDE,中,,,保险公司|保险机构|分支机构,财产保险公司,[title]…中国保监会关于加强财产保险公司再保险分入业务管理有关事项的通知 保监发〔2014〕76号。各财产保险公司：。为加强财产保险公司再保险分入业务…,2698,True,False,
nfra,0bce68cd71f11afe530b527cadc4b5f337e1201e136ecfa19ab9503fd0c3dc2d,国办发〔2014〕39号,中国银监会办公厅 财政部办公厅 人民银行办公厅关于加强商业银行存款偏离度管理有关事项的通知,办公厅,EXCLUDE,中,,,分支机构,商业银行|银行业|银行业金融机构,[title]…中国银监会办公厅 财政部办公厅 人民银行办公厅关于加强商业银行存款偏离度管理有关事项的通知 中国银监会办公厅 财政部办公厅。中国银监会办公厅 财政部办公厅。人民银行办公厅关…,3803,True,False,
nfra,578b3b37857fb276cef55297ef287fcbe7e853a585949d8bd3e9d8d96da80835,国发〔2006〕23号,中国保险监督管理委员会 浙江省人民政府关于在浙江省宁波市建设保险创新综合示范区的通知,,BOUNDARY,低,养老保险,,,,[body]…水平， 逐步扩大新农合附加意外伤害险的试点区域和范围； 鼓励保险公司兴办医疗机构， 积极参与医改； 做好延税型养老保险和变额年金试点的各项前期准备工作， 积极争取试点机会。  （三）大力开展保险产品创新， 促进经济转型升级。…,7892,True,False,
nfra,00ddca5e333c8ef00545a42226ddf5988d2699374690f2ce6fabe069a892df4f,银监办发〔2014〕222号,中国银监会办公厅关于推进基础金融服务“村村通”的指导意见,办公厅,EXCLUDE,中,,,分支机构,商业银行|银行业|银行业金融机构,[meta]…会办公厅关于。推进基础金融服务“村村通”的指导意见。银监办发〔2014〕222号。各银监局，各政策性银行、国有商业银行、股份制商业银行，邮储银行，各省级农村信用联社：。为深入推进农村地区普惠金融发展，着力推动基础金融服务向行政村…,5139,True,False,
nfra,72f138d02b50c98b641e870229cf99d6deaf3fa58d2295c8646b02adb3dd2060,保监发〔2014〕68号,中国保监会关于废止部分规范性文件的通知,,EXCLUDE,中,,,保险公司,保险中介机构,[meta]…关于废止部分规范性文件的通知 保监发〔2014〕68号。机关各部门、各保监局、中国保险行业协会、各保险公司、各保险中介机构：。为适应保险市场发展需要，进一步完善保险监管制度体系，我会对现行规范性文件进行了清理，决定废止部分规范性文件…,640,True,False,
nfra,4ba638af07d18c59ad7155cd67cc960f66bc2ef43b9036175a113d86e211e311,开行发〔2014〕265号,中国银监会关于国家开发银行股份有限公司住宅金融事业部开业的批复,办公厅,EXCLUDE,—,,,,,,1071,True,False,
nfra,2876c897bf6c579f97262838b0133c2f1833ae44e00924a86b9bfe04f2fb5871,银监办发〔2014〕198号,中国银监会办公厅关于印发金融租赁公司专业子公司管理暂行规定的通知,办公厅,EXCLUDE,中,,,,银行业,[body]…化经营管理水平，规范金融租赁公司设立专业子公司融资租赁业务行为，促进金融租赁行业健康发展，根据《中华人民共和国银行业监督管理法》、《中华人民共和国公司法》、《金融租赁公司管理办法》等法律法规，制定本规定。 第二条  本规定所称…,7067,True,False,
nfra,e777749c5166542b1d9607cedff222bb8cb2644978460908b0071e0922197101,银监发〔2014〕36号,中国银监会关于完善和创新小微企业贷款服务 提高小微企业金融服务水平的通知,办公厅,EXCLUDE,中,,,,银行业金融机构,[body]…推动小微企业健康发展，现就完善和创新小微企业贷款服务有关事项通知如下： 一、合理确定小微企业流动资金贷款期限。银行业金融机构应当根据小微企业生产经营特点、规模、周期和风险状况等因素，合理设定小微企业流动资金贷款期限，满足借款人生产经营…,3292,True,False,
nfra,b268fd6eb02b9ad33a0ebc086f713f7c7d76e48c3191f3de812a8bc9a067b046,银监发〔2014〕35号,中国银监会关于完善银行理财业务组织管理体系有关事项的通知,办公厅,EXCLUDE,中,,,,商业银行|银行业|银行业金融机构,[meta]…国银监会关于完善银行理财业务。组织管理体系有关事项的通知。银监发[2014]35号。各银监局，开发银行，各国有商业银行、股份制商业银行，邮政储蓄银行：。为进一步规范银行理财业务发展，完善理财业务组织管理体系，现就有关事项通知如下…,6285,True,False,
nfra,1dfb8ec7414efeb991afb41a1517ec6585827f6f840593813b1455de081e2f5d,银监发〔2014〕34号,中国银监会关于调整商业银行存贷比计算口径的通知,办公厅,EXCLUDE,中,,,,商业银行|银行业|银行业金融机构,[title]…中国银监会关于调整商业银行存贷比计算口径的通知 中国银监会关于调整商业银行存贷比计算口径的通知。中国银监会关于调整商业银行存贷比计算口径…,1460,True,False,
nfra,696f585a8595d6a1e16d2e3d02256214142adf5eae92eaea46d56e0e53bb767c,保监发〔2014〕57号,中国保监会关于印发《保险公司偿付能力报告编报规则——问题解答第23号：历史存量高利率保单资金投资的蓝筹股》的通知,,BOUNDARY,低,人寿保险|寿险,,,,[meta]…力报告编报规则——问题解答第23号：历史存量高利率保单资金投资的蓝筹股》的通知 保监发〔2014〕57号。中国人寿保险（集团）公司，中国太平洋人寿保险股份有限公司，中国平安人寿保险股份有限公司，新华人寿保险股份有限公司，泰康人寿…,2427,True,True,RFN-6616d2844d8ef7c0;RFN-6616d2844d8ef7c0
nfra,31dc7d710abb7974bad4e14484751ca5b253c4912f99b171ccb4e59fa3bbe2ab,保监发〔2014〕54号,中国保监会关于印发《保险资金运用内控与合规计分监管规则》的通知,,BOUNDARY,低,,,保险公司|保险机构|保险资产管理|保险资金|偿付能力,,[title]…中国保监会关于印发《保险资金运用内控与合规计分监管规则》的通知 保监发〔2014〕54号。各保险集团（控股）公司、保险公司、保险资产管理公…,8926,True,True,RFN-03621fb1f3febd36;RFN-03621fb1f3febd36
nfra,950a663ee61ee721b7b3d7852809260c92a0d2a592d697991818ba6d2e8adc23,保监产险〔2014〕88号,中国保监会关于规范财产保险公司保险产品开发销售有关问题的紧急通知,,EXCLUDE,中,,,保险产品|保险公司|保险消费者|偿付能力,财产保险公司,[title]…中国保监会关于规范财产保险公司保险产品开发销售有关问题的紧急通知 保监产险〔2014〕88号。各财产保险公司：。保监会一贯倡导金融创新，鼓励…,1377,True,False,
nfra,751f167c0d8d8ad9567dcf63c367eb45e4183407f2f01f060122cb104447bf3d,国发〔2013〕35号,中国保监会关于开展老年人住房反向抵押养老保险试点的指导意见,,INCLUDE,中,人身保险公司|养老保险,,,,[meta]…监会关于开展老年人住房反向抵押养老保险试点的指导意见 保监发〔2014〕53号。各保监局、中国保险行业协会、各人身保险公司：。为贯彻落实《国务院关于加快发展养老服务业的若干意见》（国发〔2013〕35号）有关要求，鼓励保险业积极参与…,8722,True,True,RFN-631954dd3b562f8e
nfra,b348b824e878dd1ee4f4f3802fa167533c401372c53fa3385300fafd6027d0c2,银监办发〔2014〕176号,中国银监会办公厅关于推进简政放权改进市场准入工作有关事项的通知,办公厅,EXCLUDE,中,,,,信托公司|商业银行|金融资产|银行业金融机构,[body]…权、注册资本、业务范围等前置审批事项而引起的修改章程审批；非银行金融机构变更组织形式审批；信用卡章程审批；中资商业银行、农村商业银行开办合格境外机构投资者境内证券投资托管业务审批；政策性银行、商业银行、金融资产管理公司高级管理人…,3522,True,False,
nfra,6d5f85a125969cf8c2f419441d2ef6a3e67b761dba152308f0eb6722bedbd935,保监财会〔2014〕81号,关于清理规范保险公司投资性房地产评估增值有关事项的通知,,BOUNDARY,低,,,保险公司|偿付能力,,[title]…关于清理规范保险公司投资性房地产评估增值有关事项的通知 保监财会〔2014〕81号。各保险公司：。为加强偿付能力监管，防范房地产投…,1779,True,True,RFN-d43da9b6a301b602;RFN-d43da9b6a301b602
nfra,a033f60de0483bd0844fe8e37cf37046b97e13d64189041768df8b77d354d6fd,保监发〔2014〕44号,中国保监会关于印发《保险公司资金运用信息披露准则第1号：关联交易》的通知,,BOUNDARY,低,,,保险公司|保险资产管理|保险资金,,[title]…中国保监会关于印发《保险公司资金运用信息披露准则第1号：关联交易》的通知 保监发〔2014〕44号。各保险集团（控股）公司、保险公司、保险…,3622,True,True,RFN-6424e233000b3d64;RFN-6424e233000b3d64
nfra,1f9d4e5166ee1f9098bdd53de33d958ec34014bdf70c4e609fc07370ca8b20a2,银监办发〔2014〕140号,中国银监会办公厅关于规范商业银行同业业务治理的通知,办公厅,EXCLUDE,中,,,分支机构,商业银行|银行业|银行业金融机构,[title]…中国银监会办公厅关于规范商业银行同业业务治理的通知 中国银监会办公厅关于中国银监会办公厅关于规范商业银行同业业务治理的通知银监办发[2014]…,2894,True,False,
nfra,316240a322809e9b385bbfe565d0f1e5af9bde6897ccf0abc3c10cc9c8a83ce3,银发〔2014〕127号,关于规范金融机构同业业务的通知,,EXCLUDE,中,,,分支机构,商业银行|基金管理公司|证券公司|金融资产|银行业|银行业金融机构,[body]…务范围的金融机构开展的同业资金借出和借入业务。同业借款相关款项在拆出和拆入资金会计科目核算。 四、同业代付是指商业银行（受托方）接受金融机构（委托方）的委托向企业客户付款，委托方在约定还款日偿还代付款项本息的资金融通行为。受托方…,5443,True,False,
nfra,7cdc082f49d37c14fb1d3216c78d422d6eb98b6ae64fb9271f9cd09f821224f5,保监发〔2014〕38号,关于保险资金投资集合资金信托计划有关事项的通知,,EXCLUDE,中,,,保险公司|保险机构|保险资产管理|保险资金|偿付能力,信托公司,[body]…务和风险责任等要求，执行《中国保监会关于保险机构投资风险责任人有关事项的通知》相关规定。 三、保险机构应当明确信托公司选择标准，完善持续评价机制，并将执行情况纳入年度内控审计。 担任受托人的信托公司应当具备以下条件： （一）近三…,3375,True,True,RFN-8924608a7e543b00;RFN-8924608a7e543b00
nfra,cc0cba2c6eda6604e0f2126109f5074b88f1b972a151a2c9c645b923d31b99ee,,保险公司股权管理办法,,BOUNDARY,低,,,保险公司|保险资产管理|偿付能力,,[title]…保险公司股权管理办法 保监会令2014年第4号。现发布《中国保险监督管理委员会关于修改〈保险公司股权管理办法〉的决定》…,8814,True,True,RFN-af8219392e2fe4c6
nfra,a99d2eaceaadb968aaad3e9b2ce234d9ee3888dff199f7a6e21fa0da83f9542d,保监发〔2014〕34号,中国保监会关于印发《保险公司偿付能力报告编报规则——问题解答第20号：高现金价值产品最低资本》的通知,,BOUNDARY,低,,,保险公司|偿付能力,,[title]…中国保监会关于印发《保险公司偿付能力报告编报规则——问题解答第20号：高现金价值产品最低资本》的通知 保监发〔2014〕34号。各保险公司…,1632,True,True,RFN-ed7c4707dd0292a6;RFN-ed7c4707dd0292a6
nfra,975add8991e7098df69d2e3df1a4a2c22ca7956c0b03c24006494dc8042edc39,保监会令2014年第3号,保险资金运用管理暂行办法,,EXCLUDE,中,,,保单|保险产品|保险公司|保险资产管理|保险资金|偿付能力|分支机构|投资连结保险,保险经纪机构|商业银行,[body]…资金从事境外投资的，应当符合中国保监会有关监管规定。 第七条  保险资金办理银行存款的，应当选择符合下列条件的商业银行作为存款银行： （一）资本充足率、净资产和拨备覆盖率等符合监管要求； （二）治理结构规范、内控体系健全、经营业…,17369,True,True,RFN-83b739eb62cef7fc
nfra,2e7be2082b3d9249de07758dbe25ae9efa916bf51a474657b40a07d3e659fb01,国发〔2013〕46号,中国银监会 中国证监会关于商业银行发行优先股补充一级资本的指导意见,办公厅,EXCLUDE,中,,,,商业银行|银行业金融机构,[title]…中国银监会 中国证监会关于商业银行发行优先股补充一级资本的指导意见 中国银监会 中国证监会关于。中国银监会 中国证监会关于。商业银行发行优先股补…,2971,True,False,
nfra,efd52f0f724ccf12a9931c460c0b220c63a276ef40654647360c2c04c85b9796,保监发〔2014〕29号,中国保监会关于印发《保险公司偿付能力报告编报规则——问题解答第22号：证券投资基金和资产管理产品》的通知,,EXCLUDE,中,,,保险公司|保险机构|保险资产管理|偿付能力,商业银行|证券公司,[body]…百分之八十以上的资产投资于固定收益类产品（包括债券、存款、债权类资产等），且投资于信托计划、银行信贷支持证券、商业银行理财产品、证券公司专项资产管理计划等金融产品的比例不高于百分之二十的资产管理产品。 4.另类资产管理产品为认可…,3816,True,True,RFN-5502461064aefae3;RFN-5502461064aefae3
nfra,9cc1f73c486495879c45e7ec4936f6bad1aa8d3e1155fa72f0f2fc7950582b57,保监发〔2014〕27号,中国保监会关于印发《保险公司偿付能力报告编报规则——问题解答第21号：次级可转换债券》的通知,,BOUNDARY,低,,,保险公司|偿付能力,,[title]…中国保监会关于印发《保险公司偿付能力报告编报规则——问题解答第21号：次级可转换债券》的通知 保监发〔2014〕27号。各保险公司、保险集…,1348,True,True,RFN-b685bd52fd76a267;RFN-b685bd52fd76a267
nfra,d8b7b5990cbbd31ac1b84d55534c36663b90a2e40712e19eab2daf8b4b6efee4,保监发〔2014〕25号,中国保监会关于印发《保险业服务新型城镇化发展的指导意见》的通知,,BOUNDARY,低,人身保险|健康保险|养老保险|寿险,,,保险中介机构,[body]…区发展。积极发展商业健康保险，分担社会医疗成本。开发长期护理保险及与健康管理等相关的商业健康保险产品。建立基本寿险保障计划，大力发展定期寿险、意外险等保障类人身保险，推广“家有保险”活动。 （四）加快大病保险整体推进步伐。加…,7175,True,True,RFN-07aafd48a9f30367;RFN-07aafd48a9f30367
nfra,bc80ec16a1cb2bac792b322d94f57452c0206028ac514de198a1a6b8c7876210,保监资金〔2014〕17号,关于授权北京等保监局开展保险资金运用监管试点工作的通知,,BOUNDARY,低,,,保险公司|保险机构|保险资金,,[title]…关于授权北京等保监局开展保险资金运用监管试点工作的通知 保监资金〔2014〕17号。北京、上海、江苏、湖北、广东、深圳保监局：。为防范保险资金…,1168,True,True,RFN-d718617c6d4baa91;RFN-d718617c6d4baa91
nfra,2c8f4a590bf36b50946ce86c4822dd79731eebc94aa8362a879e0a8ecc112da4,保监发〔2014〕26号,中国保监会关于印发《保险公司收购合并管理办法》的通知,,EXCLUDE,中,,,保单|保险公司|保险公司分支机构|保险消费者|保险资产管理|偿付能力|分支机构,再保险公司|银行业,[body]…公司，是指经中国保险监督管理委员会（以下简称中国保监会）批准设立，并依法注册的保险集团（控股）公司、保险公司、再保险公司。 第三条  保险公司收购合并必须遵守法律、行政法规及中国保监会的规定，不得损害保险消费者的合法权益，不得危害…,7362,True,True,RFN-f289130b5d8a2fd1;RFN-f289130b5d8a2fd1
nfra,aa8a851035edbcdc6cb9a54f349a0ed6744e0ffaf1bb29cb13edbe7a00948bbd,银监发〔2014〕10号,中国银监会 中国人民银行关于加强商业银行与第三方支付机构合作业务管理的通知,法规部,EXCLUDE,中,,,分支机构,商业银行|银行业金融机构,[title]…中国银监会 中国人民银行关于加强商业银行与第三方支付机构合作业务管理的通知 为切实保护商业银行客户信息安全，保障客户资金和银行账户安全，维护客户合法权…,4086,True,False,
nfra,f72395caf133b3c78ac7db1af368d2c289d42a1b60ce1194b9beccebdcfe23b8,国发〔2012〕21号,中国保监会关于保险业对口支援江西省赣州市定南县等原中央苏区振兴发展的指导意见,,BOUNDARY,低,人身保险|健康保险|养老保险,,,,[body]…利工程等农业基础设施保险业务，增强定南农业生产抗风险能力。支持保险公司积极开办农民养老保险和健康保险、农村小额人身保险等业务，探索参与新型农村合作医疗管理，为定南人民生活提供全面风险保障。支持保险公司探索开办涉农金融领域的贷款保…,5724,True,True,RFN-bab6f1d840e8764e
nfra,555d5b836f5259c08206b9b72886385b673d05e05947b4d9f9dc3f3691828dab,国发〔2014〕5号,中国保监会关于取消行政审批项目的通知,,EXCLUDE,中,,,保险公司|保险公司分支机构|保险机构|分支机构,保险中介机构,[body]…审批项目及后续管理措施表》（详见附件1）执行。 三、请各保监局收到本通知后，及时转发给辖内各保险公司分支机构、保险中介机构及其分支机构、各国保险机构驻华代表机构、保险行业协会、保险学会；同时，按照《中国保监会行政审批事项目录》（详见…,924,True,False,
nfra,461d477adb326b618215d657a6197cced438675eee90855313e2a25e3480d7c0,保监发〔2014〕20号,中国保险监督管理委员会 北京市人民政府关于加快推动北京保险产业园创新发展的意见,,BOUNDARY,低,健康保险|养老保险,保险兼业代理,,,[body]…资城市基础设施建设和战略性新兴产业；服务创新驱动，积极推进科技保险发展，为产业升级和技术创新提供保障；大力发展健康保险、养老保险等，鼓励商业保险积极参与多层次社会保障体系建设和社会公共服务，更好地服务社会管理创新；探索巨灾保险制…,5204,True,False,
nfra,951d9f7c011a8677a8a9126cf4c7ddca2ac0f017b50cf51670f4007bf8c60c98,保监发〔2014〕19号,中国保监会关于外资保险公司与其关联企业从事再保险交易有关问题的通知,,EXCLUDE,中,,,保险公司|偿付能力,再保险公司,[body]…一年度《外资保险公司与其关联企业再保险交易统计表》（见附件）及电子文档，并按照每个关联企业分别统计。 七、外资再保险公司与关联企业之间的转分保业务适用本通知。 八、本通知自发布之日起施行，《关于印发〈外资保险公司与其关联企业从事再…,3895,True,False,
nfra,01355a073e1ea10eb61567634b84476577c3d3c3c94bba9e3fc54543f554966a,银监办发〔2014〕57号,中国银监会办公厅关于进一步加强银行业务和员工行为管理的通知,法规部,EXCLUDE,中,,,,商业银行|银行业|银行业金融机构,[title]…中国银监会办公厅关于进一步加强银行业务和员工行为管理的通知 银监办发〔2014〕57号银监办发〔2014〕57号 各银监局，各国有商业银行、股份制…,4382,True,False,
nfra,070384b7be4b839cf7b25e498397aae203e6849af391f1d7f8616fa86273e11b,保监发〔2014〕18号,中国保监会关于规范保险资金银行存款业务的通知,,EXCLUDE,中,,,保险公司|保险资产管理|保险资金,商业银行,[body]…级要求达到 A 级或者相当于 A 级以上。  三、 保险公司办理银行存款业务， 应当选择取得保险资金托管资质的商业银行或者其他专业金融机构实施第三方托管， 防范资金挪用风险。 托管职责至少包括单证保管、 结息支取、 会计核算、…,1876,True,True,RFN-ef2c42022d280346;RFN-ef2c42022d280346
nfra,1f00df22d953532e82c97c57462c906db1c2dae41027ce1e7d74115cb16f5e64,银监办发〔2014〕42号,中国银监会办公厅关于做好２０１４年农村金融服务工作的通知,办公厅,EXCLUDE,中,,,分支机构,商业银行|银行业|银行业金融机构,[meta]…监会办公厅关于。做好２０１４年农村金融服务工作的通知。银监办发〔２０１４〕４２号。各银监局，各政策性银行、国有商业银行、股份制商业银行，邮储银行，各省级农村信用联社：。根据中央农村工作会议、２０１４年中央一号文件精神和２０１４年…,8487,True,False,
nfra,a97c1211fae241bfd9229c6f9370bd5d8bde812497e3fc019d53daaaae28e8ee,保监会令2014年第2号,中国保险监督管理委员会行政许可实施办法,,BOUNDARY,低,,,保险机构,,[body]…员会（以下简称中国保监会）及中国保监会派出机构（以下简称派出机构）行政许可的实施，提高保险监管效率，维护公民、保险机构、其他法人和组织的合法权益，根据《中华人民共和国行政许可法》、《中华人民共和国保险法》，制定本办法。 第二条…,9319,True,True,RFN-9c05fe4a81dd1270
nfra,7a434e79361f52d29cf7aae66a6cdd49be608e5e7da486782e1a2f45f928a791,保监发〔2014〕15号,中国保监会关于印发《保险公司声誉风险管理指引》的通知,,BOUNDARY,低,,,保险公司|保险资产管理|偿付能力|分支机构,,[title]…中国保监会关于印发《保险公司声誉风险管理指引》的通知 保监发〔2014〕15号。各保监局、各保险公司、保险资产管理公司、中国保险行业协会：…,7139,True,True,RFN-016dac5aac5d3dd6;RFN-016dac5aac5d3dd6
nfra,fb73e81bb66e0d0a9c2be22e0778a02703c7a65624c53b97a8205961e16c36e4,银行业监督管理委员会令〔2014〕1号,商业银行服务价格管理办法,消保局,EXCLUDE,中,,,分支机构,商业银行|银行业|银行业金融机构,[title]…商业银行服务价格管理办法 第一章 总  则 第一条　为规范商业银行服务价格管理活动，保护客户合法权益，促进商业银行健康…,8106,True,False,
nfra,5315f207fc6c2ef94c33a38b2ba5b5a119356e1502d3923bf45580483000a97d,保监发〔2014〕12号,中国保监会关于规范高现金价值产品有关事项的通知,,INCLUDE,中,人身保险公司,,,,[meta]…中国保监会关于规范高现金价值产品有关事项的通知 保监发〔2014〕12号。各人身保险公司：。为防范风险，促进高现金价值产品健康发展，现就有关事项通知如下：。一、本通知所称高现金价值产品是指第二保单年…,2962,True,True,RFN-bbbd6847d4ffa6e5;RFN-bbbd6847d4ffa6e5
nfra,9cfbba33a4b165fc1c7847be14131d8bcb7bee5cb9186dc45054b40d47d2ce0e,保监发〔2014〕13号,中国保监会关于加强和改进保险资金运用比例监管的通知,,BOUNDARY,低,寿险,,,信托公司|商业银行|证券公司|财产保险公司|金融资产|银行业金融机构,[body]…调整。 七、说明事项 （一）本通知所称总资产应当扣除债券回购融入资金余额和独立账户资产金额。 独立账户资产包括寿险投资连结保险产品、变额年金产品、健康保障委托管理产品、养老保障委托管理产品和非寿险非预定收益投资型保险产品等资…,7295,True,True,RFN-6b6e402425c7f946;RFN-6b6e402425c7f946
nfra,f592dce48be3e05f6dcbdd8cb80ed0763128f9e3da8893f75d67d9ef4907db1d,发改价格〔2014〕268号,国家发展改革委  中国银监会关于印发商业银行服务政府指导价政府定价目录的通知,办公厅,EXCLUDE,中,,,,商业银行|银行业|银行业金融机构,[title]…国家发展改革委  中国银监会关于印发商业银行服务政府指导价政府定价目录的通知 国家发展改革委  中国银监会关于印发商业银行服务政府指导价政府定价目录的通知…,1975,True,False,
nfra,8a406e9278537c0d176bd306c645b8125c5c2e427e91012c04ce2a8927a93364,保监发〔2014〕6号,中国保监会关于发布《人身保险伤残评定标准及代码》行业标准的通知,统信部,INCLUDE,高,人身保险,,,,[title]…中国保监会关于发布《人身保险伤残评定标准及代码》行业标准的通知 保监发〔2014〕6号。机关各部门、各保监局，各保险公司、保险资产管理公司…,996,True,True,RFN-9dfc298601544310;RFN-9dfc298601544310
nfra,9933682af1298158c8428fd3c3eaf31d942229d2202579ec5bd7ccde2d70bb78,保监会令2014年第1号,保险公司董事、监事和高级管理人员任职资格管理规定,,EXCLUDE,中,,,保险公司|保险公司分支机构|保险机构|保险资金|偿付能力|分支机构,再保险公司,[body]…第二款修改为：“中国保监会的派出机构根据授权负责辖区内保险公司分支机构高级管理人员任职资格的监督管理， 但中资再保险公司分公司和境外保险公司分公司除外。 ” 二、 第十二条增加一款， 作为第三款：“保险公司在计划单列市设立的行使省…,14744,True,True,RFN-3f1d5683e4f0e25b
nfra,0fa17aa136d3d4485c12403ce54d9a95497011752b70bce0cb0d7e9c5f87e851,保监发〔2014〕3号,中国保监会 中国银监会关于进一步规范商业银行代理保险业务销售行为的通知,办公厅,INCLUDE,中,人身保险|健康保险|寿险,,,商业银行|财产保险公司|银行业金融机构,[body]…无继续投保意愿等问题的不得承保。 （二）销售保单利益不确定的保险产品，包括分红型、万能型、投资连结型、变额型等人身保险产品和财产保险公司非预定收益型投资保险产品等，存在以下情况的，应在取得投保人签名确认的投保声明后方可承保： 1…,7596,True,True,RFN-2c6a41afa6f23bff;RFN-2c6a41afa6f23bff
nfra,b5d05c0a9fa62382ac5457250be7fcb001a415c770a78920b01d80dcdbb23952,保监发〔2014〕3号,中国保监会 中国银监会关于进一步规范商业银行代理保险业务销售行为的通知,,INCLUDE,中,人身保险|健康保险|寿险,,,商业银行|财产保险公司|银行业金融机构,[body]…无继续投保意愿等问题的不得承保。 （二）销售保单利益不确定的保险产品，包括分红型、万能型、投资连结型、变额型等人身保险产品和财产保险公司非预定收益型投资保险产品等，存在以下情况的，应在取得投保人签名确认的投保声明后方可承保： 1…,7439,True,True,RFN-2c6a41afa6f23bff;RFN-2c6a41afa6f23bff
nfra,f0303924820944b0dd13ccf604fd29bdef571cb088b19dcbfc85677a33ce046f,银监发〔2014〕1号,中国银监会关于印发商业银行全球系统重要性评估指标披露指引的通知,办公厅,EXCLUDE,中,,,,商业银行|金融资产|银行业,[title]…中国银监会关于印发商业银行全球系统重要性评估指标披露指引的通知 中国银监会关于印发商业银行全球系统重要性评估指标披露指引的通知。中国银监…,4012,True,False,
nfra,9576760b2dbe1b3e8fcddcced281edf892f2316812740a9c3573a551de72014e,保监发〔2014〕1号,中国保监会关于保险资金投资创业板上市公司股票等有关问题的通知,,BOUNDARY,低,,,保险公司|保险机构|保险资产管理|保险资金,,[title]…中国保监会关于保险资金投资创业板上市公司股票等有关问题的通知 保监发〔2014〕1号。各保险集团（控股）公司、保险公司、保险资产管理…,2029,True,True,RFN-306a23eecbf1b937;RFN-306a23eecbf1b937
nfra,dbfa296f62d6c0f6453915784895dfbc64674f14688b6379530d1485a3c0b1d6,,银监会、发展改革委、工业和信息化部、财政部、商务部、人民银行、工商总局、法制办关于清理规范非融资性担保公司的通知,办公厅,EXCLUDE,—,,,,,,2345,True,False,
nfra,66a248714f302343544b15c63b3e854e11c77a128e5c59c7972bd9d8d53cc789,国发〔2010〕33号,关于印发《中国保险监督管理委员会规范性文件制定管理办法》的通知,,EXCLUDE,—,,,,,,5702,True,False,
nfra,1d3e4528e35311914d9cd99d6e5fe0ee55ca832273145f0eac4c24a74382f975,保监寿险〔2013〕685号,中国保监会关于《中国人身保险业重大疾病经验发生率表（2006－2010）》 用于法定责任准备金评估有关事项的通知,,INCLUDE,高,人寿保险|人身保险|人身保险公司|寿险,,,,[title]…中国保监会关于《中国人身保险业重大疾病经验发生率表（2006－2010）》 用于法定责任准备金评估有关事项的通知 保监寿险〔2013〕68…,4112,True,True,RFN-42c717ab9f0ed93d;RFN-42c717ab9f0ed93d
nfra,672c4eac9dea15a6ae5b1af361477d787e2ce25e0c4574812881d0f0303368d4,保监发〔2013〕81号,中国保监会关于发布《中国人身保险业重大疾病经验发生率表（2006－2010）》的通知,,INCLUDE,高,人身保险|人身保险公司,,,,[title]…中国保监会关于发布《中国人身保险业重大疾病经验发生率表（2006－2010）》的通知 保监发〔2013〕81号。各人身保险公司：。现发布《中国…,1411,True,True,RFN-c48b382c5eefebeb;RFN-c48b382c5eefebeb
nfra,77035bcc72eaab719a33dcedeff7af49f82228c1a4172e7d661ed6fdd37d22c6,保监发〔2013〕82号,中国保监会关于印发《人身保险客户信息真实性管理暂行办法》的通知,,INCLUDE,高,人身保险|人身保险公司,保险兼业代理|保险销售从业人员,,保险中介机构|保险经纪机构,[title]…中国保监会关于印发《人身保险客户信息真实性管理暂行办法》的通知 保监发〔2013〕82号。各保监局、各人身保险公司、各保险中介机构：。为加…,10570,True,True,RFN-9e69f7092e7568b9;RFN-9e69f7092e7568b9
nfra,46cb25c8c400333e9a37911c85e3d91abecf51839116e2364d2e611d8a1d1221,保监发〔2013〕77号,中国保监会关于印发《大病保险统计制度（试行）》的通知,,BOUNDARY,低,,,保单|保险公司|保险条款|保险资金,,[meta]…中国保监会关于印发《大病保险统计制度（试行）》的通知 保监发〔2013〕77号。各保险公司、各保监局：。为掌握保险公司大病保险业务开办情况，科学制定相关政策措施，我会研究制定了《大病保险统计制度（试行…,4862,True,True,RFN-c83199dcc16c369d;RFN-c83199dcc16c369d
nfra,86d38ec18ae922dc46f0668266416b919e27e6ba8358463de3d47e1c6446220b,保监会令2013年第10号,保险公估机构监管规定,,EXCLUDE,中,,,保险公司|保险条款|分支机构,保险中介机构|保险公估|保险经纪机构,[title]…保险公估机构监管规定 保监会令2013年第10号。中国保险监督管理委员会决定对《保险公估机构监管规定》作如下修改：。一…,20226,True,True,RFN-935ddd95dd623e33
nfra,f5dfe899e1c303ccfaf46241520742d8fb84fa4f5c4abca6dd8364af29f3c8bc,,中国银监会就《商业银行流动性风险管理办法（试行）》公开征求意见,办公厅,EXCLUDE,中,,,,商业银行|银行业|银行业金融机构,[title]…中国银监会就《商业银行流动性风险管理办法（试行）》公开征求意见 中国银监会就《商业银行流动性风险管理办法（试行）》公开征求意见。中国…,10844,True,False,
nfra,f7e38da72595a5a29891cd54333ea5bb156005145153277200dd1fb8c98d9c9c,银监发〔2013〕40号,中国银监会关于中国（上海）自由贸易试验区银行业监管有关问题的通知,办公厅,EXCLUDE,中,,,分支机构,信托公司|商业银行|金融资产|银行业|银行业金融机构,[title]…中国银监会关于中国（上海）自由贸易试验区银行业监管有关问题的通知 中国银监会关于中国（上海）自由贸易试验区。中国银监会关于中国（上海）自由贸易试验区。银行业…,2363,True,False,
nfra,b56bf62ff8fbc137187e11ba374e92a961d4c45988a4039c68a8ece7d74315e2,保监发〔2013〕73号,中国保监会关于印发《人身保险公司服务评价管理办法》的通知,,INCLUDE,高,人寿保险公司|人身保险|人身保险公司|人身险公司|健康保险,,,,[title]…中国保监会关于印发《人身保险公司服务评价管理办法》的通知 保监发〔2013〕73号。各保监局，中国保险行业协会，各人寿保险公司、健康保险公司：…,10845,True,True,RFN-0bd80ef2b6fcaebc;RFN-0bd80ef2b6fcaebc
nfra,280c0405e113f1a5bd86f859b141354ed1b7b96e87ceb4e0aca429aee4717c5c,保监消保〔2013〕634号,中国保监会关于禁止强制销售保险的紧急通知,,EXCLUDE,中,,保险代理人,保险公司|保险机构|保险消费者|保险销售,保险中介机构|保险经纪,[body]…原则确立各方的权利和义务。 除法律、 行政法规规定必须保险的外， 保险合同自愿订立”， 第 131 条规定：“保险代理人、 保险经纪人及其从业人员在办理保险业务活动中不得利用行政权力、 职务或者职业便利及其他不正当手段强迫、 引诱…,2305,True,True,RFN-f1d2465f3a63ec8c;RFN-f1d2465f3a63ec8c
nfra,4c198b2282605861950be837dc3ce5304166bd33086656d1467f176803597f61,保监稽查〔2013〕643号,关于印发《保监局案件风险监管考核办法（试行）》的通知,,BOUNDARY,低,,,保险公司|保险机构,,[body]…切实防范、化解案件风险，制定本办法。 第二条 本办法考核的保险案件包括业内案件和业外案件两大类。 业内案件是指保险公司、保险中介公司及保险从业人员，因执业行为，独立或共同实施，或与外部人员合伙实施的，触犯刑法，涉嫌侵占、挪用、诈…,2916,True,False,
nfra,226de86109768dbd1fb97734210eea72898a51552430eb39f56ab5c755a35b73,国办发〔2013〕87号,中国银监会关于进一步做好小微企业金融服务工作的指导意见,办公厅,EXCLUDE,中,,,分支机构,商业银行|银行业|银行业金融机构,[meta]…国银监会关于进一步做好。小微企业金融服务工作的指导意见。银监发〔２０１３〕３７号。各银监局，各政策性银行、国有商业银行、股份制商业银行，邮政储蓄银行，各省级农村信用联社：。为贯彻落实《国务院办公厅关于金融支持小微企业发展的实施意…,6628,True,False,
nfra,3e22f1a9d60cdfad72ca57a02f99eb6b545e1a6681854316ffef7cc11ba856b4,银监发〔2013〕38号,中国银监会关于印发银行业消费者权益保护工作指引的通知,办公厅,EXCLUDE,中,,,,信托公司|商业银行|金融资产|银行业|银行业金融机构,[title]…中国银监会关于印发银行业消费者权益保护工作指引的通知 中国银监会关于印发中国银监会关于印发银行业消费者权益保护工作指引的通知银监发〔２…,9631,True,False,
nfra,5f7593071383cfdac38e614759803f170c2260da34f981d855ec29c523acdc3c,保监发〔2013〕66号,中国保监会关于专业网络保险公司开业验收有关问题的通知,,BOUNDARY,低,,,保单|保险公司|保险条款|保险消费者,,[title]…中国保监会关于专业网络保险公司开业验收有关问题的通知 保监发〔2013〕66号。各中资保险公司筹备组：。为了有效防范风险，保护保险消费者利益…,2124,True,False,
nfra,303b50448e00a823c63fbd8667f1f3c165cf098044d3829103a3333f2ddc8d1d,保监中介〔2012〕693号,关于进一步规范保险中介市场准入的通知（已废止）,,EXCLUDE,中,,,保险公司|分支机构,保险公估|保险经纪机构,[body]…对本通知发布之前已经受理的设立申请， 继续按程序办理。  保监会将尽快修订《保险专业代理机构监管规定》、 《保险经纪机构监管规定》和《保险公估机构监管规定》， 完善保险中介市场准入机制， 促进保险中介转型升级。  中国保险监督管理…,820,True,True,RFN-0e1df71593d3a9f3;RFN-0e1df71593d3a9f3
nfra,3736ad1070039415911cf01afff8b8d5b19c87ce7ff976f81198d946d77a3de1,国办发〔2013〕67号,中国保监会关于保险业支持经济结构调整和转型升级的指导意见,,BOUNDARY,低,人身保险|健康保险|养老保险,,,保险中介机构|公估机构|金融资产,[body]…其提供意外、养老、医疗、生育等多层次、多类别和长期均衡的保障，提高新型城镇化的质量。支持保险公司大力发展保障型人身保险产品，做好大病保险试点工作，推进个人税延型养老保险试点，稳定居民收入预期，增强居民消费意愿。支持保险公司发展与…,6012,True,True,RFN-091f79fe4e660f39
nfra,aef1e16b8bfe097f43c6b18014c43a03091e1f68fd76bc8c2928a0fb3705d82e,保监财会〔2013〕619号,中国保监会关于建立分类监管评价结果通报制度的通知,,INCLUDE,中,寿险,,,,[body]…事项通知如下： 一、 每季度完成保险公司法人机构分类监管评价后， 保监会向保险公司通报以下信息： （一）产险或寿险行业的分类监管评价类别总体情况； （二）该公司分类监管评价结果； （三）被评为 C、 D 类公司的主要风险。…,1892,True,True,RFN-ae962547a450c4cb;RFN-ae962547a450c4cb
nfra,93f9518e9f8584d72408329499a0864c7b7058802019655bf10c5799cba3cbbb,保监发〔2013〕61号,中国保监会关于加强保险资金投资债券使用外部信用评级监管的通知,,BOUNDARY,低,,,保险公司|保险机构|保险资产管理|保险资金,,[title]…中国保监会关于加强保险资金投资债券使用外部信用评级监管的通知 保监发〔2013〕61号。各保险资产管理公司、保险公司：。为进一步加强保险…,2366,True,True,RFN-5afd181865011d74;RFN-5afd181865011d74
nfra,6f3292eab95b582a5ddbb8c40c295b743acec6440a57add232496f6dda66c34d,保监寿险〔2013〕620号,中国保监会关于加强人身保险公司总精算师管理的通知,,INCLUDE,高,人身保险公司|寿险,,,,[title]…中国保监会关于加强人身保险公司总精算师管理的通知 保监寿险〔2013〕620号。各人身保险公司、各保监局、中国精算师协会：。为加强总精算师任…,3027,True,True,RFN-38174f106ad14941;RFN-38174f106ad14941
nfra,02b9c2f0b20d78ea56abdc8559d82f0f05fd2d9867f6882730865eb984b15fde,保监发〔2013〕62号,中国保监会关于普通型人身保险费率政策改革有关事项的通知,,INCLUDE,高,人身保险|人身保险公司|健康保险|养老保险|寿险,,,,[title]…中国保监会关于普通型人身保险费率政策改革有关事项的通知 保监发〔2013〕62号。各人身保险公司、各保监局：。为建立符合社会主义市场经济规…,3503,True,True,RFN-086a92ec84a58020;RFN-086a92ec84a58020
nfra,8de18c67d982225272e5325e3f52bad4a8795393fa879e76d8913b3612405801,银监发〔2013〕32号,中国银监会 国家林业局关于林权抵押贷款的实施意见,办公厅,EXCLUDE,中,,,,商业银行|银行业金融机构,[meta]…实施意见。银监发〔２０１３〕３２号。各银监局，各省、自治区、直辖市、计划单列市林业厅（局），各政策性银行、国有商业银行、股份制商业银行，邮储银行，各省级农村信用联社：。为改善农村金融服务，支持林业发展，规范林权抵押贷款业务，完善…,8074,True,False,
nfra,e061bcf6e22fd95cecb7982a2e4440e393db59e667c099e298957b78ec592e9f,保监会令2013年第9号,中国保险监督管理委员会信访工作办法,,EXCLUDE,中,,保险兼业代理,保险产品|保险公司|保险资产管理,保险中介机构|保险公估|保险经纪机构,[body]…理，参照本办法执行。 第四十八条 本办法所称保险中介机构，是指经中国保监会或者派出机构批准设立的保险代理机构、保险兼业代理机构、保险经纪机构和保险公估机构。 第四十九条 本办法由中国保监会负责解释。 第五十条 本办法自2005 年7…,17736,True,False,
nfra,b19f54addd4e208a4adea6ac5e9048afe77c3b7f4821ae2d60d57f3488ed379e,保监会令2013年第8号,保险消费投诉处理管理办法,,EXCLUDE,中,,保险兼业代理|保险销售从业人员,保险产品|保险公司|保险公司分支机构|保险机构|保险消费者|保险销售|分支机构,保险中介机构|保险公估|保险经纪公司,[body]…受益人。 本办法所称保险从业人员，是指保险机构工作人员、保险中介机构从业人员，以及其他为保险机构销售保险产品的保险销售从业人员。 第四十四条 本办法所称保险机构，是指保险公司及其分支机构。 本办法所称保险中介机构，是指保险专业代理公司及…,15364,True,True,RFN-b1da8f220ff6beb8
nfra,6693ac8b2435221aa947be46b49111a2c65792cc79a8ec3bbc93eb9d012bd809,保监厅发〔2013〕58号,关于跨境人民币结算再保险业务有关问题的补充通知,,EXCLUDE,中,,,保险公司,,,1105,True,False,
nfra,79c9ef23a370c4aeab728ea98ebf88cca47ea9013e5e8e7fb1c0774553705d24,保监发〔2013〕48号,中国保监会关于印发《人身保险公司风险排查管理规定》的通知,,INCLUDE,高,人寿保险公司|人身保险|人身保险公司|健康保险|养老保险公司,保险销售从业人员,,,[title]…中国保监会关于印发《人身保险公司风险排查管理规定》的通知 保监发〔2013〕48号。各人身保险公司：。为防范人身保险公司经营风险，保护保险消费…,10388,True,True,RFN-5a653ce853b6eabd;RFN-5a653ce853b6eabd
nfra,b5237f20dc320425a10ab5c2152890866c85fb6554bc9be02ecb1b19ae8596b0,保监发〔2013〕46号,关于人身保险伤残程度与保险金给付比例有关事项的通知,,INCLUDE,高,人身保险|健康保险,,,,[title]…关于人身保险伤残程度与保险金给付比例有关事项的通知 保监发〔2013〕46号。各保险公司，中国保险行业协会：。为进一步规范…,1746,True,True,RFN-3c5d9ffc7cd58c79;RFN-3c5d9ffc7cd58c79
nfra,1df32c3970736b96afa89b902fc21910c7674faed821a4ee1a632539358a6ae8,保监发〔2013〕45号,中国保监会关于进一步贯彻落实《农业保险条例》做好农业保险工作的通知,,EXCLUDE,中,,,保单|保险产品|保险公司|保险机构|保险条款|保险理赔,财产保险公司,[meta]…中国保监会关于进一步贯彻落实《农业保险条例》做好农业保险工作的通知 保监发〔2013〕45号。各保监局，各财产保险公司，中国财产再保险股份有限公司，中国保险行业协会：。近年来，在党中央国务院的高度重视下，农业保险实现了快速健康发…,6489,True,False,
nfra,b9c74f2876f4aa1feb6e62cb0c8af19aa816e4f7a47e355c3bfc53e7061e6d10,保监发〔2013〕44号,关于进一步明确保险专业中介机构市场准入有关问题的通知,,EXCLUDE,中,,,保险销售|分支机构,保险公估|保险经纪机构,[meta]…一步明确保险专业中介机构市场准入有关问题的通知 保监发〔2013〕44号。各保监局：　　为贯彻落实《关于修改〈保险经纪机构监管规定〉的决定》（保监会令2013年第6号）、《关于修改〈保险专业代理机构监管规定〉的决定》（保监会令201…,1653,True,False,
nfra,8a5983531bd0aa87483a4e4b0c7d332f96ef25c5a7ba9f982696d1f631899df8,保监发〔2013〕43号,中国保监会关于印发《养老保障管理业务管理暂行办法》的通知,,INCLUDE,中,养老保险公司,,,,[meta]…中国保监会关于印发《养老保障管理业务管理暂行办法》的通知 保监发〔2013〕43号。各保监局、各养老保险公司：。为促进保险业积极参与构建多层次养老保障体系，推动养老保障管理业务健康发展，我会制定了《养老保障管理业务管理…,12377,True,True,RFN-51d17c7f606253fd;RFN-51d17c7f606253fd
nfra,d8a756616c8b23a2d381d92afcd360970a739f2891b6e2e7f763dc79ea5a48c5,保监发〔2013〕42号,中国保监会关于印发《中国第二代偿付能力监管制度体系整体框架》的通知,,BOUNDARY,低,,,保险公司|保险资产管理|偿付能力,,[title]…中国保监会关于印发《中国第二代偿付能力监管制度体系整体框架》的通知 保监发〔2013〕42号。各保监局，机关各部门，各保险集团（控股）公司、保险公司…,670,True,True,RFN-ef9310eb02f3379f;RFN-ef9310eb02f3379f
nfra,726fff782bc88e1ef98305bc71f6d25eb1c71b849892d2f04656f05085b49182,银监办发〔2013〕131号,中国银监会办公厅关于防范外部风险传染的通知,大型银行部,EXCLUDE,中,,,分支机构,商业银行|银行业|银行业金融机构,[meta]…中国银监会办公厅关于防范外部风险传染的通知 各银监局，各政策性银行、国有商业银行、股份制商业银行，邮政储蓄银行，各省级农村信用联社：近期，银行业外部风险事件时有发生，对银行业金融机构稳健运行…,2173,True,False,
nfra,a2dabb2e780e80751a8f6b966db3d1d915ed518347923f315cb1e5cf40818283,保监会令2013年第7号,保险专业代理机构监管规定,,EXCLUDE,中,,,保单|保险产品|保险公司|保险销售|分支机构,保险中介机构|保险公估|保险经纪机构|商业银行,[body]…为保险专业代理公司的发起人或者股东。 保险公司员工投资保险专业代理公司的，应当书面告知所在保险公司；保险公司、保险中介机构的董事或者高级管理人员投资保险专业代理公司的，应当根据《公司法》有关规定取得股东会或者股东大会的同意。 第九条…,23170,True,True,RFN-213ec1fa3be1cc65
nfra,237a9fc76a3b91ff70b45b3072edfad4405301c7522a3422b7a1162a344fc0a5,保监会令2013年第6号,保险经纪机构监管规定,,EXCLUDE,中,,,保单|保险产品|保险公司|分支机构,保险中介机构|保险公估|保险经纪|保险经纪公司|保险经纪机构|商业银行,[title]…保险经纪机构监管规定 保监会令2013年第6号。现发布《中国保险监督管理委员会关于修改〈保险经纪机构监管规定〉的决定》，自…,22840,True,True,RFN-6299b41ed313d187
nfra,689dc2ca9805ec868e4d110f693e3158441042f427cf29bbd41d13a17469bd87,保监发〔2013〕41号,中国保监会关于印发《保险公司业务范围分级管理办法》的通知,,BOUNDARY,低,人寿保险|人身保险公司|健康保险,,,财产保险公司,[body]…，包括航空航天保险、海洋开发保险、石油天然气保险、核保险； （三）信用保证保险； （四）投资型保险。 第七条 人身保险公司基础类业务包括以下五项： （一）普通型保险，包括人寿保险和年金保险； （二）健康保险； （三）意外伤害保险；…,7429,True,True,RFN-4fef14fd096ba0d3;RFN-4fef14fd096ba0d3
nfra,f1bd0f17452434dcb668d5331960bf4b44d6e0572c2ca4c1df4ad8a4ef607ea8,保监发〔2013〕40号,中国保监会关于印发《人身保险电话销售业务管理办法》的通知,,INCLUDE,高,人寿保险公司|人身保险|人身保险公司|健康保险|养老保险公司|寿险,保险销售从业人员,,,[title]…中国保监会关于印发《人身保险电话销售业务管理办法》的通知 保监发〔2013〕40号。各保监局，各人寿保险公司、健康保险公司、养老保险公司：…,15004,True,True,RFN-aedbf0e9b08f138f;RFN-aedbf0e9b08f138f
nfra,318bb8514df842538addd09dd6baf77bdb83bce041fd8ab8c922ab32d37833c4,保监发〔2013〕36号,中国保监会关于规范有限合伙式股权投资企业投资入股保险公司有关问题的通知,,BOUNDARY,低,,,保险公司|保险资产管理,,[title]…中国保监会关于规范有限合伙式股权投资企业投资入股保险公司有关问题的通知 保监发〔2013〕36号。各保险公司、保险资产管理公司，各保监局：。为进一步落实《中国保监会关…,2109,True,True,RFN-2518efc21ba4410e;RFN-2518efc21ba4410e
nfra,883253d67bbb5979b6833477241d7a92f390420055ed589c82248e2ac3cd5fdb,保监厅发〔2013〕30号,中国保监会办公厅关于保险销售、保险经纪、保险公估从业人员资格证书和执业证书有关事项的通知,,EXCLUDE,中,,保险营销员|保险销售从业人员,保险公司|保险营销|保险销售,保险公估|保险经纪,[meta]…人员资格证书和执业证书有关事项的通知 保监厅发〔2013〕30号。各保监局，各保险公司、保险中介公司：。根据《保险销售从业人员监管办法》（保监会令2013第2号）、《保险经纪从业人员、保险公估从业人员监管办法》（保监会令2013第3号）…,2229,True,True,RFN-486bfdb11f7dfd67;RFN-486bfdb11f7dfd67
nfra,40eefd0495c197832b0d861b0789d8b2922047747a620640bd1790419af660d5,保监厅发〔2013〕29号,关于部分保险公司纳入分类监管实施范围的通知,,INCLUDE,中,人寿保险|人身保险|养老保险|寿险,,,,[body]…财产保险股份有限公司， 富邦财产保险有限公司， 劳合社保险（中国）有限公司， 信利保险（中国）有限公司， 安邦人寿保险股份有限公司， 中融人寿保险股份有限公司， 利安人寿保险股份有限公司， 前海人寿保险股份有限公司， 华汇人寿保…,1910,True,True,RFN-fb0cf3973c963bd5;RFN-fb0cf3973c963bd5
nfra,874e89f8669ef19746c235b3d12c66256ae08ece247eea6b6f0f487ef42b505c,保监发〔2013〕35号,中国保监会关于启动保险业地震应急三级响应程序的通知（已废止）,,BOUNDARY,低,寿险,,,,[body]…）建立应急指挥机构。保监会成立应急工作小组，王祖继副主席任组长，李劲夫、黄洪主席助理任副组长，办公厅、产险部、寿险部、四川保监局为成员，工作小组办公室设在办公厅，统一组织领导保险业抗震救灾工作。 有关保监局和各保险公司要及时…,3594,True,True,RFN-6b2021a7fa36fd58;RFN-6b2021a7fa36fd58
nfra,7a91a94070416c79fa9ff33f37a7685377bf3b7226a5b0d678f350b778946dd5,保监会令2013年第4号,非保险机构投资境外保险类企业管理办法（保监会令2013年第4号）,,BOUNDARY,低,,,保险机构,,[title]…非保险机构投资境外保险类企业管理办法（保监会令2013年第4号） 非保险机构投资境外保险类企业管理办法（保监会令2013…,438,True,True,RFN-d9e570ad3732a7a1
nfra,dfb62536c46d6abdab86f00d277712376f971988ac96f494650e800506d66345,保监发〔2013〕29号,中国保监会关于《保险公司股权管理办法》第四条有关问题的通知,,BOUNDARY,低,,,保险公司|保险资产管理,,[title]…中国保监会关于《保险公司股权管理办法》第四条有关问题的通知 保监发〔2013〕29号。各保险公司、保险资产管理公司，各保监局：。为优化…,1925,True,True,RFN-ef2f0c3ef2a0a822;RFN-ef2f0c3ef2a0a822
nfra,ac557135e239d105c52fd6b9b9fe03cde5f9418d05d1def2cefe8ea4807c7793,保监发〔2013〕28号,中国保监会关于保险机构投资风险责任人有关事项的通知,,BOUNDARY,低,,,保险公司|保险机构|保险资产管理|保险资金,,[title]…中国保监会关于保险机构投资风险责任人有关事项的通知 保监发〔2013〕28号。各保险公司、保险资产管理公司：。根据《关于加强和改进保…,3385,True,True,RFN-6818d5f0094ae98c;RFN-6818d5f0094ae98c
nfra,9c6770d0f753de564e7c51879134593c5c5a75ab516dc2f5a5f9ec1fd7f333b2,保监发〔2013〕26号,中国保监会关于加强农业保险业务经营资格管理的通知,,EXCLUDE,中,,,保险公司|保险机构|保险条款|偿付能力|分支机构,财产保险公司,[meta]…中国保监会关于加强农业保险业务经营资格管理的通知 保监发〔2013〕26号。各保监局、各财产保险公司：。为加强农业保险业务经营资格管理，根据《中华人民共和国保险法》、《农业保险条例》的相关规定，现将有关事项通知…,3546,True,False,
nfra,2f8e695764f617997b532936bfeb5280a19242aa462ab08e9bcf4952339d5e5c,保监发〔2013〕25号,中国保监会关于加强农业保险条款和费率管理的通知,,EXCLUDE,中,,,保险产品|保险公司|保险条款|偿付能力,财产保险公司,[meta]…中国保监会关于加强农业保险条款和费率管理的通知 保监发〔2013〕25号。各保监局，中国保险行业协会，各财产保险公司：。为加强农业保险条款和费率管理，促进农业保险业务平稳健康发展，根据《农业保险条例》和《财产保险公司保险条款和…,3619,True,False,
nfra,a7eb61437c4642ec6e7bef28b5cf630b2d44dc0dc33884d51aa3c93b0988113f,保监厅发〔2013〕20号,关于规范保险机构向中国保险监督管理委员会报送文件的通知,,BOUNDARY,低,,,保险公司|保险机构|保险资产管理|分支机构,,[title]…关于规范保险机构向中国保险监督管理委员会报送文件的通知 保监厅发〔2013〕20号。各保险公司、保险资产管理公司、保险专业中介…,2819,True,True,RFN-ea87b9c442d27464;RFN-ea87b9c442d27464
nfra,4e8903851628c9872b7c4e01b906950c5a218b8cdd0cb0eb76f11d9097cb7c92,保监财会〔2013〕250号,中国保监会关于免征保险公司经营城乡居民大病保险业务监管费的通知,,BOUNDARY,低,,,保险公司,,[title]…中国保监会关于免征保险公司经营城乡居民大病保险业务监管费的通知 保监财会〔2013〕250号。各保监局，各保险公司：。根据《财政部 国家…,700,True,True,RFN-5483f2b473333550;RFN-5483f2b473333550
nfra,5fc684b33b8b9aa07a7990815e362632cbdef300d2f4677b40c426598ce6b0f1,保监发〔2013〕24号,中国保监会关于印发《保险公司偿付能力报告编报规则——问题解答第15号：信用风险评估方法和信用评级》等5项问题解答的通知,,EXCLUDE,中,,,保险公司|保险资产管理|保险资金|偿付能力,信托公司|商业银行|基金管理公司|证券公司|银行业金融机构,[body]…础设施债权投资计划 问：保险公司根据《关于保险资金投资有关金融产品的通知》等有关规定，投资的保险资产管理公司、信托公司等专业投资机构发行的基础设施债权投资计划，在偿付能力报告中如何认可和披露？ 答：保险公司投资的保险资产管理公司…,14519,True,True,RFN-b9f342fc87f344e4;RFN-b9f342fc87f344e4
nfra,1ebb5678ca359815fd2575e0906ceb76aee1b34404838c39f16a3af3cd16bcf3,保监会令2013年第5号,保险公司次级定期债务管理办法,,BOUNDARY,低,,,保单|保险公司|保险资产管理|偿付能力,,[title]…保险公司次级定期债务管理办法 保监会令2013年第5号。现发布《中国保险监督管理委员会关于修改〈保险公司次级定期债务管…,10603,True,True,RFN-28384a7adbcc5554
nfra,c80eb97ddaf6cdfb8701ea1022926a147fe734b30b7f56a36abdabf5e641c237,保监发〔2013〕20号,中国保监会关于印发《保险公司分支机构市场准入管理办法》的通知,,BOUNDARY,低,,,保险公司|保险公司分支机构|保险机构|偿付能力|分支机构,,[title]…中国保监会关于印发《保险公司分支机构市场准入管理办法》的通知 保监发〔2013〕20号。各保险公司，各保监局，机关各部门：。为统一规范保险公司分支…,10356,True,True,RFN-d28d3f2a239e52f1;RFN-d28d3f2a239e52f1
nfra,f737273fdb7c6341c2fc59548db603a0ed7b45a19d1f1e0ce35756bb65e85d6b,保监发〔2013〕19号,中国保监会关于印发《保险公司城乡居民大病保险业务管理暂行办法》的通知,,INCLUDE,中,人身保险|健康保险,,,,[body]…当符合下列格式： “保险公司名称”＋“说明性文字”＋“城乡居民大病团体医疗保险” 大病保险专属产品报中国保监会人身保险监管部备案。 保险公司不得以其他产品承保大病保险。 第十七条 大病保险保险期间为一年。保险公司每年按照大病保险…,12758,True,True,RFN-7efc9ab76809e0d3;RFN-7efc9ab76809e0d3
nfra,f91efa1ea4c3799d8c677fa6b2691fe3fb28853dee1f5f5d5d2dc633184c4ea1,保监发〔2013〕18号,中国保监会关于印发《保险公司发展规划管理指引》的通知,,BOUNDARY,低,,,保险公司|保险资产管理|偿付能力|分支机构,,[title]…中国保监会关于印发《保险公司发展规划管理指引》的通知 保监发〔2013〕18号。各保险集团（控股）公司、各保险公司：。为规范保险公司发展规…,6523,True,True,RFN-df2ad88fbaa24dee;RFN-df2ad88fbaa24dee
nfra,f9051257192b3f0818a54bba3b22e497f7c6b0ac5475446f96aade2f9a149f96,保监厅发〔2013〕15号,中国保监会办公厅关于进一步做好保险公司公开信息披露工作的通知,,INCLUDE,中,人寿保险|人身保险公司,,,财产保险公司,[meta]…中国保监会办公厅关于进一步做好保险公司公开信息披露工作的通知 保监厅发〔2013〕15号。中国人寿保险（集团）公司，各财产保险公司、各人身保险公司：。为进一步贯彻落实《保险公司信息披露管理办法》（保监会令〔201…,2920,True,True,RFN-db8d146a4c8fb677;RFN-db8d146a4c8fb677
nfra,6f5b02565562d041e9c4fb3cdf4c73244ddc7c0a7736151bb78ce365682ffd0b,保监发〔2013〕16号,中国保监会关于进一步发挥保险经纪公司促进保险创新作用的意见,,EXCLUDE,中,,,保单|保险产品|保险公司|保险条款|保险消费者,保险经纪公司,[title]…中国保监会关于进一步发挥保险经纪公司促进保险创新作用的意见 保监发〔2013〕16号。各保监局，各保险公司、保险经纪公司，中国保险行业协会，中国保…,1623,True,True,RFN-46e6b360a0b63c9b;RFN-46e6b360a0b63c9b
nfra,7611c90f2b4f6b3dc686cd560b07e1de86cda9801a96b2a97044f74b3a071273,国发〔2011〕35号,关于开展环境污染强制责任保险试点工作的指导意见,,BOUNDARY,低,,,保险产品|保险公司|保险条款,保险经纪机构|银行业金融机构,[body]…门和保险监管部门联合推动地方人大和人民政府，制定发布了一系列推进环境污染责任保险的法规、规章和规范性文件，引导保险公司开发相关保险产品，鼓励和督促高环境风险企业投保，取得积极进展。 根据环境风险管理的新形势新要求，开展环境污染强…,9102,True,False,
nfra,ac8fb21ee0351a27208a94c71d62c8420d30200d53d82c38d310f765a9ca7580,银监办发〔2013〕51号,中国银监会办公厅关于做好２０１３年农村金融服务工作的通知,办公厅,EXCLUDE,中,,,保单|分支机构,商业银行|银行业|银行业金融机构,[meta]…监会办公厅关于。做好２０１３年农村金融服务工作的通知。银监办发〔２０１３〕５１号。各银监局，各政策性银行、国有商业银行、股份制商业银行，邮政储蓄银行，各省级农村信用联社：。为贯彻落实中央农村工作会议精神，按照中央一号文件要求，结…,6981,True,False,
nfra,ba2e4903013d70386c60df5e1a60873438fefb81b90dfc9f455b7dce1d1f376a,保监资金〔2013〕124号,中国保监会关于保险资产管理公司开展资产管理产品业务试点有关问题的通知,,BOUNDARY,低,,,保险公司|保险资产管理|保险资金,,[title]…中国保监会关于保险资产管理公司开展资产管理产品业务试点有关问题的通知 保监资金〔2013〕124号。各保险集团（控股）公司、保险公司、保…,3634,True,True,RFN-06f7b3078ec01834;RFN-06f7b3078ec01834
nfra,1db032e46a99099aba71edd9e54c26e64cf2652484209c46e03ef37cb9065f14,保监发〔2013〕10号,关于加强和改进保险机构投资管理能力建设有关事项的通知,,BOUNDARY,低,,,保险公司|保险机构|保险资产管理|保险资金,,[title]…关于加强和改进保险机构投资管理能力建设有关事项的通知 保监发〔2013〕10号。各保险集团（控股）公司、保险公司、保险资产管理公司：…,2294,True,True,RFN-7b83962c7eddc55d;RFN-7b83962c7eddc55d
nfra,2095314201beb61eaab03267f01ab637b8d0c19b83de45ef7971878aa5366686,保监资金〔2013〕93号,关于债权投资计划注册有关事项的通知,,BOUNDARY,低,,,保险资产管理|保险资金,,[meta]…关于债权投资计划注册有关事项的通知 保监资金〔2013〕93号。各保险资产管理公司：。为推动债权投资计划业务创新发展，提高监管效率和透明程度，根据《基础设施债权投资计划管理暂行规定》《保险…,1590,True,False,
nfra,51508b109a86b03ad07208d966429eefbacd03aaaaebb59af202f5d3db7b37ff,保监发〔2013〕5号,关于印发《保险公司偿付能力报告编报规则——问题解答第14号：城乡居民大病保险最低资本》的通知,,BOUNDARY,低,,,保险公司|偿付能力,,[title]…关于印发《保险公司偿付能力报告编报规则——问题解答第14号：城乡居民大病保险最低资本》的通知 保监发〔2013〕5号。各保险公司…,612,True,True,RFN-c9b8d1198d70029a;RFN-c9b8d1198d70029a
nfra,0b6a316394868e86d339f9f01e3d26c8d2d92375c7cc66ebc56a5a82b1b1c3f7,保监发〔2013〕3号,关于实施《保险专业代理机构基本服务标准》《保险经纪机构基本服务标准》《保险公估机构基本服务标准》的通知,,EXCLUDE,中,,,保单|保险产品|保险公司|保险条款|保险消费者|偿付能力,保险中介机构|保险公估|保险经纪|保险经纪机构,[title]…关于实施《保险专业代理机构基本服务标准》《保险经纪机构基本服务标准》《保险公估机构基本服务标准》的通知 保监发〔2013〕3号。各保险中介机构，各保监局：。根据《保…,11600,True,True,RFN-3426f86e4664d8a4;RFN-3426f86e4664d8a4
nfra,6e7649658476f924f4b251b49b7ed3240d3fc0e645c15321c6a05a5c8d844fe3,保监产险〔2013〕42号,关于规范财产保险公司电话营销业务市场秩序 禁止电话营销扰民有关事项的通知,,EXCLUDE,中,,,保单|保险公司,财产保险公司,[title]…关于规范财产保险公司电话营销业务市场秩序 禁止电话营销扰民有关事项的通知 保监产险〔2013〕42号。各财产保险公司：。自2007…,2878,True,False,
nfra,6ce9fa34099ce89d0db046c8ebd32ea6153247efddce6e6ea56679dd87e460f3,保监会令2013年第3号,保险经纪从业人员、保险公估从业人员监管办法,,EXCLUDE,中,,,,保险公估|保险经纪|保险经纪机构,[title]…保险经纪从业人员、保险公估从业人员监管办法 保监会令2013年第3号。《保险经纪从业人员、保险公估从业人员监管办法》已…,8300,True,True,RFN-7d50757a099c2c05
nfra,f1ad054daf9731974e359ecc2ed8d0e7c7dd44980740e1efdfcd865543091ad8,保监会令2013年第2号,保险销售从业人员监管办法,,INCLUDE,中,,保险营销员|保险销售从业人员,保险产品|保险公司|保险营销|保险销售,再保险公司,[title]…保险销售从业人员监管办法 保监会令2013年第2号。《保险销售从业人员监管办法》已经2012年12月21日中国保险监督管理委员…,8302,True,True,RFN-716a2ec78544f772
nfra,c71abb89c10d265855473af93fa4bf106e4da97974416952a5ec979e22ded63f,保监厅发〔2012〕75号,关于印发《中国保监会电子文件传输系统管理暂行办法》的通知,,BOUNDARY,低,,,保险公司|保险公司分支机构|保险资产管理|分支机构,,[meta]…保监会电子文件传输系统管理暂行办法》的通知 保监厅发〔2012〕75号。各保监局，机关各部门，各保险集团公司、保险公司、保险资产管理公司：。为规范电子文件传输系统的操作使用，保证系统的安全稳定运行，中国保监会办公厅制定了《中国保…,5668,True,False,
nfra,122adc6f57234805a452c0638471faed0296afe1e6f0ffe19bb493ef925bf6b0,保监消保〔2012〕1436号,关于尽快遏制电销扰民有关事项的通知,,BOUNDARY,低,,,保单|保险产品|保险公司|保险消费者,,[meta]…关于尽快遏制电销扰民有关事项的通知 保监消保〔2012〕1436号。各保监局，各保险公司，中国保险行业协会：。近期，我会受理的电话销售投诉急剧上升。投诉主要反映电销人员不分时段拨打、违背消费者意愿反…,3190,True,True,RFN-9f118d8b4f935440;RFN-9f118d8b4f935440
nfra,13d933635af929f0072a7dc7b4758d6cbef54675d110e67a67b0ad444a0c3587,银监发〔2012〕56号,中国银监会关于商业银行资本工具创新的指导意见,办公厅,EXCLUDE,中,,,,商业银行,[title]…中国银监会关于商业银行资本工具创新的指导意见 中国银监会关于商业银行资本工具创新的指导意见。中国银监会关于商业银行资本工具创新的指导…,3940,True,False,
nfra,617fef27aca91d3e118de8bb73362eb139aacbd3fe7ed7aebcd3db8b0bf53c57,银监发〔2012〕57号,中国银监会关于实施《商业银行资本管理办法（试行）》过渡期安排相关事项的通知,办公厅,EXCLUDE,中,,,,商业银行,[title]…中国银监会关于实施《商业银行资本管理办法（试行）》过渡期安排相关事项的通知 中国银监会关于实施《商业银行资本管理办法（试行）》过渡期安排相…,2428,True,False,
nfra,5323ecf4a3e2968bba5cbb2b4683fd5c032fa26feb399bb2314b74577b645728,保监发〔2012〕107号,中国保监会关于废止部分规范性文件的通知,,EXCLUDE,中,,,保险公司,保险中介机构,[meta]…于废止部分规范性文件的通知 保监发〔2012〕107号。各保监局、机关各部门、中国保险行业协会、各保险公司、各保险中介机构：。为了适应保险市场发展的需要，加强依法行政，我会对现行部门规章和规范性文件进行了清理，决定废止一部分规范性文…,628,True,False,
nfra,0205e0f5ca26c69896f06d2dc323659d006327885720585b7265221b31602bcf,保监发〔2012〕102号,关于贯彻实施《保险公司董事及高级管理人员审计管理办法》有关事项的通知,,BOUNDARY,低,,,保险公司,,[title]…关于贯彻实施《保险公司董事及高级管理人员审计管理办法》有关事项的通知 保监发〔2012〕102号。各保险公司：。为进一步规范高管人员…,2416,True,True,RFN-346b58f3f99b3575;RFN-346b58f3f99b3575
nfra,2e7aa58376f39b7f8f7325b08be8edb40acde451ec52f8f29d737b2d91f23e1d,国发〔2012〕52号,中国保监会关于第六批取消和调整行政审批项目的通知,,EXCLUDE,中,,,保险公司|保险公司分支机构|保险机构|分支机构,保险中介机构,[body]…会签的有关项目），即日起不再征求相关部门意见。 五、请各保监局接到本通知后，及时转发给辖内各保险公司分支机构、保险中介机构及其分支机构、各国保险机构驻华代表机构、保险行业协会、保险学会。 附件：1.中国保监会第六批取消的行政审批项目…,1427,True,False,
nfra,61104b6ce2b8237b34143e00ecab0edf9d1b3ecd632e09fa7ceed30dcab6a8b5,保监发〔2012〕101号,关于贯彻实施《保险公司薪酬管理规范指引（试行）》有关事项的通知,,EXCLUDE,中,,,保险公司|保险资产管理,再保险公司,[body]…”是指保监会每年第4季度对保险公司法人机构进行的分类评价结果。 （二）保险集团（控股）公司、保险资产管理公司和再保险公司不适用于《指引》第19条的有关规定，可以由公司根据自身情况和风险考核结果对相关人员薪酬进行调整。 六、关于薪酬…,2487,True,True,RFN-980f4673ed196dd3;RFN-980f4673ed196dd3
nfra,4f7f5bafcd12eff43ceafa83df058c575b36c87c0e7657bea5ccde875cb412ce,保监厅发〔2012〕65号,中国保监会关于报送年度信息披露报告的通知,,INCLUDE,中,人寿保险|人身保险公司,,,财产保险公司,[meta]…中国保监会关于报送年度信息披露报告的通知 保监厅发〔2012〕65号。中国人寿保险（集团）公司，各人身保险公司、财产保险公司：。为进一步做好保险公司信息披露工作，方便保险消费者查询保险公司相关…,1408,True,True,RFN-eb8790959742975f;RFN-eb8790959742975f
nfra,416ac9bfd5c93ce515c8303138acd17046a1a90f0f2b43e7b73b8a14c05a1924,保监发〔2012〕105号,中国保监会关于印发《人身保险业综合治理销售误导评价办法（试行）》的通知,,INCLUDE,高,人身保险|人身保险公司|养老保险公司,,,,[title]…中国保监会关于印发《人身保险业综合治理销售误导评价办法（试行）》的通知 保监发〔2012〕105号。各保监局，各人身保险公司：。为规范人身…,5838,True,True,RFN-eddfdcf713ef5e47;RFN-eddfdcf713ef5e47
nfra,7de20f0a815212b6fbae5206c09598fdc5f0799d48eb8c0b5f9406c496ee730f,保监发〔2012〕99号,中国保监会关于印发《人身保险公司销售误导责任追究指导意见》的通知,,INCLUDE,高,人身保险|人身保险公司,,,,[title]…中国保监会关于印发《人身保险公司销售误导责任追究指导意见》的通知 保监发〔2012〕99号。各保监局，各人身保险公司：。为进一步强化各人身保险…,8390,True,True,RFN-bcfc514b94391a98;RFN-bcfc514b94391a98
nfra,6dbe46cc5195d94d1b05adfef946508a663e217883443f2b23905a90ca2e9ca9,保监发〔2012〕95号,关于印发《保险资金参与股指期货交易规定》的通知,,BOUNDARY,低,,,保险公司|保险机构|保险资产管理|保险资金,,[title]…关于印发《保险资金参与股指期货交易规定》的通知 保监发〔2012〕95号。各保险集团（控股）公司、保险公司、保险资产管理公司：。…,4723,True,True,RFN-43cedd2b26090af4;RFN-43cedd2b26090af4
nfra,a0fb5683acc2eb7b0136a6d4a759887bad07db967c9cb861ac983402c4f7a203,保监发〔2012〕94号,关于印发《保险资金参与金融衍生产品交易暂行办法》的通知,,BOUNDARY,低,,,保险公司|保险机构|保险资产管理|保险资金,,[title]…关于印发《保险资金参与金融衍生产品交易暂行办法》的通知 保监发〔2012〕94号。各保险集团（控股）公司、保险公司、保险资产管理…,8633,True,True,RFN-82f29702d5b1ab6d;RFN-82f29702d5b1ab6d
nfra,bf7de455e55489fd0c7d86e2263e98d5e36f21ff4e17b382815b0da778bcc48d,保监发〔2012〕93号,关于印发《保险资金境外投资管理暂行办法实施细则》的通知,,EXCLUDE,中,,,保险公司|保险机构|保险资产管理|保险资金|偿付能力,商业银行,[body]…率、核心资本充足率、信用级别按其母（总）公司计算； （四）从事保险资产托管业务的专业人员不少于6人。 第九条 商业银行与委托人有下列关系之一的，不得担任该委托人的托管人或托管代理人： （一）一方直接或者间接持有另一方股份超过10…,11427,True,True,RFN-885d0dc2e2c8dca7;RFN-885d0dc2e2c8dca7
nfra,c1b4228b8fc268d6fcefc9e8134b4d631279cb29b1e920921cb77f034b1ae716,保监发〔2012〕92号,关于印发《基础设施债权投资计划管理暂行规定》的通知,,EXCLUDE,中,,,保险公司|保险资产管理|保险资金,商业银行|金融资产,[body]…债权投资计划的受益凭证，应当在中国保险监督管理委员会（以下简称中国保监会）认可的机构登记和存管，并在符合条件的金融资产交易场所发行、交易和流通。 第六条 中国保监会负责制定债权投资计划业务的政策，依法对债权投资计划业务进行监督管…,20048,True,False,
nfra,4527f276d81a24df94fec2adafab4890baff3a2eed351c8cbe23a2aab8edc10b,保监发〔2012〕91号,关于保险资金投资有关金融产品的通知,,EXCLUDE,中,,,保险公司|保险机构|保险资产管理|保险资金|偿付能力,信托公司|商业银行|证券公司|银行业金融机构,[body]…暂行办法》及相关规定，现就保险资金投资理财产品等类证券化金融产品通知如下： 一、保险资金可以投资境内依法发行的商业银行理财产品、银行业金融机构信贷资产支持证券、信托公司集合资金信托计划、证券公司专项资产管理计划、保险资产管理公司…,6581,True,True,RFN-8d1c22b57e567cc6;RFN-8d1c22b57e567cc6
nfra,1b97279b907e2c28a94f8dd187d02357aafea1f8feb922a77990be377ae49373,银监发〔2012〕50号,中国银监会关于印发《农户贷款管理办法》的通知,办公厅,EXCLUDE,中,,,分支机构,商业银行|银行业|银行业金融机构,[meta]…》的通知。中国银监会关于印发《农户贷款管理办法》的通知。银监发[2012]50号。各银监局，各政策性银行、国有商业银行、股份制商业银行，邮政储蓄银行，北京、天津、上海、重庆、宁夏黄河、深圳农村商业银行，各省级农村信用联社：。现将…,11364,True,False,
nfra,679d3662e8f4c03cede46a3f122ce437c79c402cbdb15c47869147f0ce135308,保监发〔2012〕87号,中国保监会关于印发《人身保险销售误导行为认定指引》的通知,,INCLUDE,高,人身保险|人身保险公司,,,保险经纪|保险经纪机构,[title]…中国保监会关于印发《人身保险销售误导行为认定指引》的通知 保监发〔2012〕87号。各保监局，机关各部门，各人身保险公司、保险代理机构、保…,5613,True,True,RFN-a429aecda05abca9;RFN-a429aecda05abca9
nfra,708ed929137511523ed500d6838fda4b26cfe85777864b0cb27c5cbfb047b684,保监发〔2012〕82号,关于支持汽车企业代理保险业务专业化经营有关事项的通知,,EXCLUDE,中,,保险兼业代理,保险公司|保险消费者|保险销售|分支机构,保险经纪|保险经纪公司|保险经纪机构,[body]…业经营场所设立的分支机构负责人，可以由汽车保险代理、保险经纪公司，或者其他分支机构工作人员兼任。上述经营场所原保险兼业代理业务许可证应当予以注销。每个营业场所应当至少有一名专职人员负责保险代理业务。 六、在汽车企业兼业经营保险代理业…,2825,True,True,RFN-3757cab1bacff89d;RFN-3757cab1bacff89d
nfra,9502209c8667ed1ff54bbf1363f4e9c35247f5665903a8ae6d2784fbef53e648,保监发〔2012〕73号,关于健康保险产品提供健康管理服务有关事项的通知,,INCLUDE,中,人身保险公司|健康保险,,,,[meta]…关于健康保险产品提供健康管理服务有关事项的通知 保监发〔2012〕73号。各保监局、各人身保险公司：。为促进健康保险领域产品创新，充分发挥商业健康保险在构建多层次医疗保障体系中的重要作用，现将有关事项通知如下…,1402,True,True,RFN-e2c2f74df4286e2d;RFN-e2c2f74df4286e2d
nfra,298c3db48835b2c0bb238d666bd0f9119e568034759a41497d8f174cdcfbfd58,保监发〔2012〕69号,中国保监会关于印发《关于加强反保险欺诈工作的指导意见》的通知,,BOUNDARY,低,健康保险,,,保险中介机构|再保险公司,[body]…构应健全与公安部门和司法机关的案件移交、联合执法机制，建立案件联合督办机制。探索建立与医疗卫生部门共同打击医疗健康保险骗赔案件的联动机制。 （二）加强信息互通。各级监管机构应完善与司法及公安、人民银行、工商等部门的案件信息和执法…,7380,True,True,RFN-266631d9e9362909;RFN-266631d9e9362909
nfra,ce7527ff9596f9f42a52a020be51d761afa05e027eb044703d7232a75b550f85,保监会令2012年第1号,保险公司控股股东管理办法　 ,,BOUNDARY,低,,,保险公司|偿付能力,,[title]…保险公司控股股东管理办法　  保监会令2012年第1号。《保险公司控股股东管理办法》已经2012年7月10日中国保险监…,7556,True,True,RFN-0ee86948e7059ffb
nfra,3dc6f597132e13faece396cf886ba0acdd43e8f55bddcfc9f4286397f7ebf2ad,保监发〔2012〕61号,中国保监会关于印发《保险资产配置管理暂行办法》的通知,,BOUNDARY,低,寿险,,,,[body]…送经营管理层和专业委员会审议，并由专业委员会提交董事会审定。 第五章独立账户配置管理 第二十六条 保险公司开发寿险投资连结保险产品、变额年金产品、养老保障委托管理产品和非寿险非预定收益投资型保险产品等，应当根据中国保监会有关…,9205,True,True,RFN-d58cf05febbb90b9;RFN-d58cf05febbb90b9
nfra,c869d87c45a4dd366ead75d30b86a8b1c903fd48496edcd95796f54b78fc5009,保监发〔2012〕59号,关于保险资金投资股权和不动产有关问题的通知,,BOUNDARY,低,,,保险公司|保险机构|保险资产管理|保险资金|偿付能力,,[title]…关于保险资金投资股权和不动产有关问题的通知 保监发〔2012〕59号。各保险集团（控股）公司、保险公司、保险资产管理公司：…,5843,True,True,RFN-b5ae42d7f786b9cf;RFN-b5ae42d7f786b9cf
nfra,de3223a6054ff3323ffd908c3b108cfcdcf2af613c31145a4edb3eae4b05f05f,保监发〔2012〕60号,中国保监会关于印发《保险资金委托投资管理暂行办法》的通知,,EXCLUDE,中,,,保险产品|保险公司|保险机构|保险资产管理|保险资金,基金管理公司|证券公司,[body]…投资管理人，是指在中国境内依法设立的，符合中国保险监督管理委员会（以下简称中国保监会）规定的保险资产管理公司、证券公司、证券资产管理公司、证券投资基金管理公司及其子公司（以下简称基金管理公司）等专业投资管理机构。 第三条 保险公…,9339,True,True,RFN-5c7e063e18d20d3e;RFN-5c7e063e18d20d3e
nfra,cfe6d4dc9447b4c6766969c39d572402a571b0dd48238a7f4fb97b82928922ba,保监发〔2012〕63号,关于印发《保险公司薪酬管理规范指引（试行）》的通知,,EXCLUDE,中,,,保险公司|保险资产管理|偿付能力,再保险公司,[body]…（七）财务风险指标。 每类风险指标的构成参照中国保监会有关分类监管的规定确定。保险集团公司、保险资产管理公司和再保险公司风险合规指标由公司根据自身情况和有关监管规定确定。 第十八条  保险公司应当制定规范的考核流程，按照“层层负责…,9831,True,True,RFN-b6ea01e31f1e9bb4;RFN-b6ea01e31f1e9bb4
nfra,c7193affa493c52d47e5079ed05407a046b284fcb171302eb646b54ac37bcb49,保监中介〔2012〕811号,关于贯彻依法经营依法监管原则切实维护投保人和被保险人权益的通知（已废止）,,BOUNDARY,低,,,保险公司,,[meta]…彻依法经营依法监管原则切实维护投保人和被保险人权益的通知（已废止） 保监中介〔2012〕811号。各保监局、各保险公司、各保险专业中介机构：。为贯彻依法经营、依法监管原则，切实维护投保人和被保险人合法权益，现将有关事项通知如下：…,899,True,True,RFN-60747fe55af9f278;RFN-60747fe55af9f278
nfra,6dd681a7e2214b7fc8e219098100c3e7b75c2974b249f7d2d31038431ec4350e,保监发〔2012〕58号,中国保监会关于印发《保险资金投资债券暂行办法》的通知,,EXCLUDE,中,,,保险产品|保险公司|保险机构|保险资产管理|保险资金|偿付能力|投资连结保险,商业银行|证券公司|银行业,[body]…，且不具备政府信用的债券，包括金融企业（公司）债券和非金融企业（公司）债券。 第九条 金融企业（公司）债券包括商业银行可转换债券、混合资本债券、次级债券以及金融债券，证券公司债券，保险公司可转换债券、混合资本债券、次级定期债券和…,12360,True,True,RFN-899102dad2cc5cec;RFN-899102dad2cc5cec
nfra,6ce03a913fd2ec680c2885f94b1bb6c1f23af08c83c6e22660fcc6bf8c55c893,保监发〔2012〕53号,关于印发《全面推广小额人身保险方案》的通知,,INCLUDE,高,人身保险|人身保险公司|健康保险|寿险,,,,[title]…关于印发《全面推广小额人身保险方案》的通知 保监发〔2012〕53号。各人身保险公司、各保监局：。为积极响应中央服务三农的号召，推进人身保险…,6463,True,True,RFN-9c83cfa72ffc76b8;RFN-9c83cfa72ffc76b8
nfra,9da9459d915f76c96fd09dc1c8c8a5e99d2e96b7b7d69c4cb258cba52e9e55f3,保监发〔2012〕55号,关于保险公司加强偿付能力管理有关事项的通知,,BOUNDARY,低,,,保险公司|偿付能力,,[title]…关于保险公司加强偿付能力管理有关事项的通知 保监发〔2012〕55号。各保险集团公司、保险公司：。为贯彻落实全国金融工作会…,3042,True,True,RFN-0c0effabceb78ad2;RFN-0c0effabceb78ad2
nfra,adc0f4e19b45c71da254d077a043621acdd8ae92555a0ad802f9bae56162dcef,保监中介〔2012〕693号,关于进一步规范保险中介市场准入的通知,,EXCLUDE,中,,,保险公司|分支机构,保险公估|保险经纪机构,[body]…对本通知发布之前已经受理的设立申请， 继续按程序办理。  保监会将尽快修订《保险专业代理机构监管规定》、 《保险经纪机构监管规定》和《保险公估机构监管规定》， 完善保险中介市场准入机制， 促进保险中介转型升级。  中国保险监督管理…,875,True,True,RFN-0e1df71593d3a9f3
nfra,3b451f4b6585691f01579af0f39ef17d742360c1df7c2918c1ddb7c77f9c23a2,银监办发〔2012〕189号,中国银监会办公厅关于农村中小金融机构实施富民惠农金融创新工程的指导意见,办公厅,BOUNDARY,低,,,保险机构,,[body]…信用、 联保和互保等贷款担保方式； 积极鼓励以政府资金为主体设立的各类担保机构为涉农业务提供融资担保； 加强与保险机构合作， 探索开展涉农贷款保证保险业务等业务品种。 在全面调查农户信用状况等“软信息”基础上， 适当降低担保门槛…,6233,True,False,
nfra,933954bfe25d1acb78c0623a402a9767de06afc3d362170d428c13514fca9ca4,银监办发〔2012〕191号,中国银监会办公厅关于农村中小金融机构实施阳光信贷工程的指导意见,办公厅,EXCLUDE,—,,,,,,5822,True,False,
nfra,7d21bae5db7a73109813d40810e1a23da3bed584480e7a7f3135cd8f0e0f5b46,银监办发〔2012〕190号,中国银监会办公厅关于农村中小金融机构实施金融服务进村入社区工程的指导意见,办公厅,EXCLUDE,—,,,,,,4576,True,False,
nfra,0d1b649bd1dbd6e209b7b99624cf679d8d3c36efd2d5062b114a63e09348df91,国发〔2012〕11号,关于贯彻落实《“十二五期间”深化医药卫生体制改革规划暨实施方案》的通知,,BOUNDARY,低,健康保险,,,,[body]…奠定坚实基础。 《医改“十二五”规划》是未来四年深化医药卫生体制改革的纲领性和指导性文件， 对保险业尤其是商业健康保险的发展也具有重要的指导意义。  医改是一项事关国计民生的重大民生工程、 民心工程、 发展工程， 是一项功在当代…,4639,True,False,
nfra,4b945165d4d89a12b5ead3f0f0acb8689ab0f839c2dc8ddd5bf506d990897973,保监发〔2010〕58号,关于编报保险公司非寿险业务准备金评估报告有关事项的通知,,EXCLUDE,中,,,保险公司,再保险公司|财产保险公司,[meta]…关于编报保险公司非寿险业务准备金评估报告有关事项的通知 保监产险〔2012〕651号。各财产保险公司、再保险公司：。为规范保险公司非寿险业务准备金评估报告编报工作，提高非寿险业务准备金评估报告编报质量，我会决定…,7124,True,True,RFN-939ddf8251eee315;RFN-e8bea8508e4c5f61
nfra,201a73f448628760418232f09363bfce92d28f792e72390167b6a0ece28c45bc,银监发〔2012〕34号,中国银监会关于印发银行业金融机构绩效考评监管指引的通知,大型银行部,EXCLUDE,中,,,分支机构,信托公司|商业银行|金融资产|银行业|银行业金融机构,[title]…中国银监会关于印发银行业金融机构绩效考评监管指引的通知 各银监局，各政策性银行、国有商业银行、股份制商业银行、金融资产管理公司，中国邮政储蓄银…,8967,True,False,
nfra,996cb01b6ced582b631a1c41849c70027cb6833a10253efc262072a5100350f0,保监发〔2012〕45号,关于上市保险公司发行次级可转换债券有关事项的通知,,BOUNDARY,低,,,保单|保险公司|偿付能力,,[title]…关于上市保险公司发行次级可转换债券有关事项的通知 保监发〔2012〕45号。各保险公司：。为拓宽保险公司资本补充渠道，提高保险…,2926,True,False,
nfra,6524aa9e60944a6f7916deb82f51d2279b9f49882cb43a7b3734e52cf84b61bc,保监发〔2012〕46号,关于印发《保险公司非寿险业务准备金回溯分析管理办法》的通知,财产保险监管司（再保险监管司）,EXCLUDE,中,,,保单|保险公司|偿付能力,财产保险公司,[meta]…回溯分析管理办法》的通知 关于印发《保险公司非寿险业务准备金回溯分析管理办法》的通知保监发〔2012〕46号各财产保险公司：　　为加强准备金评估充足性监管，及时掌握各财产保险公司准备金评估的质量，规范非寿险业务准备金评估回溯分析工作…,9092,True,True,RFN-0684729d60cd7da4
nfra,9ed40bbb6ccb3f5b00a5ff0dbeb406661852b7f57b3055929fd10a40ea1bfced,国发〔2010〕13号,中国银监会关于鼓励和引导民间资本进入银行业的实施意见,办公厅,EXCLUDE,中,,,保单|分支机构,信托公司|商业银行|银行业|银行业金融机构,[title]…中国银监会关于鼓励和引导民间资本进入银行业的实施意见 中国银监会关于鼓励和引导民间资本进入银行业的实施意见。中国银监会关于鼓励和引导民间资本进入银行业的…,6985,True,False,
nfra,57959d53b88205a9b0e6e9a4764b49083d8c449a142bc5958f80ee16e5184807,银监办发〔2012〕160号,中国银监会办公厅关于严禁银行业金融机构及其从业人员参与民间融资活动的通知,大型银行部,EXCLUDE,中,,,,信托公司|商业银行|银行业|银行业金融机构,[title]…中国银监会办公厅关于严禁银行业金融机构及其从业人员参与民间融资活动的通知 各银监局，各政策性银行、国有商业银行、股份制商业银行，邮政储蓄银行，银监会…,3032,True,False,
nfra,3f2110a5faa5d62cfe4b0b96f67921d724ea69b5c0b79747cea7ab57b02fa2da,保监发〔2012〕40号,关于进一步加强财产保险公司投资型保险业务管理的通知,,EXCLUDE,中,,,保单|保险产品|保险公司|保险条款|偿付能力|分支机构,财产保险公司,[title]…关于进一步加强财产保险公司投资型保险业务管理的通知 保监发〔2012〕40号。各财产保险公司，各保监局：。为进一步规范财产保险公司投资型…,11672,True,False,
nfra,4a5262c07ecd1568c9de48e3700894354566ac74daab20ccd083ca83ed63a873,银监办发〔2012〕144号,中国银监会办公厅关于银行业金融机构加强残疾人客户金融服务工作的通知,办公厅,EXCLUDE,中,,,,信托公司|商业银行|金融资产|银行业|银行业金融机构,[title]…中国银监会办公厅关于银行业金融机构加强残疾人客户金融服务工作的通知 近年来，我国银行业金融机构在无障碍设施建设和提升为残疾人客户服务的能力等方面…,2545,True,False,
nfra,9b2c31b28b9cf6dd4b0913457d19813a51ca82cd3a31a48e9451e880504bbc67,保监发〔2012〕39号,关于进一步加大力度规范财产保险市场秩序有关问题的通知,,EXCLUDE,中,,,保险公司|保险消费者|偿付能力|分支机构,财产保险公司,[meta]…关于进一步加大力度规范财产保险市场秩序有关问题的通知 保监发〔2012〕39号。各财产保险公司、中国保险行业协会、各保监局：。近年来，经过不断加强综合治理，财产保险市场秩序得到较大程度的改善。但是，近一段…,7396,True,False,
nfra,36f23e2a513872287b855ead43db166ddf15fcfee0c431308e315052494bb3db,银监发〔2012〕13号,中国银监会关于完善银行业金融机构客户投诉处理机制切实做好金融消费者保护工作的通知,办公厅,EXCLUDE,中,,,分支机构,信托公司|商业银行|金融资产|银行业|银行业金融机构,[title]…中国银监会关于完善银行业金融机构客户投诉处理机制切实做好金融消费者保护工作的通知 中国银监会关于完善。中国银监会关于完善。银行业金融机构客户投…,4224,True,False,
nfra,cea7747413f7f8db20151de1ef8992ae5fb1ba3b0fb27c519ba322ba511d4881,保监中介〔2012〕324号,关于暂停区域性保险代理机构和部分保险兼业代理机构市场准入许可工作的通知,,EXCLUDE,中,,保险兼业代理,分支机构,保险中介机构,[title]…关于暂停区域性保险代理机构和部分保险兼业代理机构市场准入许可工作的通知 保监中介〔2012〕324号。各保监局：。为贯彻全国保险监管工作会议精神，规范保险…,742,True,False,
nfra,7896572e3855d42faf65b0ecf496ab4677942ca08cb1abdfd992b038974d69bb,保监发〔2012〕19号,关于印发《保险公司非寿险业务准备金基础数据、评估与核算内部控制规范》的通知,,EXCLUDE,中,,,保单|保险公司|保险公司分支机构|偿付能力|分支机构,再保险公司|财产保险公司,[meta]…印发《保险公司非寿险业务准备金基础数据、评估与核算内部控制规范》的通知 保监发〔2012〕19号。各保监局，各财产保险公司、再保险公司:。为规范保险公司对非寿险业务准备金的管理，督促公司加强准备金评估的内部控制，提高准备金计提的充足…,28619,True,True,RFN-d28ebe1b85b8d7ce;RFN-d28ebe1b85b8d7ce
nfra,3237ff90acff89ad50d604961c28c437cd44e5dfe6e0271128acba96a3a5d46d,保监中介〔2012〕202号,关于进一步规范保险专业中介机构激励行为的通知,,BOUNDARY,低,,,保险产品,,[body]…钩、 夸大公司上市带来的收益等手段， 诱导公众成为销售人员， 诱导销售人员、 客户购买与其真实保险需求不匹配的保险产品。  二、 各保监局要继续坚持“抓早抓小、 从重从快”的原则， 进一步规范辖区内保险专业中介机构激励行为， 重…,907,True,True,RFN-3c3859b938b9a995;RFN-3c3859b938b9a995
nfra,289079bef4a989e362561d48020502a803becbe29c270e92e78065207f7393d1,保监发〔2012〕16号,关于加强机动车辆商业保险条款费率管理的通知,,EXCLUDE,中,,,保单|保险产品|保险公司|保险条款|偿付能力,财产保险公司,[meta]…关于加强机动车辆商业保险条款费率管理的通知 保监发〔2012〕16号。各财产保险公司、各保监局、中国保险行业协会:。为进一步规范机动车辆商业保险（以下简称商业车险）市场秩序，完善商业车险监管制度…,7778,True,False,
nfra,7550ba6aee78d6b6b3c0359ff7a29d97bf0379926c1741cc5e589432011bf105,保监发〔2010〕89号,关于印发《人身保险公司年度全面风险管理报告框架》及风险监测指标的通知,,INCLUDE,高,人身保险公司|健康保险|养老保险公司|寿险,,,,[title]…关于印发《人身保险公司年度全面风险管理报告框架》及风险监测指标的通知 保监寿险〔2012〕193号。各寿险公司、健康保险公司、养老保…,4576,True,True,RFN-8211e4f257d246b7;RFN-acd93c63e93e8743
nfra,35049497018ca6be0cdd7df80673cc302919068a02cab2ef2d6d98e0b14d5c3c,保监发〔2012〕15号,关于印发《机动车辆保险理赔管理指引》的通知,,EXCLUDE,中,,,保单|保险公司|保险机构|保险条款|保险消费者|保险理赔|分支机构,保险中介机构|保险公估|公估机构|财产保险公司,[meta]…关于印发《机动车辆保险理赔管理指引》的通知 保监发〔2012〕15号。各保监局、各财产保险公司、中国保险行业协会:。     保监发〔2012〕15号 各保监局、各财产保险公司、中国保险行业协会: 为贯彻…,33251,True,False,
nfra,e6a839f47d71249858f5debde087d85c3f71711a5645dfc5c2e1657c63403d75,国发〔2011〕26号,中国银监会关于印发绿色信贷指引的通知,办公厅,EXCLUDE,中,,,,信托公司|商业银行|金融资产|银行业|银行业金融机构,[meta]…中国银监会关于。中国银监会关于。印发绿色信贷指引的通知。银监发〔2012〕４号。各银监局，各政策性银行、国有商业银行、股份制商业银行、金融资产管理公司，邮政储蓄银行，各省级农村信用联社，银监会直接监管的信托公司、企业集团财务公…,7326,True,False,
nfra,a0bc853ce8adb09948dcfa73f0d771cebe8779131bc8ae9c67d3e1853d207368,保监厅发〔2012〕6号,关于调整外资保险公司部分行政许可项目有关事项的通知,,BOUNDARY,低,,,保险公司|保险公司分支机构|分支机构,,[title]…关于调整外资保险公司部分行政许可项目有关事项的通知 保监厅发〔2012〕6号。各保监局，各外资保险公司：。为优化流程，提高效率，我…,738,True,False,
nfra,f0af41dd632647eeeb06e812d922cbf65522825380a26310f40a65275b58e86c,保监发〔2012〕14号,关于人身保险业综合治理销售误导有关工作的通知,,INCLUDE,高,人身保险|人身保险公司,保险兼业代理,,保险中介机构,[title]…关于人身保险业综合治理销售误导有关工作的通知 保监发〔2012〕14号。各保监局、各人身保险公司、中国保险行业协会:。为全…,7155,True,True,RFN-0e22460fd96dca27;RFN-0e22460fd96dca27
nfra,ae129f70380a48e5fb5741710c68277830c62ac4450736275834a7cb7220084e,银监发〔2012〕3号,中国银监会关于整治银行业金融机构不规范经营的通知,办公厅,EXCLUDE,中,,,分支机构,商业银行|银行业|银行业金融机构,[title]…中国银监会关于整治银行业金融机构不规范经营的通知 中国银监会关于整治。银行业金融机构不规范经营的通知。银监发〔２０１２〕３号。各银监局，各政策…,4364,True,False,
nfra,cc9c16ecfbf99a83e8366e9c978678e8bf6887d398c83c7cc0da07b361ce783d,保监发〔2012〕10号,关于调整保险业务监管费收费标准等有关事项的通知,,INCLUDE,中,人寿保险|人身保险|健康保险,,,保险中介机构|保险公估|保险经纪机构|财产险,[body]…业务，由按保险公司年度自留保费的1.7‰降为按保险公司年度自留保费的1.45‰收取。 2.对保险公司经营的长期人寿保险业务，由按保险公司年度自留保费的0.9‰降为按保险公司年度自留保费的0.75‰收取；对保险公司经营的长期健康保…,4118,True,False,
nfra,590760f41c2e39e488fbd23b6e98b267e4571411ceb5a8ebbf0d6d1ccea246fa,保监发〔2012〕9号,关于做好保险消费者权益保护工作的通知,,INCLUDE,中,人身保险|人身保险公司|寿险,,,财产保险公司,[body]…，使消费者能够客观评价各保险公司经营状况和理赔服务水平。 （四）保险公司要按照《保险公司信息披露管理办法》、《人身保险新型产品信息披露管理办法》等规章制度的要求，切实做好与保险消费者权益相关的信息披露工作，使消费者直观了解保险合…,6080,True,True,RFN-79d528d0366d0068;RFN-79d528d0366d0068
nfra,e560607d0c905f31a169ca6153409ecf3ece14597ada4f23056367fb665884ea,保监发〔2012〕8号,关于印发《保险公司财会工作规范》的通知,,BOUNDARY,低,寿险,保险销售从业人员,,再保险公司|商业银行|金融资产|银行业金融机构,[body]…等因素，及时调整投资策略和投资资产结构。 第四十九条 保险公司应当加强银行存款的管理。总资产在100亿元以上的寿险公司、总资产在20亿元以上的产险公司和再保险公司的银行存款应当符合下列要求： （一）在一家非全国性商业银行的存…,19266,True,True,RFN-67cdd17ae99cde3c;RFN-67cdd17ae99cde3c
nfra,e6224dd498d046a488a8ab510df7246a676ef6f4c254f7ae899dad663acc8de0,保监发〔2012〕6号,关于加强农业保险理赔管理工作的通知,,EXCLUDE,中,,,保险公司|保险机构|保险理赔|分支机构,财产保险公司,[meta]…关于加强农业保险理赔管理工作的通知 保监发〔2012〕6号。各保监局、各财产保险公司、中国保险行业协会：。为规范农业保险经营行为，提高农业保险理赔服务质量，保障投保农户的合法权益，各财产保险公司…,6587,True,False,
nfra,421168141c78508c625adc8a7be972d50a31b627cc6b04285a185ff74963aa4e,保监发〔2012〕5号,关于印发《中国保监会关于加强和改进财产保险理赔服务质量的意见》的通知,,EXCLUDE,中,,,保险公司|保险机构|保险消费者|保险理赔,财产保险公司|财产险,[meta]…关于印发《中国保监会关于加强和改进财产保险理赔服务质量的意见》的通知 保监发〔2012〕5号。各保监局、各财产保险公司、中国保险行业协会:。为深入贯彻落实全国保险监管工作会议精神，按照“抓服务、严监管、防风险、促发展”的监管思路…,12106,True,False,
nfra,8e2397338f66f5e993409972cb92a56af55f2a0f52db1bb6ded42a92b3350dcf,保监发〔2012〕7号,关于印发《财产保险公司再保险管理规范》的通知,,EXCLUDE,中,,,保险公司,财产保险公司,[title]…关于印发《财产保险公司再保险管理规范》的通知 保监发〔2012〕7号。各财产保险公司:。为规范财产再保险市场，促进财产保险公司提高再…,470,True,False,
nfra,39eecd7899a15fc0dc113adea429b9b7537ecde788fe6b9b2ce13060d3cf55f2,保监发〔2012〕2号,关于《人身保险公司保险条款和保险费率管理办法》若干问题的通知,,INCLUDE,高,人寿保险|人身保险|人身保险公司|健康保险,,,,[title]…关于《人身保险公司保险条款和保险费率管理办法》若干问题的通知 保监发〔2012〕2号。各人身保险公司、各保监局：。为了规范人身保…,3545,True,True,RFN-121d6863d027e70f;RFN-121d6863d027e70f
nfra,29f876cd26afd827d821519a9bbe9784bfb18a3307249e3034200b84eda2285d,,人身保险公司保险条款和保险费率管理办法,,INCLUDE,高,人寿保险|人身保险|人身保险公司|健康保险|寿险,,,,[title]…人身保险公司保险条款和保险费率管理办法 保监会令2011年第3号。《人身保险公司保险条款和保险费率管理办法》已经2011年…,15020,True,True,RFN-f52a53c26da1588a
nfra,5ed8071e4d0daa9ff61b233361e0c24b70a89bcabf06482d1f0df605a6171c17,保监稽查〔2011〕1919号,关于报送保险业反洗钱工作信息的通知,,BOUNDARY,低,,,保险公司|保险公司分支机构|保险机构|保险资产管理|分支机构,,[meta]…关于报送保险业反洗钱工作信息的通知 保监稽查〔2011〕1919号。各保监局，各保险公司、保险资产管理公司：。为贯彻落实《保险业反洗钱工作管理办法》，全面掌握行业反洗钱情况，现就保险业反洗钱工作信息…,3019,True,True,RFN-ec13776526cf0ac1;RFN-ec13776526cf0ac1
nfra,22fe96410c86d7fe26d32939b1a717a5e26b4c9c14e7e4e81989912ff684d156,保监发〔2011〕69号,中国保监会关于保险业参与加强和创新社会管理的指导意见,,BOUNDARY,低,人身保险|健康保险|养老保险,,,财产险,[body]…盖面，推进老少边贫和有关重点区域农业保险试点，探索推进农房、农机具、渔业保险以及农户综合保险，继续推广农村小额人身保险，为农民生产生活提供较为全面的保障。完善农村基层保险服务体系，规范市场运作，保护农民利益。积极推动“三农”保险…,7487,True,True,RFN-20f83fe1fb0f39c5;RFN-20f83fe1fb0f39c5
nfra,101a37b898db335071404c8de8d20506056adc3d73d96936b42ce7ac68e5bc16,保监发〔2011〕68号,关于印发《保险公司信息系统安全管理指引（试行）》的通知,,BOUNDARY,低,,,保险公司|保险资产管理,,[title]…关于印发《保险公司信息系统安全管理指引（试行）》的通知 保监发〔2011〕68号。各保险公司、保险资产管理公司：。为防范化解保险…,11558,True,True,RFN-e7461206ed46d072;RFN-e7461206ed46d072
nfra,130b69fc90e6b764e511967d024894715d545b22fa62c4d1835ca6363909a837,保监发〔2011〕66号,关于印发《保险公司偿付能力报告编报规则——问题解答第13号：次级债和股东增资》的通知,,BOUNDARY,低,,,保险公司|偿付能力,,[title]…关于印发《保险公司偿付能力报告编报规则——问题解答第13号：次级债和股东增资》的通知 保监发〔2011〕66号。各保险公司：。为…,2437,True,True,RFN-f32425c3cf39753a;RFN-f32425c3cf39753a
nfra,0efcd8cdbe97d28867faa1233945263ee2085c3da44e075d94ce1b185349424c,银监发〔2011〕94号,中国银监会关于支持商业银行进一步改进小型微型企业金融服务的补充通知,办公厅,EXCLUDE,中,,,,商业银行,[title]…中国银监会关于支持商业银行进一步改进小型微型企业金融服务的补充通知 中国银监会关于支持商业银行进一步改进小型微型企业金融服务的补充通知。…,4114,True,False,
nfra,df90a327801cf2d5b891b0608ac0656a1ed8ea4a2fa510024f9b5db4c8190263,中国保险监督管理委员会令2011年第2号,保险公司次级定期债务管理办法,,BOUNDARY,低,,,保单|保险公司|保险资产管理|偿付能力,,[title]…保险公司次级定期债务管理办法 中国保险监督管理委员会令2011年第2号。《保险公司次级定期债务管理办法》已经2011年…,9962,True,True,RFN-28384a7adbcc5554
nfra,71acc5c0367d71b85f1f68a88949d1ac57d822ca2d759b748a53e5cd49b16700,保监稽查〔2011〕1539号,关于明确保险机构案件责任追究管理有关问题的通知,,BOUNDARY,低,,,保险公司|保险机构|保险资产管理|分支机构,,[title]…关于明确保险机构案件责任追究管理有关问题的通知 保监稽查〔2011〕1539号。各保监局，各保险集团公司、保险公司、保险资产管…,7410,True,True,RFN-ad5242f3e1520bfb;RFN-ad5242f3e1520bfb
nfra,b44af175650a2bfe71cca635a6ab5afca811bf6f37f0f0860a91ebacf4fb775e,中国银行业监督管理委员会令2011年第5号,商业银行理财产品销售管理办法（中国银行业监督管理委员会令2011年第5号）,办公厅,EXCLUDE,中,,,分支机构,商业银行|银行业|银行业金融机构,[title]…商业银行理财产品销售管理办法（中国银行业监督管理委员会令2011年第5号） 商业银行理财产品销售管理办法（中国银行业监…,22287,True,False,
nfra,7dc58060a177b2086ada53bbb970603c488ce0623e7bcd1327206af9421b5493,保监发〔2011〕54号,关于印发《保险中介服务集团公司监管办法（试行）》的通知,,EXCLUDE,中,,,保险销售,保险公估|保险经纪|保险经纪公司,[body]…家子公司为保险专业中介机构且保险中介业务为该企业集合的主要业务。 本办法所称保险专业中介机构是指保险代理公司、保险经纪公司、保险公估公司。 第三条 保险中介服务集团公司名称中应含有“集团”或者“控股”字样。如：“保险代理集团（控股）…,5916,True,True,RFN-7caadd410cf2edcf;RFN-7caadd410cf2edcf
nfra,6d29f3710367a0165a842a7c387fe9c83bf4d76985e513f767080e38aadec4ec,保监发〔2007〕32号,关于规范机动车辆保险电销专用产品销售行为有关问题的通知,,EXCLUDE,中,,,保险公司|保险机构,保险中介机构|财产保险公司,[meta]…关于规范机动车辆保险电销专用产品销售行为有关问题的通知 保监产险〔2011〕1497号。各财产保险公司、各保监局：。自2007年以来，部分财产保险公司先后开办了机动车辆保险电话营销专用产品，在提高公司业务财务数据…,2148,True,False,
nfra,474705f0a521e9672b688af16383c17aefed817dc1c5388b42196f0ff232ad80,保监发〔2011〕52号,关于印发《保险业反洗钱工作管理办法》的通知,,EXCLUDE,中,,保险兼业代理|保险销售从业人员,保单|保险公司|保险资产管理|保险销售|分支机构,保险经纪公司,[body]…条 本办法适用于保险公司、保险资产管理公司及其分支机构，保险专业代理公司、保险经纪公司及其分支机构，金融机构类保险兼业代理机构。 第二章保险监管职责 第四条 中国保监会组织、协调、指导保险业反洗钱工作，依法履行下列反洗钱职责： （一…,9422,True,True,RFN-11aa95929d436a6c;RFN-11aa95929d436a6c
nfra,42352485ccde6176ec9a8c9274dc42991971b12daf70bb5508c95aecc0415f04,保监发〔2011〕53号,关于印发《保险代理、经纪公司互联网保险业务监管办法（试行）》的通知,,EXCLUDE,中,,,保险产品|保险公司|保险条款,保险经纪公司|保险经纪机构,[meta]…理、经纪公司互联网保险业务监管办法（试行）》的通知 保监发〔2011〕53号。各保监局，各保险专业代理公司、各保险经纪公司：。为了促进保险代理、经纪公司互联网保险业务的规范健康有序发展，切实保护投保人、被保险人和受益人的合法权益，我…,6035,True,True,RFN-752423551e5257fe;RFN-752423551e5257fe
nfra,0dc4d043948141732d7dcb406c0e5ea324e6ff98d2a0898599afb05a79de7cad,,保险公司保险业务转让管理暂行办法,法规部,BOUNDARY,低,人身保险,,,,[body]…息、 转让方案概要及责任承担等相关事宜书面告知相关投保人、 被保险人， 并征得相关投保人、 被保险人的同意； 人身保险合同的被保险人死亡的， 转让方保险公司应当书面告知受益人并征得其同意。  保险业务转让双方应当合理实施业务转让…,3738,True,True,RFN-dfb8fd4c91ecf924
nfra,ad0b174cdeef7b81c2d06c0fcac3b4aa4a59ae48870dee3af2dcdffd1eb04232,保监财会〔2011〕1342号,关于印发《保险公司偿付能力报告编报规则——问题解答第12号：变额年金、农业保险、季度报告预测信息》的通知,,BOUNDARY,低,,,保单|保险公司|偿付能力|投资连结保险,,[title]…关于印发《保险公司偿付能力报告编报规则——问题解答第12号：变额年金、农业保险、季度报告预测信息》的通知 保监财会〔2011〕1…,5407,True,True,RFN-203955d0289ced60;RFN-203955d0289ced60
nfra,2653a5e5cd21af1ade16a0bfc16e304eae6c73c768c8fae52d33c8b9058e7bf8,保监发〔2011〕49号,关于跨境人民币结算再保险业务有关问题的通知,,EXCLUDE,中,人寿保险|人身保险|健康保险|健康险|寿险,,,财产险,,5313,True,False,
nfra,447f858337255570334c701eac899c629a48dc37d341a5c758555b65202144d4,保监寿险〔2011〕1312号,关于加强保险公司与商业银行保单质押贷款业务合作管理有关问题的通知,,INCLUDE,中,人身保险公司|寿险,,,商业银行,[meta]…关于加强保险公司与商业银行保单质押贷款业务合作管理有关问题的通知 保监寿险〔2011〕1312号。各人身保险公司：。近期，部分商业银行开展保单质押贷款业务，并与保险公司签订合作协议，要…,1491,True,True,RFN-fde12c590486cfd5;RFN-fde12c590486cfd5
nfra,3c71cbf5f9abd385e28f4e9a1b75f4ecfacd5c5df188b4ad5f6144ce5f095100,保监产险〔2011〕1293号,关于开展财产保险公司再保险合同信息统计分析工作的通知,,EXCLUDE,中,,,保险公司,财产保险公司|财产险,[title]…关于开展财产保险公司再保险合同信息统计分析工作的通知 保监产险〔2011〕1293号。各财产保险公司：。为防范财产保险公司再保险业…,1791,True,False,
nfra,f65c523efc27e7579ed637ce75c0d1b08bb3d336e26f9c2ff7dd3db3c8cdf0f4,国发〔2006〕23号,关于印发《中国保险业发展“十二五”规划纲要》的通知,,BOUNDARY,低,人身保险|健康保险|养老保险|寿险,保险营销员,,保险中介机构|公估机构|银行业,[body]…的支持力度。 （五）推动业务结构持续优化。鼓励发展满足消费者需求、体现保险核心优势、提高公司价值和效益的业务。人身保险要大力发展长期储蓄型和风险保障型业务，稳步发展投资型业务。财产保险要优化车险业务，积极开拓非车险业务，加大服务…,31605,True,True,RFN-c906d3c0876f1680
nfra,d14e4a8495d5fa1b869826ba7ea04cb73a92df235c189ba626c36f212bc6db1a,国办发〔2011〕1号,中国人民银行 中国银行业监督管理委员会关于认真做好公共租赁住房等保障性安居工程金融服务工作的通知,办公厅,EXCLUDE,中,,,偿付能力|分支机构,商业银行|银行业|银行业金融机构,[title]…中国人民银行 中国银行业监督管理委员会关于认真做好公共租赁住房等保障性安居工程金融服务工作的通知 中国人民银行 中国银行业监督管理委员…,3552,True,False,
nfra,a145536cb04c9291c779ead5db38374810b14eeb8e8d567360d55bf3a0773b1d,中国银行业监督管理委员会令2011年第4号,商业银行贷款损失准备管理办法（中国银行业监督管理委员会令2011年第4号）,办公厅,EXCLUDE,中,,,,商业银行|银行业|银行业金融机构,[title]…商业银行贷款损失准备管理办法（中国银行业监督管理委员会令2011年第4号） 商业银行贷款损失准备管理办法（中国银行业监…,4192,True,False,
nfra,4decccb493db45c75eb9d369adcee4457f33ab8f1bbf516688294da29e0ebf02,银监发〔2011〕81号,中国银监会关于调整村镇银行组建核准有关事项的通知,办公厅,EXCLUDE,中,,,,商业银行|银行业|银行业金融机构,[meta]…知 中国银监会关于调整村镇银行。组建核准有关事项的通知。银监发〔２０１１〕８１号。各银监局，各政策性银行、国有商业银行、股份制商业银行，邮政储蓄银行，各省级农村信用联社，北京、天津、上海、重庆、宁夏黄河农村商业银行：。自２００６…,2360,True,False,
nfra,25b88bdebe05d80febe8e017fe1803e8056e9c90671ff28112e2b75d1dc2bff3,保监发〔2011〕39号,关于印发《保险公司资本保证金管理办法》的通知,,EXCLUDE,中,,,保险公司|分支机构,商业银行|银行业,[body]…五条 保险公司应遵循“足额、安全、稳定”的原则提存资本保证金。第二章 存 放 第六条 保险公司应当选择两家以上商业银行作为资本保证金的存放银行。存放银行应符合以下条件： （一）全国性中资商业银行； （二）上年末净资产不少于200…,6555,True,True,RFN-bf24da36b5532f5a;RFN-bf24da36b5532f5a
nfra,16eff29432e3e0aa6b3cacb88055e8f460337297ecc8814a2ab7efc7e1661ec3,银监发〔2011〕70号,中国银监会关于印发信托公司参与股指期货交易业务指引的通知,办公厅,EXCLUDE,中,,,,信托公司|商业银行|银行业|银行业金融机构,[title]…中国银监会关于印发信托公司参与股指期货交易业务指引的通知 中国银监会关于印发。信托公司参与股指期货交易业务指引的通知。银监发〔２０１１〕…,7329,True,False,
nfra,6c3adf538a6d2c89239e064bd6ff5895a3567b9d493ae0b40dbee4349eb17db9,保监发〔2009〕111号,关于进一步完善财产保险承保理赔信息客户自主查询制度的通知,,BOUNDARY,低,健康险,,,财产保险公司,[body]…实现财产保险全险种领域（特殊风险业务除外）的查询，其中：非车险查询内容至少应当实现附件1所列明的查询项目（短期健康险、意外险查询内容参照保监发〔2009〕91号文件相关要求执行）；车险查询内容应当在实现111号文要求的基础上增…,7689,True,False,
nfra,2cf75106737ff587c87ded38b92a0bf39de66a4309aea277402334a3971ad8ad,保监发〔2011〕36号,关于规范人身保险业务经营有关问题的通知,,INCLUDE,高,人身保险|健康险|寿险,,,财产保险公司,[title]…关于规范人身保险业务经营有关问题的通知 保监发〔2011〕36号。各保监局、各保险公司：。为规范人身保险业务经营，维护投保人、…,3238,True,True,RFN-7f16772184818047;RFN-7f16772184818047
nfra,ff465c2605b32c17d2b03b00f32062845b5c2840829170b899974cfb7a1f5524,银监发〔2011〕59号,中国银监会关于支持商业银行进一步改进小企业金融服务的通知,办公厅,EXCLUDE,中,,,分支机构,商业银行,[title]…中国银监会关于支持商业银行进一步改进小企业金融服务的通知 中国银监会关于支持商业银行。进一步改进小企业金融服务的通知。（银监发〔2011…,3351,True,False,
nfra,6765092b321c621b348b47a8bf3b6280a3e5cdc0ae8f738bd40c8fb845c7188e,中国银行业监督管理委员会令2011年第3号,商业银行杠杆率管理办法（中国银行业监督管理委员会令2011年第3号）,办公厅,EXCLUDE,中,,,分支机构,商业银行|金融资产|银行业,[title]…商业银行杠杆率管理办法（中国银行业监督管理委员会令2011年第3号） 商业银行杠杆率管理办法（中国银行业监督管理委员会…,3827,True,False,
nfra,90af8aad8720740335fd4b7defa9cf360fae7e262e4542ed7e72fa57b113406b,银行业监督管理委员会令〔2004〕8号,中国银行业监督管理委员会行政复议办法,法规部,EXCLUDE,中,,,,商业银行|金融资产|银行业|银行业金融机构,[title]…中国银行业监督管理委员会行政复议办法 中国银行业监督管理委员会行政复议办法（中国银行业监督管理委员会令2004年第8号）…,11747,True,False,
nfra,08b6afc1ff5c48c8cee9f74b071a9697e7d465500f75ffc08342caeb7914595d,保监发〔2011〕27号,关于调整保险营销员诚信记录登记事项的通知,,EXCLUDE,中,,保险营销员,保险公司|保险营销,保险中介机构,[title]…关于调整保险营销员诚信记录登记事项的通知 保监发〔2011〕27号。各保监局，各保险公司:。《保险营销员诚信记录管理办法》（保监…,1242,True,True,RFN-5adce45a2655d6c3;RFN-5adce45a2655d6c3
nfra,9673d4039220496970742f23c6b12a4238334af3947067f0a18931a1b870cd96,保监寿险〔2011〕624号,关于开展变额年金保险试点的通知,,INCLUDE,中,人身保险|养老保险公司|寿险,保险营销员,,,[meta]…关于开展变额年金保险试点的通知 保监寿险〔2011〕624号。北京、上海、广东、深圳、厦门保监局，各寿险公司、养老保险公司：。为促进产品创新，满足人们…,3412,True,True,RFN-c3b1a27c9eccbe8e;RFN-c3b1a27c9eccbe8e
nfra,c4806ed478fe36ad5a18a7ca9c5edf3e7181d4e309185ffd1292cd89335c731d,国发〔2006〕23号,关于印发《变额年金保险管理暂行办法》的通知,,INCLUDE,中,养老保险公司|寿险,,,,[meta]…关于印发《变额年金保险管理暂行办法》的通知 保监发〔2011〕25号。北京、上海、广东、深圳、厦门保监局，各寿险公司、养老保险公司:。为贯彻落实《国务院关于保险业改革发展的若干意见》（国发〔2006〕23号），促进产品创新…,604,True,True,RFN-0ed3d27380b27e03
nfra,2655f316e0eb53a873998e89735188b010df9e0c35e52d75d7c43e3a11cc8ce5,,中国银监会关于中国银行业实施新监管标准的指导意见,办公厅,EXCLUDE,中,,,,信托公司|商业银行|银行业|银行业金融机构,[title]…中国银监会关于中国银行业实施新监管标准的指导意见 中国银监会关于。中国银行业实施新监管标准的指导意见。银监发【2011】44号。各银监…,12696,True,False,
nfra,e67fa84a90ac5431f26aefaab505a62b3c64c29cff79daccd9da43778ca2cbb0,保监发〔2011〕21号,中国保险监督管理委员会、中国银行业监督管理委员会关于保险监督管理机构查询保险机构及相关单位和个人在金融机构账户有关问题的通知,,EXCLUDE,中,,保险代理人,保险公司|保险机构|保险资产管理,保险经纪|信托公司|商业银行|金融资产|银行业,[body]…查阅、复制与被调查事件有关的财产权登记等资料；经国务院保险监督管理机构负责人批准，查询涉嫌违法经营的保险公司、保险代理人、保险经纪人、保险资产管理公司、外国保险机构的代表机构以及与涉嫌违法事项有关的单位和个人的银行账户。为进一步落…,4488,True,True,RFN-4c1603295100fce6;RFN-4c1603295100fce6
nfra,2cfdb53bb377c9aeaf08e29503d68f493dce7490de827e6fc4084ac67eea72df,保监发〔2011〕14号,关于印发《保险公司开业验收指引》的通知,,EXCLUDE,中,,,保单|保险公司|保险机构|保险资产管理|偿付能力|分支机构,商业银行,[body]…管理部门负责人等关键岗位负责人相关材料。 （九）公司组织机构、部门设置及人员基本构成情况。 （十）与符合条件的商业银行签订的资产托管协议或合作意向书。 （十一）营业场所所有权或者使用权的证明文件及消防安全证明。 （十二）信息化建…,6888,True,True,RFN-aec59f8622f251a3;RFN-aec59f8622f251a3
nfra,b3df74299b302741d87ae3e39aeb7281f2b8d28a3fcd292e1e345a20a09e358e,保监发〔2011〕19号,关于调整《保险资产管理公司管理暂行规定》有关规定的通知,,BOUNDARY,低,,,保险公司|保险资产管理|偿付能力|分支机构,,[title]…关于调整《保险资产管理公司管理暂行规定》有关规定的通知 保监发〔2011〕19号。各保险集团（控股）公司、保险公司、保险资产管理公司…,1677,True,True,RFN-10b7297468c33eec;RFN-10b7297468c33eec
nfra,cfb9fd7aa9234154b680cfc0a1aa7dc93a97c5423224b46365f63602e3ce3603,保监产险〔2011〕455号,关于加强农业保险承保管理工作的通知,,EXCLUDE,中,,,保单|保险公司|保险条款,财产保险公司,[meta]…关于加强农业保险承保管理工作的通知 保监产险〔2011〕455号。各保监局、各财产保险公司、中国保险行业协会：。为做好农业保险承保管理，加强农业保险经营规范性，切实防范虚假承保行为的发生，有效控制道德…,2687,True,False,
nfra,d64fb84b1b8e0240ee087066e515a6d218e0b8c2cca2fa49ca4bab01853ca1a5,保监发〔2011〕17号,关于做好2011年农业保险工作的通知,,EXCLUDE,中,,,保险产品|保险公司|保险条款|保险理赔,财产保险公司,[meta]…关于做好2011年农业保险工作的通知 保监发〔2011〕17号。各保监局、各中资财产保险公司、中国财产再保险股份有限公司:。2011年，党中央国务院就做好“三农”工作做出一系列安排部署。为认真贯彻党中央…,3852,True,False,
nfra,c299a09c830c9c63753365691acfb566edcb21823f14dfe8ab2a27ee037b1064,保监发〔2011〕16号,关于改进服务质量 落实服务承诺有关问题的通知,,BOUNDARY,低,,,保险公司|保险理赔,,[meta]…关于改进服务质量 落实服务承诺有关问题的通知 保监发〔2011〕16号。各保险公司、各保监局、中国保险行业协会:。近年来，保险业深入贯彻落实科学发展观，积极转变发展方式，不断强化服务意识，努力…,2003,True,False,
nfra,20b1e2f6f85a32b4a7a32a320deac72408203168bc4e6f2362e167357f6242b0,保监发〔2011〕15号,关于印发《2011年保险业“小金库”专项治理工作实施方案》的通知,,EXCLUDE,中,,,保险公司|保险机构|保险资产管理|分支机构,保险公估|保险经纪公司,[meta]…施方案》的通知 保监发〔2011〕15号。各保监局，各国有及国有控股保险集团公司、保险公司、保险资产管理公司、保险经纪公司、保险公估公司，中国保险行业协会、中国保险学会、中国精算师协会:。根据中央治理“小金库”工作领导小组《关于印发…,11761,True,True,RFN-8fdbd77cf70c2a36;RFN-8fdbd77cf70c2a36
nfra,1f79591f314720494756b7b8ddc449c7bfc180a0c48ed5622811cc527ece4f09,,中国银监会办公厅关于进一步推进空白乡镇基础金融服务工作的通知,办公厅,EXCLUDE,中,,,分支机构,商业银行|银行业金融机构,[meta]…办公厅关于进一步推进。空白乡镇基础金融服务工作的通知。银监办发【2011】74号。各银监局，各政策性银行、国有商业银行、股份制商业银行，中国邮政储蓄银行，各省级农村信用联社，北京、天津、上海、重庆、宁夏黄河、深圳农村商业银行：。…,4438,True,False,
nfra,a5774862f07e43d189f0152c06238d8bf8d1885ae70d81e43d55ecf22475c64b,银监发〔2011〕20号,中国银监会关于印发《金融资产管理公司并表监管指引(试行)》的通知,办公厅,EXCLUDE,中,,,保险公司|分支机构,信托公司|商业银行|金融资产|银行业,[title]…中国银监会关于印发《金融资产管理公司并表监管指引(试行)》的通知 中国银监会关于印发。《金融资产管理公司并表监管指引(试行)》的通知。各银…,23923,True,False,
nfra,878b218b3c0f440392225e5c0f94bb7a9f101ccfad27706e090b8ce60f149192,银监发〔2011〕22号,中国银监会 中国人民银行 国家发展改革委关于银行业金融机构免除部分服务收费的通知,办公厅,EXCLUDE,中,,,分支机构,商业银行|银行业|银行业金融机构,[title]…中国银监会 中国人民银行 国家发展改革委关于银行业金融机构免除部分服务收费的通知 中国银监会 中国人民银行 国家发展改革委。关于银行业金融机构免除部分服务收费的通知。银…,2519,True,False,
nfra,d76eb2f837349f2c4fe5d889698de54bdd17c037adb0927d477c5cc0f3cbf33f,保监发〔2011〕10号,关于印发《商业银行代理保险业务监管指引》的通知,,BOUNDARY,低,人身保险,保险销售从业人员,,商业银行|金融资产|银行业|银行业金融机构,[body]…形式向投保人提供保险监管部门要求的投保提示书、产品说明书，应当引导投保人在投保单上填写真实完整的客户信息，并在人身保险新型产品投保书上抄录有关声明，不得代抄录有关声明或代投保人或被保险人签名；对投资连结保险产品投保人还应当进行风…,13825,True,True,RFN-e00894a2b33837ec;RFN-e00894a2b33837ec
nfra,75882479acb125dcbe8d8db12e21390a23853257a8f8be23f3fabe7a30c21393,国办发〔2011〕1号,中国银监会办公厅关于做好住房金融服务加强风险管理的通知,办公厅,EXCLUDE,中,,,,商业银行|银行业|银行业金融机构,[meta]…的通知 中国银监会办公厅关于做好。住房金融服务加强风险管理的通知。银监办发〔2011〕55号。各银监局，各国有商业银行、股份制商业银行，中国邮政储蓄银行：。为依法妥善处理个人住房贷款中出现的问题，保护消费者合法权益，加强风险管理…,2304,True,False,
nfra,1fade3c16d801bbb4e704d4ce40b7915ed6c5bfc4862fff6208e9241565bae53,保监发〔2011〕3号,关于动态偿付能力测试有关事项的通知,,BOUNDARY,低,人寿保险公司|健康保险,,,财产保险公司,[meta]…行。为做好保险公司的动态偿付能力测试工作，我会研究制定了财产保险公司动态偿付能力测试的必测不利情景，同时调整了人寿保险公司（包括健康保险公司，下同）动态偿付能力测试的必测不利情景。现将有关事项通知如下：。     保监发〔2011〕…,1964,True,True,RFN-9518188060f8032f;RFN-9518188060f8032f
nfra,433bee45cd55a0727fcfcd80868a2ed0ab8c5bb61708df36f103d88e6b7c60bf,银监办发〔2011〕36号,中国银监会办公厅关于全面做好农村金融服务工作的通知,办公厅,EXCLUDE,中,,,,商业银行|银行业|银行业金融机构,[meta]…中国银监会办公厅关于。全面做好农村金融服务工作的通知。银监办发〔2011〕36号。各银监局，各政策性银行、国有商业银行、股份制商业银行，中国邮政储蓄银行，各省级农村信用联社，北京、天津、上海、重庆、宁夏黄河、深圳农村商业银行：。…,7883,True,False,
nfra,f31bb7e93efd8c2754f278e3a322d7086e9e14100150b5b65d9a469bbf0fc51b,银监发〔2011〕10号,中国银监会关于规范商业银行使用外部信用评级的通知,办公厅,EXCLUDE,中,,,,商业银行|银行业|银行业金融机构,[title]…中国银监会关于规范商业银行使用外部信用评级的通知 中国银监会关于规范商业银行。使用外部信用评级的通知。银监发〔２０１１〕１０号。各银监局…,2704,True,False,
nfra,8d715a26a763d8e8b3cdadf1a3eda07b62d3b928bcb09abbb07c711ca497f7b7,银监办发〔2011〕24号,中国银监会办公厅关于加强2011年春节期间银行业信息科技安全保障工作的通知,办公厅,EXCLUDE,中,,,,商业银行|银行业|银行业金融机构,[title]…中国银监会办公厅关于加强2011年春节期间银行业信息科技安全保障工作的通知 中国银监会办公厅关于加强2011年春节期间。银行业信息科技安全保障工作的通知。银监…,3910,True,False,
nfra,83b7d785558428a729a850676939b5dc20e13f2de9923713155b52284ccc33bb,国发〔2006〕23号,关于做好《旅行社责任保险管理办法》实施工作的通知,,EXCLUDE,中,,,保险公司|保险条款,财产保险公司,[meta]…旅行社责任保险管理办法》实施工作的通知 旅办发【2011】7号。各省、自治区、直辖市旅游局（委），各保监局、各财产保险公司：　　国家旅游局和中国保监会近日共同发布了《旅行社责任保险管理办法》（以下简称《办法》），该《办法》将于201…,2529,True,False,
nfra,474521ee658373e7f4cd74f374dbe5c15a7ffb18aef689505d7c2c4398569581,日中国银行业监督管理委员会令2011年第2号,商业银行信用卡业务监督管理办法,创新部,EXCLUDE,中,,,分支机构,商业银行|银行业|银行业金融机构,[title]…商业银行信用卡业务监督管理办法 总则商业银行信用卡业务监督管理办法（2011年1月13日中国银行业监督管理委员会令20…,34713,True,False,
nfra,682ff7f62128979d5df0fdd60375efd5d4e2d536bd995c5abb50dc4d33ef55d8,中国银行业监督管理委员会令2011年第1号,中国银行业监督管理委员会关于修改《金融机构衍生产品交易业务管理暂行办法》的决定（中国银行业监督管理委员会令2011年第1号）,办公厅,EXCLUDE,中,,,分支机构,信托公司|商业银行|金融资产|银行业|银行业金融机构,[title]…中国银行业监督管理委员会关于修改《金融机构衍生产品交易业务管理暂行办法》的决定（中国银行业监督管理委员会令2011年第1…,35619,True,False,
nfra,4577788c135d38bd8611c5ca8053c27a3b3026e6725633d7a469f3e45a6c1430,银监发〔2011〕7号,中国银监会关于进一步规范银信理财合作业务的通知,办公厅,EXCLUDE,中,,,,信托公司|商业银行,[meta]…的通知 中国银监会关于。进一步规范银信理财合作业务的通知。银监发〔2011〕7号。各银监局，各政策性银行、国有商业银行、股份制商业银行，邮政储蓄银行，银监会直接监管的信托公司：。为进一步防范银信理财合作业务风险，促进商业银行和信…,1229,True,False,
nfra,bb0b57bfbebaf10e5046d92812f96a7b444288b0ab035b14769a15b01ecd9ed5,保监发〔2011〕2号,关于印发《保险公司偿付能力报告编报规则——问题解答第11号：动态偿付能力测试的第三方独立审核》的通知,,BOUNDARY,低,人寿保险公司|寿险,,,,[meta]…：动态偿付能力测试的第三方独立审核》。现予印发，请遵照执行。《保险公司偿付能力报告编报规则——问题解答第7号：寿险公司动态偿付能力测试的第三方独立审核》同时废止。中国保险监督管理委员会。二○一一年一月七日。     保监发〔…,5070,True,True,RFN-0a6ea3a5f8d44a36;RFN-0a6ea3a5f8d44a36
nfra,de99e1e31157dae35bbb027d8c791dbdcbe63836a328f8a425d7ed142eb5bce2,国办发〔2010〕28号,中国银监会关于发布银行业规章和规范性文件清理结果的公告,办公厅,EXCLUDE,中,,,,商业银行|银行业,[title]…中国银监会关于发布银行业规章和规范性文件清理结果的公告 中国银监会关于发布。银行业规章和规范性文件清理结果的公告。银监发〔2011〕1…,1501,True,False,
nfra,fc629e74e5ec4770dd2a9ba931ab25131c36edd76fd0e23ffddb66aefceb9e8c,保监财会〔2010〕1638号,关于启用偿付能力监管信息系统的通知,,BOUNDARY,低,,,保险公司|保险机构|保险资产管理|偿付能力|分红保险,,[title]…关于启用偿付能力监管信息系统的通知 保监财会〔2010〕1638号。各保险公司、保险资产管理公司、保险公司筹备组：。为改进偿付…,3476,True,True,RFN-2368a50f99747e46;RFN-2368a50f99747e46
nfra,0e221b5084c9a2f4adb7da3d8adaec8a86b09bfb85b1793c2cd4d4f84fee27d6,国发〔2009〕30号,关于保险业支持文化产业发展有关工作的通知,,INCLUDE,中,健康保险|寿险,,,保险中介机构,[body]…附件，试点经营期限为两年。与试点险种承保责任性质相近并符合文化企业特定需求的险种，列入试点工作支持范围。 支持寿险公司积极开发为文化企业提供人才激励配套的养老和医疗保险产品。鼓励其他保险公司积极开发适合文化企业特点和文化产业…,5387,True,True,RFN-5b2fa0008616d1cf
nfra,e391c7717e327a17fadd188aa461584d7903dbde2b75941b7c56cd63eb0958c5,国办发〔2010〕28号,关于公布规章和规范性文件清理结果的通知,,BOUNDARY,低,,,保险公司,,[meta]…关于公布规章和规范性文件清理结果的通知 保监发〔2010〕100号。各保监局、各保险公司：。根据《国务院办公厅关于做好规章清理工作有关问题的通知》（国办发〔2010〕28号）的要求，我会对成立以来发…,1030,True,False,
nfra,1c31618baff3b09a8e0a373acb6549efa40464107fbcefbb99268a8afb3aea95,国办发〔2010〕28号,关于修改部分规章的决定,,BOUNDARY,低,养老保险,,,,[body]…任职资格的行政处罚的”。 删去第二十七条。 删去第二十八条中“除前款规定的情形外”的表述。 （三）将《保险公司养老保险业务管理办法》（保监会令〔2007〕4号）第四十八条修改为“对违反《保险法》规定经营养老年金保险业务、尚未构成…,5929,True,False,
nfra,f21f2ddb1a4905eece8896c9e0e75f2e9955b10c7d3cc4ddb141ae95f0dcc01d,保监厅发〔2010〕81号,关于进一步做好承保理赔信息客户自主查询制度相关工作的通知,,EXCLUDE,中,,,保险公司,财产保险公司,[meta]…关于进一步做好承保理赔信息客户自主查询制度相关工作的通知 保监厅发〔2010〕81号。各财产保险公司、各保监局、中国保险行业协会：。根据《中国保监会关于建立财产保险承保理赔信息客户自主查询制度的工作方案》（保监…,3751,True,False,
nfra,b74c2aa5b0e95b9408d5fdc16a4b57a0cb1d448d7eb89bf051697668d64ededd,中国银行业监督管理委员会令2010年第7号,商业银行董事履职评价办法（试行）（中国银行业监督管理委员会令2010年第7号）,办公厅,EXCLUDE,中,,,,商业银行|金融资产|银行业|银行业金融机构,[title]…商业银行董事履职评价办法（试行）（中国银行业监督管理委员会令2010年第7号） 商业银行董事履职评价办法（试行）（中国…,7057,True,False,
nfra,285543345b84e610861ce48c6495eb940aa5b491d51ac6ba747e021e34a3da03,银监发〔2010〕102号,中国银监会关于进一步规范银行业金融机构信贷资产转让业务的通知,办公厅,EXCLUDE,中,,,,金融资产|银行业|银行业金融机构,[title]…中国银监会关于进一步规范银行业金融机构信贷资产转让业务的通知 中国银监会关于进一步规范银行业金融机构信贷资产转让业务的通知。银监发〔2010〕102…,3633,True,False,
nfra,4e1bdf4fd189f8d361a43faa8e04d4816ab322483994d000aba4a2fc6a20fd15,,旅行社责任保险管理办法,,BOUNDARY,低,,,保险公司|保险条款,,[body]…或者领队人员依法应当承担的赔偿责任为保险标的的保险。 第三条 投保旅行社责任保险的旅行社和承保旅行社责任保险的保险公司，应当遵守本办法。 第二章 投 保 第四条 旅行社责任保险的保险责任，应当包括旅行社在组织旅游活动中依法对旅游…,5533,True,False,
nfra,1d97d98ce8ce56476d63dac21400d262753e28e4f266659b3bb1425615011e23,保监发〔2010〕98号,关于印发《保险公司偿付能力报告编报规则——问题解答第10号：无担保企业（公司）债券、不动产、未上市股权和保险资产管理公司创新试点投资产品》的通知,,EXCLUDE,中,,,保险公司|保险资产管理|保险资金|偿付能力,保险中介机构|信托公司|商业银行,[body]…具有控制、共同控制或重大影响的未上市股权投资为认可资产，其中： （1）被投资单位为保险公司、保险资产管理公司、保险中介机构等保险类企业的，以账面价值的95％作为其认可价值； （2）被投资单位为商业银行、信托公司等非保险类金融机构的，…,6686,True,True,RFN-59a06d09fe240d90;RFN-59a06d09fe240d90
nfra,9d2558b2e5855df285b06c57123ce1e9e43de9eda67ca65693a5d8a5b6fa52ac,保监发〔2010〕99号,关于进一步规范人身保险电话营销和电话约访行为的通知,,INCLUDE,高,人身保险|人身保险公司|健康险公司|养老险公司|寿险,保险营销员,,,[title]…关于进一步规范人身保险电话营销和电话约访行为的通知 保监发〔2010〕99号。各保监局，各寿险公司、养老险公司、健康险公司：。为规范…,2254,True,True,RFN-6d5fe958d8be4cc1;RFN-6d5fe958d8be4cc1
nfra,7805822e022dadd53f499bdb8e72bc3fc04331fc71d48b6c029016423fa32477,,中国人民银行 中国银行业监督管理委员会公告,办公厅,EXCLUDE,中,,,分支机构,商业银行|金融资产|银行业,[title]…中国人民银行 中国银行业监督管理委员会公告 中国人民银行 中国银行业监督管理委员会公告。〔2010〕第15号。中国人民银行发布的《关于…,18942,True,False,
nfra,d3110209f346c35a06961493cae981267d2113871066c9dce3f62b9e3d327a4c,银监办发〔2010〕350号,中国银监会办公厅关于加大农产品生产加工流通信贷资金支持力度的紧急通知,办公厅,EXCLUDE,中,,,,银行业|银行业金融机构,[meta]…总水平的主要因素。采取切实有效措施，扶持农产品生产，保障农产品供应，促进农产品市场价格稳定，成为当务之急。现就银行业金融机构支持农产品生产、加工、流通有关事项通知如下：。 办公厅    中国银监会办公厅关于加大农产品生产加工 流通信贷…,4153,True,False,
nfra,6c0e6b0ec19afddca8b567856a4457a4bb901309ce62a8abe15090583b91f9fe,保监发〔2010〕94号,关于进一步加强财产保险公司电话营销专用产品管理的通知,,EXCLUDE,中,,,保单|保险产品|保险公司|保险公司分支机构|分支机构,财产保险公司,[title]…关于进一步加强财产保险公司电话营销专用产品管理的通知 保监发〔2010〕94号。各财产保险公司、各保监局：。2007年，保监会发布《关于…,6672,True,False,
nfra,c0273b986828196ed915d4dd2391f408a463c1ec66a56777203ea86045e8242e,保监中介〔2010〕1333号,关于严格规范保险专业中介机构激励行为的通知,,EXCLUDE,—,,,,,,1506,True,True,RFN-30fe8eab1eae6696;RFN-30fe8eab1eae6696
nfra,1807bc5494304cb1098fdde04688ecd9dd2d598c3d6c29a2e083ac9b4e300fd5,保监发〔2010〕95号,关于父母为其未成年子女投保以死亡为给付保险金条件人身保险有关问题的通知,,INCLUDE,高,人身保险,,,,[title]…关于父母为其未成年子女投保以死亡为给付保险金条件人身保险有关问题的通知 保监发〔2010〕95号。各保险公司：。为保护未成年人的合法权益，根据《中华人民共和国保险法》…,2052,True,True,RFN-dfda2ce04a67ec7a;RFN-dfda2ce04a67ec7a
nfra,d59d7f291208fd8356ff8a4f766c118799ddb9e560d5dca748393a900a606d89,银监发〔2010〕90号,中国银监会关于进一步加强商业银行代理保险业务合规销售与风险管理的通知,办公厅,BOUNDARY,低,人身保险,,,商业银行|银行业|银行业金融机构,[body]…外的其他费用。 十八、商业银行应当督促保险公司按照监管规定在保险合同犹豫期内，对代理销售的保险期限在1年以上的人身保险新单业务进行客户电话回访，并要求保险公司妥善保存电话回访录音；视实际情况需要，可以要求保险公司对客户进行面访，…,6621,True,True,RFN-4f4747346d31e9d3;RFN-4f4747346d31e9d3
nfra,9e4b2159c04b74a2b832a154a5346fca8440981123550a9af23e23bc51013f9d,保监发〔2010〕89号,中国保监会关于印发《人身保险公司全面风险管理实施指引》的通知,,INCLUDE,高,人寿保险公司|人身保险|人身保险公司|健康保险|健康险公司|养老保险公司|寿险,,,,[title]…中国保监会关于印发《人身保险公司全面风险管理实施指引》的通知 保监发〔2010〕89号。各寿险公司、健康保险公司、养老保险公司：。为加强人身保…,19898,True,True,RFN-8211e4f257d246b7;RFN-8211e4f257d246b7
nfra,caaa628cd04891ac247c069b82b64ab94e472ad57300163408200a15b6e85c61,证监发〔2010〕91号,关于上市商业银行在证券交易所参与债券交易试点有关问题的通知,办公厅,EXCLUDE,中,,,,商业银行|银行业,[title]…关于上市商业银行在证券交易所参与债券交易试点有关问题的通知 关于上市商业银行在证券交易所参与债券。交易试点有关问题的通知。证监…,1220,True,False,
nfra,cb641a5ca5c4df47cc16618a7474758dedb877b11e4ac54c2134296c9be65f69,保监发〔2010〕84号,关于改革完善保险营销员管理体制的意见,,EXCLUDE,中,,保险营销员,保险公司|保险营销|保险销售,保险中介机构,[title]…关于改革完善保险营销员管理体制的意见 保监发〔2010〕84号。各保监局，各保险公司、保险中介机构：。前一时期，保险营销制度在促进保…,3637,True,True,RFN-60aec5122f4c8f5e;RFN-60aec5122f4c8f5e
nfra,9dcfb1f23b33346be4c80868182e5f236b2eeb87b4b24e18dd28bacdfb786fd7,保监发〔2010〕86号,中国保监会关于印发《保险公司资金运用统计制度》的通知,,BOUNDARY,低,,,保险公司|保险资产管理,,[title]…中国保监会关于印发《保险公司资金运用统计制度》的通知 保监发〔2010〕86号。各保险集团（控股）公司、保险公司、保险资产管理公司：。为全…,1742,True,True,RFN-855bfc08f72b5e80;RFN-855bfc08f72b5e80
nfra,29e12eaa62c4580984845f66cdbe85584f74ccc06491f94a3b40bbb0df9a46a6,保监发〔2010〕85号,中国保监会关于印发《保险资产管理公司统计制度》的通知,,BOUNDARY,低,,,保险公司|保险资产管理|保险资金,,[title]…中国保监会关于印发《保险资产管理公司统计制度》的通知 保监发〔2010〕85号。保险资产管理公司：。为进一步加强保险资产管理公司统计工作，全面…,1914,True,True,RFN-8d22034994f0e5bb;RFN-8d22034994f0e5bb
nfra,52fd73590b4683f3eb4c19b718d0d25f14463f1de3c7f0ea714002dc1ce9e891,银发〔2010〕271号,中国人民银行 银监会 证监会 保监会关于进一步做好汶川地震灾后重建金融支持与服务工作的指导意见,,EXCLUDE,中,,,分支机构,商业银行,[meta]…部，各省会（首府）城市中心支行；各省（自治区、直辖市）银监局、证监局、保监局；国家开发银行，各政策性银行，国有商业银行，股份制商业银行，中国邮政储蓄银行：。     银发〔2010〕271号 中国人民银行上海总部，各分行、营业管…,6660,True,False,
nfra,820acd343b4e67753366516986d97b0d7c1a0d125c0637aa399eaf2491df9a66,银发〔2010〕271号,中国人民银行 银监会 证监会 保监会关于进一步做好汶川地震灾后重建金融支持与服务工作的指导意见,办公厅,EXCLUDE,中,,,分支机构,商业银行,[meta]…部，各省会（首府）城市中心支行；各省（自治区、直辖市）银监局、证监局、保监局；国家开发银行，各政策性银行，国有商业银行，股份制商业银行，中国邮政储蓄银行：。 办公厅    中国人民银行 银监会证监会 保监会 关于进一步做好汶川地…,6813,True,False,
nfra,81d0baf48f7d480f4a8634e21ef9b72a03c0f1742888e88359b1d7a2a3b8c1a3,国发〔2010〕10号,中国人民银行 中国银行业监督管理委员会关于完善差别化住房信贷政策有关问题的通知,办公厅,EXCLUDE,中,,,,商业银行|银行业,[title]…中国人民银行 中国银行业监督管理委员会关于完善差别化住房信贷政策有关问题的通知 中国人民银行 中国银行业监督管理委员会。关于完善差别化…,1692,True,False,
nfra,6e084e3423b56c33e8bf9a615231c7f739db33d1399ed95e5fe3e3d698bfde02,中国银行业监督管理委员会令2010年第6号,融资性担保公司董事、监事、高级管理人员任职资格管理暂行办法（中国银行业监督管理委员会令2010年第6号）,办公厅,BOUNDARY,低,,,分支机构,银行业,[body]…称谓不同， 但实际履行董事、 监事、 高级管理人员职责的人员， 应当纳入本办法的任职资格管理。 融资性担保公司分支机构总经理的任职资格管理适用本办法关于高级管理人员的有关规定。 第三条  担任融资性担保公司董事、 监事、 高级管…,4809,True,False,
nfra,ea8bba1233c08bbfb6c238d3fb8bd47754a0ad170029a8920f62aa40087ae426,保监发〔2010〕78号,中国保监会关于印发《保险公司董事及高级管理人员审计管理办法》的通知,,BOUNDARY,低,,,保险公司|保险公司分支机构|保险机构|保险资产管理,,[title]…中国保监会关于印发《保险公司董事及高级管理人员审计管理办法》的通知 保监发〔2010〕78号。各保险公司、各保监局：。为加强对保险公司董事…,6989,True,True,RFN-4d9a3d92d09df0f8;RFN-4d9a3d92d09df0f8
nfra,4c37498c42523a01f06d503022f6b166223273c1ab7fb11b9f4ad928e72e7d45,中国银行业监督管理委员会令2010年第5号,信托公司净资本管理办法（中国银行业监督管理委员会令2010年第5号）,办公厅,EXCLUDE,中,,,,信托公司|银行业,[title]…信托公司净资本管理办法（中国银行业监督管理委员会令2010年第5号） 信托公司净资本管理办法（中国银行业监督管理委员会…,5969,True,False,
nfra,8f1a5acb2fbe6d38b21e35778d29e8492996dc4b92e674bbb6236ebcc47b29d0,保监发〔2010〕82号,中国保监会关于保险业进一步参与加强社会建设创新社会管理的意见（已废止）,,BOUNDARY,低,养老保险,,,,[body]…。加强对农村基层干部的保险保障。稳步推进政策性农房保险。继续推动关爱农村留守儿童的有关工作。 二是大力推进健康养老保险发展，稳定人民群众的生活预期。深入贯彻落实新医改政策，积极参与多层次社会保障体系建设。在产品、数据、理赔等方面…,5585,True,False,
nfra,4a09c44bd6771a92587da033aebd70a7b000f9c546821929003afeb4210607ef,银监发〔2010〕73号,中国银监会关于印发《银行业金融机构外部审计监管指引》的通知,办公厅,EXCLUDE,中,,,分支机构,信托公司|商业银行|金融资产|银行业|银行业金融机构,[title]…中国银监会关于印发《银行业金融机构外部审计监管指引》的通知 中国银监会关于印发。《银行业金融机构外部审计监管指引》的通知。银监发〔2010〕73…,4670,True,False,
nfra,52cf1db8f24079f7311edae9ebe47c7fdd45ee373a666a0e9657b965c3c6d6e6,保监发〔2010〕80号,中国保监会关于印发《保险资金投资不动产暂行办法》的通知,,EXCLUDE,中,,,保险公司|保险资产管理|保险资金|偿付能力,商业银行,[body]…近三年未发现重大违法违规行为； （七）中国保监会规定的其他审慎性条件。 为保险资金投资不动产提供资产托管服务的商业银行，应当接受中国保监会涉及保险资金投资的质询，并报告有关情况。 第三章 投资标的与投资方式 第十一条 保险资金可…,15519,True,True,RFN-fb096a06e469c78a;RFN-fb096a06e469c78a
nfra,88f5cf1f277c9c09930173011eda8d04f3c0417364cc563db4fb29efefd25f2e,保监发〔2010〕79号,中国保监会关于印发《保险资金投资股权暂行办法》的通知,,BOUNDARY,低,人寿保险公司,,,商业银行|财产保险公司,[body]…以运用资本金或者与投资资产期限相匹配的责任准备金； （三）间接投资股权，可以运用资本金和保险产品的责任准备金。人寿保险公司运用万能、分红和投资连结保险产品的资金，财产保险公司运用非寿险非预定收益投资型保险产品的资金，应当满足产品特性…,16970,True,True,RFN-f97b6c8498d050d6;RFN-f97b6c8498d050d6
nfra,ab2ac5dc746d540dd05569dbfda5aa1c48f44ccddfefd429fa202616505ac0d7,国发〔2010〕21号,中国保监会关于第五批取消行政审批项目的通知,,BOUNDARY,低,人寿保险|人身保险,,,保险中介机构|保险公估|保险经纪机构|财产保险公司,[body]…单独的行政审批项目，我会按照《保险法》规定，保留“关系社会公众利益的保险险种、依法实行强制保险的险种和新开发的人寿保险险种的保险条款审批”项目。保险公司的保险条款、费率审批及备案管理措施以《财产保险公司保险条款和保险费率管理办法…,2319,True,True,RFN-8615ad49a2a4ff13
nfra,e8a04bdd5ea27cfe49feb2520becd1b4216ea136cb95b83fed3780453329b0ec,银监会令2008年第3号,《关于高风险农村信用社并购重组的指导意见》(银监发[2010]71号）,办公厅,EXCLUDE,中,,,,商业银行|银行业|银行业金融机构,[body]…村金融服务水平的进一步提高。为提高农村信用社稳健经营能力，促进农村金融发展，提高支农水平，根据《中华人民共和国银行业监督管理法》和《中国银行业监督管理委员会农村中小金融机构行政许可事项实施办法》（银监会令2008年第3号）等相…,3780,True,False,
nfra,dce2bbe73d55ffa950cffd607ad67be0d374c7415fd1b61e4e38306a36c9ac8f,保监发〔2010〕70号,关于加强保险业反洗钱工作的通知,,EXCLUDE,中,,,保险公司|保险机构|保险消费者|保险资产管理|分支机构,保险中介机构|保险公估|保险经纪机构,[meta]…关于加强保险业反洗钱工作的通知 保监发〔2010〕70号。各保监局，各保险公司、保险资产管理公司、保险中介机构：。为加强保险业反洗钱工作，防范保险洗钱风险，现就反洗钱工作的有关事项通知如下：。一、投资入股和股权变更时的投…,6669,True,True,RFN-7d1732f0c76c9e72;RFN-7d1732f0c76c9e72
nfra,a593f94a8e5a895dce304567e650fa587097185aea73f1a940a696dac4a3dd4d,保监发〔2010〕69号,关于印发《保险公司内部控制基本准则》的通知,,EXCLUDE,中,,,保单|保险产品|保险公司|保险公司分支机构|保险资产管理|保险资金|偿付能力|分支机构,再保险公司,[body]…的，应当追究其责任。 第五章 附则 第五十九条 本准则适用于在中华人民共和国境内成立的保险公司。保险集团公司、再保险公司和保险资产管理公司的内部控制，参照本准则执行。 第六十条 中国保监会依据本准则的规定制定控制活动的应用规范。…,25654,True,True,RFN-a52685b078eca2c9;RFN-a52685b078eca2c9
nfra,80c923cb7598aebcb016704e2004d0210bf61986d3147f4a55a09155ac0fb624,银发〔2010〕226号,中国人民银行 中国银行业监督管理委员会关于全力做好甘肃、四川遭受特大山洪泥石流灾害地区住房重建金融支持和服务工作的指导意见,办公厅,EXCLUDE,中,,,,商业银行|银行业|银行业金融机构,[title]…中国人民银行 中国银行业监督管理委员会关于全力做好甘肃、四川遭受特大山洪泥石流灾害地区住房重建金融支持和服务工作的指导意见 中国人民银…,3327,True,False,
nfra,346ed3c767e5202f8299c3903825f38b4c29c08d829a1f14b6103357a3175fea,保监发〔2010〕70号,关于加强保险业反洗钱工作的通知,,EXCLUDE,中,,,保险公司|保险机构|保险消费者|保险资产管理|分支机构,保险中介机构|保险公估|保险经纪机构,[meta]…关于加强保险业反洗钱工作的通知 保监发〔2010〕70号。各保监局，各保险公司、保险资产管理公司、保险中介机构：。为加强保险业反洗钱工作，防范保险洗钱风险，现就反洗钱工作的有关事项通知如下：。一、投资入股和股权变更时的投…,6668,True,True,RFN-7d1732f0c76c9e72;RFN-7d1732f0c76c9e72
nfra,dbf23bcb0c0ddf73e37c52b6feededbaf6dbe9faad2471ee7be7717771cd35a8,银监发〔2010〕72号,中国银监会关于规范银信理财合作业务有关事项的通知,办公厅,EXCLUDE,中,,,,信托公司|商业银行|银行业金融机构,[meta]…通知 中国银监会关于规范银信理财合作业务有关事项的通知。银监发〔2010〕72号。各银监局，各政策性银行、国有商业银行、股份制商业银行，邮政储蓄银行，银监会直接监管的信托公司：。为促进商业银行和信托公司理财合作业务规范、健康发展…,2475,True,False,
nfra,5d37c4764c938c20bb23f818f402986ab2a97c8d8549806b4e20110e5420a4d6,,关于就《商业银行信用卡业务监督管理办法》公开征求意见的公告,办公厅,EXCLUDE,中,,,,商业银行|银行业,[title]…关于就《商业银行信用卡业务监督管理办法》公开征求意见的公告 关于就《商业银行信用卡业务监督管理办法》。公开征求意见的公告。为规…,887,True,False,
nfra,2b9b010b2d93891a3ec012ba1195f272144919a38a869151939980cc1549c7ee,保监发〔2010〕66号,关于调整保险资金投资政策有关问题的通知（已废止）,,EXCLUDE,中,,,保险产品|保险公司|保险资产管理|保险资金|投资连结保险,商业银行|证券公司,[body]…将可投资有担保债券的品种，调整为有担保的企业债券、有担保的公司债券、有担保的可转换公司债券和有担保的公开发行的证券公司债券。将投资有担保企业(公司)类债券的信用等级，调整为具有国内信用评级机构评定的A级或者相当于A级以上的长期信…,4070,True,True,RFN-4f44d544d80ebe1b;RFN-4f44d544d80ebe1b
nfra,7196855cf32722cd11f3402343ee9eb8ba6f2fb18c1a81a36ec3a3a9906ee12c,保监中介〔2010〕925号,关于进一步规范银保专管员管理制度的通知（已废止）,,BOUNDARY,低,,,保险公司|分支机构,,[meta]…关于进一步规范银保专管员管理制度的通知（已废止） 保监中介〔2010〕925号。各保险公司：。2006年6月，保监会、银监会联合下发《关于规范银行代理保险业务的通知》（保监发〔2006〕70号），文件…,1177,True,False,
nfra,d486f13a2f07588ed010fa1fcdeb66b30213a27c098add330a5b99a1e1c64dd0,保监寿险〔2010〕921号,关于规范激活注册式意外险业务经营行为的通知,,INCLUDE,中,寿险,,,,[meta]…关于规范激活注册式意外险业务经营行为的通知 保监寿险〔2010〕921号。各保险公司、各保监局：。根据全国保险监管工作会议精神，从2010年3月份开始，保监会在全…,1101,True,True,RFN-e5f6438ee020d740;RFN-e5f6438ee020d740
nfra,cbc9270fdf6486690e15b0785eda1818655851cc03b99047ef2d8524114abb27,中国保险监督管理委员会令2010年第9号,保险资金运用管理暂行办法,,EXCLUDE,中,,,保单|保险产品|保险公司|保险资产管理|保险资金|偿付能力|分支机构|投资连结保险,保险经纪机构|商业银行,[body]…险资金从事境外投资的，应当符合中国保监会有关监管规定。 第七条 保险资金办理银行存款的，应当选择符合下列条件的商业银行作为存款银行： （一）资本充足率、净资产和拨备覆盖率等符合监管要求； （二）治理结构规范、内控体系健全、经营业…,18344,True,True,RFN-83b739eb62cef7fc
nfra,b2888a3cc3abbefb8a8fb703a999839e4c8deb6cf13acaa3f3b32d85d4b0b7e3,保监厅发〔2010〕52号,关于建立人身险公司专管员联系机制的通知（已废止）,,INCLUDE,高,人身保险|人身险公司,,,,[title]…关于建立人身险公司专管员联系机制的通知（已废止） 保监厅发〔2010〕52号。各保监局：。为加强监管信息的上传下达，推动监管工作…,2170,True,True,RFN-bfb23e326cb3010c;RFN-bfb23e326cb3010c
nfra,36c53567f3b659f5daea4f25762b008c856a26abee3ce1ed1d9ef44d6dc8778f,银发〔2010〕198号,中国人民银行 中国银行业监督管理委员会 中国证券监督管理委员会 中国保险监督管理委员会关于全面推进农村金融产品和服务方式创新的指导意见,办公厅,EXCLUDE,中,,,保单|保险公司|分支机构,商业银行|银行业|银行业金融机构,[title]…中国人民银行 中国银行业监督管理委员会 中国证券监督管理委员会 中国保险监督管理委员会关于全面推进农村金融产品和服务方式创新的指导意见…,9641,True,True,RFN-ceb12aa3ca8c3a6f;RFN-ceb12aa3ca8c3a6f
nfra,af3d2f4f771d87d32662fd7852ac34112b9060c84c3ef09417c4cdb6c91dac1e,银发〔2010〕198号,中国人民银行 中国银行业监督管理委员会 中国证券监督管理委员会 中国保险监督管理委员会关于全面推进农村金融产品和服务方式创新的指导意见,,EXCLUDE,中,,,保单|保险公司|分支机构,商业银行|银行业|银行业金融机构,[title]…中国人民银行 中国银行业监督管理委员会 中国证券监督管理委员会 中国保险监督管理委员会关于全面推进农村金融产品和服务方式创新的指导意见…,9515,True,True,RFN-ceb12aa3ca8c3a6f;RFN-ceb12aa3ca8c3a6f
nfra,f153309abd2d7677502cb9d411c8cdf1279b4de05baaf950f241e45369a332f2,保监发〔2010〕58号,关于加强非寿险精算工作有关问题的通知,,BOUNDARY,低,寿险,,,再保险公司|财产保险公司,[body]…执业记录； （五）中国保监会要求的其他材料。 五、经保监会核准的保险公司精算责任人，不得兼任其它保险公司（包括寿险公司）的总精算师或精算责任人。 六、保险公司的精算责任人不得由保险公司的总经理以及负责保险公司业务发展和市场营…,4620,True,True,RFN-939ddf8251eee315;RFN-939ddf8251eee315
nfra,0abe860cc0e275db419fb5ecc234dc082a95859812ad328b0980a184d02c3e61,保监发〔2010〕57号,关于发布《保险信息安全风险评估指标体系规范》行业标准的通知,,BOUNDARY,低,,,保险公司|保险资产管理,,[meta]…《保险信息安全风险评估指标体系规范》行业标准的通知 保监发〔2010〕57号。各保监局，保监会机关各部门，国有保险公司监事会，中国保险行业协会，中国保险学会，各保险公司、保险资产管理公司，全国金融标准化技术委员会保险分技术委员会…,832,True,True,RFN-1cd59de0b82e9063;RFN-1cd59de0b82e9063
nfra,a7eb41606427507126fcab99724f1b779a2836ff2af5edf0831af8e08ec50342,保监发〔2010〕56号,关于保险机构开展利率互换业务的通知,,BOUNDARY,低,,,保险公司|保险机构|保险资产管理,,[title]…关于保险机构开展利率互换业务的通知 保监发〔2010〕56号。各保险集团（控股）公司、保险公司、保险资产管理公司：。为规范…,1720,True,True,RFN-117aff297547d489;RFN-117aff297547d489
nfra,9f60ed8567195b27fa00158abfc4f85c9abee3a02e8617701385358a67438db6,保监发〔2010〕54号,关于印发《非寿险业务准备金评估工作底稿规范》的通知,,EXCLUDE,中,,,保险公司|偿付能力,再保险公司|财产保险公司,[meta]…关于印发《非寿险业务准备金评估工作底稿规范》的通知 保监发〔2010〕54号。各财产保险公司、再保险公司：。为了规范保险公司非寿险业务准备金评估工作，加强准备金评估工作底稿编制、复核、使用的管理，根据《…,3704,True,True,RFN-50289bcac2d1d779;RFN-50289bcac2d1d779
nfra,8ad62c8ea17b5f6ff514cc521156a43f4b951bce9c4a4cc63a174e17e1765daa,国发〔2009〕36号,中国人民银行 银监会 证监会 保监会关于进一步做好中小企业金融服务工作的若干意见,,EXCLUDE,中,,,保险产品|保险机构|分支机构,商业银行|证券公司|银行业|银行业金融机构,[meta]…市中心支行、副省级城市中心支行；各省（自治区、直辖市）银监局、证监局、保监局；国家开发银行、各政策性银行、国有商业银行、股份制商业银行，中国邮政储蓄银行：。     银发〔2010〕193号 中国人民银行上海总部，各分行、营业管…,9191,True,False,
nfra,bc25205d642759fc99be2f4ecefcd69023c478ef21f17e9bdd75373adeadf827,国发〔2009〕36号,中国人民银行 银监会 证监会 保监会关于进一步做好中小企业金融服务工作的若干意见,办公厅,EXCLUDE,中,,,保险产品|保险机构|分支机构,商业银行|证券公司|银行业|银行业金融机构,[meta]…市中心支行、副省级城市中心支行；各省（自治区、直辖市）银监局、证监局、保监局；国家开发银行、各政策性银行、国有商业银行、股份制商业银行，中国邮政储蓄银行：。 办公厅    中国人民银行 银监会 证监会 保监会关于进一步做好中小企…,9345,True,False,
nfra,6399e6eabbadad567f821df8ff1890dcf6291b2a0b28487f063a3211a508e5d4,中国保险监督管理委员会令2010年第8号,再保险业务管理规定,,EXCLUDE,中,人身保险公司|寿险,,,保险经纪|保险经纪机构|再保险公司|财产保险公司|财产险,,8690,True,True,RFN-5816d1163e51a4b0
nfra,dd69a4544e09f9524c24db95401488b0df6eda4046558a400cf3589851b3ec88,保监厅发〔2010〕46号,关于做好保监会信访投诉转办件处理工作的通知（已废止）,,EXCLUDE,中,,,保险公司|保险机构|保险资产管理|分支机构,保险中介机构,[body]…。 二、各保监局、保险公司、保险资产管理公司应对转办件中反映的信访投诉事项逐一认真调查核实。对于反映保险机构、保险中介机构违法违规问题的转办件，各保监局应及时受理，认真调查核实，并对违法违规事实是否属实给予确认，不得将反映违法违规问…,3390,True,False,
nfra,28cca69d99de3340148bf3699281b64d939336b2f98ec65276983c5206bf7a07,保监发〔2009〕127号,关于做好交强险承保服务工作的通知,,EXCLUDE,中,,,保单|保险公司|保险机构|分支机构,财产保险公司,[meta]…关于做好交强险承保服务工作的通知 保监产险〔2010〕657号。各中资财产保险公司：。为解决交强险个别车型投保难问题，我会于2009年12月下发了《关于进一步做好拖拉机交强险工作的通知》（保监…,1550,True,False,
nfra,750769360d605b447e9b7624c88c7a968d7fcf2fdda0315e9c5da39999522804,银监发〔2010〕45号,中国银监会关于印发《银行业金融机构国别风险管理指引》的通知,办公厅,EXCLUDE,中,,,,信托公司|商业银行|金融资产|银行业|银行业金融机构,[title]…中国银监会关于印发《银行业金融机构国别风险管理指引》的通知 中国银监会关于印发。《银行业金融机构国别风险管理指引》的通知。银监发[2010]45…,12044,True,False,
nfra,303ff51c9473f05134d314626d7983a8c1373566e72d03f76216617b4d09576d,保监发〔2010〕49号,关于明确保险公司分支机构管理有关问题的通知,,BOUNDARY,低,,,保险公司|保险公司分支机构|保险机构|保险营销|偿付能力|分支机构,,[title]…关于明确保险公司分支机构管理有关问题的通知 保监发〔2010〕49号。各保险公司、各保监局、机关各部门：。为了加强机构监管，统一执法标…,5527,True,True,RFN-af0ff71774687610;RFN-af0ff71774687610
nfra,beb212458e2a637519bc42635ba34e6ee37542c610fbf47012f97e6bca4b6ad0,保监发〔2010〕45号,关于印发《保险公司分支机构分类监管暂行办法》的通知,,BOUNDARY,低,,,保险公司|保险公司分支机构|分支机构,,[title]…关于印发《保险公司分支机构分类监管暂行办法》的通知 保监发〔2010〕45号。各保监局，各保险公司：。为提高保监局对保险公司分支机构的监…,4303,True,True,RFN-155ec733f2078719;RFN-155ec733f2078719
nfra,7aa4b43fea7b148a6bbdf7a89c7524f2939ecdc39cace0b7d77fd9ec1d56d642,保监发〔2010〕46号,关于切实做好拖拉机交强险承保工作的紧急通知,,EXCLUDE,中,,,保单|保险公司|保险机构|分支机构,财产保险公司,[meta]…交强险承保工作的紧急通知 保监发〔2010〕46号。各保监局，各省、自治区、直辖市农机管理局（办公室），各中资财产保险公司：。为进一步做好拖拉机交强险工作，现就有关事项紧急通知如下：。一、坚持依法行政，规范拖拉机牌证核发工作。…,3352,True,False,
nfra,b123e611858dfd9d5494c7f3da87405490d0ef4237d70b6f8d1d81c2259018bd,保监发〔2010〕42号,关于进一步做好2010年农业保险工作的通知,,EXCLUDE,中,,,保险产品|保险公司|保险条款|保险理赔,财产保险公司,[meta]…关于进一步做好2010年农业保险工作的通知 保监发〔2010〕42号。各保监局、各中资财产保险公司、中国再保险（集团）股份有限公司、中国财产再保险股份有限公司：。2010年，各保监局、各保险公司认真贯彻落实保…,4104,True,False,
nfra,26589d4a3166eff2d6909d969bc77241359aefec0afc75a9ba6f6f6d5157f93c,国发〔2010〕12号,中国人民银行 中国银行业监督管理委员会关于进一步做好支持节能减排和淘汰落后产能金融服务工作的意见,办公厅,EXCLUDE,中,,,分支机构,商业银行|银行业|银行业金融机构,[title]…中国人民银行 中国银行业监督管理委员会关于进一步做好支持节能减排和淘汰落后产能金融服务工作的意见 中国人民银行 中国银行业监督管理委员…,7381,True,False,
nfra,6c51247e47a943df78675f77f94b58688754da3d460f3b11cd1ceb80eaa32e62,中国保险监督管理委员会令2010年第7号,保险公司信息披露管理办法,,BOUNDARY,低,人身保险公司,,,再保险公司|财产保险公司,[body]…要风险的识别和评价； （二）风险控制，包括风险管理组织体系简要介绍、风险管理总体策略及其执行情况。 第十二条 人身保险公司披露的产品经营信息是指上一年度保费收入居前5位的保险产品经营情况，包括产品的保费收入和新单标准保费收入。 第十…,6619,True,True,RFN-1269f65c0d907a31
nfra,85ca0c730de1c62f6488656ef745bda42276e0482491843573c21b76c7d53836,保监中介〔2010〕544号,关于进一步加强和完善保险营销员管理工作有关事项的通知,,INCLUDE,中,,保险营销员,保险公司|保险营销,,[title]…关于进一步加强和完善保险营销员管理工作有关事项的通知 保监中介〔2010〕544号。各保监局：。2009年9月，中国保监会下发《关于加强和完…,1863,True,True,RFN-201ab43ff9f14a29;RFN-201ab43ff9f14a29
nfra,cc1c833852ea9b06ab79ea14587096587f381b2eae3db84203b4e3c48155534f,,保险公司股权管理办法,,BOUNDARY,低,,,保险公司|保险资产管理|偿付能力,,[title]…保险公司股权管理办法 中国保险监督管理委员会令2010年第6号。《保险公司股权管理办法》已经2010年4月12日中国保…,8191,True,True,RFN-af8219392e2fe4c6
nfra,f5a82995fafa97ca3daaccdce4863f13f890713c4264b726edbd7abeb98dbb78,保监厅发〔2010〕35号,关于开展保险业R&D资源清查的通知（已失效）,,BOUNDARY,低,,,保险公司|保险资产管理,,[meta]…关于开展保险业R&D资源清查的通知（已失效） 保监厅发〔2010〕35号。各保险公司、保险资产管理公司：。R&D（即研究与试验发展）活动经费支出及其占GDP的比重是衡量一个国家科技活动规模和科技…,2547,True,False,
nfra,9a719ce0fcf1114656dea699459dcb3ac8758081465a8768ad320efb544da283,保监发〔2010〕43号,关于实施《财产保险公司保险条款和保险费率管理办法》有关问题的通知,,EXCLUDE,中,,,保险公司|保险条款,财产保险公司,[title]…关于实施《财产保险公司保险条款和保险费率管理办法》有关问题的通知 保监发〔2010〕43号。各财产保险公司、各保监局、中国保险行业协…,4242,True,False,
nfra,a4df3957fc3d65e5242b00e02e3131b4d63072f4738c1d63e3b58ba4635b8089,中国保险监督管理委员会令2010年第5号,中国保险监督管理委员会行政处罚程序规定,,EXCLUDE,中,,保险兼业代理,保险公司|保险公司分支机构|保险机构|保险营销|保险资产管理|分支机构,保险中介机构|保险公估|保险经纪|保险经纪机构,[body]…本规定所称业务许可证，是指保险公司法人许可证、经营保险业务许可证、保险营销服务许可证、经营保险代理业务许可证、保险兼业代理业务许可证、经营保险经纪业务许可证、经营保险公估业务许可证、保险资产管理公司法人许可证和经营保险资产管理业务许…,16923,True,True,RFN-1540c2ebea0b9c67
nfra,cc82f8e07d523aa7e302ec74b5c7ce0cdbac291f10dd47da3a48cb4dad7e7323,保监中介〔2010〕507号,关于保险公司中介业务检查中代理人、经纪人佣金监管有关问题的通知,,BOUNDARY,低,,,保险公司|保险机构,保险经纪机构,[title]…关于保险公司中介业务检查中代理人、经纪人佣金监管有关问题的通知 保监中介〔2010〕507号。各保监局：。为进一步明确保险…,1093,True,True,RFN-78d47fac28a8319e;RFN-78d47fac28a8319e
nfra,e79d0c3fc44a89aea1f3059cc4be11341f873787e5bcc20f96bf6247c2151a0f,财会〔2010〕11号,关于印发企业内部控制配套指引的通知,,EXCLUDE,中,,,保险公司,信托公司|商业银行,[body]…、 计划单列市监管局， 中国证监会上海、 深圳专员办， 各保监局、 保险公司， 各银监局、 政策性银行、 国有商业银行、 股份制商业银行、 邮政储蓄银行、 资产管理公司， 各省级农村信用联社， 银监会直接管理的信托公司、 财务公…,1697,True,False,
nfra,fd4901daa47bb84b3c89e97a358fca580371395ee5df091d3061866697633461,银监办发〔2010〕118号,中国银监会办公厅关于全力做好玉树地震灾区银行业金融服务工作的通知,办公厅,EXCLUDE,中,,,,商业银行|金融资产|银行业|银行业金融机构,[title]…中国银监会办公厅关于全力做好玉树地震灾区银行业金融服务工作的通知 中国银监会办公厅关于全力做好。玉树地震灾区银行业金融服务工作的通知。银监办发〔2010〕1…,4484,True,False,
nfra,39475a5f9407884fa9a2226ebd3b1558aef75388c65b748a4770d897f7fe570d,保监厅发〔2010〕25号,关于启用中国保险监督管理委员会证书专用章的通知,,EXCLUDE,—,,,,,,635,True,False,
nfra,8ffd13aa9cff721eb40f73ebb68303cc70fbd35cb2e99be953bfa98984ec41a7,保监发〔2004〕76号,关于人身保险公司定期报送产品总结报告的通知,,INCLUDE,高,人身保险|人身保险公司|寿险,,,,[title]…关于人身保险公司定期报送产品总结报告的通知 保监寿险〔2010〕360号。各人身保险公司：。为进一步加强产品动态监管，及时全面…,3547,True,True,RFN-4419b8953b7a48c6;RFN-45f087c7eb811533
nfra,ce38b461394eecde6b020474c03dd4bfe22a82dad00907748e4754a1f02b74a9,国发〔2009〕30号,中央宣传部 中国人民银行 财政部 文化部 广电总局 新闻出版总署 银监会 证监会 保监会关于金融支持文化产业振兴和发展繁荣的指导意见,,EXCLUDE,中,,,保险产品|保险公司|保险机构|保险资金|分支机构,商业银行|银行业|银行业金融机构,[meta]…、自治区、直辖市财政厅（局）、文化厅（局）、广播影视局、新闻出版局、银监局、证监局、保监局，各政策性银行、国有商业银行、股份制商业银行、中国邮政储蓄银行：。     银发〔2010〕94号 各省、自治区、直辖市党委宣传部，中国人…,9463,True,False,
nfra,7db11fd56aa9d77d8f40c06a2a2841d9cb4c79f95ef94695682c26c8ee2fb70a,保监中介〔2010〕325号,关于规范保险公司相互代理业务有关事项的通知,,BOUNDARY,低,,,保险公司|分支机构,,[title]…关于规范保险公司相互代理业务有关事项的通知 保监中介〔2010〕325号。各保监局、各保险公司：。为了规范保险公司相互代理保险…,814,True,True,RFN-afe4f139484908f1;RFN-afe4f139484908f1
nfra,bffad521a00031363b6a6cac1e84da0a08d3ec8c1bb8afe0bfafb42ada33e3eb,保监发〔2010〕31号,关于进一步做好科技保险有关工作的通知,,EXCLUDE,中,,,保单|保险产品|保险公司|保险机构|保险理赔|保险资金,保险中介机构|保险经纪公司|再保险公司,[meta]…区、直辖市、计划单列市保监局、科技厅（局、委），深圳市科工贸信委，各国家高新技术开发区管委会，各中资保险公司、保险中介机构：。2007年保监会和科技部共同开展科技保险创新发展模式试点工作以来，科技保险的保险产品逐步丰富，承保范围逐步…,2932,True,False,
nfra,b73b65171127dfad2015fce1067bd1c3f7c0cd0ac9a4d7652c43d51b79fbef86,保监发〔2010〕29号,关于印发《保险集团公司管理办法（试行）》的通知,,BOUNDARY,低,人寿保险,,,保险公估|保险经纪机构|商业银行,[meta]…关于印发《保险集团公司管理办法（试行）》的通知 保监发〔2010〕29号。中国人民保险集团股份有限公司、中国人寿保险（集团）公司、中国再保险（集团）股份有限公司、中国太平保险集团公司、中国平安保险（集团）股份有限公司、中国太平…,13546,True,True,RFN-86ec87f527d3713d;RFN-86ec87f527d3713d
nfra,d441d5b86de6e14d34eef10f7373185defc36bded08982799b9bc8216d42594a,保监中介〔2010〕248号,关于依法严肃处理保险公司中介业务违法违规机构和责任人员有关问题的通知,,EXCLUDE,中,,,保险公司|保险机构,保险中介机构,[body]…对照本通知精神， 结合辖内实际， 具体把握处罚尺度。  七、 查处辖内保险公司中介业务违法违规行为， 需要追究保险中介机构相关人员责任的， 参照本通知执行。  在执行本通知中有何新情况、 新问题， 请及时反映。  中国保险监督管理委…,1936,True,True,RFN-ddfffd5a5aa8bb42;RFN-ddfffd5a5aa8bb42
nfra,06e2a69f64e85b961de69b347516d02a4c4390a8948943fb0ac5879808e784bf,保监稽查〔2010〕192号,关于开展案件责任追究清理工作的通知,,BOUNDARY,低,,,保险公司|保险机构|保险资产管理|分支机构,,[meta]…关于开展案件责任追究清理工作的通知 保监稽查〔2010〕192号。各保险集团公司、保险公司、保险资产管理公司、保险中介公司：。为认真贯彻落实《保险机构案件责任追究指导意见》（以下简称《指导意见》），严…,4387,True,True,RFN-66289856debdc68b;RFN-66289856debdc68b
nfra,6f91dcaf624b34f52a89e9369fa8353c6e234dc724a292dd9e68791189a5a50d,保监发〔2010〕21号,关于贯彻落实《保险机构案件责任追究指导意见》的通知,,BOUNDARY,低,,,保险公司|保险机构|保险资产管理|分支机构,,[title]…关于贯彻落实《保险机构案件责任追究指导意见》的通知 保监发〔2010〕21号。各保监局，各保险集团公司、保险公司、保险资产管理公司，…,5367,True,True,RFN-721b88fa2b47265c;RFN-721b88fa2b47265c
nfra,fa66232d32e1697179f6e22ca4314a4c6b487b62d2e8547dfd997fef42944e3d,保监发〔2010〕12号,关于印发《保险机构案件责任追究指导意见》的通知,,INCLUDE,中,,保险营销员,保险公司|保险机构|保险营销|保险资产管理|分支机构,,[body]…及合规负责人等其他高级管理人员和部门负责人。 本指导意见所称保险机构从业人员，包括保险机构员工和为其代理业务的保险营销员等。 第五条 保险机构案件责任追究应当遵循“事实清楚、证据确凿、责任明确、程序合法、权责对等、逐级追究、公平公…,14573,True,True,RFN-8bf234c5a0474448;RFN-8bf234c5a0474448
nfra,10fb3f2930c4ba7bb36c4fc847dc866c50e0a36136d0d3a72d3948e188720c6e,保监发〔2010〕26号,关于贯彻实施《保险公司管理规定》有关问题的通知,,BOUNDARY,低,,,保险公司|保险公司分支机构|分支机构,,[title]…关于贯彻实施《保险公司管理规定》有关问题的通知 保监发〔2010〕26号。各保险公司、各保监局、机关各部门：。《保险公司管理规定》（…,4652,True,True,RFN-899ce5272693a573;RFN-899ce5272693a573
nfra,a88f55351d2575c95dbb96773b2cee838c53a2a504733564dc6ab43f69173900,国家工商行政管理总局令2010年第3号,融资性担保公司管理暂行办法（中国银行业监督管理委员会、中华人民共和国国家发展和改革委员会、中华人民共和国工业和信息化部、中华人民共和国财政部、中华人民共和国商务部、中国人民银行、国家工商行政管理总局令2010年第3号）,办公厅,BOUNDARY,低,,,分支机构,银行业|银行业金融机构,[body]…院建立的融资性担保业务监管部际联席会议报告工作。 第二章  设立、变更和终止 第八条  设立融资性担保公司及其分支机构，应当经监管部门审查批准。经批准设立的融资性担保公司及其分支机构，由监管部门颁发经营许可证，并凭该许可证向工商…,12171,True,False,
nfra,33c4dba24b1eb4b96a48ec73d35722266307d758a385497f8f91bf9e43d686ab,银监发〔2010〕14号,中国银监会关于印发《商业银行稳健薪酬监管指引》的通知,办公厅,EXCLUDE,中,,,,信托公司|商业银行|金融资产|银行业|银行业金融机构,[title]…中国银监会关于印发《商业银行稳健薪酬监管指引》的通知 中国银监会关于印发。《商业银行稳健薪酬监管指引》的通知。银监发〔2010〕14号。机…,8666,True,False,
nfra,9b28db22a40761dd0fe3200e2e0717f055ffdc304ed2c745b22657973032b05d,发改〔2010〕169号,关于规范报送《保险公司治理报告》的通知,,BOUNDARY,低,,,保险公司|保险资产管理,,[title]…关于规范报送《保险公司治理报告》的通知 保监发改〔2010〕169号。各保险公司、保险资产管理公司：。为进一步完善公司治理结构，规范…,836,True,True,RFN-9ce8ec282f0526f8
nfra,ad5f3db45e434f8a2e44f40970378d518b35830bd1d5894034b64a501de7fc22,中国保险监督管理委员会令2010年第4号,人身保险业务基本服务规定,,INCLUDE,高,人身保险,保险代理人|保险营销员,,,[title]…人身保险业务基本服务规定 中国保险监督管理委员会令2010年第4号。《人身保险业务基本服务规定》已经2010年1月26…,6603,True,True,RFN-28419373d82254db;RFN-28419373d82254db
nfra,447afeb70ab126a45e4ec81ab629c80fb6e96f78fd138e14be4fb7cc8c60dfcf,中国保险监督管理委员会令2010年第3号,财产保险公司保险条款和保险费率管理办法,,EXCLUDE,中,,,保险公司|保险机构|保险条款|偿付能力|分支机构,财产保险公司,[title]…财产保险公司保险条款和保险费率管理办法 中国保险监督管理委员会令2010年第3号。《财产保险公司保险条款和保险费率管理办法…,11079,True,False,
nfra,57e76420213c0a104e2d3d0413052b84326b87fc6db7ec386e4b715fa2ba8504,保监发〔2010〕15号,关于精算报告编报有关事项的通知,,INCLUDE,中,人寿保险公司|健康保险|养老保险公司,,,,[meta]…关于精算报告编报有关事项的通知 保监发〔2010〕15号。各人寿保险公司、健康保险公司、养老保险公司：。2009年12月22日，财政部印发了《保险合同相关会计处理规定》（财会〔200…,1133,True,True,RFN-f93966dec8a7f371;RFN-f93966dec8a7f371
nfra,ff65a5437f093303a8a3a98620a778b0ed2b89ecb503221cefaf298b2f138575,保监发〔2010〕18号,关于做好摩托车交强险有关工作的通知,,EXCLUDE,中,,,保单|保险公司|保险机构|分支机构,财产保险公司,[meta]…关于做好摩托车交强险有关工作的通知 保监发〔2010〕18号。各保监局、各中资财产保险公司：。摩托车交强险制度自实施以来，对及时妥善处理道路交通事故，促进道路交通安全发挥了一定作用。但近期，个别地区不…,3035,True,False,
nfra,e9bf5a09529f87f1c77557cdffb7805de465f62de5e6764c11279b5c0297c604,保监厅发〔2010〕11号,转发交通运输部等五部委关于促进甩挂运输发展的通知,,EXCLUDE,中,,,保险公司,财产保险公司,[meta]…转发交通运输部等五部委关于促进甩挂运输发展的通知 保监厅发〔2010〕11号。各财产保险公司：。2010年1月6日，交通运输部、国家发展改革委、公安部、海关总署和保监会联合下发了《关于促进甩挂运输发展的…,1061,True,False,
nfra,f8b22f61b72dbb337233576dd44f83b8ede48095c89165d0c74221765c56c8e0,银监发〔2009〕116号,中国银监会关于印发《商业银行资产证券化风险暴露监管资本计量指引》的通知,办公厅,EXCLUDE,中,,,,商业银行|银行业,[title]…中国银监会关于印发《商业银行资产证券化风险暴露监管资本计量指引》的通知 中国银监会关于印发《商业银行。资产证券化风险暴露监管资本计量指引》…,28919,True,False,
nfra,eb5afe039d8c41bb527c23e8335de7fab6e80b543528d4a6ceacaaff0250be40,保监发〔2010〕7号,关于印发《保险公司偿付能力报告编报规则——问题解答第9号：偿付能力报告编报规则与〈企业会计准则解释第2号〉的衔接》的通知,,INCLUDE,中,寿险,,,财产保险公司,[body]…债。 保险公司应当自2009年年度偿付能力报告开始，按照本问题解答附件规定的最低资本表编报偿付能力报告。 问：寿险公司偿付能力报告在新旧政策转换期如何衔接过渡？ 答：为了保持寿险公司有关监管报告的前后衔接和监管信息的平稳过渡…,3533,True,True,RFN-d6387e203f6e7801;RFN-d6387e203f6e7801
nfra,59a9c6aecbd4d502fc01e722fb204e0694cf1dabfdf8ed6aea6733ae9660fcbf,保监发〔2010〕6号,关于保险业做好《企业会计准则解释第2号》实施工作的通知,,INCLUDE,中,寿险,,,再保险公司|财产保险公司,[body]…量方法、计量单元及其确定原则； 2、预期未来现金流入和流出金额的组成内容和计量方法； 3、重要计量假设，特别是寿险业务折现率假设； 4、边际的计量方法和计入当期损益的原则和模式； 5、以上重大会计政策和会计估计的变更。 有关…,7621,True,True,RFN-f64e32d50bb27901;RFN-f64e32d50bb27901
nfra,b1823a21e2f4f6a190db86630c8834b4026aae2e0bca2e665c303ebf328dc5aa,中国保险监督管理委员会令〔2010〕1号,中国保险监督管理委员会行政复议办法,法规部,EXCLUDE,—,,,,,,13163,True,True,RFN-c056c6f9e940201b;RFN-c056c6f9e940201b
nfra,435d4c0f092ef2d2ee0a41664c57ca0f1c97a99735b9d6ff251e735425e77be2,中国保险监督管理委员会令2010年第2号,保险公司董事、监事和高级管理人员任职资格管理规定,,BOUNDARY,低,,,保险公司|保险公司分支机构|保险机构|保险资金|偿付能力|分支机构,,[title]…保险公司董事、监事和高级管理人员任职资格管理规定 中国保险监督管理委员会令2010年第2号。《保险公司董事、监事和高级…,13760,True,True,RFN-3f1d5683e4f0e25b
nfra,94bd64e1b85abdc1b2d32ffc31214489d69c66d227f115e7c232f7c401a5f9a0,保监发〔2010〕4号,关于加强银行代理寿险业务结构调整促进银行代理寿险业务健康发展的通知（已废止）,,INCLUDE,高,人身保险|健康险公司|养老险公司|寿险,保险兼业代理,,商业银行|金融资产|银行业,[title]…关于加强银行代理寿险业务结构调整促进银行代理寿险业务健康发展的通知（已废止） 保监发〔2010〕4号。各保监局，各银监局，各寿险公…,6519,True,True,RFN-b1c08c3785a08395;RFN-b1c08c3785a08395
nfra,ad951b89abb950900540b8c20760b8c019615f0ac7922019fdbb7559b063423d,保监发〔2010〕2号,关于印发《保险公司偿付能力报告编报规则第16号：动态偿付能力测试（财产保险公司）》及其实务指南的通知,,EXCLUDE,中,,,保险公司|偿付能力,财产保险公司,[title]…关于印发《保险公司偿付能力报告编报规则第16号：动态偿付能力测试（财产保险公司）》及其实务指南的通知 保监发〔2010〕2号。各财产保险公司：。为进一步完善偿付能力监管制度，加强财产保险公…,604,True,False,
nfra,934443b090d2b9d5f8c60c52b0ed7c6fa1bed289b13e3af82cdc2c402d1ac052,银监发〔2009〕109号,中国银监会关于印发《商业银行资本充足率监督检查指引》的通知 银监发〔2009〕109号,办公厅,EXCLUDE,中,,,保险机构,商业银行|银行业,[title]…中国银监会关于印发《商业银行资本充足率监督检查指引》的通知 银监发〔2009〕109号 中国银监会关于印发《商业银行。资本充足率监督检查指…,27779,True,False,
nfra,b6b0c3f90887ab3da3659450a99914e2d7a1bf0ab4587568a30574a3770e38b8,保监发〔2009〕133号,关于印发《保险公司信息化工作管理指引（试行）》的通知,,BOUNDARY,低,,,保险公司|保险资产管理|分支机构,,[title]…关于印发《保险公司信息化工作管理指引（试行）》的通知 保监发〔2009〕133号。各保监局，各保险公司、保险资产管理公司：。为加…,7269,True,True,RFN-03c5e9251ac78f85;RFN-03c5e9251ac78f85
nfra,95c5abaa93bfbf4cdc42df082253308594313bf8381a88c0669e78413a4d7780,保监发〔2009〕132号,关于保险机构投资无担保企业债券有关事宜的通知,,BOUNDARY,低,,,保险公司|保险机构|保险资产管理|保险资金,,[title]…关于保险机构投资无担保企业债券有关事宜的通知 保监发〔2009〕132号。各保险公司、保险资产管理公司：。为加强无担保债券…,1477,True,True,RFN-041a2d1a8851bad6;RFN-041a2d1a8851bad6
nfra,261f2b336153c45188e8afc6f023b32101e6ecfba83f584ac73519653341b221,保监发〔2009〕130号,关于贯彻落实《保险专业代理机构监管规定》、《保险经纪机构监管规定》、《保险公估机构监管规定》有关事宜的通知,,EXCLUDE,中,,,,保险公估|保险经纪机构,[title]…关于贯彻落实《保险专业代理机构监管规定》、《保险经纪机构监管规定》、《保险公估机构监管规定》有关事宜的通知 保监发〔2009〕130号。各保监局，各保险专业中介机构：…,3278,True,True,RFN-96ac98a56e401cdd;RFN-96ac98a56e401cdd
nfra,c16098716b693f64ece9974e7f8b6392dda871765a9d80561f405a7697d0bb88,保监发〔2009〕129号,关于试行养老保障委托管理业务有关事项的通知,,INCLUDE,中,养老保险|养老保险公司|寿险,,,商业银行,[meta]…关于试行养老保障委托管理业务有关事项的通知 保监发〔2009〕129号。各保监局、各养老保险公司：。为促进保险业积极参与构建多层次养老保障体系，推动养老保险专业化发展，我会决定由养老保险公司试行养老保障委托…,4875,True,True,RFN-08b2998991d6554e;RFN-08b2998991d6554e
nfra,6186aac78cc10727315c46a41995f9bde166d2d2e4e7b69ce30ef9f33a24b7dd,银监发〔2009〕104号,中国银监会关于印发《商业银行资本计量高级方法验证指引》的通知银监发[2009]104号,办公厅,EXCLUDE,中,,,,商业银行|银行业,[title]…中国银监会关于印发《商业银行资本计量高级方法验证指引》的通知银监发[2009]104号 中国银监会关于印发。《商业银行资本计量高级方法验证…,41649,True,False,
nfra,b1d3f2ce92c441a483017199b5b19cd883a1a40cb9ce85836139654780ccb218,银监发〔2009〕106号,中国银监会关于印发《商业银行银行账户利率风险管理指引》的通知银监发〔2009〕106号,办公厅,EXCLUDE,中,,,,商业银行|银行业|银行业金融机构,[title]…中国银监会关于印发《商业银行银行账户利率风险管理指引》的通知银监发〔2009〕106号 中国银监会关于印发《商业银行银行。账户利率风险管理…,8252,True,False,
nfra,60896ae7a830b80ffcdc417543aba390a4f481f9e1b1281de4c11394403f0715,银监发〔2009〕97号,中国银监会关于印发《商业银行资本充足率信息披露指引》的通知银监发〔2009〕97号,办公厅,EXCLUDE,中,,,保险公司,商业银行|证券公司|银行业,[title]…中国银监会关于印发《商业银行资本充足率信息披露指引》的通知银监发〔2009〕97号 中国银监会关于印发《商业银行资本。充足率信息披露指引》…,10665,True,False,
nfra,cd7cfbe359edc23c293994b02417b0289cf7fb61f0aa2509afc80494657c0c89,保监发〔2009〕128号,关于废止部分保险中介规范性文件的通知,,EXCLUDE,中,,,保险公司|分支机构,保险中介机构|保险公估|保险经纪|保险经纪机构|公估机构,[meta]…关于废止部分保险中介规范性文件的通知 保监发〔2009〕128号。各保监局、各保险中介机构：。为了适应加快建设法治政府、全面推进依法行政的要求，按照《立法法》的有关规定，我会对现行有关保险专业中介机构…,2012,True,True,RFN-4b0ca1af5924a05a;RFN-4b0ca1af5924a05a
nfra,8eccee8f2ec9f792c513f201197a53032a4100fdb3b865a5ddd0d94666f59909,保监发〔2009〕127号,关于进一步做好拖拉机交强险工作的通知,,EXCLUDE,中,,,保险公司|保险机构,财产保险公司,[meta]…拖拉机交强险工作的通知 保监发〔2009〕127号。各保监局，各省、自治区、直辖市农机管理局（办公室）、各中资财产保险公司：。拖拉机交强险制度实施以来，对增强拖拉机驾驶人交通安全意识，及时妥善处理农村地区交通事故，促进道路交通安全和…,3795,True,False,
nfra,167385d63e2478828bd8338c0a5add69693e2dc9c026d3cbef991433944c4649,保监发〔2009〕124号,关于保监局履行偿付能力监管职责有关事项的通知,,BOUNDARY,低,,,保险公司|保险公司分支机构|偿付能力|分支机构,,[title]…关于保监局履行偿付能力监管职责有关事项的通知 保监发〔2009〕124号。各保监局：。根据《保险公司偿付能力管理规定》（保监会令〔2…,2955,True,True,RFN-6aa6f799422b1e57;RFN-6aa6f799422b1e57
nfra,9f81cb35a9af3ade80e2a5c90608605fa2e89595eb0e6889140c1eb505109078,银监发〔2009〕98号,中国银监会关于印发《商业银行投资保险公司股权试点管理办法》的通知 银监发〔2009〕98号,办公厅,EXCLUDE,中,,,保单|保险产品|保险公司|保险销售,商业银行|银行业,[title]…中国银监会关于印发《商业银行投资保险公司股权试点管理办法》的通知 银监发〔2009〕98号 中国银监会关于印发《商业银行投资保险公司。股权…,5280,True,False,
nfra,7b2da23f4519c0e07a589d97ec3640a53c0302e9a4580a0b484302b9fd52bdd2,保监发〔2009〕121号,关于印发《精算报告》编报规则的通知,,INCLUDE,中,人身保险|人身保险公司|健康保险|养老保险公司|寿险,,,,"[meta]…关于印发《精算报告》编报规则的通知 保监发〔2009〕121号。各寿险公司、养老保险公司、健康保险公司：。为适应人身保险业的新发展，科学、全面、客观地反映人身保险公司的业务状况,我…",738,True,True,RFN-8e37d767096e33ab;RFN-8e37d767096e33ab
nfra,8f223ab53d922a9d86c19f21d6ebed8f5ae85ad5e8ae9e98c283c4e1135e9522,银监发〔2009〕87号,中国银监会关于印发《商业银行流动性风险管理指引》的通知银监发〔2009〕87号,办公厅,EXCLUDE,中,,,分支机构,商业银行|银行业|银行业金融机构,[title]…中国银监会关于印发《商业银行流动性风险管理指引》的通知银监发〔2009〕87号 中国银监会关于印发。《商业银行流动性风险管理指引》的通知。…,28917,True,False,
nfra,16c2effcc0dddc5a274429384e0b14026d94a55e5b597f2196580f427130a748,,关于征求《个人贷款管理暂行办法（征求意见稿）》意见的公告,办公厅,EXCLUDE,中,,,,银行业|银行业金融机构,[meta]…贷款管理暂行办法（征求意见稿）》意见的公告 关于征求《个人贷款管理暂行办法。（征求意见稿）》意见的公告。为规范银行业金融机构个人贷款业务行为，加强个人贷款业务审慎经营管理，有效防范风险，促进个人贷款业务健康发展，提升信贷资产管理的精细…,850,True,False,
nfra,0354e703da5178c13bd3eb29bbc136f1f1d4e85b200cfefccb2eee9f3c8aa355,银监发〔2009〕89号,关于开展工会创业小额贷款试点工作的通知 银监发〔2009〕89号,办公厅,EXCLUDE,中,,,保单|保险公司,商业银行|银行业|银行业金融机构,[meta]…银监局，各省、自治区、直辖市总工会，中国邮政储蓄银行，各省级农村信用联社，北京、上海、重庆、宁夏黄河、深圳农村商业银行，天津农村合作银行：。 办公厅    关于开展工会创业小额贷款试点工作的通知 银监发〔2009〕89号 各银监…,8452,True,False,
nfra,d6fce5cdf10032ff2d8591bab74e9a4c87fe9902d18d1f3c7e428a0c04c10fff,保监发〔2009〕112号,关于贯彻落实《保险公司中介业务违法行为处罚办法》有关事项的通知（已废止）,,EXCLUDE,中,,,保险公司|保险机构|保险消费者,保险中介机构,[body]…管、防范风险的大局下，必须旗帜鲜明地严厉打击保险公司中介业务中的违法违规行为，在重点查处保险公司的前提下坚持对保险中介机构同查同处。《办法》的出台是保险监管机构坚决依法整治保险公司中介业务违法违规问题的重要信号，是规范市场秩序的有力…,2951,True,True,RFN-00ecff9dba1fd0f9;RFN-00ecff9dba1fd0f9
nfra,b23b9866b81dfcc292aae6738afe9a0473d55b3776f71cb662973235dc027675,保监发〔2009〕111号,关于印发《中国保监会关于建立财产保险承保理赔信息客户自主查询制度的工作方案》的通知,,EXCLUDE,中,,,保单|保险公司|保险消费者|分支机构,财产保险公司,[meta]…保监会关于建立财产保险承保理赔信息客户自主查询制度的工作方案》的通知 保监发〔2009〕111号。各保监局，各财产保险公司：。为确保被保险人及时查询本人保单的承保理赔信息，切实保护被保险人合法权益，推动财产保险公司提高精细化管理的能…,16365,True,False,
nfra,ce246eba4d0b0c15d53498e8102aa38f4ac9ca9f217772a7b3e52e283b7c744f,保监发〔2009〕106号,关于加强保险机构债券回购业务管理的通知,,BOUNDARY,低,,,保险产品|保险公司|保险机构|保险资产管理|偿付能力,,[title]…关于加强保险机构债券回购业务管理的通知 保监发〔2009〕106号。各保险公司、保险资产管理公司：。为加强保险机构债券回购业务…,2974,True,True,RFN-0d3dfcedd6ac89eb;RFN-0d3dfcedd6ac89eb
nfra,88d51e8966403e449ae332cb336bca697915a37c099b43cbfb746acd79be3a97,保监发〔2009〕105号,关于债券投资有关事项的通知,,BOUNDARY,低,,,保险公司|保险机构|保险资产管理,,[meta]…关于债券投资有关事项的通知 保监发〔2009〕105号。各保险公司、保险资产管理公司：。为进一步加强债券投资管理，改善资产配置，优化资产结构，分散投资风险，根据《保险机构投资者…,1726,True,False,
nfra,f4921be355bfee31d877b9ade6947d8cb60f590311122d6b739128a7f8108fb5,中国保险监督管理委员会令2009年第2号,《保险公司营销服务部管理办法》废止令（中国保险监督管理委员会令2009年第2号）,,BOUNDARY,低,,,保险公司,,[title]…《保险公司营销服务部管理办法》废止令（中国保险监督管理委员会令2009年第2号） 中国保险监督管理委员会令2009年第2…,654,True,True,RFN-5dee4a762b15b1ef
nfra,9826244e9ecf8237ea5801d34e5d17f17730b57854fed86dc80ee6453637c95b,保监发〔2009〕98号,关于加强和完善保险营销员管理工作有关事项的通知,,BOUNDARY,低,寿险,保险营销员,,,[meta]…有关事项的通知 保监发〔2009〕98号。各保险公司、各保险中介公司：。多年来，保险营销为促进我国保险业特别是寿险业的发展发挥了积极作用。但是，也应当看到，在当前我国保险业发展站在新的起点、进入新的阶段的新形势下，现行保险营…,5301,True,True,RFN-bac68062f80d3053;RFN-bac68062f80d3053
nfra,33bd8ba58705a97dff4f16cb5747eb7faf6b44ad7e6c560871b4aea35d4928be,银监办发〔2009〕329号,中国银监会办公厅关于切实做好国庆节和中秋节期间银行服务与安全工作的通知 银监办发〔2009〕329号,办公厅,EXCLUDE,中,,,,商业银行|银行业|银行业金融机构,[meta]…办公厅关于切实做好国庆节和。中秋节期间银行服务与安全工作的通知。银监办发〔2009〕329号。各银监局，各国有商业银行、股份制商业银行，邮政储蓄银行：。为做好国庆节和中秋节期间银行业金融服务与安全工作，确保人民群众度过一个欢乐祥…,3227,True,False,
nfra,a928c5b266d4da133f7a774659c14981b584f8f117ae360f4c3ef4f408ae11bc,保监发〔2009〕104号,关于执行《人身保险新型产品信息披露管理办法》有关事项的通知,,INCLUDE,高,人身保险|人身保险公司,,,,[title]…关于执行《人身保险新型产品信息披露管理办法》有关事项的通知 保监发〔2009〕104号。各人身保险公司、各保监局：。为确保《人身…,2799,True,True,RFN-f338bdaf13de7eb9;RFN-f338bdaf13de7eb9
nfra,c5570aa066740773e981a48891e6c544420d347fa6147a5a20eb4e264adb7d82,中国保险监督管理委员会令2009年第7号,保险公估机构监管规定,,EXCLUDE,中,,,保单|保险公司|保险条款|分支机构,保险中介机构|保险公估|保险经纪机构|商业银行,[title]…保险公估机构监管规定 中国保险监督管理委员会令2009年第7号。《保险公估机构监管规定》已经2009年9月18日中国保…,21125,True,True,RFN-3d2e4e77b9696c64;RFN-935ddd95dd623e33
nfra,34712c4a8ff851be7ecc6faf3d14685ede04b7367cff492b9d5975ad8114e94c,中国保险监督管理委员会令2009年第6号,保险经纪机构监管规定,,EXCLUDE,中,,,保单|保险产品|保险公司|分支机构,保险中介机构|保险公估|保险经纪|保险经纪公司|保险经纪机构|商业银行,[title]…保险经纪机构监管规定 中国保险监督管理委员会令。2009年第6号。《保险经纪机构监管规定》已经2009年9月18日中国保险…,22616,True,True,RFN-b2dc070aae6d7995;RFN-6299b41ed313d187
nfra,c98339d0de867e874c8de23566e23b448a28d47cb5c56b4dcdc751ea7744a2e4,中国保险监督管理委员会令2009年第5号,保险专业代理机构监管规定,,EXCLUDE,中,,,保单|保险产品|保险公司|保险销售|分支机构,保险中介机构|保险公估|保险经纪机构|商业银行,[body]…为保险专业代理公司的发起人或者股东。 保险公司员工投资保险专业代理公司的，应当书面告知所在保险公司；保险公司、保险中介机构的董事或者高级管理人员投资保险专业代理公司的，应当根据《公司法》有关规定取得股东会或者股东大会的同意。 第九条…,23084,True,True,RFN-ff60636ff757ae9c;RFN-213ec1fa3be1cc65
nfra,a9d3815b9ca0030de955952b6ae10f18f501c53cf8f1ab01cf3e67ddb076c76b,中国保险监督管理委员会令2009年第4号,保险公司中介业务违法行为处罚办法,,EXCLUDE,中,,个人保险代理人|保险代理人,保单|保险公司|保险销售,保险中介机构|保险公估|保险经纪,[body]…进保险业健康发展， 根据《中华人民共和国保险法》等有关法律、 行政法规， 制定本办法。  第二条 保险公司通过保险代理人、 保险经纪人、 保险公估机构进行销售、 理赔等活动的， 应当遵守法律、 行政法规和中国保险监督管理委员会（以…,5168,True,True,RFN-d00641798692b299;RFN-d00641798692b299
nfra,5ece278f4f4537fc08005141a257bdedd63ff3e0838b160095af1815af93f14d,中国保险监督管理委员会令2009年第3号,人身保险新型产品信息披露管理办法,,INCLUDE,高,人身保险|人身保险公司,保险代理人,,商业银行,[title]…人身保险新型产品信息披露管理办法 中国保险监督管理委员会令。2009年第3号。《人身保险新型产品信息披露管理办法》已经…,14385,True,True,RFN-46e81a258a652e4f
nfra,10edccf61e31c463d74083046a87a50bfa6c91c8ad29bc9d58138fd8326a17bd,中国保险监督管理委员会令2009年第1号,保险公司管理规定,,INCLUDE,中,,保险代理人,保单|保险公司|保险公司分支机构|保险机构|保险条款|保险销售|偿付能力|分支机构,再保险公司,[body]…公开咨询投诉电话。 保险机构对保险投诉应当认真处理，并将处理意见及时告知投诉人。 第五十三条 保险机构应当建立保险代理人的登记管理制度，加强对保险代理人的培训和管理，不得唆使、诱导保险代理人进行违背诚信义务的活动。 第五十四条 保…,18864,True,True,RFN-cc72e22499129058
nfra,7b68de4febda789c2981c051f897e0b1452da70f013c33cd598eaef234dc0562,中国保险监督管理委员会令〔2009〕4号,保险公司中介业务违法行为处罚办法,中介部,EXCLUDE,中,,个人保险代理人|保险代理人,保单|保险公司|保险销售,保险中介机构|保险公估|保险经纪,[meta]…行为，促进保险业健康发展，根据《中华人民共和国保险法》等有关法律、行政法规，制定本办法。第二条  保险公司通过保险代理人、保险经纪人、保险公估机构进行销售、理赔等活动的，应当遵守法律、行政法规和中国保险监督管理委员会（以下简称“中…,4925,True,True,RFN-d00641798692b299
nfra,59bb26c24abded5cd52c89ba4e85551b690256d476ded427bb7a6497e5bff85b,国办发〔2008〕126号,中国人民银行 商务部 银监会 证监会 保监会 外汇局关于金融支持服务外包产业发展的若干意见,,EXCLUDE,中,,,保险产品|保险公司,商业银行|银行业|银行业金融机构,"[meta]…市中心支行；各省（自治区、直辖市）商务主管部门、银监局、证监局、保监局、国家外汇管理局分局；各政策性银行，国有商业银行，股份制商业银行，中国邮政储蓄银行,中国出口信用保险公司：。     银发〔2009〕284号 中国人民银行上…",6032,True,False,
nfra,a170013f7bac85f2a2d235a29ddb97764c4fb5ecf3ad98c7a76f87a17e0bb954,保监发〔2009〕93号,关于进一步做好农业保险发展工作的通知,,EXCLUDE,中,,,保单|保险产品|保险公司,再保险公司|财产保险公司,[meta]…关于进一步做好农业保险发展工作的通知 保监发〔2009〕93号。各保监局，各相关财产保险公司、再保险公司：。近年来，保险业认真贯彻党中央国务院决策部署，牢固树立和落实科学发展观，大力推进农业保险发展，取…,4303,True,False,
nfra,fcf023951e906bd8ddce13291d23a80aae58b9eb85748e4ac4337ff5bfc67442,,中国银监会关于印发《商业银行声誉风险管理指引》的通知 银监发【2009】82号,办公厅,EXCLUDE,中,,,,信托公司|商业银行|金融资产|银行业|银行业金融机构,[title]…中国银监会关于印发《商业银行声誉风险管理指引》的通知 银监发【2009】82号 中国银监会关于印发《商业银行。声誉风险管理指引》的通知。银…,4389,True,False,
nfra,f2475d51a15ec83d8afcac057fb93ba632d3b98d4b1e9cdb68800a56aadef893,保监厅发〔2009〕66号,关于新保险法实施后行政处罚案件中法律适用有关问题的通知,,EXCLUDE,—,,,,,,1147,True,True,RFN-ca71dd7839504069;RFN-ca71dd7839504069
nfra,6c8e5f1272d6a4d7d54b10f7996fb3da6f6627ace78ab9f193e6abaf7a13c14a,保监发〔2009〕90号,关于防范车险理赔环节风险的通知,,EXCLUDE,中,,,保单|保险公司|保险机构|保险理赔|分支机构,财产保险公司,[meta]…关于防范车险理赔环节风险的通知 保监发〔2009〕90号。各保监局，各财产保险公司，中国保险行业协会：。为进一步规范车险市场秩序，提高理赔服务质量，打击车险假赔案，防范和化解车险理赔环节风险，…,5187,True,False,
nfra,6e9bdba7ed8c03e511074a9cbe07bddd356ddd7a7f5675e341ad9c1ecc4f4aa6,,关于金融租赁公司和汽车金融公司发行金融债券的有关事宜的公告（中国人民银行  中国银行业监督管理委员会公告〔2009〕第14号）,办公厅,EXCLUDE,中,,,,商业银行|银行业,[title]…关于金融租赁公司和汽车金融公司发行金融债券的有关事宜的公告（中国人民银行  中国银行业监督管理委员会公告〔2009〕第14号） 中国人民银行  中国银行业监督管理委员会公告关于金融租赁公司和汽车金…,3917,True,False,
nfra,9ace44d87fa7b6a365e6c59f832bf266ec82ec4845bb1e11664a2c2ca4bc5f7d,保监发〔2009〕91号,关于印发《人身意外伤害保险业务经营标准》的通知,,INCLUDE,中,人身保险|寿险,保险代理人,,保险中介机构,[body]…务。 六、各保监局要结合当地市场情况，把规范意外险业务作为规范市场秩序、保护投保人利益的一项重点工作，统一对产寿险公司的监管尺度，统筹监管资源，实行产、寿、中介监管联动，督促辖内分支机构严格执行《标准》有关要求。 七、保监会…,6032,True,True,RFN-7360a14851a40d69;RFN-7360a14851a40d69
nfra,195eb1e201810f8a458444ec06ab1a227dde99f0f7ef3f2798fc50aa7fefa32f,保监厅发〔2009〕62号,关于严格执行《机动车交通事故责任强制保险费率浮动暂行办法》的通知,,EXCLUDE,中,,,保险公司|保险机构|分支机构,财产保险公司,[meta]…关于严格执行《机动车交通事故责任强制保险费率浮动暂行办法》的通知 保监厅发〔2009〕62号。各中资财产保险公司，各保监局，中国保险行业协会：。根据《机动车交通事故责任强制保险条例》，中国保监会于2007年6月下发了《机动…,1725,True,False,
nfra,9b33260bbda184669e59e67d47eb852eb27d4af1b762fa443ba5d156481365fb,保监发〔2009〕87号,关于加强协作配合共同打击保险领域违法犯罪行为的通知,,BOUNDARY,低,,,保单|保险公司|保险机构|保险资产管理,,[meta]…监局，各省、自治区、直辖市公安厅、局，新疆建设兵团公安局：。近年来，保险领域的违法犯罪活动有所上升，特别是“假保险机构、假保单、假赔案”等案件时有发生，为维护保险市场正常秩序，保护保险关系人的合法权益，现就保险监管机构和公安机关…,2687,True,True,RFN-50486bd5546c4c0e;RFN-50486bd5546c4c0e
nfra,062749160c27ac7c3a74fb409023238ce2c19277bcec544e5b77172f09e62abf,保监发〔2009〕86号,中国保监会 农业部关于进一步加强生猪保险和防疫工作促进生猪生产发展的通知,,BOUNDARY,低,,,保险公司,,[meta]…保监局，各省、自治区、直辖市、计划单列市畜牧兽医（农业、农牧）局（厅、委、办），新疆生产建设兵团农业局，各有关保险公司，中国动物疫病预防控制中心：。     保监发〔2009〕86号 各保监局，各省、自治区、直辖市、计划单列市畜…,5191,True,False,
nfra,e10ed02502a97784915b1c468afaae5836b8680696900beb8380a22de96c9c6c,,中国银监会关于进一步加强银行业金融机构与机构客户交易衍生产品风险管理的通知银监发【2009】74号,办公厅,EXCLUDE,中,,,分支机构,商业银行|银行业金融机构,[title]…中国银监会关于进一步加强银行业金融机构与机构客户交易衍生产品风险管理的通知银监发【2009】74号 中国银监会关于进一步加强银行业金融机构与机构。客…,6898,True,False,
nfra,5754411a5033576fc660be4306c5326576cd43a8ee7c2c2a6b0dbcb7b419fdd8,,关于对实施新资本协议相关指引征求意见的公告,办公厅,EXCLUDE,中,,,,商业银行|银行业,[meta]…则修改的最新要求，新资本协议研究和规划项目组根据巴塞尔委员会议近期发布的《新资本协议框架完善意见》等文件，对《商业银行资本充足率监督检查指引》等7个监管文件进行了修改，现将征求意见稿上网向社会各界公开征求意见。 办公厅    关…,1398,True,False,
nfra,a7e1810a6f5380389d6d64fea1496ed36b524c6ad7cac991f0b84b8f280c732c,保监发〔2009〕84号,关于进一步加强结构调整 转变发展方式 促进寿险业平稳健康发展的通知（已废止）,,INCLUDE,高,人身保险公司|健康保险|养老保险|养老险|寿险,,,,[title]…关于进一步加强结构调整 转变发展方式 促进寿险业平稳健康发展的通知（已废止） 保监发〔2009〕84号。各保监局，各人身保险公司：。2009年以来，寿险业认…,5645,True,True,RFN-c0b231b9385a1bd2;RFN-c0b231b9385a1bd2
nfra,eac328fde5739b60e5ebc8d741575d484e4faefc76330351b3d73bc5eeb5c171,,关于征求《流动资金贷款管理暂行办法（征求意见稿）》意见的公告,办公厅,EXCLUDE,中,,,,银行业|银行业金融机构,[meta]…管理暂行办法（征求意见稿）》意见的公告 关于征求《流动资金贷款管理暂行办法。（征求意见稿）》意见的公告。为规范银行业金融机构流动资金贷款业务行为，加强流动资金贷款业务审慎经营管理，提升信贷资产管理的精细化水平，支持我国经济又好又快的发…,857,True,False,
nfra,d357aaa3a7895fdb4090aaf9c2c719d4c8115087e45797749b9469a8a9bba3eb,银监发〔2009〕72号,中国银监会关于做好《新型农村金融机构2009年-2011年总体工作安排》有关事项的通知银监发〔2009〕72号,办公厅,EXCLUDE,中,,,分支机构,商业银行|银行业|银行业金融机构,[meta]…构2009年。-2011年总体工作安排》有关事项的通知。银监发〔2009〕72号。各银监局，各政策性银行、国有商业银行、股份制商业银行，中国邮政储蓄银行：。经国务院同意，决定实施新型农村金融机构2009年-2011年总体工作安排…,4401,True,False,
nfra,ad077f140272304d2aff605c3257ed9f04ee1089cd34a9a1251344f48bb105a0,银监发〔2009〕71号,中国银监会关于印发《项目融资业务指引》的通知银监发〔2009〕71号,办公厅,EXCLUDE,中,,,,商业银行|银行业|银行业金融机构,[meta]…国银监会关于印发《项目融资业务指引》的通知。银监发〔2009〕71号。机关各部门，各银监局，各政策性银行、国有商业银行、股份制商业银行，中国邮政储蓄银行：。为加强项目融资业务风险管理，促进项目融资业务健康发展，银监会制定了《项目…,4885,True,False,
nfra,0e60819b30c3dd7002ea520884bfd70e872737bfa81c5b1291bd145f39e76248,银监发〔2009〕60号,中国银监会关于进一步规范信用卡业务的通知 银监发〔2009〕60号,办公厅,EXCLUDE,中,,,分支机构,商业银行|银行业|银行业金融机构,[meta]…银监发〔2009〕60号 中国银监会关于进一步规范信用卡业务的通知。银监发〔2009〕60号。各银监局，各国有商业银行、股份制商业银行，邮政储蓄银行，中国银行业协会：。为进一步规范银行业金融机构信用卡业务经营行为，防范相关业务风…,4723,True,False,
nfra,a6750fcb3aea6a3751ec4ced02d3f43127ed60c47a4a909cb95fd0740c052ad5,银监发〔2009〕65号,中国银监会关于进一步规范商业银行个人理财业务投资管理有关问题的通知银监发[2009] 65号,办公厅,EXCLUDE,中,,,,信托公司|商业银行|金融资产|银行业|银行业金融机构,[title]…中国银监会关于进一步规范商业银行个人理财业务投资管理有关问题的通知银监发[2009] 65号 中国银监会关于进一步规范商业银行个人理财业务。投…,4568,True,False,
nfra,2bbd9dff5482cbb5783a33725e16d2c64f11540c597696017e309aa4619118e9,保监发〔2009〕76号,关于贯彻落实新《保险法》做好人身保险产品变更管理工作的通知（已废止）,,INCLUDE,高,人身保险|人身保险公司,,,,[title]…关于贯彻落实新《保险法》做好人身保险产品变更管理工作的通知（已废止） 保监发〔2009〕76号。各人身保险公司：。为贯彻落实《中华人民共和国保险法…,2836,True,True,RFN-12e2ec7fa557c6ec;RFN-12e2ec7fa557c6ec
nfra,74a2b0c7674f0b5ac348f4ad505ebf7b9b3a3e97f23a433d09caf6ebbd4409a2,银监发〔2009〕48号,中国银监会关于印发《小额贷款公司改制 设立村镇银行暂行规定》的通知银监发〔2009〕48号,办公厅,EXCLUDE,中,,,,银行业|银行业金融机构,[body]…日 小额贷款公司改制设立村镇银行暂行规定 第一章总则 第一条为做好小额贷款公司改制设立村镇银行工作，根据《中国银行业监督管理委员会农村中小金融机构行政许可事项实施办法》、《村镇银行管理暂行规定》、《关于小额贷款公司试点的指导意…,5048,True,False,
nfra,ff98aa4b8f2498b7b745818a6f43d35ac2cf0a6e76d7939b5239e654f338b521,保监发〔2009〕70号,关于加强保险中介从业人员继续教育管理工作的通知（已废止）,,EXCLUDE,中,,,保险公司,保险中介机构,[body]…申请，已经由保险监管机构认证的继续教育培训机构，认证期有效期届满后，不再受理延期申请。 二、切实加强保险公司和保险中介机构对其从业人员继续教育的管理责任。一是保险公司和专业保险中介机构应当根据法律法规要求，对从业人员进行继续教育培训…,1584,True,True,RFN-0e6c350ab17d6826;RFN-93cf24eecccf929b;RFN-0e6c350ab17d6826
nfra,4fd20dc02ccb5328cebeaffb5175b941fccd6b5a65dc9e20187039fcda9ccf4e,国发〔2009〕12号,关于保险业深入贯彻医改意见 积极参与多层次医疗保障体系建设的意见,,INCLUDE,中,人身保险|健康保险,,,,[body]…行为。认真执行《保险法》及《健康保险管理办法》，强化健康保险产品监管和销售过程监管，防范销售误导风险，全面落实人身保险业务服务规范，努力解决健康保险销售、承保、理赔环节存在的突出问题。进一步优化理赔流程，简化理赔手续，提高理赔时…,7090,True,True,RFN-f76b806101d71f4a
nfra,7e51dd4adafc6f924093bc225d68e4b09fa18d6fe6498220a2207e20304527c8,保监发〔2009〕69号,关于促进汽车消费贷款保证保险业务稳步发展的通知,,EXCLUDE,中,,,保险产品|保险公司,财产保险公司,[meta]…关于促进汽车消费贷款保证保险业务稳步发展的通知 保监发〔2009〕69号。各财产保险公司、中国保险行业协会：。为积极贯彻国务院《汽车产业调整和振兴规划》和《当前金融促进经济发展的若干意见》的精神，促…,1792,True,False,
nfra,a39215431342bb831b7f02e23e3c1627287923cf0c48b2cec0e58af9735a15c8,保监发〔2009〕68号,关于推进投保提示工作的通知,,INCLUDE,中,人身保险|健康保险|健康险公司|寿险,保险兼业代理,,,[meta]…关于推进投保提示工作的通知 保监发〔2009〕68号。各保监局，各寿险公司、健康险公司：。为规范人身保险投保提示工作，推行人身保险投保提示制度，保护投保人合法权益，提升行业服务水平…,13237,True,True,RFN-28b33b7919097bdb;RFN-28b33b7919097bdb
nfra,c9d87f532bc9608ec2f15926084402c0ff95f0dee4a8fb066ea07f3c40603891,,商业银行信息科技风险管理指引,办公厅,EXCLUDE,中,,,分支机构,信托公司|商业银行|金融资产|银行业|银行业金融机构,[title]…商业银行信息科技风险管理指引 商业银行信息科技风险管理指引。第一章  总    则。第一条  为加强商业银行信息科技风…,22242,True,False,
nfra,5117b6eab6cad01bf9b1886857643e4eed6c36a24e025121dc6eb2c3c88ed882,银监发〔2009〕35号,中国银监会关于印发《中国农业银行三农金融事业部制改革与监管指引》的通知银监发[2009]35号,办公厅,EXCLUDE,中,,,,商业银行|银行业,[body]…股份制改革取得实效，坚持“面向三农、商业运作”的原则，有效推进三农金融事业部制改革与发展，依据《中华人民共和国银行业监督管理法》、《中华人民共和国商业银行法》等法律法规，制定本指引。 第二条  本指引所称三农金融事业部制，是指…,7314,True,False,
nfra,386f6800efaa7a5d9d10cbdf2597d1cd828684c9633908defbef10fb9bc4ab55,国办发〔2008〕126号,中国人民银行 财政部 银监会 保监会 林业局关于做好集体林权制度改革与林业发展金融服务工作的指导意见银发〔2009〕170号,办公厅,EXCLUDE,中,,,保险公司|保险理赔|分支机构,商业银行|银行业金融机构,[meta]…省会（首府）城市中心支行；各省（自治区、直辖市）财政厅（局）、银监局、保监局、林业厅（局）；各政策性银行，国有商业银行，股份制商业银行，中国邮政储蓄银行：。 办公厅    中国人民银行 财政部 银监会 保监会 林业局 关于做好集…,8887,True,False,
nfra,bfc3e9d30ea9dafbaad819a16d7e32b720ec4368545710603e5c5b400ae14dcc,国办发〔2008〕126号,中国人民银行 财政部 银监会 保监会 林业局关于做好集体林权制度改革与林业发展金融服务工作的指导意见,,EXCLUDE,中,,,保险公司|保险理赔|分支机构,商业银行|银行业金融机构,[meta]…省会（首府）城市中心支行；各省（自治区、直辖市）财政厅（局）、银监局、保监局、林业厅（局）；各政策性银行，国有商业银行，股份制商业银行，中国邮政储蓄银行：。     银发〔2009〕170号 中国人民银行上海总部，各分行、营业管…,8715,True,False,
nfra,2be209be6fbc41b03961005b2795e5e8aae34f5394204bf2bf8d735d3fb7e5ce,保监财会〔2009〕399号,关于印发《分红保险专题财务报告编报规则问题解答第1号》的通知,,INCLUDE,中,健康保险|养老保险公司|寿险,,,金融资产,[meta]…关于印发《分红保险专题财务报告编报规则问题解答第1号》的通知 保监财会〔2009〕399号。各寿险公司、养老保险公司、健康保险公司：。为便于各公司做好分红保险专题财务报告的编报工作，我会制定了《分红保险专题财…,5176,True,True,RFN-cd7d64530d5dca1d;RFN-cd7d64530d5dca1d
nfra,005d02c228922f6f94a0527a91e248bd94c6dbb3cfc7233dd58dfe50b5178181,保监厅发〔2009〕39号,关于进一步做好保险业参与社会治安综合治理工作的通知（已废止）,,BOUNDARY,低,健康保险,,,,[body]…”保险服务网络。加强与气象、水利、畜牧等部门合作，运用现代技术手段，提升农业防灾防损水平。 大力发展商业养老和健康保险。结合社会保障体制改革，大力发展个人、团体养老等保险业务。积极探索保险业参与和服务医疗卫生体制改革的新途径和有…,5048,True,True,RFN-aa06db05ffcc03bb;RFN-aa06db05ffcc03bb
nfra,62d5da511012d62ff6eb3423ee4855266681d57555b0e4a17e73c0b189b6337c,保监发〔2009〕62号,关于开展保险数据真实性抽查工作的通知（已失效）,,INCLUDE,中,寿险,,,保险中介机构,[body]…查工作组织领导不到位、不够深入、对整改工作存在畏难情绪、持观望态度的保险机构要作为重点检查对象。各保监局对产、寿险公司至少要各选取3家，既可以抽查省级分公司，也可以抽查地市中支公司。 （三）抽查工作安排 年初保监会安排了这次…,4621,True,True,RFN-ad41bc09e1aa94d1;RFN-ad41bc09e1aa94d1
nfra,0c44b28181a936df879461d115e15fe9786026622df83ef78426d717906f5d12,保监发〔2009〕59号,关于进一步扩大农村小额人身保险试点的通知,,INCLUDE,高,人身保险|健康保险|健康险公司|养老保险|养老险公司|寿险,,,,[title]…关于进一步扩大农村小额人身保险试点的通知 保监发〔2009〕59号。各寿险公司，各养老险公司，各健康险公司，各保监局:。农村小额人身保险试点…,2411,True,True,RFN-1011cd4b926d9c63;RFN-1011cd4b926d9c63
nfra,1c885bef82ffcaeea7bd211bf69645e15f9435077d07b0195d7f156b1f67ab29,保监厅发〔2009〕31号,关于做好新《保险法》宣传工作的通知（已失效）,,BOUNDARY,低,,,保险公司|保险机构|保险理赔,,[meta]…关于做好新《保险法》宣传工作的通知（已失效） 保监厅发〔2009〕31号。各保监局，各保险公司，中国保险行业协会，中国保险学会：。2009年2月28日，十一届全国人大常委会第七次会议通过了《中华人民共和国…,5691,True,True,RFN-d6174ff6a464bc23;RFN-d6174ff6a464bc23
nfra,0e63fdf5a546528be4388b9b4472dc9a78f19f2fbeb311ec5697c2b0f4dcbc31,保监厅发〔2009〕30号,关于做好2009年保险消费者教育工作的通知（已失效）,,BOUNDARY,低,,,保险公司|保险消费者,,[title]…关于做好2009年保险消费者教育工作的通知（已失效） 保监厅发〔2009〕30号。各保监局、各保险公司、中国保险行业协会、中国保险学会：。…,1653,True,True,RFN-dfa1f1cbb084b933;RFN-dfa1f1cbb084b933
nfra,2d3a1b7a8ceae15b55604b1aa4e9a3e7a597909eca97dcf97aedb93173894f88,保监发〔2009〕56号,关于规范政策性农业保险业务管理的通知,,EXCLUDE,中,,,保单|保险产品|保险公司|保险条款|保险资金|偿付能力|分支机构,财产保险公司,[meta]…关于规范政策性农业保险业务管理的通知 保监发〔2009〕56号。各保监局，各财产保险公司:。近年来，我国政策性农业保险得到了较快的发展，在建立和完善农村金融服务体系，提高农村综合生产能力，服务社会主…,5927,True,False,
nfra,f1a2b8b929b4abb438f7f968e379a8c81aa0ad4673addb529a4cdf91aae37cb0,保监发〔2009〕52号,关于发布《巨灾保险数据采集规范》行业标准的通知,,BOUNDARY,低,,,保险公司|保险资产管理,,[meta]…关于发布《巨灾保险数据采集规范》行业标准的通知 保监发〔2009〕52号。各保监局、保监会机关各部门，各保险公司、保险资产管理公司、保险专业中介机构，国有保险公司监事会、中国保险行业协会、中国保险学会，全国金融标准化技术委…,766,True,True,RFN-361cbf2932f327c4;RFN-361cbf2932f327c4
nfra,3004ab9c3665a54b11fbd5d3ef94081a4e54b6631a9cf871110883dfe383f2e1,保监发〔2009〕51号,关于发布《机动车保险数据交换规范》行业标准的通知,,EXCLUDE,中,,,保险公司|保险资产管理,,,769,True,False,
nfra,5d45324bc75e2f9b815771d26eb61e610d21d148530c0c8e098049dcffefad3c,保监发〔2009〕34号,关于发布《产险单证》行业标准的通知,,BOUNDARY,低,,,保险公司|保险资产管理,,[meta]…关于发布《产险单证》行业标准的通知 保监发〔2009〕34号。各保监局，保监会机关各部门，各保险公司、保险资产管理公司、保险专业中介机构，国有保险公司监事会，中国保险行业协会、中国保险学会，全国金融标准化技术委…,756,True,False,
nfra,eb121796be401feb838ace9d0f249e4f13cf182aa27311a24b2eb4fd9a0c1db5,保监发〔2009〕33号,关于发布《寿险单证》行业标准的通知,,INCLUDE,高,寿险,,,,[title]…关于发布《寿险单证》行业标准的通知 保监发〔2009〕33号。各保监局，保监会机关各部门，各保险公司、保险资产管理公司、保险…,756,True,True,RFN-a7b50b34e5b91456;RFN-a7b50b34e5b91456
nfra,20fa7051c5e8c38e4ebab8b7d0fe034be42565809699d1d51778e9e7f9cc63c5,保监发〔2009〕32号,关于发布《寿险柜面服务规范》行业标准的通知,,INCLUDE,高,寿险,,,,[title]…关于发布《寿险柜面服务规范》行业标准的通知 保监发〔2009〕32号。各保监局，保监会机关各部门，各保险公司、保险资产管理公…,772,True,True,RFN-6ea73d00894ffb08;RFN-6ea73d00894ffb08
nfra,a5de692a6ae3127b04fd8b8dc798ab08ae9c2851cbb702e5fa6f4d007a691cee,保监发〔2009〕31号,关于发布《保险基础数据模型》行业标准的通知,,BOUNDARY,低,,,保险公司|保险资产管理,,[meta]…关于发布《保险基础数据模型》行业标准的通知 保监发〔2009〕31号。各保监局，保监会机关各部门，各保险公司、保险资产管理公司、保险专业中介机构，国有保险公司监事会，中国保险行业协会、中国保险学会，全国金融标准化技术委…,768,True,True,RFN-8a98eed7f23b0c5d;RFN-8a98eed7f23b0c5d
nfra,591119aa8d98a1204d8a5ffceff1ebaf36499c071dd7e92014964f432170c03c,保监发〔2009〕30号,关于发布《保险公司统计分析指标体系规范》行业标准的通知,,BOUNDARY,低,,,保险公司|保险资产管理,,[title]…关于发布《保险公司统计分析指标体系规范》行业标准的通知 保监发〔2009〕30号。各保监局，保监会机关各部门，各保险公司、保险资…,769,True,True,RFN-b4d289dc1654e895;RFN-b4d289dc1654e895
nfra,756c032425532dfa810a0a3ff71e80d5cd005c2674be28dddabc494854ac4158,保监发〔2009〕29号,关于发布《2009版保险术语》行业标准的通知,,BOUNDARY,低,,,保险公司|保险资产管理,,[meta]…关于发布《2009版保险术语》行业标准的通知 保监发〔2009〕29号。各保监局，保监会机关各部门，各保险公司、保险资产管理公司、保险专业中介机构，国有保险公司监事会，中国保险行业协会、中国保险学会，全国金融标准化技术委…,772,True,True,RFN-8a8ac6b0f395d59d;RFN-8a8ac6b0f395d59d
nfra,a632f2f8e10ff8c6449061fd2a899396f12a800a21fa2bf1a0aa97035b20f07f,保监发〔2009〕53号,关于印发《保险公司偿付能力报告编报规则第15号：再保险业务》及其实务指南的通知,,EXCLUDE,中,,,保险公司|偿付能力,,,518,True,True,RFN-6320c5a67f0e4821;RFN-6320c5a67f0e4821
nfra,c15cf8f048251938df19bab148ff283202c5c2574ca075307c2e44cfeced938d,保监发〔2009〕24号,关于印发《保险监管人员行为准则》和《保险从业人员行为准则》的通知,,BOUNDARY,低,,,保险产品|保险公司|保险机构|保险资产管理|保险销售,,[meta]…险监管人员行为准则》和《保险从业人员行为准则》的通知 保监发〔2009〕24号。各保监局，保监会机关各部门，各保险公司、保险资产管理公司、保险中介公司，中国保险行业协会:。现将《保险监管人员行为准则》和《保险从业人员行为准则》印…,3749,True,True,RFN-e146828784b8125c;RFN-e146828784b8125c
nfra,efd8faef6f50355b74884ec8a5b8e5d731e4851facc8c9b89f74a5ee772269a2,保监发〔2009〕45号,关于规范保险机构股票投资业务的通知,,BOUNDARY,低,,,保险产品|保险公司|保险机构|保险资产管理|保险资金|偿付能力,,[title]…关于规范保险机构股票投资业务的通知 保监发〔2009〕45号。各保险公司、保险资产管理公司:。为支持资本市场改革发展，提高保险…,2782,True,True,RFN-c1e81c43bf01ca6f;RFN-c1e81c43bf01ca6f
nfra,51cdb2d375d2827b9fc1ecdc6f1f99553b0b3d023befea760e006034ba15f2c5,保监发〔2009〕43号,关于保险资金投资基础设施债权投资计划的通知,,EXCLUDE,中,,,保险产品|保险公司|保险机构|保险资产管理|保险资金|偿付能力,信托公司|金融资产,[body]…简称管理办法）及《保险资金间接投资基础设施债权投资计划管理指引（试行）》的有关规定，可以投资保险资产管理公司、信托公司等专业管理机构发起设立的债权投资计划。 二、保险公司投资债权投资计划的，除符合管理办法第二十三条规定外，还应当…,4746,True,True,RFN-2db149c6176e5ae6;RFN-2db149c6176e5ae6
nfra,7a366459580ed50a525ff72e3446cb581fca4d4a7950dc33d814ca6fce91b802,保监发〔2009〕42号,关于增加保险机构债券投资品种的通知,,BOUNDARY,低,,,保险公司|保险机构|保险资产管理|偿付能力,,[title]…关于增加保险机构债券投资品种的通知 保监发〔2009〕42号。各保险公司、保险资产管理公司：。为促进保险业务持续健康发展，根据…,2942,True,True,RFN-c537e12b987a537e;RFN-c537e12b987a537e
nfra,b59a2ceb221f4c0b9de9d1ba501926d8f23b59336ba532bab124547ef333ab82,保监发〔2009〕41号,关于印发《基础设施债权投资计划产品设立指引》的通知,,EXCLUDE,中,,,保险公司|保险机构|保险资产管理|保险资金,信托公司|商业银行,[body]…试行）》（以下简称管理指引）及有关法规，制定本指引。 第二条  符合管理办法和管理指引规定的保险资产管理公司、信托公司等专业管理机构（以下统称专业管理机构），可以作为发起人和管理人，依据信托原理，发起设立债权投资计划，募集资金投…,12243,True,False,
nfra,7fec4d7e1211bb519565ca9afbc8476ff850ecd32bbe0d34ebacbbf74e0bb8f6,保监发〔2009〕40号,关于加强资产管理能力建设的通知,,BOUNDARY,低,,,保险公司|保险机构|保险资产管理|偿付能力,,[meta]…关于加强资产管理能力建设的通知 保监发〔2009〕40号。各保险集团（控股）公司、保险公司、保险资产管理公司:。为防范投资运作风险，提高资产管理水平，根据《保险机构投资者股票投资管理暂行办法》、《保险…,10001,True,False,
nfra,5c793a5c136439e64300c0ba5f9a7bf3c13efb210fa8ff3d313f45c9f4d49906,保监厅发〔2009〕22号,关于印发《保险公司第二次经济普查工作方案》的通知（已失效）,,BOUNDARY,低,,,保险公司|保险机构|保险资产管理|分支机构,,[title]…关于印发《保险公司第二次经济普查工作方案》的通知（已失效） 保监厅发〔2009〕22号。各保险公司、保险资产管理公司：。为进一步…,5082,True,True,RFN-b878d6635ecfc0d8;RFN-b878d6635ecfc0d8
nfra,715a9c0e0f3951acd63e79f11a794132940564c354509d59a2d4e7705aed6fee,保监厅函〔2009〕91号,关于加强机动车交强险承保工作管理的通知,,EXCLUDE,中,,,保单|保险公司,财产保险公司,[meta]…关于加强机动车交强险承保工作管理的通知 保监厅函〔2009〕91号。各中资财产保险公司：。交强险自实施以来，对促进道路交通安全、保障机动车道路交通事故受害人的合法权利发挥了重大作用。但由于交强险保…,1398,True,False,
nfra,aeded501141e9fde4c18eec123bcc7125acc70f49af3b505116e1fadfc9b3f2e,保监厅发〔2009〕18号,关于保险许可证采用新编码规则的通知,办公厅,BOUNDARY,低,,,保险公司|保险机构|保险资产管理,,[meta]…关于保险许可证采用新编码规则的通知 保监厅发〔2009〕18号。各保监局，各保险公司、保险资产管理公司：。为加强保险许可证管理，我会将对非中介类保险许可证启用新的编码规则。现将有关事宜通知如下：…,1263,True,True,RFN-b85b6d91e55aa2cb;RFN-b85b6d91e55aa2cb
nfra,264eaff0bc8ce8f96b47e2c0b7af9da8bd8f5889e6b1b627f7cf0e01c466ce7d,保监统信〔2009〕222号,关于报送保险机构和高管人员类行政许可申请事项电子化文档的通知,,BOUNDARY,低,,,保险公司|保险机构|保险资产管理|分支机构,,[title]…关于报送保险机构和高管人员类行政许可申请事项电子化文档的通知 保监统信〔2009〕222号。各保险公司、保险资产管理公司、保险…,1289,True,True,RFN-d440356514113d3d;RFN-d440356514113d3d
nfra,fdda42e650a36379a6d58b3a6f6a0922eaf40a237827fa8b554235dafd573c9e,保监发〔2009〕19号,关于严厉打击制售假保单等违法行为的通知,,INCLUDE,中,,保险兼业代理,保单|保险公司|保险消费者,,[meta]…售假保单等违法行为的通知 保监发〔2009〕19号。各保险公司、各保监局:。近期，个别地区出现了机票代售网点等保险兼业代理机构伪造并销售假航意险保单的严重违法行为，造成了严重危害，引起保险消费者及公众的强烈不满。为切实保护消费者利益…,1244,True,False,
nfra,21eb8f18b5f3ec7486c287ed87ae8a7db21608c191877495251031d8c17f4ca9,中国银行业监督管理委员会令2009年第1号,中国银行业监督管理委员会关于修改〈信托公司集合资金信托计划管理办法〉的决定（中国银行业监督管理委员会令 2009年第1号 ）,办公厅,EXCLUDE,中,,,,信托公司|商业银行|金融资产|银行业,[title]…中国银行业监督管理委员会关于修改〈信托公司集合资金信托计划管理办法〉的决定（中国银行业监督管理委员会令 2009年第1号…,14600,True,False,
nfra,506e43a40b8ce07d5e659d44b0a9dfa5595a2ef58b85d295ca59b56647eb43f2,保监发〔2009〕25号,关于建立再保险信息定期报告制度的通知,,EXCLUDE,中,,,保险公司,财产保险公司,[meta]…关于建立再保险信息定期报告制度的通知 保监发〔2009〕25号。各财产保险公司:。为加强再保险监管，进一步完善财产保险行业风险防范机制，促进财产保险行业切实提高抵御风险的能力，我会决定建立…,1023,True,False,
nfra,db8ae00b95d85f3b68866abcf7c01a180f358caf0763a476b6d2a4b8f82e3796,保监发〔2009〕23号,关于实施《保险公司财务负责人任职资格管理规定》有关事项的通知,,BOUNDARY,低,,,保险公司|保险资产管理,,[title]…关于实施《保险公司财务负责人任职资格管理规定》有关事项的通知 保监发〔2009〕23号。各保险公司、保险资产管理公司:。《保险公…,2656,True,True,RFN-94a88c9dbc802546;RFN-94a88c9dbc802546
nfra,83778840839be2775d97f2f4aab8702eec570fd6db034302f0419ff9a3c0eaa4,保监发〔2009〕21号,关于修订《精算报告——分红保险业务报告》编报规则的通知（已废止）,,INCLUDE,中,健康保险|养老保险公司|寿险,,,,[meta]…关于修订《精算报告——分红保险业务报告》编报规则的通知（已废止） 保监发〔2009〕21号。各寿险公司、养老保险公司、健康保险公司:。为全面客观地反映保险公司分红保险的业务状况，进一步规范和明确分红保险业务在…,830,True,True,RFN-9437a7b679fdc64e;RFN-9437a7b679fdc64e
nfra,a4af06ea506b12cd5ab2997bd8e663369747c1a64a93bddc6b58965b56b5733d,保监发〔2009〕17号,关于加强保险资产配置风险管理的通知,,BOUNDARY,低,,,保险产品|保险公司|保险资产管理,,[meta]…关于加强保险资产配置风险管理的通知 保监发〔2009〕17号。各保险公司、保险资产管理公司:。当前，国际金融危机尚未见底，宏观经济和金融市场运行仍有一些不确定因素，各公司应根据全国保…,1964,True,True,RFN-31449164fa28b31e;RFN-31449164fa28b31e
nfra,a69e48f4481e20dad5cb15e23c2aa26391051d620cae816902edc977a7e3df08,保监发〔2009〕16号,关于2009年保险公司合规工作要求的通知,,BOUNDARY,低,,,保险产品|保险公司,,[title]…关于2009年保险公司合规工作要求的通知 保监发〔2009〕16号。各保险公司:。为了贯彻落实2008年全国保险工作会议提出的完善公…,1542,True,True,RFN-585c75a95efbf8c9;RFN-585c75a95efbf8c9
nfra,873086490efb31090a343a6d1a6a287320bcaac7529d40c91e4a0d6ed6879d46,保监发〔2009〕15号,关于调整现金流量类统计指标报送内容有关事项的通知,,BOUNDARY,低,,,保险公司,金融资产,[meta]…关于调整现金流量类统计指标报送内容有关事项的通知 保监发〔2009〕15号。各保险公司:。根据保险监管工作的需要，为及时观测行业风险，我会对各公司向《中国保险统计信息系统》中报送的有关现金流量类统…,1757,True,True,RFN-7a0f0ea3e1ef2595;RFN-7a0f0ea3e1ef2595
nfra,72acd7d86a0a0a714575f063395ca2d5202fb2c7a6857903eb732f8f823c5aba,,关于对巴塞尔委员会四份文件征求意见的公告,办公厅,EXCLUDE,中,,,,银行业,"[body]…149、BCBS150号文件。 请有意见和建议的单位和个人于2009年3月5日前以电子邮件或传真方式反馈至中国银行业监督管理委员会国际部。 联系人：李婧 ,电子邮箱：lijing_d@cbrc.gov.cn,电话：010-66…",959,True,False,
nfra,3ecafb1aff95e725d2212c1d978f4d0cb2de197ee23bc5e67efcd1d97416d6a7,保监发〔2009〕9号,关于开展保险公司财务业务数据真实性自查工作的通知（已失效）,,BOUNDARY,低,,,保单|保险公司|分支机构,,[title]…关于开展保险公司财务业务数据真实性自查工作的通知（已失效） 保监发〔2009〕9号。各保险公司:。为贯彻落实全国保险工作会议和…,4712,True,True,RFN-eef0843d6f96e953;RFN-eef0843d6f96e953
nfra,992b4421f487be204d26a0a58f3a0b3213654538a45dfe9a10535bd02ac51a27,国办发〔2008〕126号,关于加快业务结构调整进一步发挥保险保障功能的指导意见,,INCLUDE,中,人身保险|人身保险公司|健康保险|养老保险|寿险,,,,[meta]…关于加快业务结构调整进一步发挥保险保障功能的指导意见 保监发〔2009〕11号。各人身保险公司:。为贯彻落实国务院办公厅《关于当前金融促进经济发展的若干意见》（国办发〔2008〕126号），贯彻落实全国保…,3276,True,True,RFN-404b1753c48bdcd1
nfra,c5b42b918647aa729113aefc2ef4ca2325ede37764b8724f1da4be6aaf2377da,保监发〔2009〕10号,关于进一步加强投资连结保险销售管理的通知,,INCLUDE,中,健康险公司|养老险公司|寿险,,,,[meta]…关于进一步加强投资连结保险销售管理的通知 保监发〔2009〕10号。各保监局，各寿险公司、健康险公司、养老险公司:。为加强风险防范，完善投资连结保险销售管理，切实保护投保人和被保险人的利益，现就…,2102,True,True,RFN-b7257d89ba777dcf;RFN-b7257d89ba777dcf
nfra,82301c84535138b537fc1f2324ac8ef1f1e7d355fcb92256a93d279ae424b0d3,保监发〔2009〕7号,关于停止以撕票方式经营短期意外伤害保险的通知（已失效）,,EXCLUDE,中,,,保单|保险产品|保险公司,保险中介机构,[body]…式。 二、自本通知下发之日起，各保险公司必须限期清收和销毁已发放的以撕票方式经营的短期意外伤害保险单证，及时与保险中介机构结清保险费、手续费等，防止因清收不力、回销不及时出现空白保单流失而引发的风险。 三、中国保监会鼓励各保险公司开…,1140,True,True,RFN-6d0383e12b98c551;RFN-6d0383e12b98c551
nfra,63b519e510b9ca3fbd80a2bf86898109cd6e435e5c4f7185fa3122f06607232d,保监发〔2008〕123号,关于进一步加强财产保险投资型保险产品精算工作的通知,,EXCLUDE,中,,,保单|保险产品|保险公司,财产保险公司,[meta]…关于进一步加强财产保险投资型保险产品精算工作的通知 保监发〔2008〕123号。各财产保险公司：。为加强对财产保险投资型保险产品的监管，强化准备金评估工作，及时准确反映财产保险投资型保险产品的经营状况，根…,4401,True,False,
nfra,4acf7aa8fb409d681ab2a823d080cd70ab62e39b6f6608987b5958fb217b303f,保监发〔2009〕5号,关于修订分红保险专题财务报告编报规则的通知,,INCLUDE,中,健康保险|养老保险公司|寿险,,,,[meta]…关于修订分红保险专题财务报告编报规则的通知 保监发〔2009〕5号。各寿险公司、养老保险公司、健康保险公司：。     保监发〔2009〕5 号 各寿险公司、 养老保险公司、 健康保险…,1832,True,True,RFN-d233b88708815eeb;RFN-d233b88708815eeb
nfra,0eab6a6acb047f9a59cdeace7f7d55ce39bfc3bcb33bebec5e7e5cb678e964c6,保监发〔2008〕121号,关于调整保险业务监管费收费标准及收费办法有关事项的通知,,BOUNDARY,低,人寿保险|人身保险|健康保险,保险兼业代理,,保险中介机构|保险公估|保险经纪机构|财产险,[body]…务，由按保险公司年度自留保费收入的1.9‰降为按保险公司年度自留保费的1.7‰收取。 2、对保险公司经营的长期人寿保险业务，由按保险公司年度自留保费收入的1.1‰降为按保险公司年度自留保费的0.9‰收取；对保险公司经营的长期健康…,4467,True,False,
nfra,1674e0720af20f203464ecdc18243c8d4b66885c75e08cb8c8c8ab040bd67170,保监发〔2008〕117号,关于遏制保险中介机构挪用侵占保费违法违规行为的通知,,EXCLUDE,中,,,保险公司|保险消费者,保险中介机构,[title]…关于遏制保险中介机构挪用侵占保费违法违规行为的通知 保监发〔2008〕117号。各保监局、各保险公司、保险中介机构：。近年来，各地…,1514,True,True,RFN-9924f4571c35d789;RFN-9924f4571c35d789
nfra,296680f80f8fcf345bdb3c5729e03e02299e89d966d882a15e512b1dbf6a98fc,保监发〔2009〕1号,关于保险业实施《企业会计准则解释第2号》有关事项的通知,,BOUNDARY,低,人寿保险|寿险,,,,[body]…副主席） 副组长：王新棣（保监会财务会计部主任） 应 唯（财政部会计司副司长） 成 员：保监会发改部、产险部、寿险部、统信部部门负责人 陆建桥（财政部会计司准则一处处长） 庄作瑾（中国人寿保险集团副总裁） 吴达川（中国太平洋…,2970,True,True,RFN-0aca4aa4b64c658d;RFN-0aca4aa4b64c658d
nfra,1324e80203c9157f926d725962014d1ed3696bebc6d24979e160607e31e2aea9,保监发〔2008〕118号,关于印发《加强保险消费者教育工作方案》的通知,,EXCLUDE,中,,,保险产品|保险公司|保险机构|保险消费者|保险理赔,保险中介机构,[meta]…》的通知 保监发〔2008〕118号。各保监局，保监会机关各部门，中国保险行业协会，中国保险学会，各保险公司、保险中介机构：。为加强保险消费者教育工作，保护保险消费者权益，保监会制定了《加强保险消费者教育工作方案》。现予印发，请各单…,9507,True,True,RFN-0cf994eb737e99e3;RFN-0cf994eb737e99e3
nfra,923d85853344052407e1ec3e133c359c9628c163ace9a212c1e062b6bb41aca4,保监发〔2008〕119号,关于调整保险经纪、保险公估法人许可证换发和高级管理人员任职资格核准工作流程有关事宜的通知,,EXCLUDE,中,,,分支机构,保险中介机构|保险公估|保险经纪|保险经纪机构|公估机构,[title]…关于调整保险经纪、保险公估法人许可证换发和高级管理人员任职资格核准工作流程有关事宜的通知 保监发〔2008〕119号。各保监局…,1827,True,True,RFN-a0dea92c7cb3e043;RFN-a0dea92c7cb3e043
nfra,86b6e3226ff97e817229221fc717a2cc2b5ddad89226f867d26ea90073c0bb53,保监发〔2008〕111号,关于做好机动车辆保险承保工作有关问题的通知,,EXCLUDE,中,,,保险产品|保险公司|保险机构,财产保险公司,[body]…任何机构、 行业自律组织等不得擅自以任何理由限制其经营交强险业务。  三、 对于交强险之外的商业车险业务， 各财产保险公司要按照自愿投保原则， 保障投保人的自主选择权。 投保人可根据自己的意愿和需要自主选择投保公司和保险产品， 保险…,1563,True,False,
nfra,d01ea136e176d430a2865a7d9edaaace9f00addd18f401136514eb568790cecf,保监发〔2008〕120号,关于实施保险公司分类监管有关事项的通知,,INCLUDE,中,寿险,,,再保险公司,[body]…方面存在严重风险的公司。 二、分类依据 保监会依据以下信息对保险公司进行分类： （一）监测指标 1、产险公司和寿险公司的监测指标包括五大类： （1）偿付能力充足率； （2）公司治理、内控和合规性风险指标； （3）资金运用风险…,4620,True,True,RFN-35bec11bb5c64a40;RFN-35bec11bb5c64a40
nfra,d81689e251137dafd02cfc954328ad8190fefab20d281123d3d2b527f89e48be,保监发〔2008〕122号,关于印发《保险专业中介机构分类监管暂行办法》的通知,,EXCLUDE,中,,,保险公司|分支机构,保险公估|保险经纪机构,[body]…类属，并采取针对性监管措施的方法。 第三条 本办法所称保险专业中介机构是指依据《保险专业代理机构监管规定》、《保险经纪机构监管规定》、《保险公估机构监管规定》依法设立的保险专业代理机构、保险经纪机构、保险公估机构及其分支机构。 第四…,9850,True,True,RFN-e2c9508cb1532948;RFN-e2c9508cb1532948
nfra,b5d67ad8a8d9389da96f4a493ae5c652d8994ccefd6332896baa50ca29c150b2,保监发〔2008〕116号,关于缴纳保险保障基金有关事项的通知,,INCLUDE,中,人寿保险公司|人身保险|健康保险|养老保险公司,,,再保险公司|财产保险公司,[body]…式，现将有关事项通知如下： 一、保险保障基金的汇缴专户 保险保障基金公司在中国工商银行开立了财产保险保障基金和人身保险保障基金两个专户。财产保险公司应将保险保障基金缴入中国保险保障基金有限责任公司财产保险保障基金专户（以下简称“…,5111,True,True,RFN-e988cc692a930c06;RFN-e988cc692a930c06
nfra,5afa714174e287f510172377709453682374c033a80fb92bb96366851d2970da,银发〔2008〕392号,中国人民银行 银监会关于汶川地震灾前贷款因灾延期偿还有关政策的通知 银发〔2008〕392号,办公厅,EXCLUDE,中,,,分支机构,商业银行|银行业,[meta]…〔2008〕392号。中国人民银行成都、西安分行，兰州中心支行；四川、陕西、甘肃银监局，各政策性银行、国有控股商业银行、股份制商业银行、中国邮政储蓄银行：。 办公厅    中国人民银行 银监会关于汶川地震灾前贷款因灾 延期偿还有…,3886,True,False,
nfra,7565320df521bd4171f3ea19027468bdc36a48e69c138807044614b8b71740d8,保监厅发〔2008〕75号,转发财政部国家发展改革委关于公布取消和停止征收100项行政事业性收费项目的通知,,EXCLUDE,中,,保险代理人,,保险公估|保险经纪,[meta]…0项行政事业性收费项目的通知》（财综〔2008〕78号）（以下简称通知）转发给你们，并结合我会实际，就其中取消保险代理人资格证书工本费、保险经纪人资格证书工本费和保险公估人资格证书工本费有关事宜通知如下：。一、从2009年1月1日…,960,True,False,
nfra,350ea7e9ed6363e44510e3b886779c9e188c37cae6ab6521d27f1398f441f80d,保监寿险〔2008〕1640号,关于印发《人身保险产品基础知识问答手册》的通知,,INCLUDE,高,人身保险|人身保险公司|寿险,,,,[title]…关于印发《人身保险产品基础知识问答手册》的通知 保监寿险〔2008〕1640号。各保监局，中国保险行业协会，各人身保险公司：。为…,727,True,True,RFN-f6f3d58b67973ade;RFN-f6f3d58b67973ade
nfra,a22b77ea21443123dd9be454a0a6a3a903f56876889e12452f5ff5a0cec3f788,银监发〔2008〕83号,中国银监会关于印发《银行与信托公司业务合作指引》的通知 银监发〔2008〕83号,办公厅,EXCLUDE,中,,,,信托公司|商业银行|银行业|银行业金融机构,[title]…中国银监会关于印发《银行与信托公司业务合作指引》的通知 银监发〔2008〕83号 中国银监会关于印发《银行与信托公司。业务合作指引》的通知。银监…,7468,True,False,
nfra,b4a954605bccb3c961163ec3007c64dc181208fe41b02992902f21fb1bb9c499,保监会令2008年第4号,保险公司财务负责人任职资格管理规定,,BOUNDARY,低,,,保险公司|保险资产管理|偿付能力,,[title]…保险公司财务负责人任职资格管理规定 保监会令2008年第4号。《保险公司财务负责人任职资格管理规定》已经2008年12…,7717,True,True,RFN-ea0b8b543675e41c
nfra,06ec1b1da5f95cab98840625974eff5e7e180ba1d5e834bdaa92376ffe9a2ca4,保监会令2008年第3号,中国保险监督管理委员会政府信息公开办法,,EXCLUDE,中,,,保险产品|保险机构|保险条款,保险中介机构,[body]…（十一）政府集中采购项目的目录、标准以及实施情况； （十二）重大建设项目的批准和实施情况； （十三）保险机构、保险中介机构、外国保险机构驻华代表机构的基本情况； （十四）保险中介从业人员资格考试情况，保险中介从业人员资格证书和执业证…,9604,True,False,
nfra,3cf5420d5e581154b97baaf98ffa1a0939d23f44691aa7c6e0365905dd46b0d0,保监发〔2008〕113号,关于报送保险公司分类监管信息的通知,,INCLUDE,中,人寿保险公司|人身保险|健康保险|养老保险公司|寿险,,,财产保险公司,[meta]…，增强保险监管的科学性、针对性和有效性，切实防范化解风险，根据《关于实施分类监管信息报送有关事宜的通知》（保监寿险〔2008〕1566号、保监产险〔2008〕1567号）要求，现就有关分类监管信息报送事项通知如下：。一、适用…,2884,True,True,RFN-e5f9f24abd40c795;RFN-e5f9f24abd40c795
nfra,96c610349307fb7bf3928ae3b683620df55eeb0315cb13750385be6af65b2537,,关于征求《市场风险资本计量内部模型法监管指引（征求意见稿）》等实施新资本协议八个监管文件意见的公告,办公厅,EXCLUDE,中,,,,商业银行|银行业,[meta]…求《市场风险资本计量内部模型法监管指引。（征求意见稿）》等实施新资本协议。八个监管文件意见的公告。为推动《中国银行业实施新资本协议指导意见》的贯彻落实，新资本协议研究和规划项目组起草了《市场风险资本计量内部模型法监管指引》等八…,1621,True,False,
nfra,31968f7e1d51f4e7e986a2b96a1a6cea54ccb36ac9a66d5ea737ba1ca55a5ef7,保监产险〔2008〕1567号,关于实施分类监管信息报送有关事宜的通知（产险公司）,,EXCLUDE,中,,,保险公司,财产保险公司,[meta]…关于实施分类监管信息报送有关事宜的通知（产险公司） 保监产险〔2008〕1567号。各财产保险公司：。为贯彻落实科学发展观，增强保险监管的科学性、针对性和有效性，切实防范化解风险，我会将从2009年开始实施分…,1209,True,False,
nfra,d9e48fe527b3421e601e8c84681ca71a21de53262dcf8962c0c41af3efba03c7,银监发〔2008〕84号,中国银监会关于印发《商业银行并购贷款风险管理指引》的通知银监发〔2008〕84号,办公厅,EXCLUDE,中,,,,商业银行|银行业,[title]…中国银监会关于印发《商业银行并购贷款风险管理指引》的通知银监发〔2008〕84号 中国银监会关于印发《商业银行并购贷款。风险管理指引》的通…,9618,True,False,
nfra,3db858ab9ba9aa37fa4c292d78f1717258bf7fbe86ac060f3076473caa9d8851,保监发〔2006〕5号,关于实施分类监管信息报送有关事宜的通知（寿险公司）（已失效）,,INCLUDE,高,人寿保险|人寿保险公司|人身保险|健康保险|健康险|养老保险公司|寿险,,,,[title]…关于实施分类监管信息报送有关事宜的通知（寿险公司）（已失效） 保监寿险〔2008〕1566号。各人寿保险公司、养老保险公司、健康保险公司：。为贯彻落实科学…,9113,True,True,RFN-022b955f878c1de1;RFN-3b40544dd49885be
nfra,e686f48aa124b8b608094d15a43c948bca61372b3afe534f599cfeedb2ebd49a,银监发〔2008〕82号,中国银监会关于银行建立小企业金融服务专营机构的指导意见银监发〔2008〕82号,办公厅,EXCLUDE,中,,,,商业银行|银行业|银行业金融机构,[meta]…国银监会关于银行建立。小企业金融服务专营机构的指导意见。银监发〔2008〕82号。各银监局，各政策性银行、国有商业银行、股份制商业银行：。为引导各银行业金融机构落实科学发展观，全面贯彻银监会“六项机制”建设要求，改进小企业金融服…,3328,True,False,
nfra,e31d033831c98eeac96bdd7437811af6d9a9c0d243fac5664cf6a053bcd164c5,保监统信〔2008〕1570号,关于在年度决算报中增加资本属性统计指标的通知,,BOUNDARY,低,,,保险公司|保险资产管理,,[meta]…关于在年度决算报中增加资本属性统计指标的通知 保监统信〔2008〕1570号。各保险公司、保险资产管理公司：。为全面掌握保险业资本属性情况，根据第二次全国经济普查方案的要求，我会决定在年度决算报中增…,1109,True,True,RFN-653abeee8eb81ec9;RFN-653abeee8eb81ec9
nfra,25cc5225a560abc546ed6287d763c420eef5de099462400339e3e8c3eb31d204,保监发〔2008〕107号,关于加强财产保险公司投资型保险业务管理的通知,,EXCLUDE,中,,,保单|保险产品|保险公司|保险条款|偿付能力|分支机构,财产保险公司,[title]…关于加强财产保险公司投资型保险业务管理的通知 保监发〔2008〕107号。各财产保险公司，各保监局：。为规范财产保险公司投资型保险…,11230,True,False,
nfra,afd530cff02ece49819bdb68973ece230a50b1831518c4a73e2b7ffdd3673c85,保监发〔2008〕106号,关于规范财产保险公司产品管理有关工作的通知（已失效）,,EXCLUDE,中,,,保险产品|保险公司|保险条款|分支机构,财产保险公司,[title]…关于规范财产保险公司产品管理有关工作的通知（已失效） 保监发〔2008〕106号。各财产保险公司，各保监局，中国保险行业协会：。为…,2204,True,False,
nfra,7d65ac6f6232b3b07e1a6413922ae09a628ee2173f80c23f8d6462efc3659d4e,保监发〔2008〕100号,关于公布保险理赔（给付）程序 进一步做好理赔服务工作的通知,,BOUNDARY,低,,,保险公司|保险机构|保险消费者|保险理赔|分支机构,,[title]…关于公布保险理赔（给付）程序 进一步做好理赔服务工作的通知 保监发〔2008〕100号。各保监局，各保险公司：。为了方便客户索…,2537,True,True,RFN-c923da73935a62fa;RFN-c923da73935a62fa
nfra,ca041f9284c77aade70b0f6a78672954c07b17a3172978608abd21f01edb3df3,保监发〔2008〕101号,关于印发《中国保监会关于适用〈外国保险机构驻华代表机构管理办法〉若干问题的解释》的通知,,BOUNDARY,低,,,保险机构,,[title]…关于印发《中国保监会关于适用〈外国保险机构驻华代表机构管理办法〉若干问题的解释》的通知 保监发〔2008〕101号。各外国保险机构驻华代表机构：。为正确…,4128,True,False,
nfra,c2b58bbd5725e743ca50629d271dc2f30dd83dd82b27a5e1f3241d27782ae103,保监发〔2008〕97号,关于加强人身保险收付费相关环节风险管理的通知,,INCLUDE,高,人寿保险公司|人身保险|人身保险公司|健康保险|养老保险公司,保险营销员,,保险中介机构,[title]…关于加强人身保险收付费相关环节风险管理的通知 保监发〔2008〕97号。各人寿保险公司、健康保险公司、养老保险公司：。为切实保…,3047,True,True,RFN-dc3d3bc52b3c5889;RFN-dc3d3bc52b3c5889
nfra,02dd2fc308f7f1927062b8c28e5ed6045a76b3c0f9f1aa6dd202536b3bab74f9,保监发〔2008〕89号,关于实施《保险公司偿付能力管理规定》有关事项的通知,,BOUNDARY,低,人寿保险公司|人身保险|寿险,,,再保险公司|财产保险公司,[body]…品投资金部分期末责任准备金的4％； （2）非预定收益型非寿险投资型产品投资金部分期末责任准备金的1％。 （二）人寿保险公司最低资本为长期人身险业务最低资本和短期人身险业务最低资本之和。 长期人身险业务是指保险期间超过1年的人身保险业…,6376,True,True,RFN-13405c62b90acc0d;RFN-13405c62b90acc0d
nfra,3e8d48e70b688e035f813d91acefc41958983b5834fe534347a477aae0d4b4c2,保监发〔2008〕91号,中国保险监督管理委员会 国务院第二次全国经济普查领导小组办公室 关于印发《第二次保险业经济普查实施方案》的通知（已失效）,,EXCLUDE,中,,,保险公司|保险公司分支机构|保险机构|保险资产管理|分支机构,保险中介机构|证券公司,[meta]…次保险业经济普查实施方案》的通知（已失效） 保监发〔2008〕91号。各保监局，各保险公司、保险资产管理公司、保险中介机构、外国及港澳台地区保险机构在华代表处，各省、自治区、直辖市、计划单列市及新疆生产建设兵团经济普查办公室：。根据…,9967,True,True,RFN-a65927d08c1a124a;RFN-a65927d08c1a124a
nfra,d11d45ba02573e90e4a8f03e99a865e995217806c2a78aa149dd2356dcc3941e,保监发〔2008〕83号,关于执行《保险公司董事和高级管理人员任职资格管理规定》若干问题的通知（已失效）,,BOUNDARY,低,,,保险公司|保险机构,,[title]…关于执行《保险公司董事和高级管理人员任职资格管理规定》若干问题的通知（已失效） 保监发〔2008〕83号。各保险公司，各保监局，…,3567,True,True,RFN-b1af28983b0e5cc7;RFN-b1af28983b0e5cc7
nfra,577c2fb845583579c0780cf1ecce4215e37301332311fb47a542947969dc030a,保监发〔2008〕88号,关于执行《保险公司关联交易管理暂行办法》有关问题的通知,,BOUNDARY,低,,,保险公司|保险资产管理|保险资金,,[title]…关于执行《保险公司关联交易管理暂行办法》有关问题的通知 保监发〔2008〕88号。各保险公司、保险资产管理公司：。为进一步加强关…,2001,True,True,RFN-dd555e05f0334109;RFN-dd555e05f0334109
nfra,4c8ce0a7ae9146b4786d8ae3626218e363c527731db88d47d93ad06c80d4c88a,银发〔2008〕295号,中国人民银行 中国银行业监督管理委员会关于加快推进农村金融产品和服务方式创新的意见,办公厅,EXCLUDE,中,,,保单|保险公司|保险销售|分支机构,商业银行|银行业|银行业金融机构,[title]…中国人民银行 中国银行业监督管理委员会关于加快推进农村金融产品和服务方式创新的意见 中国人民银行 中国银行业监督管理委员会关于加快推进…,8866,True,False,
nfra,7489eaac8278761b5b38be65ff9265432d453afe548cbb8a164350ace0b78a85,,中国银监会关于印发第一批新资本协议实施监管指引的通知,办公厅,EXCLUDE,中,,,,商业银行,[meta]…国银监会关于印发。第一批新资本协议实施监管指引的通知。机关各部门、各监事会办公室，各银监局，各政策性银行、国有商业银行、股份制商业银行，邮政储蓄银行：。 办公厅    中国银监会关于印发 第一批新资本协议实施监管指引的通知 机关…,2560,True,False,
nfra,00fc45d902ee3ab58156764f5f7a4e0360f7b3b262ebd4b81f36a7809d099b5e,保监发〔2008〕84号,中国保监会关于成立第二次保险业经济普查领导小组的通知（已失效）,,INCLUDE,中,人身保险,,,保险中介机构,[body]…斌（保监会发展改革部副主任） 王新棣（保监会财务会计部主任） 李劲夫（保监会财产保险监管部主任） 梁涛（保监会人身保险监管部主任） 孟龙（保监会保险中介监管部主任） 孙建勇（保监会保险资金运用监管部主任） 孟昭亿（保监会国际部主…,1541,True,True,RFN-9b1a16df167c1bb7;RFN-9b1a16df167c1bb7
nfra,c45f1e22834655334f39074bfeeded03033e29090e2b197770c8146b6f31f4a0,国发〔2007〕35号,关于开展第二次保险业经济普查的通知（已失效）,,EXCLUDE,中,,,保险公司|保险机构|保险资产管理|分支机构,保险中介机构,[meta]…关于开展第二次保险业经济普查的通知（已失效） 各保监局，各保险公司、保险资产管理公司、保险中介机构、外国及港澳台地区保险机构在华代表处：。根据《全国经济普查条例》的规定，国务院决定于2008年开展第二次全国经…,5669,True,True,RFN-950d630b983fa780
nfra,587301cdb16cca1c6df819f039c79a230689dd589a3fe2ee63fe1378c20121b7,保监发〔2008〕80号,关于进一步改进交强险理赔服务质量的通知,,BOUNDARY,低,,,保险公司|分支机构,,[meta]…理，提高交强险服务质量，保护被保险人和交通事故受害人的合法权益，现就有关问题通知如下：。一、各从事交强险业务的保险公司（以下简称保险公司）必须采取有效措施，进一步简化理赔手续和流程、缩短结案周期、完善抢救费用垫付机制，不断提高交…,1514,True,False,
nfra,1022da2d6fc531f32408afd7f2c91718b9fa5d8df70a6a348f0e0b9077ff526e,,中国银监会办公厅关于征求《银行业金融机构从业人员职务行为指引》意见的通知,办公厅,EXCLUDE,中,,,,银行业金融机构,[title]…中国银监会办公厅关于征求《银行业金融机构从业人员职务行为指引》意见的通知 中国银监会办公厅关于征求。《银行业金融机构从业人员职务行为指引》。意见的通知…,181,False,False,
nfra,7e20cb3f6bdb63f2e484aaa0900566f28e90fb7a737e00011252dc9c8562a452,中国保险监督管理委员会令2008年第2号,保险保障基金管理办法,,BOUNDARY,低,人寿保险|人身保险|人身保险公司|健康保险,,,财产保险公司,[body]…对保单利益依法享有请求权的保险合同当事人，包括投保人、被保险人或者受益人。 本办法所称保单受让公司，是指经营有人寿保险业务的保险公司被依法撤销或者依法实施破产的，接受该保险公司依法转让的人寿保险合同的经营有人寿保险业务的保险公司…,10103,True,True,RFN-92b37ba95eb0c95c
nfra,c3a2180c7dcb64e206333339cb2df736a4abf4c74b0e6a57d1968e55fe795ed8,保监厅发〔2008〕45号,关于印发《新增长期意外险等业务统计指标》的通知,,BOUNDARY,低,,,保险公司,,[meta]…关于印发《新增长期意外险等业务统计指标》的通知 保监厅发〔2008〕45号。各保险公司：。为全面掌握长期意外险等业务发展情况，科学制定监管政策，我会制定了《新增长期意外险等业务统计指标》，现印发给…,2521,True,True,RFN-f64069e877c05c52;RFN-f64069e877c05c52
nfra,908835f2dffcaa5ece5ab9dad51e674c90f87d9afcc034d2d5945176845b533d,保监发〔2008〕69号,关于印发《中国保监会资格考试报名费收缴管理办法》的通知,,EXCLUDE,中,,保险代理人,分支机构,保险公估|保险经纪,[body]…基础上，根据协议规定，向受托方支付组织考试的费用。 第三章 资金管理 第九条 受托方应于每次考试报名结束当日（保险代理人电子化考试每天开考的，应将当天作为考试报名结束日），将所收考试报名费全额缴入指定的财政汇缴专用账户。 第十条…,3860,True,False,
nfra,6ed024489136ac95f4a80f82321f2f89c3daa8b1968a9a6d7fe4cdcff85620e8,,中国银监会关于认真落实“有保有压”政策进一步改进小企业金融服务的通知银监发【2008】62号,办公厅,EXCLUDE,中,,,保单|保险公司|分支机构,信托公司|商业银行|银行业金融机构,[meta]…有压”政策。进一步改进小企业金融服务的通知。银监发【2008】62号。机关各部门，各银监局，各政策性银行、国有商业银行、股份制商业银行、资产管理公司，邮政储蓄银行，银监会直接监管信托公司、财务公司、金融租赁公司：。 办公厅…,5475,True,False,
nfra,0d0459b6f49c57ef56b6f0d8c3409f21d66493d77011248194d9c4fac4b4d091,保监发〔2008〕66号,关于保险集团（控股）公司、相互制保险公司资本保证金提存有关问题的通知,,BOUNDARY,低,,,保险公司|保险机构,,[title]…关于保险集团（控股）公司、相互制保险公司资本保证金提存有关问题的通知 保监发〔2008〕66号。各保险集团（控股）公司、相互制保险公司：。根据《保险法…,1178,True,True,RFN-09c044ca641aad9d;RFN-09c044ca641aad9d
nfra,062dca2c8f82073e3d7dac4c568bc6e45950b07f7482671fbb55a7780873b61b,保监发〔2008〕70号,关于印发《中国保监会关于进一步规范财产保险市场秩序工作方案》的通知,,EXCLUDE,中,,,保险公司|保险公司分支机构|保险机构|保险条款|保险消费者|偿付能力|分支机构,财产保险公司,[meta]…关于印发《中国保监会关于进一步规范财产保险市场秩序工作方案》的通知 保监发〔2008〕70号。各保监局，各财产保险公司：。为认真贯彻落实全国保险监管工作会议精神，着力规范财产保险市场秩序，着力防范化解风险，切实保护保险消费者合法…,9710,True,False,
nfra,8a31bea81f4229d99aefdd2d46183f714de98ef7794b47a5404985bd0b7649ba,保监中介〔2008〕1075号,关于调整农村保险营销员资格直接授予方案报备程序的通知,,INCLUDE,中,,保险营销员,保险营销,,[title]…关于调整农村保险营销员资格直接授予方案报备程序的通知 保监中介〔2008〕1075号。各保监局：。按照《关于实施农村保险营销员资格分…,704,True,True,RFN-f016ac399473a884;RFN-f016ac399473a884
nfra,1b3b5b0920acf9ea03449dfae08a42307e95a2f42f8034cbc2203384a5384806,国发〔2008〕21号,中国人民银行 银监会 证监会 保监会关于汶川地震灾后重建金融支持和服务措施的意见,,BOUNDARY,低,养老保险,,,保险中介机构|信托公司|商业银行|证券公司|金融资产|银行业|银行业金融机构,[body]…类保险，并给予费率优惠。针对受灾群众尤其是孤儿、残疾人、鳏寡老人等弱势群体，开发专门的年金保险、残疾收入保险、养老保险等产品。 （十四）鼓励、引导各类基金和民间资金支持灾后重建。 采取多种优惠措施，鼓励私募基金、风险投资、社会捐…,10970,True,False,
nfra,56b5717532d39cd1295b400f14ea8bf1baa766a14c4d1961ecb501b0c3c09ac3,国发〔2008〕21号,中国人民银行 银监会 证监会 保监会关于汶川地震灾后重建金融支持和服务措施的意见 银发〔2008〕225号,办公厅,BOUNDARY,低,养老保险,,,保险中介机构|信托公司|商业银行|证券公司|金融资产|银行业|银行业金融机构,[body]…类保险，并给予费率优惠。针对受灾群众尤其是孤儿、残疾人、鳏寡老人等弱势群体，开发专门的年金保险、残疾收入保险、养老保险等产品。 （十四）鼓励、引导各类基金和民间资金支持灾后重建。 采取多种优惠措施，鼓励私募基金、风险投资、社会捐…,11040,True,False,
nfra,f26878ceed54ac96c189fbda6f338f0a9f93dda4ecc449832591d7770b2abebe,保监发〔2008〕61号,关于加强政策性农业保险各项政策措施落实工作的通知,,BOUNDARY,低,,,保险公司|保险机构|保险理赔,,[meta]…份有限公司、中华联合保险控股股份有限公司、上海安信农业保险股份有限公司、安华农业保险股份有限公司、阳光农业相互保险公司、安徽国元农业保险股份有限公司，中国再保险（集团）股份有限公司：。近年来，我国农业保险工作取得了积极进展，呈现…,5246,True,False,
nfra,013f0747831e6d0fbc2d1f788cbdcb9f95ae3a6c96e2528d85dfd615b0c59467,保监发〔2008〕60号,关于保险业参与基本医疗保障管理工作有关问题的通知,,BOUNDARY,低,健康保险|养老保险,,,,[body]…服务费用，但不得承担受托管理的医疗保障基金的盈亏和投资风险。 采用保险合同模式参与基本医疗保障管理的，应遵守《健康保险管理办法》的有关规定，条件成熟时，应因地制宜逐步向委托管理模式过渡。 三、保险公司开展基本医疗保障管理工作原则…,3748,True,True,RFN-205b43b21e70392c;RFN-205b43b21e70392c
nfra,7b02e4768725bc12722463b5a23726843806ac6f089dbc41ff174072ce8ee24a,保监发〔2008〕58号,关于印发《保险公司董事会运作指引》的通知,,BOUNDARY,低,,,保险公司|保险资产管理,,[title]…关于印发《保险公司董事会运作指引》的通知 保监发〔2008〕58号。各保险公司、保险资产管理公司：。为规范董事会运作，提高董事会…,19329,True,True,RFN-fee32b16e75155e5;RFN-fee32b16e75155e5
nfra,2cfc624da102596a6de7733af8d8deb50812d2f343d901dc87bb97f606872386,保监发〔2008〕57号,关于印发《关于规范保险公司章程的意见》的通知,,BOUNDARY,低,人寿保险,,,,[body]…内控合规管理、内部审计等制度作出原则规定。 3、保险公司章程应当对公司的分立、合并、解散及清算作出规定。经营有人寿保险业务的保险公司章程不得规定法定情形以外的解散事由。 4、保险公司章程应当规定公司的通知和公告办法。 二、章程的…,9543,True,True,RFN-da7b60172d217569;RFN-da7b60172d217569
nfra,7a4095b4e12d78ae73a1c48c44712612eec441fe727c5e07ef804df7c5813e9c,保监发〔2008〕56号,关于向保监会派出机构报送保险公司分支机构内部审计报告有关事项的通知,,BOUNDARY,低,,,保险公司|保险公司分支机构|分支机构,,[title]…关于向保监会派出机构报送保险公司分支机构内部审计报告有关事项的通知 保监发〔2008〕56号。各保监局、各保险公司：。为落实《保险公司内部审计指引》关…,2426,True,True,RFN-f2ccbc1fbda987d7;RFN-f2ccbc1fbda987d7
nfra,9b2721ac4b0c39716e82e4f5b8561ba4024fd27b50df7507522730dd3d134014,银监发〔2008〕49号,中国银监会关于印发《商业助学贷款管理办法》的通知 银监发〔2008〕49号,办公厅,EXCLUDE,中,,,,商业银行|银行业|银行业金融机构,[meta]…号 中国银监会关于印发《商业助学贷款。管理办法》的通知。银监发〔2008〕49号。各银监局，各政策性银行、国有商业银行、股份制商业银行，邮储银行：。现将《商业助学贷款管理办法》印发给你们，请认真遵照执行，抓紧制定实施细则，推动业…,7191,True,False,
nfra,654fc791c06cc246ec3d991ebd4075b38cda11b2d237079f1fa51af9857389bb,中国保险监督管理委员会令2008年第1号,保险公司偿付能力管理规定,,BOUNDARY,低,,,保险公司|保险公司分支机构|偿付能力|分支机构,,[title]…保险公司偿付能力管理规定 中国保险监督管理委员会令。2008年第1号。《保险公司偿付能力管理规定》已经2008年6月3…,9013,True,True,RFN-efac5b23e7de4de8
nfra,fd62a13ab06b84af92772dddff28dc4277ee5f5dd4a991976987711b93666823,保监发〔2008〕55号,关于编报保险集团偿付能力报告有关事项的通知,,BOUNDARY,低,人寿保险,,,,[body]…告外， 其他符合保险集团编报规则定义的保险集团暂不用编报偿付能力报告： 1、 中国人民保险集团公司 2、 中国人寿保险（集团）公司 3、 中国再保险（集团）股份有限公司 4、 中国保险（控股）有限公司 5、 中国平安保险（集团）…,2883,True,True,RFN-b605bd8ecf30c4ad;RFN-b605bd8ecf30c4ad
nfra,5c95062777ca9a628162e81e9603864b821107a53d9aaa7079d25d701afd7c98,保监发〔2008〕53号,关于加强保险公司应收保费管理有关事项的通知,,EXCLUDE,中,,,保单|保险公司,财产保险公司,[meta]…关于加强保险公司应收保费管理有关事项的通知 保监发〔2008〕53号。各财产保险公司，各保监局：。为强化保险公司应收保费的管理，改善保险公司的财务状况，切实防范化解保费资金风险，提高保险公司的资…,2980,True,False,
nfra,c2262b8b2fda79490e5fe944fccf17ad07ce41c00135e547729fba2d49a05c6d,,财政部 证监会 审计署 银监会 保监会关于印发《企业内部控制基本规范》的通知,,EXCLUDE,—,,,,,,45,False,True,RFN-76cc011d21ed3195
nfra,0b5df4c97c857cadf239976c47d6b358193e6af4fad1e68ae75df19ed7604f68,保监发〔2008〕47号,关于印发《农村小额人身保险试点方案》的通知,,INCLUDE,高,人身保险|寿险,保险代理人,,,[title]…关于印发《农村小额人身保险试点方案》的通知 保监发〔2008〕47号。各寿险公司，山西、黑龙江、江西、河南、湖北、广西、四川、甘肃、青海…,10306,True,True,RFN-224a51c406448328;RFN-224a51c406448328
nfra,396a6b8e3a9bdf5be05239d62683cb50ee73694de24daef7f858cac8213dcee8,国发〔2006〕20号,关于印发《天津滨海新区补充养老保险试点实施细则》的通知,,EXCLUDE,中,人寿保险|人寿保险公司|人身保险|养老保险|养老保险公司|寿险,,,,,10145,True,True,RFN-ddef688f33867b98
nfra,845c1aa2b92c5ae7df023867fb709b60ba46cc1627d56f3372128ec157241c5e,,关于修订短期意外伤害保险法定责任准备金评估有关事项的通知（已废止）,,INCLUDE,中,健康保险|养老保险公司|寿险,,,,[meta]…关于修订短期意外伤害保险法定责任准备金评估有关事项的通知（已废止） 保监寿险〔2008〕671号。各寿险公司、养老保险公司、健康保险公司：。为促进短期意外伤害保险的发展，规范业务、财务管…,1716,True,True,RFN-06e9db9338123380
nfra,2a7d184b1317512a986cb73f28b6e6ebf8ef90f24fd02c686e0d95d4b43c8943,银监办发〔2008〕100号,中国银监会办公厅关于银行业金融机构开办外汇保证金交易有关问题的通知银监办发[2008]100号,办公厅,EXCLUDE,中,,,,商业银行|银行业金融机构,[title]…中国银监会办公厅关于银行业金融机构开办外汇保证金交易有关问题的通知银监办发[2008]100号 中国银监会办公厅关于银行业金融机构。开办外汇保证…,1581,True,False,
nfra,c20a3fc4890874496b55ee8a90e9f0f2b69a2851760987c9572f7db89af51fba,银监办发〔2008〕93号,中国银监会办公厅关于鼓励信托公司开展公益信托业务支持灾后重建工作的通知银监办发〔2008〕93号,办公厅,EXCLUDE,中,,,,信托公司|商业银行,[title]…中国银监会办公厅关于鼓励信托公司开展公益信托业务支持灾后重建工作的通知银监办发〔2008〕93号 中国银监会办公厅关于鼓励信托公司开展公益信托…,2788,True,False,
nfra,2990427d48fee07ac607c9db8f282db7e65479bbecd0f88cb7017b0faa3950f3,保监发〔2008〕43号,关于人身保险产品税收宣传有关事项的通知（已废止）,,INCLUDE,高,人身保险|人身保险公司,,,,[title]…关于人身保险产品税收宣传有关事项的通知（已废止） 保监发〔2008〕43号。各人身保险公司：。近期，我会多次收到关于人身保…,1018,True,True,RFN-251d4f272a4388ea;RFN-251d4f272a4388ea
nfra,c9fffad2abfc90180e59d0508b0b92620adabcb53a7fe75f7bf587940796b068,保监统信〔2008〕664号,关于印发健康保险统计制度分析指标和分析图表的通知,,INCLUDE,高,健康保险,,,,[title]…关于印发健康保险统计制度分析指标和分析图表的通知 保监统信〔2008〕664号。各保监局：。为进一步加强健康保险及相关业务的统…,655,True,True,RFN-1dd1b464ec4a5382;RFN-1dd1b464ec4a5382
nfra,e2521a824af3bd09df95a6429abe5129f5d9e4ddfef6b634dedc5b784326b8ac,保监发〔2008〕42号,关于健康保障委托管理业务有关事项的通知,,BOUNDARY,低,健康保险,,,,[body]…签订委托管理合同，列明双方的权利和义务，明确双方的法律关系。 三、保险公司开展健康保障委托管理业务，应当符合《健康保险管理办法》第八条规定的经营健康保险的各项条件，并在开办地区设有分支机构或营销服务部和相应的医疗服务合作网络。…,3454,True,False,
nfra,885e1edcf352bc151b92b4b7c6db17db20e3dee9f2a4a14d405e4be1d4185217,保监厅发〔2008〕27号,关于进一步规范代理制保险营销员管理有关问题的通知,,BOUNDARY,低,寿险,保险营销员,,保险中介机构,[body]…访投诉情况及相关统计数据通报如下： 一、投诉的公司和地区分布 2008年一季度全国共收到投诉87件，涉及11家寿险公司、3家财险公司、1家代理公司（详见附表1）。被投诉数量排名前五家的公司是：平安人寿40件，占比46%；中国…,4176,True,True,RFN-233baf71fb13ddc2;RFN-233baf71fb13ddc2
nfra,57c8f46f19adc99be9aea0f45c19fee6a3b979b88059a25da7adce2df6d405cf,保监发〔2008〕38号,关于促进寿险公司电话营销业务规范发展的通知,,INCLUDE,高,人身保险|健康保险|养老保险公司|寿险,,,,[title]…关于促进寿险公司电话营销业务规范发展的通知 保监发〔2008〕38号。各保监局，各寿险公司：。为促进寿险公司电话营销业务规…,4599,True,True,RFN-c7ee30cfb4e294d6;RFN-c7ee30cfb4e294d6
nfra,92846a9c0ca5bebbe9806fda0ea68fca552ef4eaa612062427694fe45da87ea6,保监发〔2006〕70号,关于提示人身保险银邮代理业务风险的通知,,INCLUDE,高,人身保险|健康保险|养老保险公司|寿险,,,,[title]…关于提示人身保险银邮代理业务风险的通知 保监寿险〔2008〕576号。各寿险公司，各养老保险公司，各健康保险公司：。2008年…,1042,True,True,RFN-b9e94212a13f4880
nfra,fcccca92281e1771af4c141babbc675f55fc955f05fd18d7c1c2fb5084366d42,保监发〔2008〕37号,关于印发《中国保监会关于在行政执法中及时移送涉嫌犯罪案件的规定》的通知,,INCLUDE,中,,保险兼业代理,,,[body]…移送涉嫌犯罪案件前已经作出的警告，限制业务范围、责令停止接受新业务、责令停业整顿，暂扣或者吊销保险许可证、经营保险兼业代理业务许可证的行政处罚决定，不停止执行。 第十三条 保监会或者派出机构对案情复杂、疑难，性质难以认定的案件，可以…,5112,True,True,RFN-1bd6faaccdaab05d;RFN-1bd6faaccdaab05d
nfra,3dcf9466d9b606d8d1ce5ce87b59d71132e75f9a0a27b0a043115deed69eee77,,中国银监会办公厅关于做好抗震救灾金融服务有关工作的紧急通知,办公厅,BOUNDARY,低,,,分支机构,金融资产|银行业|银行业金融机构,[body]…维护银行业金融机构正常运行 银行业金融机构要合理调配人力、物力资源，克服一切困难，付出最大努力，做好对受灾地区分支机构的紧急救援工作，支持和帮助受灾地区网点尽量做到保开门、保营业、保供应、保服务，满足灾区居民和企业的日常金融需求…,2419,True,False,
nfra,05aab1a27a54972ca345ce4f9fb0b2c1bffc58cb2ce8ef6ad930f83a97524316,保监发〔2008〕36号,关于加强保险业应对地震灾害工作的通知（已失效）,,BOUNDARY,低,,,保险公司|保险机构|保险理赔,,[meta]…关于加强保险业应对地震灾害工作的通知（已失效） 保监发〔2008〕36号。各有关保监局、保险公司：。5月12日，我国四川省阿坝藏族羌族自治州汶川县发生7.8级强烈地震，造成巨大损失和人员伤亡。鉴于地震灾害的…,4583,True,False,
nfra,82dd45d5e6cabe1f97ef118ea00fb04ffb0a4412e885136a6482d72a7d8f6eab,保监发〔2008〕35号,关于做好抗震救灾工作的紧急通知（已失效）,,BOUNDARY,低,,,保险公司|保险机构|保险理赔,,[meta]…关于做好抗震救灾工作的紧急通知（已失效） 保监发〔2008〕35号。各相关保监局、各保险公司：。2008年5月12日下午四川汶川发生7.8级地震，给当地人民群众的生命财产造成了重大损失。为充分发挥保险的…,2125,True,False,
nfra,f8f96c866d5f0e48fc78dd03a5d17f903309cc7789d767b3ca843b3fbc3a6eb4,保监发〔2008〕33号,关于印发《保险公司偿付能力报告编报规则第14号：保险集团》及其实务指南的通知,法规司,BOUNDARY,低,,,保险公司|偿付能力,,[title]…关于印发《保险公司偿付能力报告编报规则第14号：保险集团》及其实务指南的通知 保监发〔2008〕33号。各保险公司：。为加强偿付…,512,True,True,RFN-f618fbd52080eb16;RFN-f618fbd52080eb16
nfra,43f868610ce3cf5f6b567979f2cf4d4e36b2eb96bc8f4f4dd4902a4d399331bc,银监发〔2008〕23号,中国银行业监督管理委员会 中国人民银行 关于小额贷款公司试点的指导意见,办公厅,BOUNDARY,低,,,分支机构,银行业|银行业金融机构,[body]…登记手续并领取营业执照。此外，还应在五个工作日内向当地公安机关、中国银行业监督管理委员会派出机构和中国人民银行分支机构报送相关资料。 小额贷款公司应有符合规定的章程和管理制度，应有必要的营业场所、组织机构、具备相应专业知识和从业…,6198,True,False,
nfra,9e3b515e3dd86586a91c9861953c6d1b757296c71576ec741dcbf77e7830a5fd,保监发〔2008〕31号,关于保险资产管理公司年度财务报告有关问题的通知,,BOUNDARY,低,,,保险资产管理|保险资金,,[title]…关于保险资产管理公司年度财务报告有关问题的通知 保监发〔2008〕31号。各保险资产管理公司：。近期，财政部发布《关于印发保险…,1914,True,True,RFN-890f174b20c5bdf7;RFN-890f174b20c5bdf7
nfra,8b8119f7017d5b3b5730ccbd42e5c42a96df547baf2d6f095e76a4494f34f0c6,保监发〔2008〕29号,关于《保险公司合规管理指引》具体适用有关事宜的通知,,BOUNDARY,低,,,保险公司|保险公司分支机构|保险资产管理|分支机构,,[title]…关于《保险公司合规管理指引》具体适用有关事宜的通知 保监发〔2008〕29号。各保险公司、保险资产管理公司，各保监局，机关各…,4677,True,True,RFN-d5384f3d65e2f083;RFN-d5384f3d65e2f083
nfra,567a9ff553fddba45eb95e33fe95e901c07515082259ee6678455b489740bc8f,,财政部关于印发保险资产管理公司财务报表列报要求的通知,,BOUNDARY,低,,,保险资产管理,,[title]…财政部关于印发保险资产管理公司财务报表列报要求的通知 财办会[2008]3 号。各省、自治区、直辖市、计划单列市财政厅（局），国务院有关…,704,True,False,
nfra,378962dd675670cabaee6ceda9e3f2ad5ec2daae37b7972cc08f160b9c8101f2,保监发〔2008〕27号,关于印发《保险公司董事、监事及高级管理人员培训管理暂行办法》的通知,,EXCLUDE,中,,,保险公司|保险公司分支机构|保险资产管理|分支机构,保险中介机构,[meta]…司董事、监事及高级管理人员培训管理暂行办法》的通知 保监发〔2008〕27号。各保险公司、保险资产管理公司，各保险中介机构：。为加强保险公司董事、监事及高级管理人员队伍建设，规范保险公司董事、监事及高级管理人员行为，强化风险意识、创…,4907,True,True,RFN-55376202e4b80fd1;RFN-55376202e4b80fd1
nfra,d9c68b61e70034f541e4f31e46a8f476f458281398f98c5e078c4342579a67e5,保监发〔2008〕25号,关于印发《健康保险统计制度》的通知,,INCLUDE,高,健康保险,,,,[title]…关于印发《健康保险统计制度》的通知 保监发〔2008〕25号。各保监局、各保险公司、各保险公司筹备组：。为全面统计健康保险、健康…,1850,True,True,RFN-f6e1175201553795;RFN-f6e1175201553795
nfra,c472a9dd2778526349da809d5015f4a6a1e890c2763588fcf0bad1f5cd270e0e,,银监会就实施新资本协议相关监管文件进行第二轮征求意见,办公厅,EXCLUDE,中,,,,商业银行,[meta]…施新资本协议相关监管文件进行第二轮征求意见。近期，银监会新资本协议研究和规制项目组根据业界反馈的修改建议，对《商业银行内部评级体系监管指引》、《商业银行风险暴露分类指引》、《商业银行实施新资本协议风险缓解处理指引》、《商业银行专…,1460,True,False,
nfra,1fb3ba2110824879d8bfc81a9c38a1a700a18336100f23b3577866c2744819af,国发〔2006〕23号,教育部 财政部 中国保险监督管理委员会 关于推行校方责任保险 完善校园伤害事故风险管理机制的通知,,BOUNDARY,低,,,保险产品|保险公司|保险机构|保险条款|偿付能力|分支机构,,[body]…保工作，依据本通知提出的推行校方责任保险制度的基本原则，制订本行政区域实施校方责任保险制度的政策和办法。可根据保险公司提供的保险产品特点、本行政区域的网点覆盖情况、服务能力、保障条件和本地区的财政能力，经济发展状况，通过招标等形…,4015,True,False,
nfra,a0a877530746fc8681c2bf477ca2bb660f99353b48786e4b1f6d4c69ec127ce9,银监办发〔2008〕47号,中国银监会办公厅关于进一步规范商业银行个人理财业务有关问题的通知银监办发[2008]47号,办公厅,EXCLUDE,中,,,,商业银行|银行业金融机构,[title]…中国银监会办公厅关于进一步规范商业银行个人理财业务有关问题的通知银监办发[2008]47号 中国银监会办公厅关于进一步规范商业银行。个人理财业务有关…,5746,True,False,
nfra,2320fd15384119b76115eb333a9add33d25c59cbac8ea4f66dfe492e84711ef9,保监机构〔2008〕384号,关于明确保险公司法人机构直接经营保险业务行为监管有关问题的通知,,BOUNDARY,低,,,保单|保险公司,,[title]…关于明确保险公司法人机构直接经营保险业务行为监管有关问题的通知 保监机构〔2008〕384号。各保监局：。随着保险市场的快速发…,2039,True,True,RFN-f25d38a46894ac7c;RFN-f25d38a46894ac7c
nfra,0fc946e20c8bfc262ca7bd6f668ea26b6ff03d1fb124b4d39feb5b1af82816d3,保监发〔2008〕22号,关于印发《关于做好2008年农业保险工作 保障农业和粮食生产稳定发展的指导意见》的通知,,EXCLUDE,中,,,保单|保险产品|保险公司|分支机构,再保险公司,[meta]…业保险工作 保障农业和粮食生产稳定发展的指导意见》的通知 保监发〔2008〕22号。各保监局，各相关保险公司、再保险公司：。为做好2008年农业保险工作，促进农业保险发展，扩大农业保险覆盖面，充分发挥农业保险在农业抗灾减灾以及灾后…,9508,True,False,
nfra,e6fa5832ff675bc21c16d9c640b7189937cc2de413fa771a2bb5d2eb6f7c0cf3,,关于征求《银行控股股东监管办法（征求意见稿）》意见的公告,办公厅,EXCLUDE,中,,,,银行业|银行业金融机构,[meta]…）》意见的公告 关于征求《银行控股股东监管办法（征求意见稿）》。意见的公告。为规范和加强银行控股股东监管，促进银行业稳健运行，中国银行业监督管理委员会对银行控股股东监管的有关国际文献、国外监管当局的监管经验和做法进行了认真研究…,979,True,False,
nfra,fdfa3240fabdccf6135e42a83539f613870b993adf6a52ea3027df0aca74e01f,保监发〔2008〕20号,关于印发《保险业信息系统灾难恢复管理指引》的通知,,BOUNDARY,低,,,保险公司|保险机构|保险资产管理,,[meta]…关于印发《保险业信息系统灾难恢复管理指引》的通知 保监发〔2008〕20号。各保险公司、保险资产管理公司：。为加强保险信息安全基础设施建设，推进信息系统灾难恢复工作，根据《中华人民共和国保险法》和…,14226,True,True,RFN-d24ca0aac708a923;RFN-d24ca0aac708a923
nfra,50aec2eb8167fcc18a7b2fb4e796ea0175b2db2bdc858af192cde119d21b9173,国发〔2007〕7号,中国银监会关于银行业金融机构支持服务业加快发展的指导意见（银监发〔2008〕8号）,办公厅,EXCLUDE,中,,,分支机构,商业银行|金融资产|银行业|银行业金融机构,[title]…中国银监会关于银行业金融机构支持服务业加快发展的指导意见（银监发〔2008〕8号） 中国银监会关于银行业金融机构。支持服务业加快发展的指导…,4788,True,False,
nfra,d7ca6d3cef0803da2826f71656c28cbea6a1a1b014afb39795d982548eb097e5,国发〔2007〕7号,人民银行 银监会 证监会 保监会 关于金融支持服务业加快发展的若干意见,,BOUNDARY,低,健康保险|养老保险,,,信托公司|商业银行|基金管理公司|证券公司|银行业|银行业金融机构,[body]…动等方式，加快发展责任保险。支持保险机构投资医疗机构，探索保险机构参与新型农村合作医疗管理的有效方式，加快发展健康保险。完善商业养老保险税收政策，支持保险机构参与企业年金市场，发挥商业保险在完善多层次社会保障体系中的作用，加快发…,10303,True,False,
nfra,ff68596837733022a89db3e6a585e61ba5daadfdfc02c4099d2f6c5a063d560d,银监办发〔2008〕35号,中国银监会办公厅关于商业银行从事境内黄金期货交易有关问题的通知银监办发[2008]35号,办公厅,EXCLUDE,中,,,,商业银行|银行业|银行业金融机构,[title]…中国银监会办公厅关于商业银行从事境内黄金期货交易有关问题的通知银监办发[2008]35号 中国银监会办公厅关于商业银行。从事境内黄金期货交…,2720,True,False,
nfra,a1cc7b9b17176b3c1be7924c50d070c62a1de66d0d05b6d30082feb2d6378ecf,,中国保险监督管理委员会 中国人民银行关于发布《银行保险业务财产保险数据交换规范》行业标准的通知,,EXCLUDE,—,,,,,,54,False,False,
nfra,45272d1d8d69fa7ee90962397dd22ce8fb567b326974c81aa38f51596f873503,银监发〔2007〕53号,中国银监会办公厅关于在从紧货币政策形势下进一步做好小企业金融服务工作的通知,办公厅,EXCLUDE,中,,,,商业银行|银行业|银行业金融机构,[meta]…紧货币政策形势下。进一步做好小企业金融服务工作的通知。银监办通（2008）71号。各银监局，各政策性银行、国有商业银行、股份制商业银行：。 办公厅    中国银监会办公厅关于在从紧货币政策形势下 进一步做好小企业金融服务工作的通…,2766,True,False,
nfra,42c33138fc1ff936ceadf1e75d2acb51a0f7a25363bc4057e49afd07cf4cef41,保监发〔2008〕17号,关于实施农村保险营销员资格分类管理有关事宜的通知,,INCLUDE,中,,保险营销员,万能保险|保险产品|保险公司|保险机构|保险营销|保险销售,,[title]…关于实施农村保险营销员资格分类管理有关事宜的通知 保监发〔2008〕17号。各保监局：。为探索建立农村保险营销员资格管理的长效机制，…,4477,True,True,RFN-065949029b3a294c;RFN-065949029b3a294c
nfra,1fb37896e8fc5a3b65ddc652e6e6876fb960390cd92ef7a57e99155eddfc4b23,保监发〔2008〕16号,关于加强寿险公司内部控制自我评估工作有关问题的通知（已废止）,,INCLUDE,高,人寿保险公司|人身保险|健康保险|养老保险公司|寿险,,,,[title]…关于加强寿险公司内部控制自我评估工作有关问题的通知（已废止） 保监发〔2008〕16号。各人寿保险公司、健康保险公司、养老…,5440,True,True,RFN-34d357c853594310;RFN-34d357c853594310
nfra,bb72b516203608a6a4f9d5f0c2e43a960db937a922dffd81d2ab893c6e77ec69,银监办发〔2008〕23号,中国银监会办公厅关于进一步加强信贷资产证券化业务管理工作的通知,办公厅,EXCLUDE,中,,,,商业银行,[meta]…监办发〔2008〕23号。国家开发银行，中国工商银行、中国农业银行、中国银行、中国建设银行、交通银行，各股份制商业银行：。自2005年信贷资产证券化试点工作启动以来，部分银行相继开办了该项业务，业务规模日益扩大。为保障信贷资产证…,3269,True,False,
nfra,3d83e4bdd912c6df20a4c1de13fb4e82d7cbf708b3901ac3012b5ab2076d6d2e,保监发〔2008〕14号,关于贯彻落实保险行业标准的通知,,BOUNDARY,低,,,保险公司|保险资产管理,,[meta]…关于贯彻落实保险行业标准的通知 保监发〔2008〕14号。各保监局，保监会机关各部门，各保险公司、保险资产管理公司、保险专业中介机构，国有保险公司监事会，中国保险行业协会，中国保险学会，全国金融标准化技术委…,1268,True,True,RFN-cce379e189638296;RFN-cce379e189638296
nfra,e45874baff7fc6254f0bc0e4c230f9a255dde1a1c7f08114b455fd948e565b71,银监发〔2007〕67号,中国银监会办公厅关于做好灾后恢复重建金融服务工作的紧急通知,办公厅,EXCLUDE,中,,,分支机构,商业银行|银行业金融机构,[meta]…会办公厅关于做好灾后恢复。重建金融服务工作的紧急通知。银监办通〔2008〕44号。各银监局，各政策性银行、国有商业银行、股份制商业银行，邮政储蓄银行，各省级农村信用联社，北京、上海、深圳农村商业银行，天津农村合作银行：。在党中央…,3036,True,False,
nfra,4e8b45ea1f9aa4d31f4c8ddf0581173da041920435d593377f36f5b2ad04ea13,银监办发〔2008〕18号,中国银监会办公厅关于农村合作金融机构已撤销农村信用代办站案件风险提示的通知,办公厅,EXCLUDE,—,,,,,,3742,True,False,
nfra,be13b3306aa1071f028e438603edcc00aa14b55ad18debad5b1e9bb606a1cd79,,国家环境保护总局 中国保险业监督管理委员会 关于开展环境污染责任保险工作的意见,,BOUNDARY,低,,,保险公司|保险机构|保险理赔,,[body]…险出发，提出投保企业或设施的范围以及损害赔偿标准等；保险监管部门加强行业监督管理，推进环境责任保险市场的规范；保险公司积极开发环境责任险产品，按市场经济法律法规要求履行保险人的责任；投保企业加强环境风险管理，主动如实报告有关信息…,7599,True,False,
nfra,0140e581b18934c717e4b1771ac95e420ce7ab742be43a7f6afe611a798c863e,银监发〔2008〕5号,中国银监会关于印发《银行并表监管指引（试行）》的通知,办公厅,EXCLUDE,中,,,保险公司|分支机构,信托公司|商业银行|证券公司|金融资产|银行业|银行业金融机构,[meta]…表监管。指引（试行）》的通知。银监发〔2008〕5号。机关各部门，各监事会办公室、各银监局，各政策性银行、国有商业银行、股份制商业银行、金融资产管理公司，邮储银行，各省级农村信用联社，银监会直接监管的信托公司、财务公司、金融租赁…,19300,True,False,
nfra,aecbe07c0f27ab46c7f24df13345616f5c9e5eb5db03b0da57549588ad828fdb,保监发〔2008〕12号,关于编报年度偿付能力报告有关事项的通知,,INCLUDE,中,寿险,,,再保险公司,[body]…实务指南， 我会制定了《保险公司年度偿付能力报告编报的格式要求》， 并以虚拟公司和数字为例， 设计了产险公司和寿险公司的年度偿付能力报告模板（再保险公司参照产险公司年度报告模版）。 上述文件可从保监会网站财务监管专栏下的偿付…,1868,True,True,RFN-398f3a9d2fdd49b0;RFN-398f3a9d2fdd49b0
nfra,0fe5995745ecff9a92eb5c6eb429b63cdfdb7cd0e02417b5b9200097eceea982,国发〔2007〕24号,中国人民银行 中国银行业监督管理委员会关于印发《经济适用住房开发贷款管理办法》的通知银发〔2008〕13号,办公厅,EXCLUDE,中,,,分支机构,商业银行|银行业|银行业金融机构,[title]…中国人民银行 中国银行业监督管理委员会关于印发《经济适用住房开发贷款管理办法》的通知银发〔2008〕13号 中国人民银行 中国银行业监…,4156,True,False,
nfra,c9179d48b54f72df2a5b79cc3397801ef9c751429d16d172c2e363fe30a4fa46,保监厅发〔2008〕4号,关于加强保险业抗灾救灾应急处置工作的通知（已失效）,,BOUNDARY,低,人寿保险|健康保险,,,,[body]…有限公司、安邦财产保险股份有限公司、渤海财产保险股份有限公司、都邦财产保险股份有限公司、中银保险有限公司；中国人寿保险股份有限公司、太平人寿保险有限公司、民生人寿保险股份有限公司、中国平安人寿保险股份有限公司、中国太平洋人寿保险…,4863,True,True,RFN-726acac621ac4209;RFN-726acac621ac4209
nfra,4e7fbe905f7ba0bd6e957b38bc2b73b587deece531d67619a5ca06ec2f589d6d,保监发〔2008〕4号,关于发布《保险标准化工作指南》行业标准的通知,,BOUNDARY,低,,,保险公司|保险资产管理,,[meta]…关于发布《保险标准化工作指南》行业标准的通知 保监发〔2008〕4号。各保监局，保监会机关各部门，各保险公司、保险资产管理公司、保险专业中介机构，国有保险公司监事会，中国保险行业协会，中国保险学会，全国金融标准化技术委…,858,True,True,RFN-f9dfb560f0ccde51;RFN-f9dfb560f0ccde51
nfra,51e99c063bc3cb933ca2913d836af001e1d6561a1bf701835d67f7453baadd9f,保监寿险〔2008〕57号,关于《保险公司总精算师管理办法》实施有关问题的通知（已废止）,,INCLUDE,中,健康保险|养老保险公司|寿险,,,,[meta]…关于《保险公司总精算师管理办法》实施有关问题的通知（已废止） 保监寿险〔2008〕57号。各寿险公司、养老保险公司、健康保险公司：。为保证《保险公司总精算师管理办法》的顺利实施，现…,832,True,True,RFN-8eafe702c42eacb6;RFN-8eafe702c42eacb6
nfra,82e53fc742a907d11e405a7303ec97253e36819c15946a8a7f6b767e56af89f8,保监发〔2008〕3号,关于做好机动车商业三责险费率调整工作有关要求的紧急通知,,EXCLUDE,中,,,保单|保险公司|分支机构,财产保险公司,[meta]…关于做好机动车商业三责险费率调整工作有关要求的紧急通知 保监发〔2008〕3号。各财产保险公司、各保监局、中国保险行业协会：。为配合机动车交通事故责任强制保险（以下简称“交强险”）责任限额和费率的调整，切…,1862,True,False,
nfra,662ef3ed0fbd470ba7182e4596d39e7f823f52574b1676a99c1644fda6b03ea4,国发〔2007〕22号,关于进一步加强能繁母猪保险工作有关要求的紧急通知,,EXCLUDE,中,,,保单|保险公司,财产保险公司,[meta]…关于进一步加强能繁母猪保险工作有关要求的紧急通知 保监发〔2008〕1号。各保监局，各财产保险公司，中国再保险集团公司：。《国务院关于促进生猪生产发展稳定市场供应的意见》（国发〔2007〕22号）下发后，在国…,3336,True,False,
nfra,eb66b7181934cf0e2028ba09ac55f9aa8e439dd05d81aa55dcc8712c73ea186d,保监发〔2007〕132号,关于发布《再保险数据交换规范》行业标准的通知,,EXCLUDE,中,,,保险公司|保险资产管理,,,858,True,False,
nfra,7695e4cb05869b3fdbf457b9307425fe68351c4fac49046f7d00631a125ef449,保监发〔2008〕2号,关于加强交强险管理有关工作的通知,,BOUNDARY,低,,,保单|保险公司|保险公司分支机构|分支机构,,[body]…险人和交通事故受害人的合法权益，现就有关问题通知如下： 一、要改进交强险理赔服务方式 （一）各从事交强险业务的保险公司（以下简称保险公司）必须采取有效措施，简化理赔手续和流程、缩短结案周期、完善抢救费用垫付机制，不断提高交强险理…,3386,True,False,
nfra,e0d57010fac6b13078b95b473a3b6273ffadd5f8a361d905c8d1a01597309047,保监发〔2007〕131号,关于发布《保险业务代码集》行业标准的通知,,BOUNDARY,低,,,保险公司|保险资产管理,,[meta]…关于发布《保险业务代码集》行业标准的通知 保监发〔2007〕131号。各保监局，保监会机关各部门，各保险公司、保险资产管理公司、保险专业中介机构，国有保险公司监事会，中国保险行业协会，中国保险学会，全国金融标准化技术委…,860,True,True,RFN-27bbc28e14e4ddb4;RFN-27bbc28e14e4ddb4
nfra,e26bc0b1d0b2a549ba988d5ecfb7aeee93ac160a80324e8fd00506d4762d2ac1,保监发〔2007〕130号,关于发布《保险基础数据元目录》行业标准的通知,,BOUNDARY,低,,,保险公司|保险资产管理,,[meta]…关于发布《保险基础数据元目录》行业标准的通知 保监发〔2007〕130号。各保监局，保监会机关各部门，各保险公司、保险资产管理公司、保险专业中介机构，国有保险公司监事会，中国保险行业协会，中国保险学会，全国金融标准化技术委…,866,True,True,RFN-394e4243670a7862;RFN-394e4243670a7862
nfra,39899a78411497eb8802e62c06cb1b0b1cf5022a548e9cb87f8448f7ee13fd0f,银监发〔2007〕86号,中国银监会关于印发非银行金融机构行政许可事项申请材料目录及格式要求的通知,办公厅,EXCLUDE,中,,,,信托公司|银行业|银行业金融机构,[meta]…非银行金融机构。行政许可事项申请材料目录及格式要求的通知。银监发〔2007〕86号。各银监局，银监会直接监管的信托公司、企业集团财务公司、金融租赁公司、汽车金融公司、货币经纪公司：。《中国银行业监督管理委员会非银行金融机构行政许…,1865,True,False,
nfra,f699bbe0264e44e84c371e1c500e92f67b2ef259a3d470dc8f5070cc43e8249c,保监发〔2007〕128号,关于发布《保险行业机构代码编码规范》行业标准的通知,,BOUNDARY,低,,,保险公司|保险资产管理,,[meta]…关于发布《保险行业机构代码编码规范》行业标准的通知 保监发〔2007〕128号。各保监局，保监会机关各部门，各保险公司、保险资产管理公司、保险专业中介机构，国有保险公司监事会，中国保险行业协会，中国保险学会，全国金融标准化技术委…,867,True,True,RFN-116a8c411faa8949;RFN-116a8c411faa8949
nfra,1cd27f7c1cefaf9ba38295d190125f1e1d33b8a816bf5c10a2f8ec3bb0fd54c5,保监厅发〔2007〕82号,关于加强保险资产管理公司标准化管理工作有关问题的通知（已废止）,,BOUNDARY,低,,,保险资产管理,,[title]…关于加强保险资产管理公司标准化管理工作有关问题的通知（已废止） 保监厅发〔2007〕82号。各保险资产管理公司：。为做好保险资产管…,1203,True,False,
nfra,cdd0b08c4f19fdafce5daa646c586d0bcf7d7ac9f0015748fc580f35306ccfef,保监发〔2007〕129号,关于发布《保险术语（修订版）》行业标准的通知（已失效）,,BOUNDARY,低,,,保险公司|保险资产管理,,[meta]…发布《保险术语（修订版）》行业标准的通知（已失效） 保监发〔2007〕129号。各保监局，保监会机关各部门，各保险公司、保险资产管理公司、保险专业中介机构，国有保险公司监事会，中国保险行业协会，中国保险学会，全国金融标准化技术委…,946,True,True,RFN-24d0b25dd97f339c;RFN-24d0b25dd97f339c
nfra,05419c1501509b388042bdaa0f324d0ee3f358e3d389546ecd43ce119860b65a,保监厅发〔2007〕80号,关于开展保险业（第二批）信息系统安全等级保护定级工作的通知,,BOUNDARY,低,人寿保险,,,,[body]…一、第二批开展定级工作的单位范围 除第一批单位(保监会及各保监局，中国保险行业协会，中国人民保险集团公司、中国人寿保险（集团）公司、中国再保险（集团）股份有限公司、中国出口信用保险公司、民生人寿保险股份有限公司、阳光保险控股股份…,3359,True,True,RFN-ea942d651ac62a70;RFN-ea942d651ac62a70
nfra,a93fcffbf37e4e68d44f0419754ffa96dabf092d0361d8dbb6f8c10cbee7a499,保监发〔2007〕127号,关于印发《保险业内涉嫌非法集资活动预警和查处工作暂行办法》的通知,,EXCLUDE,中,,,保险公司|保险机构|分支机构,保险中介机构,[meta]…涉嫌非法集资活动预警和查处工作暂行办法》的通知 保监发〔2007〕127号。各保监局，机关各部门，各保险公司、保险中介机构：。为贯彻落实党中央、国务院处置非法集资的方针和政策，做好保险业内涉嫌非法集资活动的预警和查处工作，建立相关工…,3777,True,True,RFN-22aeb33b93ffe81a;RFN-22aeb33b93ffe81a
nfra,e9ffa4e89f57acdc1e084480ddadadcd18c3e04496c88e5b498a0fee0c2a9dc2,国发〔2007〕15号,中国银监会关于印发《节能减排授信工作指导意见》的通知银监发［2007］83号,办公厅,EXCLUDE,中,,,分支机构,信托公司|商业银行|金融资产|银行业|银行业金融机构,[meta]…中国银监会关于印发《节能减排授信。工作指导意见》的通知。银监发［2007］83号。各银监局，各政策性银行、国有商业银行、股份制商业银行、金融资产管理公司、邮政储蓄银行、各省级农村信用联社，银监会直接监管的信托公司、企业集团财务公…,8422,True,False,
nfra,0b8226e4cb7f46ae52afe4756af1bf4bd17aa6a41a13eda3d93f7b4e8e559eb9,保监发〔2007〕123号,关于规范代理制保险营销员管理制度的通知（已废止）,,EXCLUDE,中,,保险营销员,保险公司|保险营销,保险中介机构,[title]…关于规范代理制保险营销员管理制度的通知（已废止） 保监发〔2007〕123号。各保险公司、各保险中介机构：。为促进保险营销业务健康发展…,2609,True,True,RFN-3310d99e961c2ade;RFN-3310d99e961c2ade
nfra,739caa1936bd2bc4efca7c29e74dfea07ff037c48ed447596382dab36b61d7ba,保监发〔2007〕120号,关于印发《中国保险监督管理委员会关于规范部分法律文书送达工作的指导意见》的通知,,INCLUDE,中,寿险,,,,[meta]…部分法律文书送达工作的指导意见》的通知 保监发〔2007〕120号。各保监局，办公厅、发改部、财会部、产险部、寿险部、中介部、资金部、国际部、统信部、机构部：。为切实推进我会法制建设工作，健全保险监管法律制度，提高依法行政水…,3742,True,False,
nfra,51c2d4fe8f1743793b32a44af8596dd69cdd59c527e8c0306e853b7a7b25780b,保监统信〔2007〕1564号,关于印发农业保险统计制度分析指标和分析图表的通知,,EXCLUDE,—,,,,,,539,True,False,
nfra,745b4d72dfb4bb875db04b0e98a4beb2d982f0f5339cb52bf8b71a3fa9edf968,银发〔2007〕452号,中国人民银行 中国银行业监督管理委员会关于加强商业性房地产信贷管理的补充通知,办公厅,EXCLUDE,中,,,,商业银行|银行业,[title]…中国人民银行 中国银行业监督管理委员会关于加强商业性房地产信贷管理的补充通知 中国人民银行 中国银行业监督管理委员会。关于加强商业性房…,1838,True,False,
nfra,637c8c16d89f4d5396c2967676cc1153afa435e50365f6f253429de893946a03,保监发〔2007〕119号,关于印发精算报告编报规则的通知,,INCLUDE,中,人身保险|健康保险|养老保险公司|寿险,,,,"[meta]…关于印发精算报告编报规则的通知 保监发〔2007〕119号。各寿险公司、养老保险公司、健康保险公司：。为适应人身保险业的新发展和新会计准则的要求,全面客观地反映保险公司的业务状…",805,True,True,RFN-8e37d767096e33ab
nfra,842e56307b6321767f18a147807ddf9069d7581f2bc4fc7ef4127cc325477e5d,国发〔2007〕33号,中国银监会办公厅关于调整商业银行个人理财业务管理有关规定的通知,办公厅,EXCLUDE,中,,,,商业银行|银行业|银行业金融机构,[title]…中国银监会办公厅关于调整商业银行个人理财业务管理有关规定的通知 中国银监会办公厅关于调整商业银行。个人理财业务管理有关规定的通知。银监办发〔2…,1608,True,False,
nfra,69f9386b5b0aa1134f4f41b7aaa94d89192978a37e76068b7611cc82dc0ac199,保监发〔2007〕115号,关于印制机动车交通事故责任强制保险标志有关问题的通知,,EXCLUDE,中,,,保单|保险公司,,,2248,True,False,
nfra,b3a9ec3c4df0776e46e9ba13e423cd11caf0a558116873b90a8e69742f77467b,,关于组织开展不正当交易行为自查自纠工作“回头看”的通知（已失效）,,EXCLUDE,中,,,保险公司|保险公司分支机构|保险机构|保险资产管理,保险中介机构,[body]…治理商业贿赂领导小组办公室将于年底前就各单位、各部门开展自查自纠工作进行检查。 请各保监局将本通知转发至辖区内保险中介机构。 附件：自查自纠工作总结报告要求 二七年十一月二十二日 附件： 自查自纠工作总结报告要求 一、文字报告内容…,4370,True,False,
nfra,215b8d628a9a40bfedca3bd63da802e3a51dc209bd7ebc187668a32720611f87,国发〔2006〕23号,关于保险中介市场发展的若干意见（已废止）,,BOUNDARY,低,健康保险,保险兼业代理|保险营销员,,保险中介机构|保险公估|保险经纪|保险经纪机构,[body]…强职业道德教育，提高队伍素质，着力解决销售误导问题。 探索建立保险营销员分级分类资格管理制度，针对投资型保险、健康保险等复杂产品建立更高层次的销售资格要求，促进保险营销队伍向专业化、职业化方向发展。研究建立农村保险营销员资格管理…,10101,True,True,RFN-56eadda7a101a149
nfra,5d56f2ce819f25120240de8adb9b24e3804696b2c942e3a8898958e54fd7dcc8,保监发〔2007〕112号,关于再保险业务安全性有关问题的通知,,EXCLUDE,中,,,保险公司|保险机构|偿付能力|分支机构,,,2971,True,False,
nfra,06b1e7cbecdec7ab512b9c5979d5f6914a828e3af53569f89e07d01f26a04fed,保监发〔2007〕113号,关于开展保险公司治理结构专项自查活动的通知（已废止）,,EXCLUDE,中,,,保险公司|保险资产管理|偿付能力|分支机构,信托公司,[body]…股或具有其它控制关系的自然人，国有股东应上溯至最终控股的财政部门或国有资产监管部门，外资股东上溯至其控股股东，信托公司以信托计划募集的资金投资保险公司的，应当报告该信托计划的购买人； 3、保险公司与其投资设立的子公司之间的股权关…,9269,True,True,RFN-75acf6c38b7b62b6;RFN-75acf6c38b7b62b6
nfra,93c13d4299793f5eeb17234f55883a9520f6855a27976c4d9c0921cf4ec239e6,,关于对取得国外精算师资格的拟任总精算师进行考核的通知（已失效）,,INCLUDE,中,人寿保险公司|人身保险|健康保险|养老保险公司,,,,[meta]…关于对取得国外精算师资格的拟任总精算师进行考核的通知（已失效） 各人寿保险公司、养老保险公司、健康保险公司：。根据《保险公司总精算师管理办法》，取得国外精算师资格拟担任保险公司总精算师的，…,1394,True,True,RFN-597cce52d6ec9560
nfra,7781558e57487c8c31130f36acbebde72eb449c9f57b6af03331dbaf58793440,保监发〔2007〕111号,关于印发《农业保险统计制度》的通知,,EXCLUDE,中,,,保险公司,财产保险公司,[meta]…关于印发《农业保险统计制度》的通知 保监发〔2007〕111号。各保监局，各保险集团（控股）公司、财产保险公司：。为全面掌握农业保险发展情况，科学制定农业保险政策措施，我会制定了《农业保险统计制度》，现印发给你们，请遵照…,2080,True,False,
nfra,48d3f8d301f0b215579341f25e0ec90f7490bffb5e3063b958317bd497102a16,国发〔2006〕20号,关于加快天津滨海新区保险改革试验区创新发展的意见,,BOUNDARY,低,寿险,,,,[body]…体系，鼓励保险机构开发适应天津滨海新区开发开放和天津经济社会发展需求的保险产品；支持营销模式创新，探索非关联产寿险公司相互代理、兼业代理连锁经营、营销员理财顾问等新型营销方式；坚持以客户为本的服务理念，积极发展网上保险、远程…,5140,True,True,RFN-28592205e5bf65d0
nfra,eb415e59d2134e992bc4a17f40a280821cd0f7bd4554091556145747718630bc,中国保险监督管理委员会令2007年第4号,保险公司养老保险业务管理办法,,INCLUDE,中,人寿保险|人寿保险公司|养老保险|养老保险公司,,,,[body]…保险公司养老保险业务进行监督管理。 第四条 本办法所称保险公司，是指经保险监督管理机构批准设立并依法登记注册的人寿保险公司、养老保险公司。 第五条 本办法所称养老保险业务，包括个人养老年金保险业务、团体养老年金保险业务和企业年金管理…,8185,True,True,RFN-e2c5cd1ddca78420
nfra,f149de702ea2a428380a93687fa52097cfcbd176e478ae48096336100668e455,银监发〔2007〕75号,中国银监会关于有效防范企业债担保风险的意见,办公厅,EXCLUDE,中,,,保险公司|分支机构,信托公司|商业银行,[meta]…风险的意见 中国银监会关于有效防范企业债担保风险的意见。银监发〔2007〕75号。各银监局，各政策性银行、国有商业银行、股份制商业银行，邮政储蓄银行，银监会直接监管的信托公司、财务公司、租赁公司：。近年来，企业债券发行规模快速增…,3699,True,False,
nfra,e74949644cab27d5e762b782804b1aafdc1a124f4838fae5ed08f7409c9c4171,银监通〔2007〕22号,中国银监会关于银行业金融机构全面执行《企业会计准则》的通知,办公厅,EXCLUDE,中,,,,信托公司|商业银行|金融资产|银行业|银行业金融机构,[title]…中国银监会关于银行业金融机构全面执行《企业会计准则》的通知 中国银监会关于银行业金融机构全面执行。《企业会计准则》的通知。银监通〔2007…,5612,True,False,
nfra,5b37a20ae9d62db9308d789982cea691c6db154a3a9e1c486276e3b421e8cdb1,,关于征求《银行并表监管指引（征求意见稿）》意见的公告,,EXCLUDE,中,,,,商业银行|银行业,[meta]…告 关于征求《银行并表监管指引（征求意见稿）》。意见的公告。为加强和规范并表监管，防范银行集团的金融风险，中国银行业监督管理委员会成立了并表监管跨部门研究小组，对并表监管的有关国际文献、国外监管当局的监管经验和做法进行认真研究…,963,True,False,
nfra,d9722b7d4a10904fab5859ddd630c0243835e9c38b5fc5c14156572547490fa0,保监财会〔2007〕1301号,关于编报季度偿付能力报告有关事项的通知,,BOUNDARY,低,寿险,,,再保险公司,[meta]…的信息质量，现将有关事项通知如下：。一、关于季度偿付能力报告的内容。（一）对目前尚无法按季度评估公司内含价值的寿险公司，在季报中可暂不披露内含价值指标。     保监财会〔2007〕1301号 各保险公司、各保险资产管理公司…,1333,True,True,RFN-91d31bd4dfbf5bed;RFN-91d31bd4dfbf5bed
nfra,b6e70b5ff3fce251b37fedbc4e0ebeeaaf1cac3143af2552cd0ebb04e578b72f,保监发〔2007〕101号,关于养老保险公司经营企业年金业务有关问题的通知（已失效）,,INCLUDE,高,养老保险公司,,,,[title]…关于养老保险公司经营企业年金业务有关问题的通知（已失效） 保监发〔2007〕101号。各养老保险公司：。为了改善保险公司在企业…,591,True,True,RFN-64690958a54d9cf9;RFN-64690958a54d9cf9
nfra,60b29d388c15692b7e8684ea2ebe660f25d41ea454deda214074cfd213251471,,保险公司总精算师管理办法,,INCLUDE,中,人寿保险公司|人身保险|健康保险|养老保险公司,,,财产保险公司,[body]…。  第三十二条 本办法由中国保监会负责解释。  第三十三条 本办法自 2008 年 1 月 1 日起施行。 人寿保险公司、 养老保险公司和健康保险公司自施行之日起适用本办法； 财产保险公司适用本办法的时间和具体适用办法由中国保监会…,7136,True,True,RFN-45c3d6b1412b3e1e
nfra,a0b6c976123e532c67ca274655500fcc3faaa0089327df95be8533da6663d412,保监发〔2007〕98号,关于印发《保险营销员诚信记录管理办法》的通知,,EXCLUDE,中,,保险营销员,保险公司|保险机构|保险营销,保险中介机构|商业银行,[title]…关于印发《保险营销员诚信记录管理办法》的通知 保监发〔2007〕98号。各保监局、各保险公司、各保险中介机构：。为发挥行业和社会监…,5446,True,True,RFN-31e260aef067c3a4;RFN-31e260aef067c3a4
nfra,30880bce2ac9dfdf560603fd26135fb833fce830ce45907ae6b2fafff31fc634,银监办通〔2007〕235号,中国银监会办公厅关于加强国庆节期间银行业金融机构金融服务的通知,,EXCLUDE,中,,,,商业银行|银行业|银行业金融机构,[title]…中国银监会办公厅关于加强国庆节期间银行业金融机构金融服务的通知 中国银监会办公厅关于加强国庆节期间。银行业金融机构金融服务的通知。银监办通〔2007〕235号…,2507,True,False,
nfra,af01d6a6aa601d2eb45cba01fd1856fed1419ba7a8a78cc53915e1ddbb070faa,国发〔2007〕24号,中国人民银行 中国银行业监督管理委员会关于加强商业性房地产信贷管理的通知,,EXCLUDE,中,,,分支机构,商业银行|银行业,[title]…中国人民银行 中国银行业监督管理委员会关于加强商业性房地产信贷管理的通知 中国人民银行 中国银行业监督管理委员会。关于加强商业性房地产…,4325,True,False,
nfra,16c5d8402c20fa24b0214629e03b11a0deb6f2287a2b18190e51d3747a825ca5,保监发〔2007〕93号,关于规范保险营销团队管理的通知,,EXCLUDE,中,,保险营销员,保险产品|保险公司|保险营销,保险经纪公司|保险经纪机构,[body]…纪公司、保险代理公司：。     保监发〔2007〕93号 各保险公司，各保险经纪公司、保险代理公司： 根据《保险营销员管理规定》、《保险专业代理机构监管规定》、《保险经纪机构监管规定》、《保险中介从业人员继续教育管理暂行办法》等…,2411,True,True,RFN-97ed5b70a6aee3b1;RFN-97ed5b70a6aee3b1
nfra,54717bf3866bca6b2460af8f6ca07b503919a823735dda177c2a355b2fe7481b,保监发〔2007〕92号,关于加强保险中介业务管理防范保险诈骗的通知（已失效）,,INCLUDE,中,健康保险|养老保险公司|寿险,,,,[meta]…关于加强保险中介业务管理防范保险诈骗的通知（已失效） 保监发〔2007〕92号。各寿险公司、养老保险公司、健康保险公司：。近期，我会发现因保险公司内部管理不善导致个别保险代理机构在代理合同终止后，…,1941,True,True,RFN-e148bbd7c66d00bf;RFN-e148bbd7c66d00bf
nfra,c2508cafa27f6bcd57c1b9ac90ae4573f5948961c9306f908101290d5e5cb3e5,保监发〔2007〕94号,关于加强航空意外保险管理有关事项的通知,,INCLUDE,中,人身保险,保险代理人,,财产保险公司,[body]…号）。 各保险公司不得以航空旅客意外伤害保险行业指导性条款名义销售航空意外保险。  二、 各保险公司应按照《人身保险产品审批和备案管理办法》、 《财产保险公司保险条款和保险费率管理办法》及其相关规定向中国保监会办理航空意外保险…,1520,True,True,RFN-ddb2c9cf3445983d;RFN-ddb2c9cf3445983d
nfra,aae94c3031aceeab16bed648fece89c6be0ee78ef1f074a91aa190bc18f42135,保监发〔2007〕88号,关于调整非税收入执收单位和管理办法的通知,,EXCLUDE,中,,保险代理人|保险兼业代理,保险公司|保险机构|分支机构,保险中介机构|保险公估|保险经纪,[body]…外国保险机构代表处保险业务监管费、中国精算师资格考试费和部分罚没收入的收缴。 （二）各保监局负责保险中介机构、保险兼业代理机构的保险业务监管费、保险中介人（保险代理人、保险经纪人和保险公估人）资格考试费、保险从业人员基本资格证书工本…,7935,True,True,RFN-a5f9f13913394cd6;RFN-a5f9f13913394cd6
nfra,ecf1380cf56b5738d0b9c693f573d55cabc8cc74c0e30df870a98c24adc55b14,保监发〔2007〕91号,关于印发《保险公司合规管理指引》的通知,,BOUNDARY,低,,,保险公司|保险公司分支机构|保险机构|保险资产管理|保险资金|分支机构,,[title]…关于印发《保险公司合规管理指引》的通知 保监发〔2007〕91号。各保险公司、保险资产管理公司，各保监局：。为了规范保险公司治理…,11862,True,True,RFN-f4c1baa5e322f0e4;RFN-f4c1baa5e322f0e4
nfra,a4972a7bd457b67c49a8d600a7718109b56529f5ce7d49b831468df3aa7149ee,保监产险〔2007〕501号,国家税务总局 中国保险监督管理委员会关于保险机构代收代缴车船税有关问题的通知     ,财产保险监管司（再保险监管司）,EXCLUDE,中,,,保单|保险公司|保险机构,财产保险公司,[meta]…通知      各省、自治区、直辖市和计划单列市地方税务局、保险监管局，西藏、宁夏回族自治区国家税务局，各中资财产保险公司：　　为了做好机动车车船税代收代缴工作，中国保险监督管理委员会下发了《关于修改机动车交通事故责任强制保险保单…,3613,True,False,
nfra,dc04d5b9c3726b9639ad8aee4acc3ead1b796fca7f198b8f31c60057daec82b8,国发〔2007〕22号,关于进一步贯彻落实国务院促进能繁母猪保险和生猪保险发展有关要求的通知,,BOUNDARY,低,,,保险产品|保险公司,,[meta]…份有限公司、中华联合保险控股股份有限公司、安华农业保险股份有限公司、上海安信农业保险股份有限公司、阳光农业相互保险公司：。国务院《关于促进生猪生产发展稳定市场供应的意见》（国发〔2007〕22号）下发后，各地认真贯彻落实国务院要…,2402,True,False,
nfra,406749b7945285cde65f780363ee1d4b0237731cddc1be7a0537b18681815634,银监办发〔2007〕188号,中国银监会办公厅关于调整小企业统计制度的通知,普惠金融部,EXCLUDE,中,,,分支机构,商业银行|银行业|银行业金融机构,[meta]…通知中国银监会办公厅关于调整小企业统计制度的通知  银监办发〔2007〕188号 各银监局，各政策性银行、国有商业银行、股份制商业银行：为进一步贯彻落实小企业授信和贷款风险分类的有关文件精神，加强和规范对小企业授信的管理，现将有…,11784,True,False,
nfra,e37c3e2b3ea01c76cc36bcb567794ce15184f69ac031340c776e5ef3d089b4d0,保监厅发〔2007〕45号,关于开展保险业信息系统安全等级保护定级工作的通知,,BOUNDARY,低,人寿保险,,,,[body]…业内分步分批实施。 保险行业第一批定级单位包括：保监会及各保监局，中国保险行业协会，中国人民保险集团公司、中国人寿保险（集团）公司、中国再保险（集团）公司、中国出口信用保险公司、民生人寿保险股份有限公司、阳光保险控股股份有限公司…,4340,True,True,RFN-88ca7d111533e829;RFN-88ca7d111533e829
nfra,7e82c888a55ce54961df9683328ecec7b5609c516811478a76e61e95d6c1f968,保监发〔2007〕76号,关于加强投资连结保险销售管理有关事项的通知,,INCLUDE,中,人身保险|人身保险公司,,,,[meta]…关于加强投资连结保险销售管理有关事项的通知 保监发〔2007〕76号。各人身保险公司，各保监局：。2007年以来，我国人身保险市场投资连结保险销售增长较快，对人身保险业的发展起到了重要的推动作用…,4776,True,True,RFN-bdcf2e6288ea2d45;RFN-bdcf2e6288ea2d45
nfra,dbdcae9a53de3d6d8c62241460654887f1b6d53860bdbf30a1fa28e9d37f0b24,保监发〔2007〕70号,关于《保险许可证管理办法》实施有关事宜的通知,办公厅,EXCLUDE,中,,,保险公司|保险机构|保险资产管理,保险中介机构|保险公估|保险经纪公司,[meta]…管理办法》实施有关事宜的通知 保监发〔2007〕70号。各保监局，各保险公司、保险资产管理公司、保险代理公司、保险经纪公司、保险公估公司：。我会已于2007年6月22日以保监会令的形式对外发布《保险许可证管理办法》（以下称《办法》）…,2047,True,True,RFN-c741eef01a9f96d2;RFN-c741eef01a9f96d2
nfra,af74feece810ca3250b02cf7af5292b852901b905ce667082fa03336f8f609b3,银监发〔2007〕68号,中国银监会关于印发《银团贷款业务指引》的通知,,EXCLUDE,中,,,,信托公司|商业银行|银行业|银行业金融机构,[meta]…》的通知 中国银监会关于印发《银团贷款业务指引》的通知。银监发〔2007〕68号。各银监局，各政策性银行、国有商业银行、股份制商业银行，邮政储蓄银行，银监会直接监管的信托公司、企业集团财务公司、金融租赁公司：。现将《银团贷款业务…,11841,True,False,
nfra,aa1c2e7f3720f861e1cacb0c462dd3dfd309364ef608316303dee280ecc3733b,银监发〔2007〕67号,中国银监会关于银行业金融机构大力发展农村小额贷款业务的指导意见,,EXCLUDE,中,,,分支机构,商业银行|银行业金融机构,[title]…中国银监会关于银行业金融机构大力发展农村小额贷款业务的指导意见 中国银监会关于银行业金融机构大力发展。农村小额贷款业务的指导意见。银监发〔…,10868,True,False,
nfra,362e1ca1771203dbff4c8886a8922bcdc7c31bd6010ef41b4b807fe6966f5b97,银监办通〔2007〕197号,中国银监会办公厅关于严厉打击涉及公共安全的违禁品网上非法交易的通知,,EXCLUDE,中,,,,信托公司|商业银行|金融资产,[meta]…于严厉打击涉及公共安全的。违禁品网上非法交易的通知。银监办通〔2007〕197号。各银监局，各政策性银行、国有商业银行、股份制商业银行，各金融资产管理公司，各省级农村信用社联社、邮储银行，银监会直接监管的信托公司、财务公司、金融…,1333,True,False,
nfra,955222ab3a781f9eab9a2198c42329a61b170cc2b0a42e178b3491eb5a904107,银监发〔2007〕64号,中国银监会关于银行业金融机构支持生猪生产发展稳定市场供应的指导意见银监发〔2007〕64号,,EXCLUDE,中,,,保险机构,商业银行|银行业金融机构,[title]…中国银监会关于银行业金融机构支持生猪生产发展稳定市场供应的指导意见银监发〔2007〕64号 中国银监会关于银行业金融机构支持生猪生产发展。…,5837,True,False,
nfra,9273517fbc7c7c15cdb1946821a52bc2a2fe273d33b07fbbf033a41d8371faae,中国银行业监督管理委员会令2007年第13号,中国银行业监督管理委员会非银行金融机构行政许可事项实施办法（中国银行业监督管理委员会令2007第13号）,,EXCLUDE,中,,,,银行业,[title]…中国银行业监督管理委员会非银行金融机构行政许可事项实施办法（中国银行业监督管理委员会令2007第13号） 中国银行业监督…,523,True,False,
nfra,739383690e4f4adc804bdd0c847d2d03547c72b7523291cec2fb29cc396a94e8,保监发〔2007〕68号,中国保监会 农业部关于做好生猪保险和防疫工作的通知,,BOUNDARY,低,,,保险产品|保险公司|保险机构,,[body]…（一）要充分发挥保险监管部门的组织协调和市场监管职能。各保监局要做好统一协调和服务工作，要积极协调相关部门和保险公司做好宣传推动工作，使广大农户明确生猪保险是政府支持“三农”的重要举措，明确保险责任和收费标准，赢得养殖户的认可…,3687,True,False,
nfra,e8a9008de4bebbbc0d1b81f7c4c260cf25731a7f944c1bfc4b190a90af527535,保监发〔2007〕66号,关于印发《保险公司资本保证金管理暂行办法》的通知,,EXCLUDE,中,,,保险公司,商业银行|银行业,[body]…公司应遵循“足额、安全、稳定”的原则提存资本保证金。 第二章存放银行 第六条 保险公司可选择一至三家全国性中资商业银行作为资本保证金的存放银行。存放银行应符合以下条件： 1、注册资本不少于40亿元人民币，上年末资本充足率、不良资…,5613,True,True,RFN-c7c500d0edd62248;RFN-c7c500d0edd62248
nfra,ae1560162a739d82a04b8a7b8eef36f2415b441543577ef5ddf8362eeafc07aa,保监发〔2007〕65号,关于建立生猪保险体系促进生猪生产发展的紧急通知,,EXCLUDE,中,,,保险产品|保险公司|保险条款|偿付能力,财产保险公司|银行业,[meta]…关于建立生猪保险体系促进生猪生产发展的紧急通知 保监发〔2007〕65号。各保监局，各财产保险公司、中国再保险集团公司，中国保险行业协会：。为贯彻落实《国务院关于促进生猪生产发展稳定市场供应的意见》要求，积极…,5352,True,False,
nfra,144afc3641951e9fe817876edd3c1dc99549e6468191c801bee3bc071aabfc11,,中国银监会关于制定、修改、废止、不适用部分规章和规范性文件的公告,,EXCLUDE,中,,,分支机构,商业银行|金融资产|银行业,[body]…规章和规范性文件的公告。     中国银监会关于制定、修改、废止、不适用部分 规章和规范性文件的公告 为了推进银行业依法监管工作，遵照国务院关于全面清理法规的要求，根据《中国银行业监督管理委员会法律工作规定》的有关规定，中国银…,19169,True,False,
nfra,436ca2fe8226b97ab51308cdf6838b29a9f157d9d49349c40cb8bff16c0cdf79,,中国银行业监督管理委员会关于修改《金融机构衍生产品交易业务管理暂行办法》的决定（中国银行业监督管理委员会令2007第10号）,,EXCLUDE,中,,,,银行业,[title]…中国银行业监督管理委员会关于修改《金融机构衍生产品交易业务管理暂行办法》的决定（中国银行业监督管理委员会令2007第10…,602,True,False,
nfra,961162af913e85cf88ebf2eb815a00c9282ee11f559269e756df5db4067f40fe,,中国银行业监督管理委员会关于修改《商业银行资本充足率管理办法》的决定（中国银行业监督管理委员会令2007第11号),,EXCLUDE,中,,,,商业银行|银行业,[title]…中国银行业监督管理委员会关于修改《商业银行资本充足率管理办法》的决定（中国银行业监督管理委员会令2007第11号) 中国…,567,True,False,
nfra,80e71c884c8582bf8e8273b7d88d3f48eaa95af46303c7e31aa2b8fefd24679e,,中国银行业监督管理委员会关于修改《商业银行集团客户授信业务风险管理指引》的决定（中国银行业监督管理委员会令2007第12号),,EXCLUDE,中,,,,商业银行|银行业,[title]…中国银行业监督管理委员会关于修改《商业银行集团客户授信业务风险管理指引》的决定（中国银行业监督管理委员会令2007第12…,260,True,False,
nfra,8791c97402d598eeb42cc5e543181dd9f7462e0373d92fea0c261f2f20bc9d75,,中国银行业监督管理委员会关于修改《金融许可证管理办法》的决定（中国银行业监督管理委员会令2007第8号),,EXCLUDE,中,,,,银行业,[title]…中国银行业监督管理委员会关于修改《金融许可证管理办法》的决定（中国银行业监督管理委员会令2007第8号) 中国银行业监督…,525,True,False,
nfra,972f7e75cc88389c2ad4bcd5c5d4182221080610fa8209d8e1b2e1487aaad15f,,商业银行内部控制指引（中国银行业监督管理委员会令2007第6号),大型银行监管司,EXCLUDE,中,,,,商业银行|银行业,[title]…商业银行内部控制指引（中国银行业监督管理委员会令2007第6号) 《商业银行内部控制指引》已经2006年12月8日中国…,284,True,False,
nfra,5df15d83bbf6ed66b92e7e2d29a68c5ad21275dbda8d3049a4f590832fefb2ff,,商业银行信息披露办法（中国银行业监督管理委员会令2007第7号),,EXCLUDE,中,,,,商业银行|银行业,[title]…商业银行信息披露办法（中国银行业监督管理委员会令2007第7号) 商业银行信息披露办法（中国银行业监督管理委员会令20…,377,True,False,
nfra,9ac4e9e0ec88d10d5120db2f3319d458b43d01ffcf4676d1deb40f7a849454fb,,中国银行业监督管理委员会关于修改《中国银行业监督管理委员会行政处罚办法》的决定（中国银行业监督管理委员会令2007第5号),,EXCLUDE,中,,,,银行业,[title]…中国银行业监督管理委员会关于修改《中国银行业监督管理委员会行政处罚办法》的决定（中国银行业监督管理委员会令2007第5号…,580,True,False,
nfra,0dc6dddeb4b7b58cf1e6267c74c6798795b6681720d358e27023d9caf626cd63,,保险资金境外投资管理暂行办法,,EXCLUDE,中,,,保单|保险产品|保险公司|保险机构|保险资产管理|保险资金|偿付能力|分支机构,商业银行,[body]…监会规定条件的专业投资管理机构。 本办法所称托管人，是指在中华人民共和国境内依法设立，符合中国保监会规定条件的商业银行和其他金融机构。担任托管人的商业银行包括中资银行、中外合资银行、外商独资银行和外国银行分行。 第三条 本办法所…,19272,True,True,RFN-5664287c8e0abdf3
nfra,de8988f88a202f0967736ab4ed02313f172c92d45bd0c5d2525a382fb399d2ce,保监财会〔2007〕906号,关于编报交强险2006至2007年业务年度专题财务报告有关问题的通知（已失效）,,EXCLUDE,中,,,保险公司|分支机构,财产保险公司|金融资产,[meta]…报交强险2006至2007年业务年度专题财务报告有关问题的通知（已失效） 保监财会〔2007〕906号。各中资财产保险公司，各保监局：。中国保监会于2007年6月8日发文要求各中资产险公司在2007年8月1日之前上报经审计后的1个完…,1986,True,False,
nfra,41f15cfea3260cd131fdd11dd931c38e8870d04d15594ee5d3e2911face7c5ad,银监发〔2007〕53号,中国银监会关于印发《银行开展小企业授信工作指导意见》的通知银监发[2007]53号,,EXCLUDE,中,,,分支机构,商业银行|银行业|银行业金融机构,[meta]…监会关于印发。《银行开展小企业授信工作指导意见》的通知。银监发[2007]53号。各银监局，各政策性银行、国有商业银行、股份制商业银行：。银监会2005年发布《银行开展小企业贷款业务指导意见》（银监发[2005]54号）以来，银…,8701,True,False,
nfra,aafe546cacb12f76afe2f4394f4b074bf5dab15d5fc4edc0e4952028baf91435,卫医发〔2007〕204号,关于推动医疗责任保险有关问题的通知,,BOUNDARY,低,,,保险公司,,[body]…化医疗责任保险需求。 要指导保险企业推进服务创新， 加强诚信建设， 增强保险为医疗卫生事业服务的意识。 要引导保险公司加强医疗责任保险业务管理和风险管控， 充分利用专业化风险管理手段防范和化解可能出现的风险。  三、 加强沟通合…,3495,True,False,
nfra,8ab07f4bbaf3610c5516cc5a5eb2de53ef672cbf7b049c0c554b108ea6780303,保监产险〔2007〕806号,关于推荐使用机动车交通事故责任强制保险少数民族语言条款的通知,,EXCLUDE,中,,,保单|保险机构,,,1538,True,False,
nfra,4df91e0d8735616dfe0ff333921990bca9e7eb2aa3d7258b80dde0d333464a51,银监办发〔2007〕133号,中国银监会办公厅关于建立银行业衍生产品交易业务联系机制的通知银监办发〔2007〕133号,,EXCLUDE,中,,,,商业银行|银行业|银行业金融机构,[title]…中国银监会办公厅关于建立银行业衍生产品交易业务联系机制的通知银监办发〔2007〕133号 中国银监会办公厅关于建立银行业衍生产品。交易业务联…,3178,True,False,
nfra,5e5b4dce620c6d7dde42603ca34b22510defd7f8566a9fb8c54fadc3a9f7fcba,,中国银监会关于制定、修改、废止、不适用部分规章和规范性文件的公告,法规部,EXCLUDE,中,,,,银行业,[meta]…止、不适用部分规章和规范性文件的公告中国银监会关于制定、修改、废止、不适用部分规章和规范性文件的公告 为了推进银行业依法监管工作，遵照国务院关于全面清理法规的要求，根据《中国银行业监督管理委员会法律工作规定》的有关规定，中国银…,1737,True,False,
nfra,dad5d1feb7e606d478997cf78d1f2755b054eede1b5a73a535532199dfe8bdeb,,保险许可证管理办法,,EXCLUDE,中,,保险兼业代理,保险公司|保险公司分支机构|保险营销|保险资产管理|分支机构,保险公估|保险经纪|保险经纪机构,[body]…； （三）保险资产管理公司及其分支机构； （四）保险代理机构、保险经纪机构、保险公估机构及其分支机构； （五）保险兼业代理机构； （六）中国保监会规定的其他保险类机构。 第五条本办法所称保险许可证包括下列几种类型： （一）保险公司法…,6376,True,True,RFN-a886b72c2e0c765d
nfra,44f1a2006d30dd43504f1ff838c69fb402f6e0866a9cf0f09ab6a2e71e46f1c5,银监办发〔2007〕134号,关于做好网上银行风险管理和服务的通知银监办发[2007]134号,,EXCLUDE,中,,,,商业银行|银行业|银行业金融机构,[meta]…7]134号 关于做好网上银行风险管理和服务的通知。银监办发[2007]134号。各银监局，各政策性银行、国有商业银行、股份制商业银行，邮储银行：。     关于做好网上银行风险管理和服务的通知 银监办发[2007]134 号…,3138,True,False,
nfra,65b127bb758a179c281e38704439ac74436cc8ab9e7d57cce889237cb6f5b482,保监发〔2007〕52号,关于印发《机动车交通事故责任强制保险费率浮动暂行办法》的通知,,EXCLUDE,中,,,保单|保险公司|分支机构,财产保险公司,[meta]…关于印发《机动车交通事故责任强制保险费率浮动暂行办法》的通知 保监发〔2007〕52号。各中资财产保险公司，各保监局，中国保险行业协会：。根据《机动车交通事故责任强制保险条例》第八条的规定，我会会同国务院公安部门经广…,4771,True,False,
nfra,4b49cb6ebb3ac63b8132f8999abfaf8a0fa7d6f5c3739d66408a16df6e922faf,保监发〔2007〕51号,关于印发《人身保险业务档案管理规范》的通知,,INCLUDE,高,人身保险|人身保险公司,,,,[title]…关于印发《人身保险业务档案管理规范》的通知 保监发〔2007〕51号。各人身保险公司：。《人身保险业务档案管理规范》（DA/T3…,1015,True,True,RFN-2e9f64324c1043d0;RFN-2e9f64324c1043d0
nfra,a3e58f97ca93fbcb0efcc54632955706745b5d382a8604574a17048cf443b06f,,金融机构客户身份识别和客户身份资料及交易记录保存管理办法,,EXCLUDE,中,,,,银行业,[meta]…客户身份识别和客户身份资料及交易记录保存管理办法 根据《中华人民共和国反洗钱法》等法律规定，中国人民银行、中国银行业监督管理委员会、中国证券监督管理委员会、中国保险监督管理委员会制定了《金融机构客户身份识别和客户身份资料及交易…,643,True,True,RFN-9049baa41cac759b
nfra,3fb20daa019ce6a875238f7b17fa405fbb1e26dbf2a46bcd9a3187416317185b,保监发〔2007〕48号,关于进一步加强偿付能力管理工作有关问题的通知（已失效）,,BOUNDARY,低,,,保险公司|偿付能力|分支机构,,[title]…关于进一步加强偿付能力管理工作有关问题的通知（已失效） 保监发〔2007〕48号。各产险公司：。偿付能力是保险公司支付所有到期债务和…,1933,True,True,RFN-a6eb9af1df4f666b;RFN-a6eb9af1df4f666b
nfra,cc68a577c808ce80f0709ea934be90bc1d192a021299708d5aa8c8cf0428ed3f,银监发〔2007〕48号,中国银监会关于建立银行业金融机构市场风险管理计量参考基准的通知银监发[2007]48号,,EXCLUDE,中,,,,商业银行|银行业|银行业金融机构,[title]…中国银监会关于建立银行业金融机构市场风险管理计量参考基准的通知银监发[2007]48号 中国银监会关于建立银行业金融机构。市场风险管理计量参考…,2174,True,False,
nfra,576d08d830bc994bab187468f9a7c94f144a1be794c127b24aa32c114179aed2,保监发〔2007〕42号,关于印发《保险资产管理重大突发事件应急管理指引》的通知,,BOUNDARY,低,,,保险公司|保险机构|保险资产管理|保险资金|偿付能力|分支机构,,[title]…关于印发《保险资产管理重大突发事件应急管理指引》的通知 保监发〔2007〕42号。各保险公司、保险资产管理公司：。为加强保险资产管理…,8676,True,True,RFN-d8b9fdbcdea821fd;RFN-d8b9fdbcdea821fd
nfra,a11cfe00e402b4cd6260dbd486a35015571964baff44264c8ed35a0bd67d048a,保监发〔2007〕45号,关于加强机动车交通事故责任强制保险业务核算管理的通知（已失效）,,EXCLUDE,中,,,保险公司,,,2583,True,False,
nfra,f777751100a0ff51ce0555ca393a2ba5f0ca07642946b0177c7c976670e24e95,保监发〔2007〕43号,关于进一步加强大型商业保险及各类投标业务管理的通知,,EXCLUDE,中,,,保险公司|保险公司分支机构|保险条款|分支机构,保险中介机构|再保险公司|财产保险公司,[meta]…关于进一步加强大型商业保险及各类投标业务管理的通知 保监发〔2007〕43号。各保监局，各财产保险公司、再保险公司，中国保险行业协会：。为进一步加大对大型商业保险及各类投标业务的管理力度，有效防范风险，实现大型商…,4806,True,False,
nfra,5a924a6c8ceb4197a855eeedd98a1ada13f50877249e7061f7cbd3c74eb8ea0f,保监发〔2007〕41号,关于修订保险外币统计制度有关内容的通知,,BOUNDARY,低,人寿保险公司|健康险,,,,[body]…内”和“分保赔付支出（统计）－境外”。 2、下列各币种指标增加“再”报送公司属性：“赔付支出”和“应收分保长期健康险责任准备金”。 （三）调整报送频率的指标 1、下列各币种指标取消“年度”报送频率：“签单保费”、“已决赔款”、…,2920,True,True,RFN-2ed7de7b013f5d42;RFN-2ed7de7b013f5d42
nfra,9cf26b5ca4c1569b0f3653111461abe94df5bdf15f7ca237e64be79de1e1ba81,,中国银监会关于印发《商业银行操作风险管理指引》的通知,,EXCLUDE,中,,,,商业银行|金融资产|银行业|银行业金融机构,[title]…中国银监会关于印发《商业银行操作风险管理指引》的通知 中国银监会关于印发《商业银行操作风险管理指引》的通知。各银监局，各政策性银行、国有商…,11555,True,False,
nfra,3fa4ecfcad54cf241d5aa3a64f7e60c4810c4adb80fadb6994a2b242ec872f32,国税发〔2007〕55号,国家税务总局中国保险监督管理委员会关于做好车船税代收代缴工作的通知,财产保险监管司（再保险监管司）,EXCLUDE,中,,,保单|保险公司|保险机构,保险中介机构|财产保险公司,[meta]…2007〕55号各省、自治区、直辖市和计划单列市地方税务局、保险监管局，西藏、宁夏回族自治区国家税务局，各中资财产保险公司：　　《中华人民共和国车船税暂行条例》（以下简称条例）已于2007年1月1日起施行。 财产保险监管司（再保险监…,11444,True,False,
nfra,6ba6340b1971d6776127440ac6f5879cd37bf158f0c6525b5874de5364588da1,保监发〔2006〕60号,关于修改机动车交通事故责任强制保险保单的通知,,EXCLUDE,中,,,保单|保险公司|保险机构,财产保险公司,[meta]…关于修改机动车交通事故责任强制保险保单的通知 保监产险〔2007〕501号。各中资财产保险公司，各保监局：。为了保障机动车交通事故责任保险（以下简称“交强险”）代收代缴机动车车船税有关工作的顺利实施，规范…,3986,True,False,
nfra,624a129c231e49de810b8b9b113745846f3cea5526ba56dd44c7e59e36c29bab,保监发〔2007〕36号,关于印发《财产保险危险单位划分方法指引第12号：核电站运营期》的通知,,EXCLUDE,中,,,保险公司,再保险公司|财产保险公司,[meta]…关于印发《财产保险危险单位划分方法指引第12号：核电站运营期》的通知 保监发〔2007〕36号。各财产保险公司、再保险公司，各保监局：。现将《财产保险危险单位划分方法指引第12号：核电站运营期》印发给你们，请遵照执行。本…,12168,True,False,
nfra,0e100897759146538d177b5885d3cd38246b4f8efefc58117d222414334c8807,,关于换发新版金融许可证的公告,,EXCLUDE,中,,,,银行业,"[meta]…关于换发新版金融许可证的公告 关于换发新版金融许可证的公告。根据银行业监管工作需要，中国银监会对金融许可证进行了改版,从即日起，对所监管的机构换发新版金融许可证。新版金融许可证承载…",442,True,False,
nfra,b9715caddb389c059cae50c5d03266233b8d503269052da94d3b1bbd8ba2c125,保监发〔2006〕19号,关于开展对车险网上销售业务自查的通知,,EXCLUDE,中,,,保单|保险产品|保险公司|保险条款,保险中介机构|财产保险公司,[meta]…关于开展对车险网上销售业务自查的通知 保监产险〔2007〕496号。各财产保险公司、各保监局：。近来，一些网站以“交强险保费优惠”、“车险最低五折”、“投保送现金”、“零佣金续保”等方式，承诺…,1602,True,False,
nfra,89ce305d57ef1bb0b812aadf5ecfbcf75391edd5077bdce27c59dc55cd2e6315,银监办发〔2007〕114号,中国银监会办公厅关于调整商业银行代客境外理财业务境外投资范围的通知 银监办发〔2007〕114号,,EXCLUDE,中,,,,商业银行|银行业金融机构,[title]…中国银监会办公厅关于调整商业银行代客境外理财业务境外投资范围的通知 银监办发〔2007〕114号 中国银监会办公厅关于。调整商业银行代客境外理…,4117,True,False,
nfra,a6289793a95efa44d41c050509a134c4dabebf19e175a4bd6210f08be797c7a0,,教育部 中国保险监督管理委员会 关于加强学校保险教育有关工作的指导意见,,EXCLUDE,—,,,,,,148,False,False,
nfra,cdad4743d8d175296ae240853e5530fd01e002b2c9c895cedd098d287be8eda3,保监发〔2007〕32号,关于规范财产保险公司电话营销专用产品开发和管理的通知,,EXCLUDE,中,,,保单|保险产品|保险公司|保险条款,保险中介机构|财产保险公司,[title]…关于规范财产保险公司电话营销专用产品开发和管理的通知 保监发〔2007〕32号。各财产保险公司、各保监局：。电话营销（以下简称“电…,6183,True,False,
nfra,062662eda974cb38b07726d12a3a7eef0b2da358aaeac2f88e424837abb23d4b,国发〔2006〕23号,关于印发《关于推进保险合同纠纷快速处理机制试点工作的指导意见》的通知,,INCLUDE,中,人身保险,,,,[body]…请仲裁或提起诉讼；三是不涉及保险精算标准及生命表等问题；四是纠纷所涉保险金数额，财产保险不超过人民币20万元、人身保险不超过人民币10万元(各地区可以根据情况确定具体金额)。 七、处理机制的工作程序 被保险人在理赔过程中与参与处…,6451,True,True,RFN-43787614b41f70d6
nfra,2627a8bd0b020d53d0c5e69e7c86eaad35395cd41fda1e2efb6b02c2c2b7d75a,保监发〔2007〕28号,关于加强保险中介机构信息化建设的通知,,EXCLUDE,中,,,分支机构,保险中介机构|保险公估|保险经纪机构,[title]…关于加强保险中介机构信息化建设的通知 保监发〔2007〕28号。各保监局、各保险中介机构：。为了加强保险中介机构的信息化建设，提高…,3099,True,True,RFN-39f8c53608f7b422;RFN-39f8c53608f7b422
nfra,1fa98438ae74d2e48e0e887c84496abcd52b9f0614d0a6a0b96c601198d39458,保监产险〔2007〕402号,关于做好保险业应对全球变暖引发极端天气气候事件有关事项的通知,,EXCLUDE,中,,,保险产品|保险公司,再保险公司|财产保险公司,[meta]…关于做好保险业应对全球变暖引发极端天气气候事件有关事项的通知 保监产险〔2007〕402号。各财产保险公司、再保险公司，各保监局：。为使保险业在构建社会主义和谐社会中发挥更大的作用，根据国务院办公厅《防范和应对全球变…,3071,True,False,
nfra,d39043cd5313cccf4e02a2fb98f0266660fa66261314ac618cfb6fabd19d81d7,保监发〔2007〕30号,关于保险业对不正当交易行为自查自纠工作进行检查评估的通知（已失效）,,EXCLUDE,中,,,保险公司|保险资产管理,保险中介机构,[body]…，向中国保监会治理商业贿赂领导小组上报自查自纠检查评估专题报告；保险公司省、自治区、直辖市、计划单列市分公司和保险中介机构，要根据当地保监局和总公司的要求，及时将自查自纠检查评估情况上报该保监局和总公司。 （三）认真组织核查。各保监…,5141,True,True,RFN-6a0d0d49ed5659f6;RFN-6a0d0d49ed5659f6
nfra,9c15f4684d0c889787d23e1afd56b384d37eae23631d0a669a32e38df3af9bd1,国发〔2006〕23号,关于规范非车险业务有关问题的通知,,EXCLUDE,中,,,保单|保险公司,财产保险公司,[meta]…关于规范非车险业务有关问题的通知 保监产险〔2007〕400号。各保监局，各财产保险公司，中国保险行业协会：。为全面贯彻落实《国务院关于保险业改革发展的若干意见》（国发〔2006〕23号）精神，促进…,2591,True,False,
nfra,85dc70a9bdb92e48ef55f9fb653910f83903b7e5a415ca50e6517c6b37a1f96b,保监发〔2007〕26号,关于印发《保险公司内部审计指引（试行）》的通知,,BOUNDARY,低,,,保险公司|保险资产管理,,[title]…关于印发《保险公司内部审计指引（试行）》的通知 保监发〔2007〕26号。各保险公司、保险资产管理公司，各保监局：。为加强保险监…,8473,True,True,RFN-1f04c96c6acecb1d;RFN-1f04c96c6acecb1d
nfra,cc64a231dcaa83889836b341b55d366dead9500ca11d189f8344c0943a24ed3f,保监发〔2007〕24号,关于印发《保险公司关联交易管理暂行办法》的通知,,BOUNDARY,低,,,保险公司|保险资产管理,,[title]…关于印发《保险公司关联交易管理暂行办法》的通知 保监发〔2007〕24号。各保险公司、保险资产管理公司，各保监局：。为强化保险公…,6262,True,True,RFN-54abcf95adb8d0f7;RFN-54abcf95adb8d0f7
nfra,965168d826ba086b40c5b40f8518a13d08aa2843104b0415d1ee14074a048cc8,保监发〔2007〕23号,关于印发《保险公司风险管理指引（试行）》的通知,,BOUNDARY,低,,,保险公司|保险资产管理|偿付能力|分支机构,,[title]…关于印发《保险公司风险管理指引（试行）》的通知 保监发〔2007〕23号。各保险公司、保险资产管理公司，各保监局：。为强化保险公…,8357,True,True,RFN-61ea7667f4ed5ec2;RFN-61ea7667f4ed5ec2
nfra,8922bcb6d722eb0233f04dc911c4ed6622cf46069085d6589a246339613e5d4b,保监发〔2007〕22号,关于印发《保险公司独立董事管理暂行办法》的通知,,BOUNDARY,低,,,保险公司|保险资产管理,,[title]…关于印发《保险公司独立董事管理暂行办法》的通知 保监发〔2007〕22号。各保险公司、保险资产管理公司，各保监局：。为健全保险公…,8483,True,True,RFN-422d80f361d23f1f;RFN-422d80f361d23f1f
nfra,8f0b6421ff11c2181c98493afec68e2c2ccdb37c012961e1d51ba7a84be0eb9b,保监财会〔2007〕391号,关于印发保险公司偿付能力报告编报规则问题解答（3－6号）的通知,,INCLUDE,中,健康险|寿险,,,商业银行,[body]…答第6号: 最低偿付能力额度的计算口径、银行借款 问：《保险公司偿付能力额度及监管指标管理规定》第五条关于长期寿险业务最低偿付能力额度的规定中，投资连结类业务和其他寿险业务的责任准备金是指分保前的准备金还是分保后的准备金？…,5847,True,True,RFN-20f359b9784a1a2f;RFN-20f359b9784a1a2f
nfra,2e59d095c02985bce647bd68a0ccf65421b5b12cdd969ddddb32bdcfbeaba8a8,银监发〔2007〕27号,信托公司受托境外理财业务管理暂行办法,,EXCLUDE,中,,,,信托公司|商业银行|银行业,[title]…信托公司受托境外理财业务管理暂行办法 中国银行业监督管理委员会、国家外汇管理局关于印发。《信托公司受托境外理财业务管理…,17900,True,False,
nfra,e4bd9db80c6fd18f5f330fdaa1ebd1429f01cb8fcd3b523c57ac4d09ef2508cf,保监发〔2007〕44号,关于股票投资有关问题的通知,,BOUNDARY,低,,,万能保险|保险产品|保险公司|保险机构|保险资产管理|投资连结保险,,[meta]…关于股票投资有关问题的通知 保监发〔2007〕44号。各保险公司、保险资产管理公司：。为进一步加强股票投资管理，改善资产配置，优化资产结构，分散投资风险，根据《保险机构投资者…,2044,True,True,RFN-41f2ecdea2c8e542;RFN-41f2ecdea2c8e542
nfra,c7fa155d7400d7bf026a22c1ec87aac477a49cceebb209c74fd54b7562998f8d,,关于印发投资连结保险万能保险精算规定的通知,,INCLUDE,中,人身保险|健康保险|养老保险公司|寿险,,,,[meta]…关于印发投资连结保险万能保险精算规定的通知 保监寿险〔2007〕335号。各寿险公司、养老保险公司、健康保险公司：。为保护被保险人利益，规范投资连结保险、万能保险…,1236,True,True,RFN-0f42c3fb4db5e6d2
nfra,539faf6afb0379b89f89b268de429156acc758d66b2c44bfdc1217d70ef50fad,,农村信用社不良资产监测和考核办法,,EXCLUDE,中,,,,银行业|银行业金融机构,[meta]…为加强农村信用社持续、审慎、有效监管，促进农村信用社完善内控制度，提高资产质量，防范风险，根据《中华人民共和国银行业监督管理法》和有关法律、行政法规，结合农村信用社监管实际，制定本办法。第二条 本办法适用于中国银行业监督管理委…,8330,True,False,
nfra,9838cc6b3d598c1d5f748d86d8937ae72eb2714f33ba001ea1966b86bcc4099f,保监厅发〔2007〕11号,关于做好《拖拉机交强险手册》印制和赠送工作的通知,,EXCLUDE,中,,,保单|保险公司|分支机构,财产保险公司,[meta]…关于做好《拖拉机交强险手册》印制和赠送工作的通知 保监厅发〔2007〕11号。各保监局，各中资财产保险公司：。近日，我会公布了《拖拉机交强险费率方案》。为更好地服务“三农”，促进社会主义新农村建设，推动拖拉机交强险有…,2287,True,False,
nfra,6a96a349fbbeed6e901d422249ca98597523a4f4d4235afcdbc225d1caa5714c,保监厅发〔2007〕8号,关于加强保险业信息化工作重大事项管理的通知,,BOUNDARY,低,,,保险公司|保险资产管理,,[meta]…关于加强保险业信息化工作重大事项管理的通知 保监厅发〔2007〕8号。各保险集团（控股）公司、保险公司、保险资产管理公司：。为贯彻落实《中国保险业发展“十一五”规划信息化重点专项规划》，防范化解信息技术风险，进一…,1936,True,True,RFN-e4a6af87b87531a5;RFN-e4a6af87b87531a5
nfra,0329531c340a0eada720316af37f3026a9786df5ed28cd1a466bfe5f6f1a0436,,中国银监会关于印发《中国银行业实施新资本协议指导意见》的通知,,EXCLUDE,中,,,,商业银行|银行业,[title]…中国银监会关于印发《中国银行业实施新资本协议指导意见》的通知 中国银监会关于印发《中国银行业。实施新资本协议指导意见》的通知。各银监局，各政…,12244,True,False,
nfra,6f38b8df531dc928dbbb9f655b3625f40b3cee527b2355f28b162e03fc9a5c38,,中国银监会办公厅关于加强银行卡发卡业务风险管理的通知,,EXCLUDE,中,,,,商业银行|银行业,[meta]…关于加强银行卡发卡业务风险管理的通知 中国银监会办公厅关于加强。银行卡发卡业务风险管理的通知。各银监局，各国有商业银行、股份制商业银行，中国邮政储蓄银行：。最近，因虚假申领银行卡进行商户POS套现行为引发的欺诈风险事件频繁发生，…,3491,True,False,
nfra,c85f66f5461fcd057bda4a1a635166592b34c25080cbac6f3c3b08ebad5276e8,,关于实施《信托公司管理办法》和《信托公司集合资金信托计划管理办法》有关具体事项的通知,,EXCLUDE,中,,,,信托公司,[title]…关于实施《信托公司管理办法》和《信托公司集合资金信托计划管理办法》有关具体事项的通知 中国银监会关于实施《信托公司管理办法》和《…,7001,True,False,
nfra,c4973a71bc293809f3f64b024cf70afb231093821b39dd7b51d7ffda8e4c8656,,关于印发《申请设立企业集团财务公司操作规程》的通知,,EXCLUDE,中,,,分支机构,商业银行|银行业,[meta]…关于印发《申请设立企业集团财务公司操作规程》的通知 中国银行业监督管理委员会。关于印发《申请设立企业集团财务公司操作规程》的通知。各银监局：。现将修改后的《申请设立企业集团…,17439,True,False,
nfra,06405bdd22baf8d5939c843febea8c2d75c598b7c1cd88f9a97d5d5ab6d482eb,,关于印发《信托公司治理指引》的通知,,EXCLUDE,中,,,,信托公司|银行业,[title]…关于印发《信托公司治理指引》的通知 中国银行业监督管理委员会。关于印发《信托公司治理指引》的通知。各银监局，银监会直接监管的信托…,11113,True,False,
nfra,2a47cee8ae952a335f47178e44b3914368e4395d53f6107ead99294aa429b2fc,保监发〔2007〕15号,关于保险公司偿付能力报告编报工作有关问题的通知,,INCLUDE,中,人寿保险公司|健康险公司|寿险,,,,[meta]…5号。各保险公司：。由于2007年1月1日起全行业施行新会计准则，以及2007年将陆续实施《动态偿付能力测试（人寿保险公司）》、《投资资产》、《子公司、合营企业和联营企业》、《年度报告的内容与格式》、《季度报告》等5项偿付能力报告编…,4466,True,True,RFN-cea7ce522c5ff728;RFN-cea7ce522c5ff728
nfra,c157c9085cf6da45fcf75872605b5908c21eb59f60c2ae0e9ea92fd07857a2d6,保监发〔2007〕11号,关于贯彻落实《反洗钱法》防范保险业洗钱风险的通知,,BOUNDARY,低,,,保险公司|保险资产管理|分支机构,,[meta]…关于贯彻落实《反洗钱法》防范保险业洗钱风险的通知 保监发[2007]11号。各保险公司、保险资产管理公司、保险公司筹备组：。《反洗钱法》已于 2007年1月1日施行。为贯彻落实《反洗钱法》，防止洗…,3568,True,True,RFN-b47c7bcfe15fd611;RFN-b47c7bcfe15fd611
nfra,90bdba1ad04e99155daa68ae59e6b2d3d0baa180f317365608977ac3d08f1879,保监发〔2007〕12号,关于拖拉机交强险费率方案执行工作有关事项的通知（已失效）,,EXCLUDE,中,,,保险公司|保险条款|分支机构,财产保险公司,[meta]…关于拖拉机交强险费率方案执行工作有关事项的通知（已失效） 保监发〔2007〕12号。各中资财产保险公司、中国保险行业协会：。为了配合中国保险行业协会《拖拉机交强险费率方案》的顺利实施，现就有关事项通知如下：。一、…,1299,True,False,
nfra,7f0c61ab7cf959a8230fab9226c1a00cf3c7fea888cd72969b47a2bb6aec8c0e,保监财会〔2006〕701号,关于年度报告编报工作有关问题的通知,,EXCLUDE,中,,,保险公司|保险机构|保险资产管理|偿付能力|分红保险,再保险公司|财产保险公司,[body]…报没有差异，继续执行《关于做好2005年年度报告编报工作的通知》（保监发〔2006〕4号）的有关要求。 （二）财产保险公司和再保险公司在编制2006年年度财务报告时，应当按照《保险公司非寿险业务准备金管理办法（试行）》（保监会令〔2…,4103,True,False,
nfra,b515838d7c7c26985f91fac1c173d950e9f70a6e10785aa20d6c0253817c882d,银监办发〔2007〕51号,农村资金互助社示范章程,,BOUNDARY,低,,,分支机构,银行业|银行业金融机构,[body]…济组织的农民和农村小企业自愿入股组成，为社员提供存款、贷款、结算等业务的社区互助性银行业金融机构） 本社不设立分支机构。 第四条 本社实行社员民主管理，以服务社员为宗旨，谋求社员共同利益。 第五条 本社依据《农村资金互助社管理暂…,13960,True,False,
nfra,4471db584c4c60aa7d9b3511a010bf90979df905c5a37039dfb82e8190028cdf,,关于印发《保险机构债券投资信用评级指引（试行）》的通知,,EXCLUDE,中,,,保险公司|保险机构|保险资产管理|偿付能力,商业银行|银行业,[body]…确反映发债主体的财务状况。 第二十七条 发债主体为一般工商企业的，应当重点考察其经营风险和财务风险。发债主体为商业银行的，应当重点考察影响其信用的外部环境、运营因素、内部管理风险和财务实力等。（一般工商企业和商业银行主要评估方法…,13797,True,True,RFN-982b10b931bbf439
nfra,95e23e43101946411a3c80e108420c1dcfd7b8cdc0365cabba108876a299f8fc,中国人民银行令〔2002〕第7号,信托公司集合资金信托计划管理办法,,EXCLUDE,中,,,,信托公司|商业银行|金融资产|银行业,[title]…信托公司集合资金信托计划管理办法 中国银行业监督管理委员会令（2007年第3号）。《信托公司集合资金信托计划管理办法》…,14003,True,False,
nfra,573f870fab862fa9ccdfdc5aca6bb559835049623569356248426fa8464fba9a,中国人民银行令〔2002〕第5号,信托公司管理办法,,EXCLUDE,中,,,分支机构,信托公司|商业银行|基金管理公司|银行业,[title]…信托公司管理办法 中国银行业监督管理委员会令（2007年第2号）。《信托公司管理办法》于2006年12月28日经会第5…,14210,True,False,
nfra,9a9b5fac237dc75a6d6b1528827ed34fe04ec5310738ce7c6e9aa1a637485368,,金融租赁公司管理办法,,EXCLUDE,中,,,分支机构,商业银行|银行业,[meta]…金融租赁公司管理办法 中国银行业监督管理委员会令（2007年第1号）。《金融租赁公司管理办法》于2006年12月28日经会第55次主席会议通过…,11511,True,False,
nfra,3cf289c9759b75e377906634c51f07abd94b2ac8d2f46c56186ac05a5f087b15,财金〔2005〕49号,支持国家重大科技项目政策性金融政策实施细则,,EXCLUDE,中,,,,商业银行|银行业,[meta]…支持国家重大科技项目政策性金融政策实施细则 中国银行业监督管理委员会关于印发《支持国家重大科技项目政策性金融政策实施细则》的通知。银监发〔2006〕95号。各银监局…,5395,True,False,
nfra,bb1ee7c6a1f15e3c0f1665201f572fd9e0f2c92426757634f4654bfdaa7d0f26,财金〔2005〕49号,关于商业银行改善和加强对高新技术企业金融服务的指导意见,,EXCLUDE,中,,,保单,信托公司|商业银行|金融资产|银行业|银行业金融机构,[title]…关于商业银行改善和加强对高新技术企业金融服务的指导意见 中国银行业监督管理委员会关于商业银行改善和加强对高新技术企业金融服…,6055,True,False,
nfra,f4d5f648be0342e75f9a6ea8e337c745a604ce3c72aacc4bfa56af62cd6518de,银监发〔2007〕10号,农村资金互助社组建审批工作指引,,EXCLUDE,中,,,,银行业|银行业金融机构,[meta]…农村资金互助社组建审批工作指引 中国银行业监督管理委员会。关于印发《农村资金互助社组建审批工作指引》的通知。银监发〔2007〕10号。各银监局：。为做好…,11765,True,False,
nfra,76e5baae7198afd488ff2a3018cbc2729f343514b458b3124dc4b4481fda4c8c,银监发〔2007〕9号,贷款公司组建审批工作指引,,EXCLUDE,中,,,,商业银行|银行业|银行业金融机构,[meta]…贷款公司组建审批工作指引 中国银行业监督管理委员会。关于印发《贷款公司组建审批工作指引》的通知。银监发〔2007〕9号。各银监局：。     中国…,8290,True,False,
nfra,642f2d1eaa2febfd9df8b846000747aef3d139c92cc83690638e2371883afbe3,银监发〔2007〕8号,村镇银行组建审批工作指引,,EXCLUDE,中,,,分支机构,商业银行|银行业|银行业金融机构,[meta]…村镇银行组建审批工作指引 中国银行业监督管理委员会。关于印发《村镇银行组建审批工作指引》的通知。银监发〔2007〕8号。各银监局：。     中国…,12296,True,False,
nfra,a744017d196a90c9bf2ac5e134351bee32f25c1c3a0a18368ad92b66d4ccf630,银监发〔2007〕7号,农村资金互助社管理暂行规定,,BOUNDARY,低,,,分支机构,银行业|银行业金融机构,[body]…理机构颁发金融许可证，并按工商行政管理部门规定办理注册登记，领取营业执照。 第十六条  农村资金互助社不得设立分支机构。 1. 社员和股权管理 第十七条  农村资金互助社社员是指符合本规定要求的入股条件，承认并遵守章程，向农村资…,14440,True,False,
nfra,f34a79aa00a93720e8b2b458c450360304ff1337483bf419cfeb0609154e5ce3,银监发〔2007〕6号,贷款公司管理暂行规定,,EXCLUDE,中,,,,商业银行|银行业|银行业金融机构,[meta]…贷款公司管理暂行规定 中国银行业监督管理委员会。关于印发《贷款公司管理暂行规定》的通知。银监发〔2007〕6号。各银监局，各国有商业银行、股份…,9117,True,False,
nfra,7eebd23b5ce8e860e166be7b3a5534e9bcd2fba83415f416c2dddec362e4ad93,银监发〔2007〕5号,村镇银行管理暂行规定,,EXCLUDE,中,,,保险公司|分支机构,商业银行|证券公司|金融资产|银行业|银行业金融机构,[meta]…村镇银行管理暂行规定 中国银行业监督管理委员会。关于印发《村镇银行管理暂行规定》的通知。银监发〔2007〕5号。各银监局，各政策性银行、国有商…,14599,True,False,
nfra,8b09ca436ef5538178c73f34b44e6bf45716e3074795d45fe1d46324cc6e8b59,保监发〔2004〕154号,关于印发偿付能力报告编报规则实务指南的通知,法规司,BOUNDARY,低,,,保险公司|偿付能力,,[title]…关于印发偿付能力报告编报规则实务指南的通知 保监发〔2004〕154号。各保险公司：。为有助于保险公司贯彻执行偿付能力报告编报…,705,True,True,RFN-9e05d39470849861;RFN-9e05d39470849861
nfra,12e997550092e5a6668b53df7c1bedfbd4d476973bb2353a21dc9621837c7009,保监发〔2004〕153号,关于印发偿付能力报告编报规则的通知,,BOUNDARY,低,,,保险公司|偿付能力,,[title]…关于印发偿付能力报告编报规则的通知 保监发〔2004〕153号。各保险公司：。为加强偿付能力监管，科学评估保险公司的偿付能力，…,619,True,True,RFN-548f7e693ca95808;RFN-548f7e693ca95808
nfra,ae26bc96a2cbe1b83c436c9f26588c048826e6ebf5299f5d320b36fa204528e8,中国银行业监督管理委员会令2006年第7号,关于修改《中国银行业监督管理委员会中资商业银行行政许可事项实施办法》的决定（中国银行业监督管理委员会令2006年第7号）,,EXCLUDE,中,,,,商业银行|银行业,[title]…关于修改《中国银行业监督管理委员会中资商业银行行政许可事项实施办法》的决定（中国银行业监督管理委员会令2006年第7号） 关于修改…,1075,True,False,
nfra,101669264964a83eb894c99eec8ebf2cf91ec528ae9e4cb529ba2b3af4035287,保监发〔2006〕130号,关于印发保险外币统计制度的通知,,BOUNDARY,低,,,保险公司|保险资产管理,,[meta]…关于印发保险外币统计制度的通知 保监发〔2006〕130号。各保险公司、保险资产管理公司：。为全面掌握保险业外币资产负债及外币业务情况，我会制定了保险外币统计制度。现印发给你们，并…,1695,True,True,RFN-d4e2caad90cfed0b;RFN-d4e2caad90cfed0b
nfra,1e83d38ee6f26ec72f7e144a7d464345d6736235690dbd081efe9d5f8a7236d4,银监发〔2006〕89号,关于进一步加强商业银行市场风险管理工作的通知,,EXCLUDE,中,,,分支机构,商业银行|银行业|银行业金融机构,[title]…关于进一步加强商业银行市场风险管理工作的通知 中国银行业监督管理委员会 关于进一步加强商业银行市场风险管理工作的通知 银监发[200…,2902,True,False,
nfra,fc9f7001f5141f86a71b469a02b1c660e69059ab0a0b3522971ca786e7708bc2,保监发〔2006〕127号,关于印发修订后的保险统计制度的通知,,BOUNDARY,低,,,保险公司|保险资产管理,,[meta]…关于印发修订后的保险统计制度的通知 保监发〔2006〕127号。各保监局，各保险公司、保险资产管理公司、保险公司筹备组、保险资产管理公司筹备组：。根据财政部修订的企业会计准则，我会对现行保险统计…,2182,True,True,RFN-09c4307bd21bd273;RFN-09c4307bd21bd273
nfra,25ae60d9eef61739294996582d35f5d7b559bd6bd72c6a0d5f9790198efe205a,保监发〔2006〕124号,关于印发第三批财产保险危险单位划分方法指引的通知,,EXCLUDE,中,,,保险公司,再保险公司|财产保险公司,[meta]…关于印发第三批财产保险危险单位划分方法指引的通知 保监发〔2006〕124号。各财产保险公司、再保险公司，各保监局：。现将《财产保险危险单位划分方法指引第8号：石化企业》、《财产保险危险单位划分方法指引…,627,True,False,
nfra,aa5c80080c4113c72102863c9039333b606bc4de5d5f10aad679afff71db8ae2,,关于加强和改善对高新技术企业保险服务有关问题的通知（已废止）,,EXCLUDE,—,,,,,,37,False,False,
nfra,738a87343b426dd8c06cddb55508da39c8cb9cd6b07e754b5418e5b5f6fbc271,保监统信〔2006〕1457号,关于印发《养老保险公司企业年金业务统计制度（试行）》的通知,,INCLUDE,高,人寿保险|健康险|养老保险|养老保险公司,,,,[title]…关于印发《养老保险公司企业年金业务统计制度（试行）》的通知 保监统信〔2006〕1457号。中国人寿保险（集团）公司、中国人寿保险股…,1880,True,True,RFN-c344b55959d562f8;RFN-c344b55959d562f8
nfra,e7bac241f4d11727beb417ca3c51817b05ceec932654e9f4c150f710dfc5e96d,保监发〔2006〕126号,关于印发《保险外币统计币种及折算汇率管理办法》的通知,,BOUNDARY,低,,,保险公司|保险机构|保险资产管理,,[meta]…关于印发《保险外币统计币种及折算汇率管理办法》的通知 保监发〔2006〕126号。各保监局、保险公司、保险资产管理公司：。为了加强保险机构外币业务的统计管理，提高外币业务统计信息的质量和可比性，我会制定了《保险…,2160,True,True,RFN-97581ae487f77a94;RFN-97581ae487f77a94
nfra,c98c608052a592dacaff128e6a62f4ab967503e122a035f00365cf03d47beef1,保监发〔2006〕125号,关于印发《中国保险业发展“十一五”规划信息化重点专项规划》的通知,,BOUNDARY,低,,,保险产品|保险公司|保险机构|保险资产管理|偿付能力,银行业,[meta]…”规划信息化重点专项规划》的通知 保监发〔2006〕125号。各保监局、机关各部门、各保险集团（控股）公司、各保险公司、各保险资产管理公司：。现将《中国保险业发展“十一五”规划信息化重点专项规划》印发给你们，请遵照执行。二○○六…,16247,True,True,RFN-3271031a208f2244;RFN-3271031a208f2244
nfra,a398906a51be22abe71b67ba6aa02e2daa64d0f908270bf1e40b08462dd2fe5f,保监财会〔2006〕1294号,关于规范保险保障基金缴纳工作有关问题的通知,,BOUNDARY,低,,,保单|保险公司,,[meta]…关于规范保险保障基金缴纳工作有关问题的通知 保监财会〔2006〕1294号。各保险公司：。为规范保险保障基金的缴纳工作，维护公平、合理的缴纳秩序，切实保护保单持有人利益，根据《中华人民共和国保险法…,3393,True,True,RFN-64186f9a7f53563d;RFN-64186f9a7f53563d
nfra,95e80d1c803b23c78a0d6f67d0e21e6cdb5310af1847291993f2b7480d0c225c,中华人民共和国国务院令第478号,关于调整放宽农村地区银行业金融机构准入政策　更好支持社会主义新农村建设的若干意见,,EXCLUDE,中,,,分支机构,商业银行|金融资产|银行业|银行业金融机构,[title]…关于调整放宽农村地区银行业金融机构准入政策　更好支持社会主义新农村建设的若干意见 摘要     中国银行业监督管理委员会关于调整放宽农村地区银行…,9651,True,False,
nfra,2f8103b1c6a61648031cbe397e6f7f10682d38a6edb866942d72757c8f41db3e,保监统信〔2006〕1334号,关于开展新会计准则下保险统计制度转换和对接系统切换工作的通知,,BOUNDARY,低,,,保险公司|保险资产管理,,[meta]…关于开展新会计准则下保险统计制度转换和对接系统切换工作的通知 保监统信〔2006〕1334号。各保险公司、保险资产管理公司、保险公司筹备组、保险资产管理公司筹备组：。为实现新会计准则下保险公司、保险资产管理公司统计…,2798,True,True,RFN-fdade8975058b7df;RFN-fdade8975058b7df
nfra,da0309869d130ae85f0272194d5a017a4f93351a5185f6537f18d66c29add9fd,保监发〔2006〕121号,关于发布《保险术语》行业标准的通知（已失效）,,EXCLUDE,中,,,保险公司|保险资产管理,保险中介机构,[meta]…关于发布《保险术语》行业标准的通知（已失效） 保监发〔2006〕121号。各保险公司、保险资产管理公司、保险中介机构，各保监局、保监会机关各部门，国有保险公司监事会，全国金融标准化技术委员会保险分技术委员会，中国保险行业协会，…,659,True,True,RFN-3595eb2dd4cfdfde;RFN-3595eb2dd4cfdfde
nfra,0594a0f880968b1a44128157a26bebe738d6a6eb0f453e5e0b7177fc772ecf9a,保监发〔2006〕52号,关于认真执行财产保险危险单位划分方法指引与纯风险损失率表有关事项的通知,,EXCLUDE,中,,,保险公司|保险机构|保险条款|分支机构,再保险公司|财产保险公司,[meta]…真执行财产保险危险单位划分方法指引与纯风险损失率表有关事项的通知 保监产险〔2006〕1317号。各保监局，各财产保险公司、再保险公司：。     保监产险〔2006〕1317号 各保监局，各财产保险公司、再保险公司： 为规范大型商…,2636,True,False,
nfra,97f6fc67edab8d40282bf45e7ea2b2b0f7125a7c96641769161b84ec60fa9655,保监发〔2006〕116号,关于加强外资保险公司与关联企业从事再保险交易信息披露工作的通知,,EXCLUDE,中,健康险|寿险,,,,,3316,True,False,
nfra,d08835095c2f3f3c71ad1391094f81df9f686eac73eee6c5309c65ff10ea52ea,,商业银行金融创新指引,,EXCLUDE,中,,,,商业银行|金融资产|银行业,[title]…商业银行金融创新指引 摘要     商业银行金融创新指引 第一章  总  则 第一条   为鼓励商业银行加快金融创新，…,8929,True,False,
nfra,a6e4ec2ccb46f06caff9c576da023fc56f4d58d3e2da628957a054a4b74261e5,银监发〔2006〕82号,中国银行业监督管理委员会关于《中华人民共和国外资银行管理条例实施细则》公布后有关问题的公告,,EXCLUDE,中,,,,商业银行|银行业,[title]…中国银行业监督管理委员会关于《中华人民共和国外资银行管理条例实施细则》公布后有关问题的公告 摘要     中国银行业监督…,3833,True,False,
nfra,43ed20d70178b4143133e7226a9eec69ef6f27f4b4762c49d00a0362d35ae6ca,,中华人民共和国外资银行管理条例实施细则,,EXCLUDE,中,,,分支机构,商业银行|银行业|银行业金融机构,[body]…中华人民共和国外资银行管理条例实施细则 摘要     中国银行业监督管理委员会主席令（2006年第6号） 《中华人民共和国外资银行管理条例实施细则》已经2006年11月17日…,48270,True,False,
nfra,d1256cf3026a22835869b62745168c9743bc3c0a90fe3f431c55e7866ef5ed1d,保监厅发〔2006〕94号,关于明确统计口径有关事项的通知,,BOUNDARY,低,,,保险公司,,[meta]…关于明确统计口径有关事项的通知 保监厅发〔2006〕94号。各保险公司：。为规范保险公司统计信息的报送标准，提高数据的一致性和可比性，我会进一步明确了统计数据的统计期间，并根据有关…,865,True,True,RFN-30de77a90a992c25;RFN-30de77a90a992c25
nfra,4a1d56f66b024048f37d9545613a7bb538726fe5656ef22c457117d773523eb8,保监发〔2006〕60号,关于加强对2008年度机动车交通事故责任强制保险标志管理工作有关事项的通知（已失效）,,EXCLUDE,中,,,保单|保险公司,,,1611,True,False,
nfra,e84a13923ef592a1987771613e01f08247eccad2f028fb0b9490647a08add183,国发〔2006〕23号,关于保险业新会计准则培训有关事项的通知（已失效）,,BOUNDARY,低,,,保险公司|保险公司分支机构|保险资产管理|分支机构,,[meta]…关于保险业新会计准则培训有关事项的通知（已失效） 保监财会〔2006〕1142号。各保监局，各保险公司、保险资产管理公司：。根据《关于保险业实施新会计准则有关事项的通知》（保监发〔2006〕96号）的要求，全行业…,4277,True,True,RFN-9d59496ff1f52318
nfra,1b25a5d938fcb9ca6250eb0844f5ff63eeceb64ed657a14d37b3ac01e5ca8299,,关于加强保险资金风险管理的意见,,EXCLUDE,中,,,保险产品|保险公司|保险机构|保险资产管理|保险资金,商业银行,[body]…运用、全程监控的资金归集管理制度，切实履行资产的战略配置、投资监控和绩效评估等职责。要按照国家有关规定，与有关商业银行签定托管协议，明确双方职责，委托银行办理托管资产存管、清算交割、资产估值、投资监督等事务，稳步实施保险资产的第…,8661,True,True,RFN-970309c80fd69a0f
nfra,2748e78053bcf3df120a277c7a1a9783588192e02892f460d52d9396ac0c759c,,银行业金融机构信息系统风险管理指引,,EXCLUDE,中,,,,商业银行|金融资产|银行业|银行业金融机构,[title]…银行业金融机构信息系统风险管理指引 摘要     银行业金融机构信息系统风险管理指引 第一章  总 则 第一条  为有效防范…,14336,True,False,
nfra,889adb40b3fb9720629c93670138d2f114e660de4e4b1b9d42b01a4221fd20f4,国发〔2006〕23号,关于印发《关于促进人身保险产品创新工作的指导意见》的通知,,INCLUDE,高,人身保险|人身保险公司|健康保险|养老保险,,,,[title]…关于印发《关于促进人身保险产品创新工作的指导意见》的通知 保监发〔2006〕110号。各保监局，各人身保险公司，中国保险行业协会：。为积…,4742,True,True,RFN-38b8fc384bf24f02
nfra,b02c83a7ea00a76901da7b1bbd4a02d3f8e057b1c29a1450b8468788333a21a3,,商业银行合规风险管理指引,,EXCLUDE,中,,,分支机构,商业银行|金融资产|银行业,[title]…商业银行合规风险管理指引 摘要     商业银行合规风险管理指引 第一章 总  则 第一条  为加强商业银行合规风险管…,8817,True,False,
nfra,4ab0d1ae271774b1f1bddea9f4c0eecdda3d9ed13d0de315c1efd6ac29e21504,保监发〔2006〕107号,关于进一步加强机动车交通事故责任强制保险及商业机动车保险管理工作的通知,,EXCLUDE,中,,,保单|保险公司|保险条款|分支机构,保险中介机构|财产保险公司,[meta]…机动车交通事故责任强制保险及商业机动车保险管理工作的通知 保监发〔2006〕107号。各保监局，各产险公司，各保险中介机构，中国保险行业协会：。《机动车交通事故责任强制保险条例》（以下简称《条例》）施行以来，机动车交通事故责任强制保…,3727,True,False,
nfra,6a1c76312a7871e85764044ce537c57d7cdfb602a18197283c112ed31cdc16d8,保监发〔2006〕105号,关于促进农村人身保险健康规范发展的通知（已废止）,,INCLUDE,高,人身保险,保险营销员,,保险中介机构,[title]…关于促进农村人身保险健康规范发展的通知（已废止） 保监发〔2006〕105号。各保监局，各保险公司：。为有效促进农村人身保险市场健…,1669,True,True,RFN-e66b61bef8b5b765;RFN-e66b61bef8b5b765
nfra,91da0356d6badfdba260dce7a5220b9d0af7c9ccc81fb38e9eeb1ce313c4f890,保监发〔2006〕98号,关于保险机构投资商业银行股权的通知（已废止）,,EXCLUDE,中,,,万能保险|保险产品|保险公司|保险机构|保险资产管理|保险资金|偿付能力|投资连结保险,商业银行|银行业,[title]…关于保险机构投资商业银行股权的通知（已废止） 保监发[2006]98号。各保险公司、保险资产管理公司：。为进一步拓宽保险资金投资渠道，…,9199,True,True,RFN-b113c8287c005c98;RFN-b113c8287c005c98
nfra,cfc0cee1d0be5618bdd766a4296d819d711fde0bf45e122a0e46d717382c05f0,保监发〔2006〕97号,关于印发《中国保险业发展“十一五”规划纲要》的通知,,INCLUDE,中,人身保险|健康保险|养老保险|养老保险公司|寿险,保险营销员,,保险中介机构|公估机构|再保险公司|商业银行|基金管理公司|财产险|银行业,[body]…管理公司5家，专业保险中介机构达1800家，兼业代理机构达12万家，保险营销员达152万人。一批农业保险公司、养老保险公司、健康保险公司、汽车保险公司、相互制保险公司和保险资产管理公司相继设立，专业性保险机构从无到有，再保险市场主体…,31773,True,True,RFN-b09313ce7d503d34;RFN-b09313ce7d503d34
nfra,2ecde9d452137b839b0a200683ae290f8cc0f5f326ded635631c363c3aea4b81,,商业银行小企业授信工作尽职指引（试行）,,EXCLUDE,中,,,分支机构,商业银行|银行业|银行业金融机构,[title]…商业银行小企业授信工作尽职指引（试行） 摘要     商业银行小企业授信工作尽职指引（试行） 第一章  总  则 第一…,14068,True,False,
nfra,4b98bc3a9f77fd4f9b4d036558958fba6764f9589322debedaa778b782e0e6de,保监发〔2006〕99号,关于印发第二批财产保险危险单位划分方法指引的通知,财产保险监管司（再保险监管司）,EXCLUDE,中,,,保单|保险公司,再保险公司|财产保险公司|财产险,[meta]…关于印发第二批财产保险危险单位划分方法指引的通知 保监发〔2006〕99号保监发〔2006〕99号各财产保险公司、再保险公司，各保监局：　　现将《财产保险危险单位划分方法指引第6号：地铁隧道工程》、《财产保险危险单位划分方…,12695,True,False,
nfra,ee1a4a782686118de213930b6dc80177d59c754ae13a1584c07c60e0aa456b4e,保监发〔2006〕96号,关于保险业实施新会计准则有关事项的通知,,INCLUDE,中,人寿保险,,,,[body]…学 保监会财务会计部副主任 裴光 保监会统计信息部副主任 高艳 保监会资金运用监管部副主任 成员：庄作瑾 中国人寿保险（集团）公司副总裁 王银成 中国人民财产保险股份有限公司副总裁 沈喜忠 中国再保险（集团）公司副总经理 汤大生…,3844,True,True,RFN-7d135291f3b77fcd;RFN-7d135291f3b77fcd
nfra,5f44203b127c99a7f01d93ee76e1250f40bf25f81c2a583b138403df2eec5cfa,保监发〔2006〕95号,关于《健康保险管理办法》实施中有关问题的通知,,INCLUDE,高,健康保险,,,,[title]…关于《健康保险管理办法》实施中有关问题的通知 保监发〔2006〕95号。各保监局，各保险公司：。为了促进健康保险稳定、持续、…,2383,True,True,RFN-8ed8cef777049089;RFN-8ed8cef777049089
nfra,3bffb887560b2b5522a58524203d6752d76242cd5fe6404b7d018c557e6e46a6,保监发〔2006〕93号,关于《保险公司董事和高级管理人员任职资格管理规定》具体适用问题的通知（已失效）,,BOUNDARY,低,,,保险公司|保险机构,,[title]…关于《保险公司董事和高级管理人员任职资格管理规定》具体适用问题的通知（已失效） 保监发〔2006〕93号。各保险公司、各保监…,2617,True,True,RFN-68b73ae547042524;RFN-68b73ae547042524
nfra,4e39e5f3f822d7f2d875cdbb8ec2d50d0f3e962a94305dc5594c738a87a1c99a,保监发〔2006〕90号,关于印发《保险公司费用分摊指引》的通知,,BOUNDARY,低,养老保险,,,,[body]…人力成本，是指职工薪酬及其相关的支出，如：职工工资、职工福利费、职工教育费、住房公积金、社会统筹保险费、补充养老保险费等。 资产占用费，是指由于资产占用而发生或应当承担的费用，如：固定资产折旧和租赁费、电子设备运转费、无形资产…,10875,True,True,RFN-1d3a8b84d5f6008b;RFN-1d3a8b84d5f6008b
nfra,99e6494f354caad2d9cca70e8cfc0a6b6a06ce361747fe62873960da9c13dae1,保监发〔2006〕86号,关于加强机动车交通事故责任强制保险中介业务管理的通知,,EXCLUDE,中,,保险兼业代理,保单|保险产品|保险公司|保险消费者,保险中介机构,[body]…展和社会的和谐稳定。交强险制度有利于充分发挥保险的保障功能，是保险业发展的重要历史机遇。包括保险专业中介机构和保险兼业代理机构在内的保险中介机构是联系保险公司和广大投保人的桥梁和纽带，在交强险销售、承保、理赔等环节中发挥重要作用。各…,3213,True,False,
nfra,496f5499e8b29d68e61ddeb620ca87ba69cf709aa4a7f6b1b10947b062d6866a,国办发〔2006〕37号,关于进一步加强房地产信贷管理的通知,,EXCLUDE,中,,,,商业银行|金融资产|银行业|银行业金融机构,[body]…关于进一步加强房地产信贷管理的通知 摘要     中国银行业监督管理委员会关于进一步加强房地产信贷管理的通知 各银监局，各政策性银行、国有商业银行、股份制商业银行、金融资…,4772,True,False,
nfra,8e1faf2cf4e84cf892a15f2b7d715138d7959f0d58befe6f157b4e68aa058009,,健康保险管理办法,,INCLUDE,中,人寿保险公司|健康保险,,,再保险公司,[body]…管理。 第六条 保险公司开展不承担保险风险的委托管理服务，不适用本办法。 第二章 经营管理 第七条 依法成立的人寿保险公司、健康保险公司，经中国保监会核定，可以经营健康保险业务。 前款规定以外的保险公司，经中国保监会核定，可以经营短…,11196,True,True,RFN-45b8541b770ec99e
nfra,903a6b28c2830e2b2a3cb2e851b7d16da853f2de29ab9dbf96d2cbc053460f47,,关于开展2006年度电子银行安全评估机构资质认定的公告,,BOUNDARY,低,,,分支机构,银行业,[body]…括：成立历史和经营年限、主要业务领域、员工数量（技术人员数量和学历结构单列）、上级部门（母公司、集团公司等）及分支机构情况、主要安全评估经验、获奖和受罚情况等（均为截至2006年7月31日）； （三）安全评估业务管理框架、管理制…,2631,True,False,
nfra,d214216f4fae6b099f7024811ef622cc05e7e76a18b6aa27abada5e52d4d1b92,,保险公司设立境外保险类机构管理办法,,EXCLUDE,中,,,保单|保险公司|偿付能力|分支机构,保险中介机构|保险公估|保险经纪机构,[body]…，并依法登记注册的商业保险公司。 第三条 本办法所称境外保险类机构，是指保险公司的境外分支机构、境外保险公司和保险中介机构。 本办法所称保险中介机构，是指保险代理机构、保险经纪机构和保险公估机构。 第四条 本办法所称设立境外保险类机…,9098,True,True,RFN-65dc77bb8b5ce629
nfra,d724dc4d8d592741f6d91599f5cf6ba17ca252367e423e7b69c2f8f282a43c38,,非保险机构投资境外保险类企业管理办法,,EXCLUDE,中,,,保险公司|保险机构|保险资产管理,保险公估|保险经纪机构,[body]…册、除保险公司和保险资产管理公司以外的企业。 本办法所称境外保险类企业是指在境外设立的保险公司、保险代理机构、保险经纪机构和保险公估机构。 本办法所称境外投资，是指非保险机构在境外设立境外保险类企业或者收购境外保险类企业20％以上股…,3609,True,False,
nfra,1953bd8f8cf8a34a0f0ea654db2227a9c4679cdf27f18e52e31a69df96670bcd,保监发〔2006〕84号,关于在地市及以下地区建立保险业与地方治理商业贿赂领导机构沟通协调机制的通知,,BOUNDARY,低,,,保险公司|保险机构,,[meta]…在地市及以下地区建立保险业与地方治理商业贿赂领导机构沟通协调机制的通知 保监发〔2006〕84号。各保监局，各保险公司：。为进一步推进基层保险业治理商业贿赂专项工作，根据《关于保险业开展治理商业贿赂专项工作的实施意见》（保监发〔…,1133,True,True,RFN-3d1df4b836fe1532;RFN-3d1df4b836fe1532
nfra,8c7b5458463f594049eba957f5587bb9740b26f5a384cb4e1a2d5a85cdf41c5e,,关于禁止银行与商业机构发放联名储值卡的通知,,EXCLUDE,中,,,,商业银行|银行业,[body]…关于禁止银行与商业机构发放联名储值卡的通知 摘要     中国银行业监督监管委员会 关于禁止银行与商业机构发放联名储值卡的通知 各银监局、 国有商业银行、 股份制商业银行、 国家…,769,True,False,
nfra,198198280102baf8bfbb39d4ec62c63074f0ab5e64f7f964c86e2f77da504944,,中国银行业监督管理委员会办公厅关于商业银行开展个人理财业务风险提示的通知,,EXCLUDE,中,,,,商业银行|银行业|银行业金融机构,[title]…中国银行业监督管理委员会办公厅关于商业银行开展个人理财业务风险提示的通知 摘要     中国银行业监督管理委员会办公厅…,3467,True,False,
nfra,5219e29f6e304096f92071f12ec0d4bd0af328862631f12efae4ac6b87422f71,,保险公司董事和高级管理人员任职资格管理规定,,BOUNDARY,低,,,保险公司|保险公司分支机构|保险机构|保险条款|分支机构,,[title]…保险公司董事和高级管理人员任职资格管理规定 2006年第4号。《保险公司董事和高级管理人员任职资格管理规定》已经200…,12660,True,True,RFN-542be408992d9b6c
nfra,97e577411931d27feab42315a3073f9144aa6e1db327f7e9921adb59680508e9,保监财会〔2006〕701号,关于加强对保险机构所属境内非保险类经济实体和境外保险机构财务监管若干事项的通知,,INCLUDE,中,健康保险|养老保险公司,,,保险中介机构|信托公司|证券公司,[body]…非保险类经济实体，是指保险公司能对其实施控制、共同控制或重大影响的除保险公司、保险资产管理公司、健康保险公司、养老保险公司之外的各类经济实体，包括保险公司所属银行、证券公司、信托公司、保险中介机构及其他独立经营、独立核算的经济实体或…,3766,True,False,
nfra,1303e66fbfd5fa2495a8cf4d6614155eee9de9bf08cc2cae356308d001749d60,国税发〔2004〕51号,关于规范银行代理保险业务的通知,,INCLUDE,中,人身保险,保险兼业代理,,商业银行|银行业,[body]…应包括法律法规、业务知识、销售技能及职业道德等，每年培训时间不得少于监管部门规定时数。保险公司委托代理机构销售人身保险新型产品的，还应按照有关规定对销售人员进行专门培训。（三）保险公司应积极引导银行代理销售人员参加销售人员资格考…,4744,True,True,RFN-7513caa410e286c5;RFN-7513caa410e286c5
nfra,42dd1d6909cd27ce089cc1b11505bded82b4b46f37e2512dfb2235632b7db908,保监发〔2006〕69号,关于进一步做好旅游保险工作的意见,,BOUNDARY,低,,,保险产品|保险公司|保险理赔|保险销售,,[body]…现代旅游业发展需要的旅游保险制度，初步形成“政府引导、市场运作”的旅游保险发展机制。到2010年，力争实现旅游保险产品相对完备，旅游保险服务规范到位，“旅保合作”机制相对完善，旅游企业风险管理水平显著增强，游客和旅游经营者投保积…,6997,True,False,
nfra,4d30960985fa7fe4fe1077549841e0f989242f0876d524a3b92bfca015a1bba8,保监厅发〔2006〕48号,关于规范保险经纪、公估机构法人许可证期满换发流程的通知,,EXCLUDE,中,,,,保险公估|保险经纪|保险经纪机构|公估机构,[title]…关于规范保险经纪、公估机构法人许可证期满换发流程的通知 保监厅发〔2006〕48号。各保监局：。许可证是保险专业中介机构开展保…,1872,True,True,RFN-778619b33b988a39;RFN-778619b33b988a39
nfra,f93af52e14d34cf86220d9f42548c254f6ecb0b950ef65da47351ee2f89d66c5,保监会令〔2004〕13号,关于加强机动车交通事故责任强制保险业务责任准备金评估工作有关要求的通知,,EXCLUDE,中,,,保单|保险公司,财产保险公司,[meta]…机动车交通事故责任强制保险业务责任准备金评估工作有关要求的通知 保监产险〔2006〕680号。各保监局、各中资财产保险公司：。为了更好地贯彻落实《机动车交通事故责任强制保险条例》，加强机动车交通事故责任强制保险（以下简称交强险）业务…,3466,True,False,
nfra,417dbb36998aac9c63bf42243231ac69a0e52a94d75d904d8a6620720326f1a5,保监发〔2006〕71号,关于加强机动车交通事故责任强制保险管理的通知,,EXCLUDE,中,,,保单|保险公司|保险条款|保险消费者|分支机构,保险中介机构|财产保险公司,[meta]…关于加强机动车交通事故责任强制保险管理的通知 保监发〔2006〕71号。各保监局，各中资财产保险公司，各保险中介机构，中国保险行业协会：。根据《机动车交通事故责任强制保险条例》（以下简称《条例》）及有关法律法规…,5890,True,False,
nfra,f9ce48835832c57c61c5a377e524a2472251b72feb8859ba77aa97ef366be6e9,,中国银行业监督管理委员会关于进一步加强案件风险防范工作的通知,,EXCLUDE,中,,,分支机构,信托公司|商业银行|金融资产|银行业|银行业金融机构,[title]…中国银行业监督管理委员会关于进一步加强案件风险防范工作的通知 摘要     中国银行业监督管理委员会关于进一步加强案件风…,6393,True,False,
nfra,0d675039fa5146d23901bd50d17fc7b2fec234ec5e958ccbf3e76a30aaf97fb2,保监发〔2006〕74号,关于印发《机动车交通事故责任强制保险业务单独核算管理暂行办法》的通知,,EXCLUDE,中,,,保单|保险公司|保险公司分支机构|分支机构,财产保险公司,[meta]…关于印发《机动车交通事故责任强制保险业务单独核算管理暂行办法》的通知 保监发[2006]74号。各中资财产保险公司，各保监局:。根据《机动车交通事故责任强制保险条例》，为加强对机动车交通事故责任强制保险业务单独核算的监督管理…,7862,True,False,
nfra,5c376e3d7a92883ca4c4b06b234f8f55c978f53ac27c314a8fb59079932f4314,,关于进一步做好农村合作金融机构贷款风险分类工作的通知,,EXCLUDE,中,,,,商业银行|银行业,[body]…关于进一步做好农村合作金融机构贷款风险分类工作的通知 摘要     中国银行业监督管理委员会办公厅关于进一步做好农村合作金融机构贷款风险分类工作的通知 各银监局：自全国合作金融监管暨改革工…,4373,True,False,
nfra,5b6e0fad45704ff6ec91033fe420846ea6f3abe5d4592d05a3881ada1c9124b8,保监发〔2006〕66号,关于进一步加强贷款房屋保险管理的通知,,EXCLUDE,中,,,保险产品|保险公司|保险机构,商业银行|财产保险公司|金融资产|银行业,[meta]…关于进一步加强贷款房屋保险管理的通知 保监发〔2006〕66号。各财产保险公司、各保监局、中国保险行业协会：。为促进贷款房屋保险业务的健康发展，充分发挥贷款房屋保险保障金融资产和个人资产安…,3347,True,False,
nfra,72c68e52ec02fc30ef0a06f8f42b958365c956d058ac5686421c09479a697ea8,保监发〔2006〕17号,关于规范非车险市场经营行为的补充通知,,EXCLUDE,中,,,保险公司|保险机构|保险条款|分支机构,再保险公司|财产保险公司,[meta]…关于规范非车险市场经营行为的补充通知 保监产险〔2006〕606号。各财产保险公司、再保险公司，各保监局：。为规范财产保险市场经营行为，落实《关于规范非车险市场经营行为有关问题的通知》（保监发…,1152,True,False,
nfra,91f538b9bf12604cc281c3630b22acb613cdc88321b92a1a63c128a81e2b057f,,中国银行业监督管理委员会办公厅关于商业银行开展代客境外理财业务有关问题的通知,,EXCLUDE,中,,,保险公司,商业银行|银行业|银行业金融机构,[title]…中国银行业监督管理委员会办公厅关于商业银行开展代客境外理财业务有关问题的通知 摘要     中国银行业监督管理委员会办公…,5035,True,False,
nfra,467d08dc0f197fcb10e07276d9ccebb8e04bf665223956e7d10521d2b35d49a6,,关于商业银行开展个人理财业务风险提示的通知,,EXCLUDE,中,,,,商业银行|银行业|银行业金融机构,[title]…关于商业银行开展个人理财业务风险提示的通知 摘要     中国银行业监督管理委员会办公厅关于商业银行开展个人理财业务风险提…,3496,True,False,
nfra,15f9d5ae96ab68203198a671b71136ebffd6f5bc30c25eeceb80314419fe94d9,保监发〔2006〕60号,关于规范机动车交通事故责任强制保险单证和标志管理的通知,,EXCLUDE,中,,,保险公司|保险公司分支机构,财产保险公司,[meta]…关于规范机动车交通事故责任强制保险单证和标志管理的通知 保监发〔2006〕60号。各保监局，各中资财产保险公司：。为保障机动车交通事故责任强制保险制度的顺利实施，规范机动车交通事故责任强制保险（以下简称交强险）单证和标志…,4308,True,False,
nfra,b0d7653cfcace425a6d71ed1952cbf7a319e35a2c0270d995dc7361f962321e8,保监发〔2006〕65号,关于印发《关于保险业开展不正当交易行为自查自纠工作的实施意见》的通知（已失效）,,BOUNDARY,低,人身保险,,,保险中介机构,[body]…抓落实的工作机制。对组织自查自纠敷衍了事、消极被动的，要追究有关领导的责任。保险公司、保监局和保监会财产保险、人身保险、保险中介、资金运用、财务会计、法规等部门，要采取有力措施，组织好相关领域的自查自纠工作。 （二）抓好政策指导…,6816,True,True,RFN-113e16a1bc5168f3;RFN-113e16a1bc5168f3
nfra,d18f590ca83201b73fe4c52cd9410fc2a23afe8e116da8f24dac338c199182b3,保监发〔2006〕64号,关于印发《关于保险业依法查处商业贿赂案件的实施意见》的通知（已废止）,,EXCLUDE,中,,,保险公司|保险资产管理,保险中介机构,[meta]…查处商业贿赂案件的实施意见》的通知（已废止） 保监发〔2006〕64号。各保监局、保险公司、保险资产管理公司、保险中介机构，中国保险行业协会：。现将《关于保险业依法查处商业贿赂案件的实施意见》印发给你们，请结合实际遵照执行。二○○六…,5825,True,True,RFN-bfe9fc4e05784a46;RFN-bfe9fc4e05784a46
nfra,9f57e1b84ef3342b36eca1a98cbb80583fa80690525d4d758d5da4e7ae360805,,关于报送保险业商业贿赂案件查处情况的通知（已废止）,,EXCLUDE,中,,,保险公司|保险机构,保险中介机构,[body]…新思路、新方法。 （三）加强协调，统筹安排。各单位要加强内外协调，统筹安排工作。保监局要及时汇总辖区保险机构、保险中介机构等单位的商业贿赂案件查处情况，做好统计分析和整理报送工作。 三、报送时间和方式 （一）报送时间。《商业贿赂案件…,4195,True,True,RFN-38217405ecdde580
nfra,b29ba2acbdb74912fd1405dd341f7094af45116707d51a62375a5976e25129d6,,农村合作金融机构社团贷款指引,,EXCLUDE,中,,,,商业银行|银行业|银行业金融机构,[body]…农村合作金融机构社团贷款指引 摘要     中国银行业监督管理委员会关于印发农村合作金融机构社团贷款指引的通知各银监局：现将《农村合作金融机构社团贷款指引》印发给你…,10573,True,False,
nfra,3274c562fd6825fa78dfa95bae5237037931c846b715e1e5aa0b57ab84ab43d4,国办发〔2006〕37号,国务院办公厅转发建设部等部门关于调整住房供应结构稳定住房价格意见的通知,,EXCLUDE,中,,,,商业银行,[body]…信贷条件。为抑制房地产开发企业利用银行贷款囤积土地和房源，对项目资本金比例达不到35%等贷款条件的房地产企业，商业银行不得发放贷款。对闲置土地和空置商品房较多的开发企业，商业银行要按照审慎经营原则，从严控制展期贷款或任何形式的滚…,7020,True,False,
nfra,d5b6b67a9e65226958400df5824a1663c4c984d204a679569ee6735932287ee2,保监发〔2006〕52号,关于印发财产保险危险单位划分方法指引的通知,,EXCLUDE,中,,,保单|保险公司,再保险公司|财产保险公司|财产险,[meta]…关于印发财产保险危险单位划分方法指引的通知 保监发〔2006〕52号。各财产保险公司、再保险公司，各保监局：。为贯彻落实全保会精神，规范大型商业风险的承保行为，维护国内保险市场持续健康发展，我会…,30906,True,False,
nfra,1cdc324767e2441f35c71e70a61b9f732900e083d6344917fe2d7b395f68d94f,保监发〔2006〕48号,关于明确保险营销员佣金构成的通知,,INCLUDE,中,,保险营销员,保险公司|保险营销,,[title]…关于明确保险营销员佣金构成的通知 保监发〔2006〕48号。各保监局、各保险公司：。《保险营销员管理规定》发布后，一些保险公司要…,372,True,True,RFN-3bb7e36bdf374796;RFN-3bb7e36bdf374796
nfra,0fa6f9f9ea44bc9ec61fc64088a83a2d35ae6c94e995946a3303355b72d2ce85,保监发〔2006〕44号,中国保险监督管理委员会、中央社会治安综合治理委员会办公室关于保险业参与平安建设的意见,,BOUNDARY,低,养老保险,,,,[body]…矛盾纠纷，是构建社会主义和谐社会的客观要求，也是平安建设的重要内容。商业保险是社会保障体系的重要支柱。通过商业养老保险和医疗保险，可以满足人民群众“老有所养、病有所医”的需要，稳定人民群众生活预期，解除后顾之忧，从根本上消除社会…,5988,True,True,RFN-bafb544c4ac586e1;RFN-bafb544c4ac586e1
nfra,c30da02a194cb24c958716c8775cb70abe6b0583c63d260fad622e115ac18ddd,,关于征集对巴塞尔银行监管委员会《有效银行监管核心原则》及《核心原则评价方法》征求意见稿意见的通知,,EXCLUDE,中,,,,银行业,[body]…法》征求意见稿修改建议。请有意见或建议的单位或个人于2006年6月16日前以信函、电子邮件或传真的方式反馈中国银行业监督管理委员会国际部。联系 人：陈颖 通信 v.cn传    真：010-66062816…,887,True,False,
nfra,82b13e87407b039c03a73dec1914faf6748235c7e0a0c6c99dd93506f5a5f8fb,,国有商业银行公司治理及相关监管指引,,EXCLUDE,中,,,,商业银行|银行业,[title]…国有商业银行公司治理及相关监管指引 摘要     国有商业银行公司治理及相关监管指引 第一章 总则第一条 为确保国有商业银…,10158,True,False,
nfra,f4494217a5fd3a443a83b93206e2ffca96789ed5fb43169b426d88e7b23a9173,保监发〔2006〕26号,关于建立治理商业贿赂专项工作联系点的通知,,BOUNDARY,低,,,保险公司,,[meta]…关于建立治理商业贿赂专项工作联系点的通知 保监办〔2006〕362号。各保险公司，各保监局，机关各部门：。根据《关于保险业开展治理商业贿赂专项工作的实施意见》（保监发〔2006〕26号），开…,1221,True,True,RFN-77730ccf342b7096;RFN-193d5f3bfd72bede
nfra,b8ed5d5618f225f97ebc86835af61e01a7b9ba19ace46df81bb350fea924145b,保监发〔2005〕111号,关于整改人身保险条款存在问题的通知（已废止）,,INCLUDE,高,人身保险|人身保险公司|寿险,,,,[title]…关于整改人身保险条款存在问题的通知（已废止） 保监寿险〔2006〕318号。各人身保险公司：。针对浙江省工商局对部分保险条款的…,956,True,True,RFN-d14cffc28f570faa
nfra,747521adf9e70fda2ae4b7ede3280dc1b8275d65412dfe752a8bc99d783030e9,银发〔2006〕121号,商业银行开办代客境外理财业务管理暂行办法,,EXCLUDE,中,,,,商业银行|银行业,[title]…商业银行开办代客境外理财业务管理暂行办法 摘要     中国人民银行  中国银行业监督管理委员会  国家外汇管理局关于…,7938,True,False,
nfra,b21104b419415a012d803a1d670edbd3f2f1cf8a7cca0448826fa94cb527ec00,,关于公布银行业治理商业贿赂领导小组举报电话的公告,,EXCLUDE,中,,,,银行业,[title]…关于公布银行业治理商业贿赂领导小组举报电话的公告 摘要     关于公布银行业治理商业贿赂领导小组举报电话的公告 为进一步做…,404,True,False,
nfra,d6a1e44f75195d745bff37dde392cef3a567401d61e1edfd6c04431d0ce9fc18,保监发〔2006〕40号,关于实施农村保险营销员资格授予制度有关问题的通知（已废止）,,INCLUDE,中,,保险营销员,保险产品|保险公司|保险机构|保险营销|保险销售,,[title]…关于实施农村保险营销员资格授予制度有关问题的通知（已废止） 保监发〔2006〕40号。各保监局：。完善农村保险营销体系是促进农村保险…,4169,True,True,RFN-9f0d85aa746cbe1d;RFN-9f0d85aa746cbe1d
nfra,8f499f24fda0d64644e3d6db10f5fd8294df52a94e502e326a5f30383bf4082d,,保险营销员管理规定,,BOUNDARY,低,人身保险|健康保险,保险营销员,,保险中介机构|保险公估|保险经纪,[body]…营销员的条件。 第四十六条 保险公司应当组织保险营销员参加岗前培训和后续教育培训。 保险公司委托保险营销员销售人身保险新型产品的，应当对保险营销员进行专门培训。 第四十七条 保险公司应当建立健全保险营销员管理制度和保险营销员管理…,12603,True,True,RFN-cbab6f767d0dd52e
nfra,e63b57a3a9b474f54471f1a060ed4f0b46a7422dafc2dbf8eaad5d34f103c8d5,保监发〔2006〕36号,关于对人身保险条款及费率进行自查自纠的通知（已失效）,,INCLUDE,高,人身保险|人身保险公司,,,,[title]…关于对人身保险条款及费率进行自查自纠的通知（已失效） 保监发〔2006〕36号。各人身保险公司：。为贯彻落实全保会精神，促进…,1484,True,True,RFN-6d1414017a5fe7d6;RFN-6d1414017a5fe7d6
nfra,956368686ca290f400604f7896c299e8e7a0cb0afebada0a7bd5a861d9d0bc4a,保监发〔2006〕34号,关于对进一步加强机动车辆保险监管有关问题的补充通知（已失效）,,EXCLUDE,中,,,保险公司|保险条款|分支机构,财产保险公司,[meta]…关于对进一步加强机动车辆保险监管有关问题的补充通知（已失效） 保监发〔2006〕34号。各财产保险公司，各保监局，中国保险行业协会：。近日，国务院颁布了《机动车交通事故责任强制保险条例》（以下简称“《条例》”），…,1631,True,False,
nfra,affa066aa1c074a018d7aeb86fb530e7d122a45c8424a5bbc1217343db99d7fb,保监统信〔2006〕264号,关于启用保险稽核软件系统的通知（已失效）,,EXCLUDE,中,,,保险公司|分支机构,财产险,[body]…006年3月1日。 二、适用范围 该软件将在保险现场稽核检查中使用，使用单位为保监会及其派出机构。该软件适用于财产险保险公司、人身险保险公司总公司及其分支机构的现场检查。 三、数据要求 各公司应按照保监会稽核检查要求，提供相关…,1318,True,True,RFN-0d0e35388992d940;RFN-0d0e35388992d940
nfra,241f3f7ef60fd8b38effffcb65c6c1efc8c4dccb3fbfd9376cc7708ce090eb09,保监发〔2006〕31号,关于加强财产保险共保业务管理的通知,,EXCLUDE,中,,,保单|保险公司|分支机构,再保险公司|财产保险公司,[meta]…关于加强财产保险共保业务管理的通知 保监发〔2006〕31号。各财产保险公司、再保险公司，各保监局：。目前，财产保险公司在经营共保业务时，存在着一些不规范的行为，使大量风险留在分支机构层…,1459,True,False,
nfra,e9c0d125a83e32f25f2560cd0f23afbf3a91cc85a9a48e027d33615b0c875faa,,公安部 中国保监会 关于积极推进火灾公众责任保险 切实加强火灾防范和风险管理工作的通知,,EXCLUDE,—,,,,,,253,True,False,
nfra,3673ff9f7d01263cf5c23ecc39b73ff2ae94420fc701b9f0bcb6c843532dc72d,,中国银行业监督管理委员会关于聘请会计师事务所对7省30家农村信用社法人社进行审计的公告,,EXCLUDE,中,,,,银行业,[title]…中国银行业监督管理委员会关于聘请会计师事务所对7省30家农村信用社法人社进行审计的公告 摘要     中国银行业监督管理…,834,True,False,
nfra,9a5e4a9659b743ef25c098907793a404d8bf8b3186b66eb24dc3796c40147798,保监厅发〔2006〕22号,关于开展对保险业资本构成等情况调查的通知（已失效）,,BOUNDARY,低,,,保险公司|保险机构|保险资产管理,,[meta]…关于开展对保险业资本构成等情况调查的通知（已失效） 保监厅发〔2006〕22号。各保险集团公司、保险公司、保险资产管理公司：。为进一步分析各类资本在我国保险业发展中的地位、作用和影响，我会决定对各保险机构的资本构成…,1146,True,True,RFN-aa5bd3e45957da3f;RFN-aa5bd3e45957da3f
nfra,608c67d13e87205a834397d54e50a9acf12a7a66263992e55dd5756de736835c,保监厅发〔2006〕14号,关于规范大型商业风险经营行为的通知,,EXCLUDE,中,,,保险公司|保险机构,再保险公司|财产保险公司,[meta]…关于规范大型商业风险经营行为的通知 保监厅发〔2006〕14号。各财产保险公司、再保险公司， 各保监局：。长期以来，国内财产保险市场存在不规范的经营行为，其中非理性的价格竞争是主要的表现形…,1538,True,False,
nfra,6456401fa34ed4a47388ff2b937d024b0fb15eb9eb3d4371e81e6139acb53bd5,保监发〔2006〕26号,关于印发《关于保险业开展治理商业贿赂专项工作的实施意见》的通知（已废止）,,BOUNDARY,低,人身保险,保险营销员,,保险中介机构|公估机构,[body]…取得了显著成绩。同时也要看到，我国保险业还处在初级阶段，影响保险业发展的因素比较复杂，商业贿赂现象在财产保险、人身保险、保险中介、资金运用等业务领域均不同程度有所存在，有的还比较严重。 商业贿赂违背社会主义市场经济基本原则，扰乱…,10532,True,True,RFN-77730ccf342b7096;RFN-77730ccf342b7096
nfra,57a0a5a3d9637772a2488a5f37da6dc36ebed13a8787403aec8dd2e333181a0e,保监厅函〔2006〕50号,关于报送精算报告电子文本有关事项的通知（已废止）,,INCLUDE,中,健康保险|养老保险公司|寿险,,,,[meta]…关于报送精算报告电子文本有关事项的通知（已废止） 保监厅函〔2006〕50号。各寿险公司、各养老保险公司、各健康保险公司：。为加强对精算报告的管理，现就报送精算报告电子文本事宜通知如下：。一、各…,862,True,True,RFN-7051e29093ff54dc;RFN-7051e29093ff54dc
nfra,7299691b0a39df42876dc6a3dcd832d2b6abd271c792470d7b8972f94226f754,保监发〔2006〕20号,关于防范利用保险进行诈骗的通知（已废止）,,INCLUDE,中,健康保险|养老保险公司|寿险,,,,[meta]…关于防范利用保险进行诈骗的通知（已废止） 保监发〔2006〕20号。各寿险公司、各养老保险公司、各健康保险公司：。一个时期以来，各地出现了多起以办理保险为名骗取客户资金的恶性事件，严重…,2709,True,True,RFN-ab555a753eb70714;RFN-ab555a753eb70714
nfra,d0b08bc9fc8925087051949bf8907833c30e70667efaef593582b72c6ae70a69,保监发〔2006〕17号,关于规范非车险市场经营行为有关问题的通知（已废止）,,EXCLUDE,中,,,保险公司|保险机构|保险条款|分支机构,再保险公司|财产保险公司,[meta]…关于规范非车险市场经营行为有关问题的通知（已废止） 保监发〔2006〕17号。各保监局，各财产保险公司，各再保险公司，中国保险行业协会：。为规范财产保险市场经营行为，营造公平公正的市场环境，促进保险业又快又好的发…,3489,True,False,
nfra,f50950ebe789503f4f1664f8e9d1a57855e6df81b53170b7ea342daaa2c30604,,保险资金间接投资基础设施项目试点管理办法,,EXCLUDE,中,,,保险公司|保险机构|保险资产管理|保险资金|偿付能力,商业银行|基金管理公司,[body]…计划约定，按照委托人意愿，为受益人利益，以自己的名义投资基础设施项目的信托投资公司、保险资产管理公司、产业投资基金管理公司或者其他专业管理机构。 受托人与托管人、独立监督人不得为同一人，且不得具有关联关系。 第二十九条受托人应当符合…,34397,True,True,RFN-490663777515ebff
nfra,2f17a6330655a2ed3b4ed798617c211f41bb60c2ed6f43dea767e00ee573bdab,,中国保险监督管理委员会规章制定程序规定,,EXCLUDE,—,,,,,,6926,True,False,
nfra,648a518729d2f8f2ee0684c5eb5d7be0b36fb0b3896863a001cc3fb8ec5b5cf8,保监办〔2006〕240号,关于抓紧部署治理商业贿赂专项工作的通知（已失效）,,EXCLUDE,中,,,保险公司|保险资产管理,保险中介机构,[meta]…紧部署治理商业贿赂专项工作的通知（已失效） 保监办〔2006〕240号。各保监局、保险公司、保险资产管理公司、保险中介机构，中国保险行业协会：。开展治理商业贿赂专项工作是党中央、国务院作出的重大决策和重要部署。     保监办〔20…,1491,True,False,
nfra,8f5c7cc4193ec05db199e4a136100feca97ffa7414a5531fbb4da0e7ed9fd627,,中国银行业监督管理委员会关于进一步加强外汇风险管理的通知,,EXCLUDE,中,,,,商业银行|银行业,[title]…中国银行业监督管理委员会关于进一步加强外汇风险管理的通知 摘要     中国银行业监督管理委员会关于进一步加强外汇风险管…,3562,True,False,
nfra,32f0963483053e170fc3ed8ec90d42252f7184606a58ca0e15228d949a73644c,保监发〔2006〕19号,关于进一步加强机动车辆保险监管有关问题的通知,,EXCLUDE,中,,,保单|保险产品|保险公司,保险中介机构|财产保险公司,[meta]…关于进一步加强机动车辆保险监管有关问题的通知 保监发〔2006〕19号。各财产保险公司，各保监局，中国保险行业协会：。为进一步深化机动车辆保险监管制度，加强车险业务的规范化管理，规范车险业务经营行…,3375,True,False,
nfra,e632f9ff7dee56bf2c6dfa3e3edf20e99025080c705a9ad2710d38a42130fe36,保监发〔2006〕18号,关于保险保障基金汇算清缴有关问题的通知,,BOUNDARY,低,,,保险公司,,[meta]…关于保险保障基金汇算清缴有关问题的通知 保监发〔2006〕18号。各保险公司：。为了做好保险保障基金的汇算清缴工作，根据《保险保障基金管理办法》（保监会令〔2004〕16号）和《关于缴纳…,1750,True,True,RFN-61b14ebc7f81a202;RFN-61b14ebc7f81a202
nfra,dce48671653af67228877a253372ac3d31fc984f2ca11bc4bf3e22b455e549af,保监发〔2006〕13号,关于调整保险业务监管费收费标准和收费办法的通知,,BOUNDARY,低,健康保险|健康险|寿险,保险兼业代理,,保险中介机构|保险公估|保险经纪机构|财产险,[body]…按保险公司年度自留保费收入的2‰收取降为按保险公司年度自留保费收入的1.9‰收取。 2、对保险公司经营的长期人寿险业务，由按保险公司年度自留保费收入的1.2‰收取降为按保险公司年度自留保费收入的1.1‰收取；对保险公司经营的…,4145,True,False,
nfra,4d38f0849845bde6d30a753e1e96bbd31b3ef84de2325a3d615d5f0fec95daec,保监财会〔2005〕94号,关于保险公司2004年年度报告编报工作有关问题的通知（已失效）,,BOUNDARY,低,健康险|寿险,,,保险经纪|再保险公司|财产保险公司|财产险,[body]…年度内重大事项（包括重大的投资、关联交易、再保险安排、赔付、合同、诉讼等）、财务报告、审计意见、其他事项。鼓励寿险公司在年度报告中披露内含价值（Embedded Value）有关信息。 四、财务报告至少应包括财务报表及其附注…,6440,True,True,RFN-a7ba384041a4e177;RFN-a7ba384041a4e177
nfra,e1c8bb4c0713ad3c10af7f0269b00294b864ac205741f5074246a3331e2f7cf8,保监财会〔2004〕59号,关于保险资产管理公司编报2003年年度报告有关问题的通知（已失效）,,BOUNDARY,低,寿险,,,,[body]…润表、受托资金来源与运用表、受托资金投资收益表的格式以及《企业会计制度》中的现金流量表格式编制财务报表。对接受寿险公司委托投资的分红保险资金、投资连结保险资金及其他寿险资金，资产管理公司应分别进行投资和核算。 六、现对有关报…,3607,True,True,RFN-b7dcd83a9c1815b5;RFN-b7dcd83a9c1815b5
nfra,d75698751319faa39a187b6cd53d8b1c359a4748634fbf91482904ac51b8aa97,,电子银行安全评估指引,,BOUNDARY,低,,,分支机构,银行业|银行业金融机构,[body]…施电子银行安全评估的外资金融机构，以及需要按照所在地监管部门的要求在境外实施电子银行安全评估的中资金融机构境外分支机构，电子银行安全评估机构的选择应遵循所在国家或地区的法律要求。    所在国家或地区没有相关法律要求的，金融机构…,13295,True,False,
nfra,c3730088503d1d1d1f38969dd7d47c2acd095bafbd5f475a75be273e87f79428,日中国银行业监督管理委员会令2006年第5号,电子银行业务管理办法,创新部,EXCLUDE,中,,,分支机构,商业银行|金融资产|银行业|银行业金融机构,[title]…电子银行业务管理办法 电子银行业务管理办法（2006年1月26日中国银行业监督管理委员会令2006年第5号公布，自200…,25160,True,False,
nfra,7d28ec8d322908a1686a58a8895bfba8e000969493ade84e6b43b41cdced2ee4,中国银行业监督管理委员会令2006年第4号,中国银行业监督管理委员会外资金融机构行政许可事项实施办法（中国银行业监督管理委员会令2006年第4号）,办公厅,EXCLUDE,中,,,,银行业,[title]…中国银行业监督管理委员会外资金融机构行政许可事项实施办法（中国银行业监督管理委员会令2006年第4号） 摘要 办公厅…,575,True,False,
nfra,4b9d9ad75ce4386bf10ecc3df845956bd064142fbf4bcf992b5004d74f8407d1,中国银行业监督管理委员会令2006年第3号,中国银行业监督管理委员会合作金融机构行政许可事项实施办法（中国银行业监督管理委员会令2006年第3号）,办公厅,EXCLUDE,中,,,,银行业,[title]…中国银行业监督管理委员会合作金融机构行政许可事项实施办法（中国银行业监督管理委员会令2006年第3号） 摘要 办公厅…,573,True,False,
nfra,55059a35085983ceb15075ac6d6b9582be1b23554006f90aab195772f707d637,中国银行业监督管理委员会令2006年第2号,中国银行业监督管理委员会中资商业银行行政许可事项实施办法（中国银行业监督管理委员会令2006年第2号）,办公厅,EXCLUDE,中,,,,商业银行|银行业,[title]…中国银行业监督管理委员会中资商业银行行政许可事项实施办法（中国银行业监督管理委员会令2006年第2号） 摘要 办公厅…,587,True,False,
nfra,0f37f1bc8de12eccf7cf6e28f43b5de2732df720fc290ec60bd5f6821f257a4a,中国银行业监督管理委员会令2006年第1号,中国银行业监督管理委员会行政许可实施程序规定（中国银行业监督管理委员会令2006年第1号）,办公厅,EXCLUDE,中,,,,银行业,[title]…中国银行业监督管理委员会行政许可实施程序规定（中国银行业监督管理委员会令2006年第1号） 摘要 办公厅    《中国银…,531,True,False,
nfra,e17f8b204963f929328c6fd34de220ab5c85437a60addb52c2771e7d2f1658b5,,国家外汇管理局综合司关于保险中介机构开立外汇资本金帐户有关问题的通知,,EXCLUDE,中,,,,保险中介机构,[title]…国家外汇管理局综合司关于保险中介机构开立外汇资本金帐户有关问题的通知 汇综发【2006】6号。国家外汇管理局各省、自治区、直辖市分局、外汇管理部，…,2854,True,False,
nfra,f46da1d4c402c2a839bbb8612859833213a43b1e49c6915995b172b3d7b1554a,保监发〔2006〕12号,关于印发《中国保监会保险监管问责制试行办法》的通知,,EXCLUDE,—,,,,,,3592,True,False,
nfra,e97e0763473f34b5a2f27f81a439607d0afaa9bfdec5a1c7c00ae4bea133f5b0,保监发〔2006〕11号,关于印发《国有保险机构重大案件领导责任追究试行办法》的通知,,BOUNDARY,低,,,保险公司|保险机构|保险资产管理|保险资金|分支机构,,[title]…关于印发《国有保险机构重大案件领导责任追究试行办法》的通知 保监发〔2006〕11号。各保险公司，各保监局，机关各部门：。为有效遏制…,6706,True,True,RFN-97e04219a84d6523;RFN-97e04219a84d6523
nfra,b4838ab0c379b9855473c096f3f56f316e88ae15657ff7296df4e59ba5ce1670,,《商业银行风险监管核心指标（试行）》,,EXCLUDE,中,,,,商业银行|银行业,[title]…《商业银行风险监管核心指标（试行）》 摘要     中国银行业监督管理委员会关于印发《商业银行风险监管核心指标（试行）》…,6249,True,False,
nfra,33b44b0ca87f50ec226a010730a82c1c54b7867f890f46d621a89ec9ed050869,保监发〔2006〕5号,关于印发《寿险公司非现场监管规程（试行）》的通知,,INCLUDE,高,人寿保险公司|健康保险|养老保险公司|寿险,,,,[title]…关于印发《寿险公司非现场监管规程（试行）》的通知 保监发〔2006〕5号。各保监局：。为规范寿险公司非现场监管工作，提高非现…,10911,True,True,RFN-022b955f878c1de1;RFN-022b955f878c1de1
nfra,c71fe401d5431bc7e0d89e40d6fc9ee73c3b6d2b940d84ea1817688defc1a838,保监发〔2006〕6号,关于印发《寿险公司内部控制评价办法（试行）》的通知,,INCLUDE,高,人寿保险公司|健康保险|养老保险公司|寿险,,,,[title]…关于印发《寿险公司内部控制评价办法（试行）》的通知 保监发〔2006〕6号。各保监局、各人寿保险公司、健康保险公司、养老保险…,23440,True,True,RFN-2eb71bc21d10bca2;RFN-2eb71bc21d10bca2
nfra,0052c8b0ef267308df059630d622231861340ac2eb09a6086c9a896221913341,保监发〔2006〕4号,关于做好2005年年度报告编报工作的通知（已失效）,,BOUNDARY,低,,,保险公司|保险资产管理,,[meta]…关于做好2005年年度报告编报工作的通知（已失效） 保监发〔2006〕4号。各保险公司、各保险资产管理公司：。为确保保险公司和保险资产管理公司2005年年度报告编报工作的顺利进行，现将有关要求通知…,1403,True,False,
nfra,fb02982955b612d8bc7626b1dba7f3ed8614098f689c1798e172a6b30cc6bdbc,保监发〔2006〕2号,关于印发《关于规范保险公司治理结构的指导意见（试行）》的通知,,BOUNDARY,低,人身保险公司,,,,[body]…现代企业制度的要求， 逐步完善董事长与总经理设置， 健全制衡机制。  （二）强化关键岗位职责 1、 总精算师 人身保险公司应当设立总精算师职位。  总精算师既向管理层负责， 也向董事会负责， 并向中国保监会及时报告公司的重大风险隐患…,7863,True,True,RFN-386a85262f814287;RFN-386a85262f814287
nfra,00abc47bc9006e10955c228ebf1d81846ed8527933e084d1ae15927d08f67798,保监发〔2006〕1号,关于2005年度偿付能力报告编报工作有关问题的通知（已失效）,,INCLUDE,中,人寿保险公司|养老保险公司,,,再保险公司|商业银行|证券公司|财产保险公司,[body]…数据编报确有困难的，可以不列报比较数据。 （五）监管指标报告。该部分包括监管指标报表和计算说明，财产保险公司和人寿保险公司的监管指标报表表样分别见本通知的附件8和附件9。 在监管指标报表的“是否超标”一栏内，若指标值在正常值范围内，…,7986,True,True,RFN-48e456a4007ee21b;RFN-48e456a4007ee21b
nfra,9bf4dfae38cb67109c6f093f69a55c534a2b56e8b8fab7ea953095acd1b53c90,保监财会〔2005〕1173号,关于提取资本保证金的批复,,BOUNDARY,低,人寿保险,,,,[meta]…关于提取资本保证金的批复 保监财会〔2005〕1173号。国信人寿保险股份有限公司：。你公司《关于解冻资本保证金的申请报告（三）》（国信人寿〔2005〕41号）收悉。经研究，同意你…,1181,True,True,RFN-c5f6136678718632;RFN-c5f6136678718632;RFN-b0f7df910c31db95
nfra,d9bfee36fea9e3ae9915b7ed0942f0aaa3c2686ff205b5c382ccdced4e1c164d,保监发〔2005〕13号,关于保险机构投资者股票投资交易有关问题的通知,,BOUNDARY,低,,,万能保险|保险产品|保险公司|保险机构|保险资产管理|保险资金|分红保险|投资连结保险,,[title]…关于保险机构投资者股票投资交易有关问题的通知 保监发〔2005〕13号。各保险公司、保险资产管理公司，上海、深圳证券交易所…,9248,True,True,RFN-ae5ca497f51d0e32;RFN-ae5ca497f51d0e32
nfra,ce281ac174043b52bd9f4c6a152f363ca04a5b09bb586f1a2e0fc8040679ffe6,保监厅函〔2005〕227号,关于铁路旅客意外伤害强制保险的复函,,BOUNDARY,低,人寿保险,,,,[body]…伤害保险属于强制保险， 也未实施任何其他行政行为要求旅客必须购买铁路旅客意外伤害保险。  二、 根据我会向中国人寿保险股份有限公司和中国人民财产保险股份有限公司的调查， 上述两家公司均不存在通过铁路运输企业向旅客销售车票的方式强…,772,True,True,RFN-383fc385412254ec;RFN-383fc385412254ec
nfra,3839bb3929e38058cffab2addc652e0eb368098fe12d83db365bb2336ff3c229,保监厅函〔2005〕223号,关于打击非法销售境外保单工作有关问题的复函,,EXCLUDE,中,,,保单|保险公司|保险机构,保险中介机构,[body]…此类业务， 则应定性为非法从事商业保险业务或保险中介业务进行处理。  四、 关于境内个人或企业为境外保险公司或保险中介机构提供第三方管理服务是否应列入打击范围的问题， 我们认为， 考虑到“第三方管理服务”外延覆盖较广， 此类行为不宜…,1555,True,False,
nfra,9035ad89b11fd68fd14aafd71fb3b90f7f7b64fafde17008c8d597be8a672905,保监厅函〔2005〕221号,关于自保行为界定有关问题的复函,,EXCLUDE,—,,,,,,808,True,False,
nfra,da9cb05fb35d80e67291b945b591ac2c2b9762b9d09f55bed21e6b36e4917086,保监发〔2005〕117号,关于颁布《中国人寿保险业经验生命表（2000-2003）》的通知,,INCLUDE,高,人寿保险|健康保险|养老保险公司|寿险,,,,[title]…关于颁布《中国人寿保险业经验生命表（2000-2003）》的通知 保监发〔2005〕117号。各寿险公司、各养老保险公司、各健康保险…,999,True,True,RFN-6028d2f72e266791;RFN-6028d2f72e266791
nfra,efc6ecdcb3e8a6414de41bf79a6043ba20aa5a667c0bca16fe8a90a7cccdec08,保监厅函〔2005〕173号,关于“关联交易”范围界定的复函,,BOUNDARY,低,,,保险公司,,[meta]…定的复函 保监厅函〔2005〕173号。三星火灾海上保险（中国）有限公司：。你公司《关于对<中华人民共和国外资保险公司管理条例>第二十条范围界定的请示》（三星保发〔2005〕13号）收悉。经研究，函复如下：。母、子公司间的交易属…,606,True,True,RFN-929e6fea8ab894c4;RFN-929e6fea8ab894c4
nfra,372cc9170822cfd3e3b25a7fd8a107e597c48c8278215ba738f3aa8e24685798,保监发〔2005〕85号,关于印发《全国金融标准化技术委员会保险分技术委员会章程》和《全国金融标准化技术委员会保险分技术委员会费用收缴及管理办法》的通知（已废止）,,BOUNDARY,低,,,保险公司,,[meta]…和《全国金融标准化技术委员会保险分技术委员会费用收缴及管理办法》的通知（已废止） 保监发〔2005〕85号。各保险公司、保险行业协会：。《全国金融标准化技术委员会保险分技术委员会章程》和《全国金融标准化技术委员会保险分技术委员会…,564,True,False,
nfra,958da4416f6d671477a0b909086b4b32c608106d2e05fd159657cd9b41454a87,保监厅发〔2005〕118号,关于转发建设部保监会《关于推进建设工程质量保险工作的意见》的通知,,EXCLUDE,中,,,保险公司,再保险公司|财产保险公司,[meta]…关于转发建设部保监会《关于推进建设工程质量保险工作的意见》的通知 保监厅发〔2005〕118号。各财产保险公司，再保险公司，中国保险行业协会：。为推进建设工程质量保险在我国的发展，充分发挥保险经济补偿、资金融通和社会管理…,858,True,False,
nfra,02723c3a1da7155e0b31610e4e66d4809d01a3adb5678e3fbe6f14d350c1017f,保监厅发〔2005〕104号,关于进一步做好突发事件的保险新闻宣传工作的通知,,BOUNDARY,低,,,保险公司|保险理赔,,[meta]…关于进一步做好突发事件的保险新闻宣传工作的通知 保监厅发〔2005〕104号。各保监局、各保险公司：。近一段时期以来，自然灾害、突发事件频繁发生，引起了党中央、国务院的高度重视和社会公众的广泛关注。各保险公司…,1666,True,True,RFN-cd079bdcc667f2ad;RFN-cd079bdcc667f2ad
nfra,fe2941f0a53fd6584bd8fecc0b116f10fd1653093c7b418b2502f614eb5fba46,保监厅发〔2005〕79号,关于发布“机构数”等统计指标填报标准的通知,,EXCLUDE,中,,,保险公司,财产险,[body]…债券－企业债券]+[应收利息－债券－其他]+[应收利息－债券－次级债]。 三、指标代码调整 “分出保费－境外－财产险”指标代码61220066调整为61220067。 四、统计指标调整时间 本通知自下发之日起执行，统计指标和校…,2816,True,True,RFN-73249657e6d19c65;RFN-73249657e6d19c65
nfra,e0c791b9e20c782b3aadad32115c0d6be8e505c085e67781475ebe3f3c3970e0,发改〔2005〕272号,关于印发《保险公司开业验收指引（试行）》的通知（已废止）,,BOUNDARY,低,,,保险公司|保险机构|偿付能力,,[title]…关于印发《保险公司开业验收指引（试行）》的通知（已废止） 保监发改〔2005〕272号。各中资保险公司筹备组：。为规范和指导保险…,4532,True,True,RFN-b99f3e470b7d541f
nfra,52bc4adbc39b790da42f4e4cd59a4264486bc1001b0c7880261eb2035fe3f012,保监发〔2005〕75号,关于防范保险业非法集资活动有关工作的通知,,BOUNDARY,低,,,保险公司|分支机构,,[meta]…关于防范保险业非法集资活动有关工作的通知 保监发〔2005〕75号。各保险公司、各保监局：。近期，各地非法集资现象有抬头之势，在社会上造成不良影响，国务院有关部门正在研究制定对策。为防范保…,1096,True,True,RFN-27c0b4480ee9d8e4;RFN-27c0b4480ee9d8e4
nfra,0636416200dac26a55be7055b1dddf27692d47268efbb40ff479102ff12fa5c5,保监发〔2005〕72号,关于印发《保险机构投资者债券投资管理暂行办法》的通知（已废止）,,BOUNDARY,低,寿险,,,商业银行|银行业,[body]…，投资商业银行金融债券、次级债券和企业（公司）债券的比例，可以为该账户上季末总资产的100%； 保险机构为万能寿险产品设立的投资账户，投资商业银行金融债券、次级债券和企业（公司）债券的比例，不得超过该账户上季末总资产的80%…,16710,True,True,RFN-78ca09639f806539;RFN-78ca09639f806539
nfra,0365a82ed2f09f1b2d3aa233bbda6a2d8b7302c5064d74518489ea7394fb11ea,保监发〔2005〕66号,关于印发《中国保险监督管理委员会新闻宣传管理暂行办法》的通知（已废止）,,BOUNDARY,低,,,保险公司|偿付能力,,[body]…各类会议和重大活动新闻报道 第十三条 保险业突发事件是指与保险业相关的、突然发生的，且严重影响保险业正常运行、保险公司偿付能力和社会安定的自然灾害、意外事故以及其他事件。保险业突发事件需向党中央、国务院领导同志反映的，一般采用内…,8056,True,False,
nfra,95a1afea313193c3bf8ea4155ffec5fe4fa4ee6200f2817160502c2920e19ee3,保监发〔2005〕65号,关于印发《中国保险监督管理委员会出国（境）培训管理规定》的通知,,EXCLUDE,—,,,,,,6320,True,False,
nfra,1860b9609e0da12632bc2e23452f7b4d07564dfc60a93d3f52cca546f9ab0847,保监发〔2005〕62号,关于规范团体保险经营行为有关问题的通知,,INCLUDE,中,人身保险|健康保险|寿险,,,,[meta]…是指投保人为其5人以上特定团体成员（可包括成员配偶、子女和父母）投保，由保险人用一份保险合同提供保险保障的一种人身保险。     保监发〔2005〕62号 各保险公司： 为规范保险公司经营团体保险业务的行为，维护团体保险市场的正…,2066,True,True,RFN-dcff50c66c932098;RFN-dcff50c66c932098
nfra,afc1ad8050d91cdc4df3edf8881f30af0047df07b18fb564162978d523efe737,保监发〔2005〕56号,关于加强保险统计数据质量管理的通知（已失效）,,BOUNDARY,低,,,保险公司|保险机构|保险资产管理|分支机构,,[meta]…关于加强保险统计数据质量管理的通知（已失效） 保监发〔2005〕56号。各保监局、各保险公司、各保险资产管理公司：。中国保险统计信息系统运行以来，各公司统计数据质量确有明显提高，但也暴露出许多问题，如业…,1584,True,True,RFN-0f121d512d11454f;RFN-0f121d512d11454f
nfra,7e51a194db25030e72f144e127e0c34f9b6399d920bb58c1364e997ca2bd0150,保监发〔2005〕44号,关于印发《保险公司分支机构开业统计与信息化建设验收指引》的通知,,BOUNDARY,低,,,保险公司|保险公司分支机构|分支机构,,[title]…关于印发《保险公司分支机构开业统计与信息化建设验收指引》的通知 保监发〔2005〕44号。各保监局、各保险公司：。为规范保险公司分支机构…,3884,True,True,RFN-9e856ea0f51d4ba2;RFN-9e856ea0f51d4ba2
nfra,8add38b91a53a24d201bbe8b56dbd7d47b80ae154bdd3aa32af9564abb02ab12,保监发〔2005〕29号,关于修订《中国保监会行政许可事项实施规程》有关内容的通知,,BOUNDARY,低,,,保险公司,,[meta]…关于修订《中国保监会行政许可事项实施规程》有关内容的通知 保监发〔2005〕29号。各保监局，各保险公司，机关各部门：。自2004年7月7日《中国保监会行政许可事项实施规程》（以下简称《规程》）公布施行以来，中国保…,787,True,False,
nfra,bb1b2acd10f43d1a59d025889c0ca950b6e46cf976097c15c2ce82fa7421678e,保监发〔2005〕27号,关于保险代理（经纪）机构投保职业责任保险有关事宜的通知,,EXCLUDE,中,,,保单|保险条款,保险中介机构|保险经纪公司|保险经纪机构,[meta]…关于保险代理（经纪）机构投保职业责任保险有关事宜的通知 保监发〔2005〕27号。各保险代理公司，各保险经纪公司：。为进一步落实《保险法》和《保险代理机构管理规定》、《保险经纪机构管理规定》，现就保险代理机构和保险经纪机构…,1330,True,False,
nfra,902102779ca4e234583a6ccfe48c841c6215bd660da2bb475bd19c193ea3df43,保监发〔2005〕26号,关于缴纳保险保障基金有关问题的通知,,BOUNDARY,低,人寿保险公司|健康保险|寿险,,,再保险公司|财产保险公司,[meta]…法》），现将有关事项通知如下：。一、保险保障基金专门帐户。中国保监会在中国工商银行开立了财产保险公司保障基金和人寿保险公司保障基金两个专户。     保监发〔2005〕26 号 各保险公司： 为了做好保险保障基金的缴纳工作， 根据《…,2348,True,True,RFN-e35701827004cf91;RFN-e35701827004cf91
nfra,b6c7f261bfda1b96ad8ad3c04bb7b60f3c3bc746a3bfb6bb600aeb95f0fff526,保监发〔2005〕25号,关于《关于在寿险业建立标准保费行业标准的通知》的补充通知,,INCLUDE,高,人寿保险公司|人身险公司|寿险,,,,[title]…关于《关于在寿险业建立标准保费行业标准的通知》的补充通知 保监发〔2005〕25号。各人寿保险公司：。为贯彻落实《关于在寿险业…,2457,True,True,RFN-8947647c4bfa7363;RFN-8947647c4bfa7363
nfra,a1a16694c9ed1e97027bf868d6f2d5fb9d053b813fe410ca10ac105d16ac2182,保监发〔2005〕22号,关于规范人身保险业务有关问题的通知,,INCLUDE,高,人身保险|人身保险公司|健康保险,,,,[title]…关于规范人身保险业务有关问题的通知 保监发〔2005〕22号。各人身保险公司：。近期消费者对个别人身保险条款反映的意见较多。经…,1237,True,True,RFN-399edab2a63677f2;RFN-399edab2a63677f2
nfra,c5d7ffa0eabc0fa800464360a5d46d111eda6625001936c0fcd4030194b6a991,保监发〔2005〕21号,关于印发《保险中介机构法人治理指引（试行）》和《保险中介机构内部控制指引（试行）》的通知（已废止）,,EXCLUDE,中,,,保单|保险公司|保险机构|分支机构,保险中介机构|保险公估|保险经纪|保险经纪公司|保险经纪机构,[title]…关于印发《保险中介机构法人治理指引（试行）》和《保险中介机构内部控制指引（试行）》的通知（已废止） 保监发〔2005〕21号。各保险…,32639,True,True,RFN-27f996b11536bc0b;RFN-27f996b11536bc0b
nfra,041414ba1261674d90a6ac64c2c1b90000b241861c276aec60172dced66aa52e,保监发〔2005〕18号,关于废止部分规范性文件的通知,,BOUNDARY,低,人身保险|寿险,保险代理人|保险兼业代理,,保险公估|保险经纪公司,[body]…7、关于印发《机动车辆保险条款》和《机动车辆保险费率规章》的通知(保监发〔2000〕16号) 18、关于印发《人身保险产品备案管理暂行办法》的通知（保监发〔2000〕20号） 19、关于调整高级管理人员任职资格审查范围和改变内部…,5152,True,True,RFN-28398a5340b9cd20;RFN-28398a5340b9cd20
nfra,2de47e389d6de194e4baa2c0d4c120ade33824e54a22f52360a292ddb4c38622,保监发〔2005〕16号,关于印发《保险公司股票资产托管指引（试行）》的通知,,EXCLUDE,中,,,保险公司|保险机构|保险资产管理|保险资金,商业银行|银行业,[meta]…于印发《保险公司股票资产托管指引（试行）》的通知 保监发〔2005〕16号。各保险公司、保险资产管理公司，国有商业银行、股份制商业银行、外资银行、各银监局：。为落实《保险机构投资者股票投资管理暂行办法》，规范保险公司股票资产托管…,7298,True,True,RFN-9cf88306f033a503;RFN-9cf88306f033a503
nfra,62a9329b668ec127207396fe8198c7b5f2775626261942fdbe1cc5bbb921cf78,保监发〔2005〕10号,关于印发《保险公司非寿险业务准备金管理办法实施细则（试行）》的通知,,BOUNDARY,低,人寿保险|健康保险,,,再保险公司|财产保险公司,[body]…2004〕13号）（以下简称“《试行办法》”），制定本实施细则。 第二条  《试行办法》所称非寿险业务，是指除人寿保险业务以外的保险业务，包括以下保险业务及其再保险业务： （一）   企业财产保险 （二）   家庭财产保险 （三…,16436,True,True,RFN-729498e73f46623f;RFN-729498e73f46623f
nfra,663f6ccca5dd7df95434ef7b11458e2d5f3c00a61d4097048f122bf69c8a34db,保监发〔2005〕9号,关于加强非寿险精算责任人任职管理的通知（已废止）,,EXCLUDE,中,,,保险公司,再保险公司|财产保险公司,[meta]…关于加强非寿险精算责任人任职管理的通知（已废止） 保监发〔2005〕9号。各财产保险公司、再保险公司：。为加快财产保险公司、再保险公司精算人才的培养，促进非寿险精算制度的发展，经我会研究，现就加强精…,644,True,True,RFN-fef5b435a7151c22;RFN-fef5b435a7151c22
nfra,9a63025321bc3bb0a2f7b0564a8195c796388cbd9ad74e59514dbf2a18d77324,保监发〔2005〕7号,关于进一步加强保险业诚信建设的通知（已废止）,,BOUNDARY,低,健康险,,,,[body]…询系统，并在此基础上逐步实现全国联网，为全面加强保险业诚信建设奠定基础；要从广大被保险人反映最强烈的机动车险、健康险理赔服务等方面入手，明确承诺理赔服务的时间、程序、标准等，逐步制定行业服务标准，向社会公开承诺，并通过签订自律…,3979,True,True,RFN-06e6f7e1ded1d4ad;RFN-06e6f7e1ded1d4ad
nfra,5f2a799da04cd4f949a1c8a3707978c5389ad682d7e96636cdf9c7aafcc988fb,保监发〔2005〕4号,关于保险公司提存资本保证金有关问题的通知,,BOUNDARY,低,人寿保险,,,商业银行,[body]…管理委员会备案。  甲方：中国银行上海分行（盖章） 法定代表人（或授权委托人）：(签字) 日期：年月日 乙方：人寿保险股份有限公司(盖章) 法定代表人（或授权委托人）：(签字) 日期：年月日 保监发〔2005〕4号 各保险公司：…,4285,True,True,RFN-487f0efea49079f1;RFN-487f0efea49079f1
nfra,8bbc8e498e861dc535752b237aa590c7b5f4bc0fa56392fdc563452bc1c60e26,保监发〔2005〕1号,关于印发《保险中介机构外部审计指引》的通知,,EXCLUDE,中,,,,保险中介机构|保险公估|保险经纪机构,[title]…关于印发《保险中介机构外部审计指引》的通知 保监发〔2005〕1号。各保监局、保险中介机构：。为充分发挥外部审计的作用，提高保险中介…,4812,True,True,RFN-6106eb1cfa89c082;RFN-6106eb1cfa89c082
nfra,ba893ad8aec01f65aaa88028566d5233c2644f6c1f1eee6e34043be0f5f32530,保监发〔2000〕229号,关于印发《精算报告》的通知,,INCLUDE,中,人身保险|健康保险|养老保险公司|寿险,,,,[meta]…关于印发《精算报告》的通知 保监寿险〔2005〕8号。各寿险公司、各养老保险公司、各寿险公司筹备组、各养老保险公司筹备组、各健康保险公司筹备组：。…,1153,True,True,RFN-493a2f2faf9b4026;RFN-4227deb76c02cc07
nfra,9eb854c4ff53b66bb06929c62f819c502dff679b7fc3b4297c3d3d23a8791ff8,,财产保险公司保险条款和保险费率管理办法,,EXCLUDE,中,,,保险公司|保险机构|保险条款|偿付能力,财产保险公司,[title]…财产保险公司保险条款和保险费率管理办法 保监会令（2005）号  2005年11月10日。第一章 总则。第一条 为了改善和…,10184,True,False,
nfra,e3a74dad116d16c9b409ace1f9e6e66654d23ee4495e29356955178e4eefef2d,,中国保险监督管理委员会行政处罚程序规定,,EXCLUDE,中,,保险兼业代理,保险公司|保险公司分支机构|保险机构|保险资产管理|分支机构,保险中介机构|保险公估|保险经纪|保险经纪机构,[body]…机构、保险经纪机构和保险公估机构。 本规定所称保险许可证，是指经营保险业务许可证、经营保险代理业务许可证、经营保险兼业代理业务许可证、经营保险经纪业务许可证和经营保险公估业务许可证。 第二章 管辖 第九条 派出机构负责对辖区内下列机…,32182,True,True,RFN-1540c2ebea0b9c67
nfra,74854a1f11a79a2055ac494261419511eb23b89e84314333b7208bb52302c008,,再保险业务管理规定,,EXCLUDE,中,人身保险公司,,,保险经纪|保险经纪机构|再保险公司|财产保险公司,,6956,True,True,RFN-5816d1163e51a4b0
nfra,77e114c90472200e09c2885f5b4a96b51a6370aa4dd45dd7e254310f078549a3,,中国保险监督管理委员会信访工作办法 ,,EXCLUDE,中,,保险兼业代理,保险产品|保险公司|保险资产管理|分支机构,保险中介机构|保险公估|保险经纪机构,[body]…处理，参照本办法执行。 第五十条 本办法所称保险中介机构，是指经中国保监会或者派出机构批准设立的保险代理机构、保险兼业代理机构、保险经纪机构和保险公估机构。 第五十一条 本办法由中国保监会负责解释。 第五十二条 本办法自2005 年…,14803,True,False,
nfra,5083e03f34f969e1bf46d0e0df556b284a287c5b9e0b139cf9af53f6dc5250e4,保监发〔2005〕109号,关于实施《财产保险公司保险条款和保险费率管理办法》有关问题的通知（已废止）,,EXCLUDE,中,,,保险产品|保险公司|保险条款|保险消费者,财产保险公司,[title]…关于实施《财产保险公司保险条款和保险费率管理办法》有关问题的通知（已废止） 保监发〔2005〕109号。各财产保险公司、各保监局：。…,4040,True,False,
nfra,23938abe3984e9dad48aed712a3033101d4a006d65a24013526607f9ef762a2d,,保险保障基金管理办法（已失效）,,BOUNDARY,低,人寿保险|人寿保险公司|健康保险,,,再保险公司|财产保险公司,[body]…人、被保险人或者受益人。 本办法所称保单受让公司，是指在保险公司被撤销或者被宣告破产的情形下，接受其依法转让的人寿保险合同的人寿保险公司。 第三条 保险保障基金分为财产保险公司保障基金和人寿保险公司保障基金。 财产保险公司保障基…,5857,True,True,RFN-9334fdf16b283e1a
nfra,c0680c47ffe3af1bf99f435b687006fce2974efba6a611b6c08e7feaf3196de9,,保险经纪机构管理规定（已废止）,,EXCLUDE,中,,,保单|保险产品|保险公司|分支机构,保险中介机构|保险公估|保险经纪|保险经纪公司|保险经纪机构|再保险公司|商业银行,[title]…保险经纪机构管理规定（已废止） 保监会令（2004）15号　2004年12年月15日。第一章　总 则。第一条　为了规范保险…,33588,True,True,RFN-618dc2b29e8a780c
nfra,a782b5dbab3945a70f4776002501b192f96d4a0ac190d88b1e9e87203f0d11d1,,保险代理机构管理规定（已废止）,,BOUNDARY,低,人寿保险,,,保险中介机构|保险公估|保险经纪机构|商业银行,[body]…支机构及其业务人员进行保险法律和业务知识培训及职业道德教育。 保险公司委托保险代理机构或者保险代理分支机构销售人寿保险新型产品的，应当按照中国保监会的有关规定，对销售人寿保险新型产品的保险代理机构或者保险代理分支机构的业务人员进…,35799,True,True,RFN-d0c1746c53b0665a
nfra,ee06ae01a91de5cd70344ad08b4e1851136467f09d73b000559069fafcb74aef,,保险公司非寿险业务准备金管理办法（试行）,,BOUNDARY,低,人寿保险|健康保险,,,再保险公司|财产保险公司,[meta]…偿付能力充足，保护被保险人利益，根据《中华人民共和国保险法》，制定本办法。第二条 本办法所称非寿险业务，是指除人寿保险业务以外的保险业务，包括财产损失保险、责任保险、信用保险、短期健康保险和意外伤害保险业务以及上述业务的再保险业…,4207,True,False,
nfra,4bc1dd28373be8b69e6d109b0c4da18ec774aabc53ca008818df126338d32374,,保险机构投资者股票投资管理暂行办法,,BOUNDARY,低,寿险,,,商业银行,[body]…。 第十六条 保险机构投资者为投资连结保险设立的投资账户，投资股票的比例可以为100％。 保险机构投资者为万能寿险设立的投资账户，投资股票的比例不得超过80％。 保险机构投资者为其他保险产品设立的独立核算账户，投资股票的比例…,15344,True,True,RFN-12cf62e3a31125ba
nfra,e51eec30c77dbc6c7ac80f45db7a7d5ea0ff1aab958802646bd7ba7b44be6e3d,,保险统计管理暂行规定,,EXCLUDE,中,,,保险公司|保险机构|保险资产管理|分支机构,保险中介机构,[body]…、行政法规或者中国保监会有规定的，适用其规定；法律、行政法规或者中国保监会没有其他规定的，适用本规定： （一）保险中介机构； （二）保险集团公司； （三）保险控股公司； （四）政策性保险公司； （五）保险资产管理公司。 第四十二条…,8736,True,True,RFN-343f71b90c38ef6c
nfra,4d0596c4a642513a64c4ceff2571c0243d9864e1398af76ab24080a8e322887c,,保险公司次级定期债务管理暂行办法（已失效）,,BOUNDARY,低,,,保单|保险公司|保险资产管理|偿付能力,,[title]…保险公司次级定期债务管理暂行办法（已失效） 保监会令（2004）10号 2004年9月29日。第一章总则。第一条 为了…,7504,True,False,
nfra,28fb2b74386493381b5ddffe3ed5455ffe6a4423da75df0e2ce5775c8cc8adb5,,保险外汇资金境外运用管理暂行办法（已失效）,,EXCLUDE,中,,,保险公司|保险公司分支机构|保险资产管理|保险资金|偿付能力,商业银行,[body]…、大额可转让存单等货币市场产品； （五）国务院规定范围内的其他投资品种和工具。 前款第（一）项所称银行是指中资商业银行的境外分行和国际公认评级机构最近3年对其长期信用评级在A级或者相当于A级以上的外国银行。 前款第（二）项所称债…,12763,True,False,
nfra,ece033630d6b84a3d9ec65080102b33f13b422df0ca1b67abf8b8410990f5a66,,中国保监会行政许可事项实施规程,,EXCLUDE,—,,,,,,1474,True,False,
nfra,a155bd38a7b4fe71e8743bb05d9320c98726c4e98e83c0a448ec2ff0859cee9b,,中国保险监督管理委员会派出机构监管职责规定,,EXCLUDE,中,,保险兼业代理,保险产品|保险公司|保险公司分支机构|保险机构|保险条款|分支机构,保险中介机构|保险公估|保险经纪机构,[body]…、营销服务部。 本规定所称保险中介机构，是指保险经纪机构、保险公估机构、保险代理机构和上述机构的分支机构，以及保险兼业代理机构。 第二章 机构管理 第六条 派出机构负责辖区内下列中资保险公司分支机构的机构管理工作： （一）核准保险公…,6692,True,True,RFN-95f1d09ecebd3704
nfra,66086da3c2c4b33d19dd3c363c658e540b2ebc7866711894883ef32605e3d120,,人身保险产品审批和备案管理办法,,INCLUDE,高,人寿保险|人身保险|人身保险公司|健康保险,,,,[title]…人身保险产品审批和备案管理办法 保监会令（2004）6号　2004年6月30日。第一章　总则。第一条　为了规范对人身保…,15375,True,True,RFN-35efc275afb4df57
nfra,bb1407acaed7f59dfbad1c115b3c25fdc84901b30cc26be69e90b40f44d5c86d,,中国保险监督管理委员会行政许可实施办法,,BOUNDARY,低,,,保险机构,,[meta]…员会（以下简称中国保监会）及中国保监会派出机构（以下简称派出机构）行政许可的实施，提高保险监管效率，维护公民、保险机构、其他法人和组织的合法权益，根据《中华人民共和国行政许可法》、《中华人民共和国保险法》，制定本办法。…,8602,True,True,RFN-9c05fe4a81dd1270
nfra,3f84806dbfb1ab597626df55018069eed5eabfcf2e51f140e99ec494c507aee7,,中华人民共和国外资保险公司管理条例实施细则,,BOUNDARY,低,人身保险|寿险,,,再保险公司|商业银行|财产保险公司,[meta]…公司，是指在中国境外注册、经营保险业务的保险公司。第三条　外国保险公司与中国的公司、企业合资在中国境内设立经营人身保险业务的合资保险公司（以下简称合资寿险公司），其中外资比例不得超过公司总股本的50％。     保监会令（200…,11582,True,True,RFN-b53296b4adf450b5
nfra,230894938f1dfc7164213b2aac6bb8802ad5efb7921c6cdb832f623bd25cd886,,保险公司管理规定（已失效）,,BOUNDARY,低,人寿保险|人寿保险公司|人身保险|健康保险,保险代理人,,保险经纪|再保险公司|财产保险公司,[body]…险业务； （七）短期健康保险和意外伤害保险； （八）上述保险业务的再保险业务。 第四十八条 经中国保监会核定，人寿保险公司可以经营下列全部或者部分保险业务： （一）意外伤害保险； （二）健康保险； （三）传统人寿保险； （四）人寿保…,20125,True,True,RFN-7c332846273ed3ae
nfra,3160b958178ec94584debaf08f3c641aa0bbaa29a4c65637a74e329e09591ebf,,保险资产管理公司管理暂行规定,,BOUNDARY,低,人寿保险,,,商业银行,[body]…受到行政处罚； （三）净资产不低于10亿元人民币；总资产不低于50亿元人民币，其中保险控股（集团）公司和经营有人寿保险业务的保险公司总资产不低于100亿元人民币； （四）符合中国保监会规定的偿付能力要求； （五）具有完善的法人治…,11125,True,True,RFN-7df79dfa0ca9273d
nfra,6c43deeed53b6b522d45dd677a5b71145cb020d88a9c9f630da89a5e7500d9c5,,外国保险机构驻华代表机构管理办法,,EXCLUDE,中,,,保险公司|保险机构,保险中介机构|再保险公司,[meta]…需要，根据《中华人民共和国保险法》，制定本办法。第二条 本办法所称外国保险机构，是指在中国境外注册的保险公司、再保险公司、保险中介机构、保险协会及其它保险组织。     保监会令（2004）1号   2004年1月15日 第一章…,8431,True,False,
nfra,269de38643959732936309134e999d645030d399fb1bd8f44e5cd3eccc7587c5,,保险业重大突发事件应急处理规定,,INCLUDE,中,,保险营销员,保险公司|保险公司分支机构|保险营销|偿付能力|分支机构,,[body]…致破产的； （四）保险公司计算机系统发生系统性故障，造成大量客户数据资料丢失； （五）100名以上的投保人或者保险营销员集体上访、静坐或者采取其他过激行为，或者虽然不足100人但影响恶劣的； （六）100名以上投保人集体退保或者起…,9680,True,True,RFN-d1e9c4ec9864d827
nfra,3ac7b7158b03c6e0ff0c15a4bc9f321472b500b626482b537bc81c352d68018a,,关于修改《保险公司高级管理人员任职资格管理规定》有关条文的决定,,BOUNDARY,低,,,保险公司|分支机构,,[title]…关于修改《保险公司高级管理人员任职资格管理规定》有关条文的决定 保监会令（2003）2号　2003年7月23日。为适应保险业快速…,2645,True,True,RFN-4c8943024a0dad29
nfra,4626d323221e923537e8beb3338d81a6adaf1eba89e239ae615a5ebad4dbb28d,,保险公司偿付能力额度及监管指标管理规定,,INCLUDE,中,人寿保险|人寿保险公司|人身保险|健康险|寿险,,,再保险公司|财产保险公司|财产险,[body]…和减去摊回分保赔款和追偿款收入。 经营不满三个完整会计年度的保险公司，采用本条第（一）项规定的标准。 第五条 人寿保险公司最低偿付能力额度为长期人身险业务最低偿付能力额度和短期人身险业务最低偿付能力额度之和。 长期人身险业务是指保险…,13171,True,True,RFN-8ddaa2d599ece982
nfra,a7ff23a998e0428d33dae1c336de4c728da53ffab5d2ff265b405846ce6709a1,,再保险公司设立规定,,EXCLUDE,中,,,保险公司,再保险公司,[title]…再保险公司设立规定 保监会令（2002）4号　2002年9月17日。第一条 为促进再保险市场的发展，规范再保险公司的设立…,1718,True,True,RFN-a1164d47f2059174
nfra,f4429d0488a9f0efde07152d2480bc5b67f71b8cb388ac4266d8da5fdd1eeceb,,保险公司高级管理人员任职资格管理规定,,BOUNDARY,低,,,保险公司|保险公司分支机构|保险机构|分支机构,,[title]…保险公司高级管理人员任职资格管理规定 保监会令（2002）2号　2002年3月1日。第一章　总则。第一条　为加强对保险…,9133,True,True,RFN-f432dd77b4336bd4
nfra,7fbd1bb91955e8ee2442a829e9e33ee3a5721995472246eba980674949eb85cd,,保险公司营销服务部管理办法,,BOUNDARY,低,寿险,,,,[body]…工商行政管理其他规定的，工商行政管理机关依法予以查处。 第十二条 保险公司在本办法实施以前设立的农村代办站所和寿险营销部等服务网点均应当按本办法规范。 第十三条 本办法由中国保险监督管理委员会和国家工商行政管理总局负责解释。…,2987,True,True,RFN-4eb8cd10ea814656
nfra,39b53ac9ff034ac50e969e04846a483164ac820096c2c7774a951c68f3287d3f,,人身保险新型产品信息披露管理暂行办法,,INCLUDE,高,人身保险,,,,[title]…人身保险新型产品信息披露管理暂行办法 保监会令（2002）6号　2001年12月6日。第一章　总则。第一条　为促进人身…,7591,True,True,RFN-3f113686e748a98f
nfra,0b6c373c2b73c03f3dbad9a2cb6253e43982a58e79f8eb7a554bfcc35ad5c49a,,保险公估机构管理规定 ,,EXCLUDE,中,,,保险公司,保险公估|商业银行,[title]…保险公估机构管理规定  保监会令（2001）3号　2001年11月16日。第一章　总则。第一条 为保护投保人、被保险人…,14708,True,True,RFN-955e2d85ba32511d
nfra,124dc47e896c578e0adbdc28e70545444611e99f3c2f985ebf4f016b290fae26,保监发〔2004〕155号,关于印发《保险公司偿付能力报告编报规则——问题解答第2号：次级债、可转换债券、股票和境外外汇投资资产》的通知,,BOUNDARY,低,,,保险公司|偿付能力,,[title]…关于印发《保险公司偿付能力报告编报规则——问题解答第2号：次级债、可转换债券、股票和境外外汇投资资产》的通知 保监发〔2004〕…,701,True,True,RFN-ed0821042af9e6c2;RFN-ed0821042af9e6c2
nfra,f2ebf211ac7a92b2cdf69aaebcab65a262e2e051fafe2bd2da99ea8e562ff607,保监发〔2004〕115号,关于印发《外资保险公司与其关联企业从事再保险交易的审批项目实施规程》的通知（已废止）,,EXCLUDE,中,,,保险公司,,,1544,True,False,
nfra,92869b17839edf13ccc34cb6d8e7c54de4db4c3df2c4e3f79e17652359e5a84f,保监发〔2004〕111号,关于调整机动车三者险费率管理权限问题的通知（已废止）,,EXCLUDE,中,,,保险公司|分支机构,财产保险公司,[meta]…关于调整机动车三者险费率管理权限问题的通知（已废止） 保监发〔2004〕111号。各中资财产保险公司、各保监局：。为适应民事赔偿法律环境的变化，深化车险费率改革，促进车险业务的持续健康快速发展，充分保障被保险人…,1357,True,False,
nfra,df64b6670c0cf3ebce3591588b5a881d5179fcb4cd5c211e88e36fb76b6b8573,保监发〔2004〕44号,关于调整机动车第三者责任保险及其附加险条款费率等有关问题的紧急通知（已废止）,,EXCLUDE,中,,,保单|保险公司,财产保险公司,[meta]…关于调整机动车第三者责任保险及其附加险条款费率等有关问题的紧急通知（已废止） 保监发〔2004〕44号。各中资财产保险公司、各保监局、中国保险行业协会：。为贯彻落实《中华人民共和国道路交通安全法》和最高人民法院《关于审理人身损害赔偿…,1422,True,False,
nfra,ed532fccfb1836fcf249b53e0b63fd21be12a0e834bd2df4e53d3193209a8e2d,保监发〔2004〕154号,关于印发偿付能力报告编报规则实务指南的通知,,BOUNDARY,低,,,保险公司|偿付能力,,[title]…关于印发偿付能力报告编报规则实务指南的通知 保监发〔2004〕154号。各保险公司：。为有助于保险公司贯彻执行偿付能力报告编报…,702,True,True,RFN-9e05d39470849861;RFN-9e05d39470849861
nfra,286e13f87898274ce0354c5b5ebab90b235dc8a5867aa03a9e74dd9373ed40c5,保监发〔2004〕39号,关于机动车第三者责任强制保险有关问题的通知,,EXCLUDE,中,,,保险公司|保险公司分支机构|保险消费者,财产保险公司,[meta]…关于机动车第三者责任强制保险有关问题的通知 保监发〔2004〕39号。各中资财产保险公司、各保监局、中国保险行业协会：。为贯彻落实《中华人民共和国道路交通安全法》（以下简称《道交法》）中实行机动车第…,2455,True,False,
nfra,f01b742a66152394e4b62aa2ba9c1003c98a3bd6265d3087d8ac242c3486097e,保监发〔2004〕153号,关于印发偿付能力报告编报规则的通知,,BOUNDARY,低,,,保险公司|偿付能力,,[title]…关于印发偿付能力报告编报规则的通知 保监发〔2004〕153号。各保险公司：。为加强偿付能力监管，科学评估保险公司的偿付能力，…,619,True,True,RFN-548f7e693ca95808;RFN-548f7e693ca95808
nfra,27fc83da85ea205c53844c6d16ff663ec2ce742adb2aa58b63b8e78f6db3b1c0,保监发〔2004〕34号,关于实施财产保险公司条款费率事后备案制度有关问题的通知（已废止）,,EXCLUDE,中,健康险,,,财产保险公司,,3224,True,False,
nfra,b41d82ebf94e87ed1683ade7c516a699951bebf18ac9e88fb2d2f4af4bec56a0,保监发〔2004〕95号,关于报送偿付能力季度报告的通知,,INCLUDE,中,人寿保险公司,,,再保险公司|财产保险公司,[body]…EXCEL表格文件报送。 四、报送时间 （一）资产总额在10亿元以下的财产保险公司和资产总额在100亿元以下的人寿保险公司应在第一、二、三季度结束后20日内向中国保监会报送季报。资产总额在10亿元（含10亿元）以上的财产保险公司和资…,3375,True,True,RFN-85a6030f8bc7cc5e;RFN-85a6030f8bc7cc5e
nfra,4ca4cc6eaa0fc10df97cb29427621249bae3d6d089faf92cdc7a630e3551039c,保监发〔2003〕121号,关于印发《保险公司偿付能力报告编报规则——问题解答第1号》的通知,,BOUNDARY,低,,,保单|保险产品|保险公司|保险资金|偿付能力,,[title]…关于印发《保险公司偿付能力报告编报规则——问题解答第1号》的通知 保监发〔2003〕121号。各保险公司：。随着保险业的快速发展…,2637,True,True,RFN-b9b9df17265cea39;RFN-b9b9df17265cea39
nfra,1f94d077ada5609e88a57076c998da0af1193f51a898b16d21e1b8ae72ad0622,保监发〔2003〕40号,关于做好2002年度偿付能力报告编报工作的通知（已失效）,,INCLUDE,中,人寿保险公司|寿险,,,财产保险公司,[body]…债表时所采取的会计政策以及报表项目的明细内容。 九、监管指标报告部分包括监管指标报表和计算说明，财产保险公司和人寿保险公司的监管指标报表表样分别见本通知的附件1和附件2。 在监管指标报表的“是否超标”一栏内，若指标值在正常值范围内，…,5087,True,True,RFN-82e986d9b63dd5ee;RFN-82e986d9b63dd5ee
nfra,ee48f2ef7efe4f2d37b4ba83a1f42b5a3bfa02baadeab47658a78cd9d0ff0616,,中国保险监督管理委员会行政复议办法 ,,EXCLUDE,中,,,保险公司|保险机构|分支机构,保险中介机构,[body]…保险法》、《公司法》等有关法律、法规，经中国保监会批准设立、颁发许可证，并依法登记注册的保险公司及其分支机构和保险中介机构。 第三条 本办法所称复议机关是指中国保监会，复议机关统一受理复议申请、依法对中国保监会及其派出机构的具体行政…,11907,True,True,RFN-c056c6f9e940201b
nfra,fa8a3053e3146d34edfe696f77664ec40be098cbf85fa585536dc9199902391b,国发〔2000〕42号,关于做好2002年年度报告编报工作的通知,,INCLUDE,中,人寿保险公司|健康险|养老保险|寿险,,,再保险公司|财产保险公司|财产险,[body]…年度内重大事项（包括重大的投资、关联交易、再保险安排、赔付、合同、诉讼等）、财务报告、审计报告、其他事项。鼓励寿险公司在年报中披露内在价值（Embedded Value）有关信息。 四、财务报告至少应包括财务报表及其附注。财…,6058,True,True,RFN-a0df782531548881
nfra,2e93067c5982c3f2966bddf7b8820380b38d2d29c00bb4c48f93bdb991a8c04c,保监发〔2004〕20号,关于做好机动车第三者责任强制保险制度改革有关准备工作的通知（已废止）,,EXCLUDE,中,,,保险公司|保险条款|保险消费者,财产保险公司|财产险,[meta]…关于做好机动车第三者责任强制保险制度改革有关准备工作的通知（已废止） 保监发〔2004〕20号。各中资财产保险公司，各保监局，中国保险行业协会：。为贯彻落实《中华人民共和国道路交通安全法》关于实行机动车第三者责任强制保险（以…,3604,True,False,
nfra,1065de4e760487745e69ab6f47a739d617863fadf8fb54e3353d22d9d9b888ba,保监发〔2004〕7号,关于规范汽车消费贷款保证保险业务有关问题的通知,,EXCLUDE,中,,,保单|保险公司|保险机构|保险条款|分支机构,财产保险公司,[meta]…关于规范汽车消费贷款保证保险业务有关问题的通知 保监发〔2004〕7号。各保监办、各财产保险公司、各保险行业协会：。汽车消费贷款保证保险（以下简称“车贷险”）自开办以来，对推动我国汽车消费信贷和汽车消费市场…,6005,True,False,
nfra,e56be2f99aca33e363ab518d546c1a484672dbc8bdd4427ae771551c318949fa,保监发〔2004〕6号,关于车险费率调整权限等有关问题的通知（已废止）,,EXCLUDE,中,,,保险公司|保险公司分支机构|分支机构,财产保险公司|财产险,[meta]…关于车险费率调整权限等有关问题的通知（已废止） 保监发〔2004〕6号。各财产保险公司、各保监办：。为深化车险费率改革，增强车险费率调节的灵敏度，完善车险监管体制，提高车险条款费率审批效率，促进保…,1818,True,False,
nfra,cbaa6f4656d36f88b0eac12b24516695edb04b62ff5d71193d0b585db2756efc,保监发〔2004〕151号,关于印发《保险政务信息工作管理办法》的通知,,BOUNDARY,低,,,保险公司,,[meta]…关于印发《保险政务信息工作管理办法》的通知 保监发〔2004〕151号。各保险公司、各保监局、保监会机关各部门、中国保险行业协会、中国保险学会：。为进一步健全保险行业信息网络、拓宽信息覆盖面、…,632,True,False,
nfra,836a952709c085ce377e2907ad653a517822e8f83bcdce5a705e30f92598e13d,保监办函〔2003〕102号,关于统括保单承保问题的复函,,BOUNDARY,低,,,保单|保险公司,,[title]…关于统括保单承保问题的复函 保监办函〔2003〕102号。三井住友海上保险公司上海分公司：。你公司《三井住友海上保险公司上…,734,True,False,
nfra,20d47bb2957f7b401a8cf5a9b4bab2c8049090ee5360e5a819e9678bb1603acd,保监发〔2003〕83号,关于财产保险投标业务有关问题的通知,,EXCLUDE,中,,,保单|保险公司|保险条款,财产保险公司,[meta]…关于财产保险投标业务有关问题的通知 保监发〔2003〕83号。保监办，各财产保险公司：。为支持政府采购制度改革工作，鼓励财产保险公司积极参与政府采购或企业招标过程中的财产保险投标活动，促进财产保…,1485,True,False,
nfra,437dd411681702012c8113cf3dddcff72531002acce5c10e50f170a2dae8e9ac,保监厅发〔2004〕83号,关于严禁利用部分公司偿付能力不足信息诋毁同业的紧急通知（已失效）,,INCLUDE,中,寿险,,,,[meta]…关于严禁利用部分公司偿付能力不足信息诋毁同业的紧急通知（已失效） 保监厅发〔2004〕83号。各寿险公司、各保监局：。近期，我会对一些偿付能力不足的寿险公司下发了监管意见书，并采取了相应的监管措施。为防止其他公…,650,True,True,RFN-c942d80963902535;RFN-c942d80963902535
nfra,47dd87953e03d467758bd0e3c2624c71706e77cbc3da2c9627ad1b85bbe5143e,保监发〔2000〕16号,关于《机动车辆保险条款》的性质等有关问题的批复,,EXCLUDE,中,,,保单|保险产品|保险公司|保险条款,,,1691,True,False,
nfra,5ea6dc599deaa589af99afda7cfb65249171d62f06e535bd04d7a3a94d6601af,中华人民共和国国务院令第412号,关于保留的行政许可项目的通知,,EXCLUDE,中,,保险兼业代理,保险公司|保险公司分支机构|保险机构|保险条款|保险资产管理|保险资金|分支机构|投资连结保险,保险中介机构|保险公估|保险经纪|保险经纪公司,[body]…37 保险公司可投资企业债券的信用评级机构核准 保监会 38 保险公司拓宽保险资金运用形式审批 保监会 39 保险兼业代理资格核准 保监会派出机构 40 保险代理机构分支机构设立审批 保监会派出机构 41 保险经纪公司分支机构设立审…,4448,True,False,
nfra,f882be92e8b82bdf8c90f5a4389061e4be98a8528157195a04e3d889f307ad8a,保监发〔2003〕64号,关于加强投资型财产保险产品管理的通知（已废止）,,EXCLUDE,中,,,保单|保险产品|保险公司|保险消费者,财产保险公司,[meta]…关于加强投资型财产保险产品管理的通知（已废止） 保监发〔2003〕64号。各保监办，各财产保险公司：。近期，中国人民保险公司北京分公司发现不法分子利用伪造该公司投资型保险保单进行诈骗活动的犯罪行为。不法分子主…,1356,True,False,
nfra,b1f3353bd4673a0a9947a83dbabd215dab5251c6f79d668d911a41324afac22f,保监发〔2003〕38号,关于规范无赔款优待管理问题的通知（已废止）,,EXCLUDE,中,,,保险公司|保险公司分支机构|分支机构,财产保险公司,[meta]…关于规范无赔款优待管理问题的通知（已废止） 保监发〔2003〕38号。各保监办、各财产保险公司：。车险管理制度改革以来，市场运行基本平稳，较好地满足了车险市场不同消费群体的需求，但有些保险公司分支机构对新…,1296,True,False,
nfra,28c7fad1be6e83b9e6e917d5558466ca024eef549f6163b4896f22b0b0ba19b6,保监发〔2003〕26号,关于对财产保险公司放宽精算责任人条件要求的通知（已废止）,,EXCLUDE,中,健康保险,,,财产保险公司,,450,True,False,
nfra,ae909b632b59fd9af6f99e3ba6046825d1be925a61b916e562a2dd0f77bdd016,保监发〔2003〕23号,关于加强航空意外保险规范管理的补充通知（已废止）,,INCLUDE,中,,保险代理人,保单|保险产品|保险公司,,[body]…励航空意外保险产品的多样性和电脑联网方式的多样性， 禁止保险公司以不正当手段阻扰其他保险公司跟网络服务供应商及保险代理人之间的正常商业合作形成技术垄断或者市场垄断。  四、 各保险公司应当加强航空意外保险的保单管理和保单防伪工作，…,1769,True,True,RFN-73a271f381feb48f;RFN-73a271f381feb48f
nfra,5257772544396254c048ee070da4a9e9f354ef84db03f9b1fb9cbd9f12a9e303,保监发〔2003〕20号,关于印发《财产保险公司分支机构监管指标（试行）》的通知,,EXCLUDE,中,,,保险公司|保险公司分支机构,财产保险公司,[title]…关于印发《财产保险公司分支机构监管指标（试行）》的通知 保监发〔2003〕20号。各保监办：。为加强对财产保险公司分支机构的监管，促…,1101,True,False,
nfra,255505ae06f90c00225c05642c84d870d3840eeb8b0a1b8020401d5f5b273f7f,保监发〔2002〕79号,关于非寿险业务保费收入确认的通知,,BOUNDARY,低,,,保险公司|偿付能力,,[meta]…关于非寿险业务保费收入确认的通知 保监发〔2002〕79号。各保险公司：。近年来，一些保险公司对应收保费不入财务账进行核算的行为屡见不鲜，这不仅违反了《保险公司会计制度》，使保险公…,734,True,True,RFN-d08eab811bdb7d63;RFN-d08eab811bdb7d63
nfra,00eb0bfc4eb4e8ca4a7d426a29cfd1f0b85af63a99c1e57820e53f0a59a34bd9,保监发〔2003〕13号,关于停止使用原车险统颁条款的通知（已废止）,,EXCLUDE,中,,,保险公司,财产保险公司,[meta]…关于停止使用原车险统颁条款的通知（已废止） 保监发〔2003〕13号。各保监办，各财产保险公司：。车险管理制度改革以来，车险市场运行基本正常，实现了新旧管理制度平稳过渡的改革目标。但部分保险公司同时使用两…,853,True,False,
nfra,5d7f04491c1478bdac0f9d51125c79c4f61eb17498394cc5078247eb6108e365,保监发〔2002〕137号,关于印发《机动车辆保险监管职责划分》的通知（已废止）,,EXCLUDE,中,,,保险公司,,,476,True,False,
nfra,c1db711d4eca66b3502c8b8bfeb28ab7211944f3ddad98a1f9a8965d63646317,保监发〔2002〕136号,关于进一步做好机动车辆保险管理工作的通知（已废止）,,EXCLUDE,中,,保险代理人,保单|保险公司|保险条款|保险理赔|分支机构,财产保险公司,,4124,True,False,
nfra,51765c704fbb4b14834772dee0a56268c4d656d60acc0cb9b6018c9a1ea1b5ac,保监发〔2002〕133号,关于财产保险公司经营短期健康保险和意外伤害保险有关问题的通知（已废止）,,EXCLUDE,中,人身保险|健康保险|健康险,,,财产保险公司,,1379,True,False,
nfra,835cd5d195921d9395b13b519a569d3f71be1481086a0e816b14267431153527,保监发〔2002〕128号,关于印发《财产保险公司分险种监管报表（试行）》的通知（已废止）,,EXCLUDE,中,,,保险公司,财产保险公司,[title]…关于印发《财产保险公司分险种监管报表（试行）》的通知（已废止） 保监发〔2002〕128号。各财产保险公司：。现将《财产保险公司分险…,739,True,False,
nfra,7a0d4ce5e1752b9dee0aae50a9f101eedd6defba16a1c8d32d9099e21c900c7f,保监发〔2001〕6号,关于保险公司资本保证金存放商业银行有关规定的通知,,EXCLUDE,中,,,保险公司,商业银行,[title]…关于保险公司资本保证金存放商业银行有关规定的通知 保监发[2001]6号。各保险公司：。根据《保险公司管理规定》第七十五条规定，我会允许保险公司…,1288,True,True,RFN-e1d0f34066dc3646;RFN-e1d0f34066dc3646
nfra,97f64ceb2266b73f50d9a08845b21d8ebc30decf56cf0c56a10d9a3a548936e1,保监发〔1999〕235号,关于保险公司委托会计师事务所开展审计业务有关问题的通知,,BOUNDARY,低,,,保险公司,,[title]…关于保险公司委托会计师事务所开展审计业务有关问题的通知 保监发[1999]235号。各保险公司：。为加强对保险公司资本金、…,1912,True,True,RFN-796af192693bc064;RFN-796af192693bc064
nfra,3f49921d5468beefa649c6c399fc25bc34971848932f5c3cc6139075e48fbbf9,保监发〔2002〕109号,关于法定再保险有关政策的通知（已失效）,,EXCLUDE,中,,,保险公司,再保险公司,[body]…行。 三、法定再保险条件由分入、分出公司依照商业运行机制的原则进行协商。 四、分入、分出公司认为必要时，由中国再保险公司牵头、各直接保险公司参加，对《法定分保条件》及其《实施细则》进行修改，并于11月底前将修改结果报中国保监会。…,1068,True,False,
nfra,fba60797aef769707e937b91fe08af413ab32eef1c016e9dcb325535441bb08f,保监发〔2002〕95号,关于印发《机动车辆保险条款费率审批程序及核心内容》的通知（已废止）,,EXCLUDE,中,,,保险公司|保险条款,财产保险公司,[meta]…关于印发《机动车辆保险条款费率审批程序及核心内容》的通知（已废止） 保监发〔2002〕95号。各保监办，各财产保险公司、中国平安保险股份有限公司：。为保证机动车辆保险条款费率管理制度改革工作的顺利进行，提高车险条款费率审批工作的…,602,True,False,
nfra,3a8d88a69ee9be76a106376c452ac990fdd015ad4339ea19e172e82e9c532836,保监发〔2002〕93号,关于财产保险条款扩展开办区域问题的通知（已废止）,,EXCLUDE,中,,,保险公司|保险条款|分支机构,财产保险公司,[meta]…关于财产保险条款扩展开办区域问题的通知（已废止） 保监发〔2002〕93号。各财产保险公司，中国平安保险股份有限公司：。近来，部分保险公司在筹建新分支机构时，涉及到原备案条款扩展开办区域的问题。为提高…,758,True,False,
nfra,d34189776bb5a379f2b5f8bb5343050eddea419da2f15a39f8f5b1670c7c128b,保监发〔2004〕79号,关于印发已取消行政审批项目后续管理措施的通知,,EXCLUDE,中,,,保险公司|保险公司分支机构|保险机构|分支机构,保险中介机构,[body]…理措施一览表》印发给你们，请遵照执行，并就有关问题通知如下： 一、对于取消审批后不再管理的事项，由各保险公司、保险中介机构自主决定其后续管理措施，中国保监会及各保监局不再作出要求。 二、对于取消审批后建立报告制度的事项，各保险公司、…,1405,True,False,
nfra,71ea1d5e504445fc70eef972b504b128eac169e020066b52a1df247da84f818d,国发〔2004〕16号,关于第三批取消和调整行政审批项目的通知,,EXCLUDE,中,,,保险公司|保险公司分支机构|保险机构|分支机构,保险中介机构,[body]…文件不符的，以国发〔2004〕16号文件为准。 五、请各保监局接到本通知后，及时转发给辖内各保险公司分支机构、保险中介机构及其分支机构、外国保险机构驻华代表机构、保险行业协会、保险学会。 附件： 1、中国保险监督管理委员会第三批取消…,1252,True,False,
nfra,b6881da8ca8236d58585329245943a44d49ed7cc3cd706f5c499f352bd8fbe41,保监发〔2004〕52号,关于严厉打击境外保险机构在境内非法保险活动及保险诈骗活动的通知（已废止）,,INCLUDE,中,,保险代理人,保单|保险公司|保险机构,,[body]…已构成犯罪， 并被依法追究刑事责任的， 保监局不再予以行政处罚。  （二）境内保险机构或保险机构的工作人员、 保险代理人协助境外保险机构在境内非法从事保险活动， 或协助不法分子假冒境外保险机构在境内从事保险诈骗活动的， 对负有责任…,2362,True,True,RFN-b9383b393cc34ff5;RFN-b9383b393cc34ff5
nfra,46ea5d6759e3c00fce6f37a36f5c74de04b854de05a26b19dac644ebdf8cdd2b,国办发〔2003〕61号,关于就商业保险合同监管主体问题做好有关协调工作的通知,,BOUNDARY,低,人寿保险,,,,[body]…业实施监督管理”。 第 107 条进一步规定：“关系社会公众利益的保险险种、 依法实行强制保险的险种和新开发的人寿保险险种等的保险条款和保险费率， 应当报保险监督管理机构审批。 ……其他保险险种的保险条款和保险费率， 应当报保险…,2602,True,True,RFN-1d04d79e9ca9f279
nfra,0089ba3b53ba68b4a114e6dcc8b1f79ca43511484f2b448a48257bf5661e9476,保监发〔2004〕29号,关于严禁协助境外保险公司推销地下保单有关问题的通知,,INCLUDE,中,寿险,,,,[meta]…关于严禁协助境外保险公司推销地下保单有关问题的通知 保监发〔2004〕29号。各寿险公司：。近来，一些内地寿险公司的代理人直接或间接向内地客户宣传和推荐境外保单，甚至将内地保险公司的营业场所提供…,1017,True,True,RFN-30db7bb8ad56799b;RFN-30db7bb8ad56799b
nfra,70a22f3aef1cc47889f02d0288e9d52f47fb992a33bd39959a7a547fc964ed00,保监发〔2004〕25号,关于印发中国保监会派出机构内设处室及主要职责的通知,,INCLUDE,中,人寿保险|人寿保险公司|人身保险|健康险,保险兼业代理,,保险中介机构|再保险公司|财产保险公司,[body]…构高级管理人员任职资格；负责财产保险条款及费率的有关管理工作；研究财产保险市场运行情况，提出政策建议。 （三）人身保险监管处 承办对辖区内人寿保险市场的监管工作。根据国家法律法规及中国保监会规章，拟订和落实辖区内人寿保险市场监管…,5375,True,True,RFN-c32d310682f19c37;RFN-c32d310682f19c37
nfra,40efa1a66bbe2c2df3ad0f7389bf6ddb314520382d65218f7904003446d3d6a1,国办发〔2003〕61号,关于印发《中国保监会关于加强保险行业协会建设的指导意见》的通知（已废止）,,INCLUDE,中,人寿保险|人身保险,保险兼业代理,,保险中介机构|公估机构,[body]…组织，包括中国保险行业协会、各地方保险行业协会以及保险行业联合会。保险行业联合会是指由同一地方的财产保险协会、人寿保险协会和保险中介协会等组成的联合体。联合会为法人机构，所属各协会为联合会的分支机构，在联合会的统一领导下相对独立…,15209,True,True,RFN-d63780aab73653cc
nfra,e505802da348c6400941e5ab1766e375452cf3326f37dc19272329a07fc54b36,保监发〔2003〕136号,关于保险监督管理机构查询保险公司在金融机构的存款有关事项的通知,,EXCLUDE,中,,,保险公司,商业银行,[body]…利。为了规范保险监督管理机构对保险公司在金融机构存款的查询行为，根据《中华人民共和国保险法》和《中华人民共和国商业银行法》的有关规定，现就有关事项通知如下： 一、保监会机关相关业务部门和派出机构对保险公司进行执法检查时，确有工作…,1308,True,False,
nfra,e89f7f72aa54b4555ea0e9e9bbb4aafdd0c78f6832dcae85cc31de846f4a5ca8,保监发〔2002〕87号,关于改革机动车辆保险条款费率管理制度的通知（已废止）,,EXCLUDE,中,,,保险公司|保险条款,财产保险公司,[meta]…关于改革机动车辆保险条款费率管理制度的通知（已废止） 保监发〔2002〕87号。各保监办，各财产保险公司，中国平安保险股份有限公司：。为促进我国机动车辆保险（以下简称“车险”）市场的健康发展，维护被保险人的利益，中…,1842,True,False,
nfra,aee6a7096c487f0b4446242fe1df63375555efc1f383d01187958d720f0ebd00,保监发〔2003〕119号,关于警惕和防范非法保险经营行为和保险诈骗活动的紧急通知（已废止）,,INCLUDE,中,寿险,,,,[meta]…关于警惕和防范非法保险经营行为和保险诈骗活动的紧急通知（已废止） 保监发〔2003〕119号。各寿险公司、各保监办：。最近，一些不法人员在北京、上海、广东、河北等地区以传销方式售卖境外机构的“XX保险基金”或“…,1441,True,True,RFN-0e7ea628db199ba9;RFN-0e7ea628db199ba9
nfra,c2e37e6913ed8b6d248fccab60c7a334fa758b9f6bb02718cb52d0cbf99816fa,保监发〔2003〕117号,关于进一步加强和改进保险业突发事件新闻报道工作的通知（已废止）,,BOUNDARY,低,,,保险公司|偿付能力|分支机构,,[meta]…关于进一步加强和改进保险业突发事件新闻报道工作的通知（已废止） 保监发〔2003〕117号。各保监办，各保险公司：。根据《中共中央办公厅、国务院办公厅关于进一步改进和加强国内突发事件新闻报道工作的通知》（中办发[2003]…,4323,True,True,RFN-ff3110478f7c266f;RFN-ff3110478f7c266f
nfra,15993d3671c93179a8835138de5a65a3dc4e6e83b4b928714a35d922658e1a7b,保监发〔2003〕116号,关于印发《保险业重大上访事件处理办法》的通知（已废止）,,BOUNDARY,低,,,保险公司|保险公司分支机构|分支机构,,[meta]…关于印发《保险业重大上访事件处理办法》的通知（已废止） 保监发〔2003〕116号。各保险公司、各保监办：。为妥善处理保险业内的重大上访投诉事件，切实保护被保险人的合法权益，促进保险业发展，维护社会安定，…,3278,True,True,RFN-92f92ee8a480d2c6;RFN-92f92ee8a480d2c6
nfra,cb7294e8b53bc2e884829fc9da90b0f89339e33dd68375e799fe5d44828e44f8,保监办函〔2003〕93号,关于执行第二批取消行政审批项目决定中若干问题的函（已废止）,,BOUNDARY,低,,,保险公司|保险公司分支机构|分支机构,,[meta]…第二批行政审批项目取消有关事项的请示》（保监浙发[2003]第70号）收悉。现就所请示问题答复如下：。一、关于保险公司分支机构变更机构名称。目前我会正在进行《保险公司管理规定》的修改工作，在新的《保险公司管理规定》颁布之前，保险公司分支…,898,True,False,
nfra,da38881877b6bf2fab78c3445bd27042cc4fd136c086b76943e2277221b26371,保监发〔2003〕66号,关于印发《保险业开发针对非典新产品的指导意见》的通知（已失效）,,BOUNDARY,低,健康保险|寿险,,,,[body]…新产品时应如实宣传产品的保险责任和责任免除， 不得夸大责任和误导宣传。  四、 保险公司应加强健康保险、 定期寿险、 责任保险和利润损失保险等新产品的开发。  五、 保险公司开发的健康保险产品可以为被保险人的医疗和疾病给予经…,2323,True,True,RFN-40e020d72572dc40;RFN-40e020d72572dc40
nfra,1bb90a52cb6562b5c3374133cdc17f721d402855342a4243e883e1ca63162512,保监发〔2003〕41号,关于保险公司缴纳罚款等有关问题的通知,,BOUNDARY,低,人寿保险公司,,,财产保险公司,[body]…、 请各保监办按《关于做好财产保险公司行政处罚档案管理工作的通知》（保监办发[2002]44 号）及《关于报送人寿保险公司行政处罚统计表的通知》（保监发[2003]17 号）的要求， 汇总辖区内的保险公司分支机构受处罚情况， 并于每…,1135,True,True,RFN-98ddf35e6ed9da61;RFN-98ddf35e6ed9da61
nfra,f6be107069e7a3ef6abacc397e5de2810b5f2a1f0e49b8ea06c49524ad529715,国发〔2003〕5号,关于取消第二批行政审批项目的通知,,EXCLUDE,中,,,保险公司|保险机构,保险中介机构,[meta]…关于取消第二批行政审批项目的通知 保监发〔2003〕28号。各保监办、保险公司、保险中介机构、外资保险机构驻华代表机构：。根据《国务院关于取消第二批行政审批项目和改变一批行政审批项目管理方式的决定》（国…,871,True,False,
nfra,57f0fa1da05002cec6fbe9358d93ae8da23d9675a72af4ecafb3c0d726f79ad7,保监办发〔2003〕22号,关于指定披露保险信息报纸的通知,,EXCLUDE,中,,,保险公司,保险中介机构,[meta]…关于指定披露保险信息报纸的通知 保监办发〔2003〕22号。各保监办，各保险公司，各专业保险中介机构，中国保险行业协会，中国保险学会：。为适应我国保险业快速发展的需要，加强保险信息披露工作，经研究决定，中国保监…,1034,True,False,
nfra,bd16bae18a325e23b98b97c515d6a67be41eacaf7cda7d3badb283b6e68f87b4,保监发〔2002〕96号,关于加强保险业宣传工作的通知（已失效）,,BOUNDARY,低,寿险,保险代理人,,保险经纪,[body]…《关于充分利用3·15契机进一步加强保险宣传和改进保险服务的通知》（保监发[2002]28号）、《关于严厉制止寿险营销员误导欺诈行为的紧急通知》（保监发[2002]36号）等文件精神，建立和完善宣传工作归口负责制。通过新闻报…,4937,True,True,RFN-f96b7b0074545099;RFN-f96b7b0074545099
nfra,94ca442d681caf82645782c57eb8a43e12b39ab25891e33ea1a7ade1457491c8,保监发〔2002〕32号,关于统括保单业务有关问题的补充通知,,EXCLUDE,中,,,保单|保险公司|分支机构,财产保险公司,[meta]…关于统括保单业务有关问题的补充通知 保监发〔2002〕32号。各保监办，各财产保险公司，中国平安保险股份有限公司：。为使保险公司进一步明确开展大型商业保险和统括保单业务的要求，现就统括保单业务的有…,1785,True,False,
nfra,c254b83ce731803a1a83c2e7bec3c554286f846ba64713bbb49aace881c246c7,保监发〔2002〕26号,关于改革机动车辆保险条款费率管理办法有关问题的通知（已废止）,,EXCLUDE,中,,,保险公司|保险公司分支机构|保险机构|保险条款|偿付能力|分支机构,财产保险公司,[meta]…关于改革机动车辆保险条款费率管理办法有关问题的通知（已废止） 保监发〔2002〕26号。各财产保险公司，中国平安保险股份有限公司：。为促进机动车辆保险（以下简称“车险”）业务的发展，加强对车险市场的监管，保监会在…,4147,True,False,
nfra,83e36ce37e3562695464b9e2ed72bbf57b8c1aa9841b42917b0e8e55f20908b8,保监办发〔2002〕14号,关于印发我国加入WTO法律文件有关保险业内容的通知,,BOUNDARY,低,健康险|寿险,,,保险经纪|保险经纪公司|再保险公司|财产险,[meta]…有关保险业对外承诺的内容。二OO二年三月十二日。我国加入WTO法律文件有关保险业的内容。一、承诺时间表。（一）寿险。1．加入时。允许外国寿险公司在上海、广州、大连、深圳和佛山设立合资公司，外资比例不超过50%，外方可以自由选…,5535,True,True,RFN-f6400e9a60d05a69;RFN-f6400e9a60d05a69
nfra,3715b6ec61ff0eaebf4f9d6d753ccd1803845724860fd85211b1a89fae61cf9b,保监发〔2002〕27号,关于印发《中国保险监督管理委员会信访工作办法》的通知（已废止）,,EXCLUDE,中,,,保险机构|分支机构,保险中介机构,[body]…管理工作提出意见或建议的； （二）反映保险监管机构工作人员违法、违纪和失职、渎职行为的； （三）反映保险机构或保险中介机构高级管理人员违法、违规、违纪行为的； （四）反映保险机构或保险中介机构违法、违规经营，扰乱保险市场秩序行为的；…,9327,True,False,
nfra,8c831c17359c605e345c67b892aba61860919d9615799f3f85b5d83efce63d37,保监发〔2002〕25号,关于执行《保险公司营销服务部管理办法》有关事项的通知,,INCLUDE,中,寿险,,,,[meta]…格按照《办法》审批保险公司新设立的营销服务部。二、各保监办要责成各保险公司对《办法》颁布前设立的农村代办站所、寿险营销部、营销员管理处等保险营销服务网点进行清理。     保监发〔2002〕25 号 各保监办： 为认真贯彻执…,1259,True,True,RFN-e5c9143ec2516746;RFN-e5c9143ec2516746
nfra,04049ab839f70e955cbe64f3b5dfd130f64232d679467157e36251f9095cfbb8,保监发〔2002〕16号,关于大型商业保险和统括保单业务有关问题的通知,,EXCLUDE,中,,,保单|保险公司|保险机构|分支机构,再保险公司|财产保险公司,[meta]…关于大型商业保险和统括保单业务有关问题的通知 保监发〔2002〕16号。各保监办，各财产保险公司，中国平安保险股份有限公司：。为适应对外开放和中国成为世界贸易组织正式成员国的要求，促进保险市场规范发展，现对…,3217,True,False,
nfra,cbc65bfad4b4e43a101d273a0261ce5b9dfd5d152d2d4f63d23f762e66395746,保监发〔2001〕159号,关于印发《中国保监会行政处罚法律文书格式》的通知（已废止）,,EXCLUDE,—,,,,,,679,True,False,
nfra,9b4243658b278515ed602a2db2bcb0e23a0f387f196f80625d74c29a27954928,保监发〔2002〕11号,关于机动车辆保险监制单证技术问题的通知,,EXCLUDE,中,,,保单|保险公司,财产保险公司,[meta]…关于机动车辆保险监制单证技术问题的通知 保监发〔2002〕11号。各保监办，各财产保险公司、中国平安保险股份有限公司：。为贯彻落实《机动车辆保险监制单证管理办法》（保监发[2002]6号），做好机动车…,1337,True,False,
nfra,88d8060b1d5ea7921e27996dd9c0bf5d24a32ad99ac5f802d386b787293c8296,保监发〔2001〕104号,关于印发《中国保险监督管理委员会现场检查工作规程》的通知,,INCLUDE,中,,保险兼业代理,保险公司|保险机构|分支机构,,[body]…会及其派出机构。所称“被检查单位”，是指接受检查的保险公司（含外资保险公司分公司）及其分支机构、保险中介公司、保险兼业代理机构。 （四）现场检查包括检查准备阶段、检查实施阶段、报告形成阶段、处理阶段、档案整理阶段等五个阶段。 （五）…,7934,True,True,RFN-17042d95ee5b3a4e;RFN-17042d95ee5b3a4e
nfra,1483159020e30d947b9f935a21462c2b2ecba8b1a2f29e160dcc4276b4554855,保监发〔2001〕74号,关于处理有关保险合同纠纷问题的意见,,BOUNDARY,低,,,保险公司|保险条款,,[body]…讼事宜。 为进一步明确保险监管职能， 提高监管工作效率， 现提出处理此类问题的有关意见： 一、 对于被保险人与保险公司之间的保险合同争议， 保监会及其派出机构不负责裁定， 因此引起的投诉案件， 保监会可以督促保险公司积极与被保险…,1370,True,True,RFN-ab0da5bfe3db7779;RFN-ab0da5bfe3db7779
nfra,b82f541b3f6c7e42550b699d64808035c17193eedb3aeb7510852a5b5a0feeff,保监发〔2004〕152号,关于印发《加快发展养老保险的若干指导意见》的通知（已废止）,,INCLUDE,中,人身保险|养老保险|养老保险公司|寿险,,,,[meta]…关于印发《加快发展养老保险的若干指导意见》的通知（已废止） 保监发〔2004〕152号。各寿险公司、各专业养老保险公司、各保监局：。为大力推进保险业加快发展养老保险，充分发挥保险业在企业年金市场中的作用，…,4693,True,True,RFN-8e299b6db7fca20e;RFN-8e299b6db7fca20e
nfra,37e0479f26823a5229f4bee13d4c3e5f0086dfb2586a2bdbae5422e35a6b3aef,保监发〔2004〕102号,关于在寿险业建立标准保费行业标准的通知,,INCLUDE,高,人身保险|寿险,,,,[title]…关于在寿险业建立标准保费行业标准的通知 保监发〔2004〕102号。各保监局、各寿险公司、中国保险行业协会、中国保险学会…,1716,True,True,RFN-cc1d85de95635408;RFN-cc1d85de95635408
nfra,a3e5aa23079279afbde6ae0fbfec9ade0150ecd51990507a999a53c96952fe27,保监发〔2004〕76号,关于《人身保险产品审批和备案管理办法》若干问题的通知,,INCLUDE,高,人寿保险|人身保险|健康保险|寿险,,,,[title]…关于《人身保险产品审批和备案管理办法》若干问题的通知 保监发〔2004〕76号。各寿险公司、各保监局：。为了规范人身保险产品…,2789,True,True,RFN-4419b8953b7a48c6;RFN-4419b8953b7a48c6
nfra,7d93d3292cef174fec17502cdb729111c95f0a0fb55aef3ecf6b945770d4f6d8,保监发〔2004〕66号,关于人身保险新型产品销售区域有关问题的通知（已失效）,,INCLUDE,高,人身保险|寿险,,,,[title]…关于人身保险新型产品销售区域有关问题的通知（已失效） 保监发〔2004〕66号。各寿险公司、各保监局：。为促进人身保险发展…,1038,True,True,RFN-7b2738a04086507f;RFN-7b2738a04086507f
nfra,bd9a745dfa198ccb7350321caa5fe1228a1377b3ad6e4b836d04692564e48c6f,保监发〔2004〕51号,关于印发人身保险条款存在问题示例的通知,,INCLUDE,高,人身保险|健康保险|健康险|寿险,,,,[title]…关于印发人身保险条款存在问题示例的通知 保监发〔2004〕51号。各寿险公司：。为贯彻全保会精神，进一步推进人身保险条款通俗化…,12314,True,True,RFN-2db881a4e388f856;RFN-2db881a4e388f856
nfra,d38fdb9cf0ffa126fcd2fcffe28ae2448d64caad53142cce00fa4b8907a40574,保监发〔2004〕33号,关于印发《推进人身保险条款通俗化工作指导意见》的通知（已废止）,,INCLUDE,高,人身保险|寿险,,,,[title]…关于印发《推进人身保险条款通俗化工作指导意见》的通知（已废止） 保监发〔2004〕33号。各寿险公司：。为贯彻全保会精神，切实推进人…,2231,True,True,RFN-78018e2fadcbcd24;RFN-78018e2fadcbcd24
nfra,e239838fbd35251fe6c50105860bab5a296ad50435522a1a2c771305a8bc8425,保监发〔2004〕31号,关于调整终身年金生命表有关事项的通知,,INCLUDE,中,人寿保险|寿险,,,,[meta]…关于调整终身年金生命表有关事项的通知 保监发〔2004〕31号。各寿险公司：。为了解决终身年金定价生命表与准备金评估生命表不一致的问题，防范和化解寿险公司经营终身年金业务的风险，现…,708,True,True,RFN-92c99673ce60aa3c;RFN-92c99673ce60aa3c
nfra,eb66e7f955cdd9343fe4787fce81d20e4a9574ef8a954c4c461d9b2bcaebe374,保监发〔2004〕22号,关于银行代理销售投资连结和万能保险产品的通知（已废止）,,INCLUDE,中,人身保险|寿险,,,,[meta]…关于银行代理销售投资连结和万能保险产品的通知（已废止） 保监发〔2004〕22号。各寿险公司、各保监局：。为了促进银行代理人身保险业务的发展，拓展人身保险新型产品的销售渠道，经研究，现将有关事项通知…,1226,True,True,RFN-a62e18ba957ab6d7;RFN-a62e18ba957ab6d7
nfra,9f95867db72a24989559689661ab255310923f98b52d24b79746b9fe6faeea06,保监发〔2002〕77号,关于人身保险新型产品信息披露有关问题的通知,,INCLUDE,高,人身保险|寿险,,,,[title]…关于人身保险新型产品信息披露有关问题的通知 保监发〔2002〕77号。各保监办，各寿险公司：。为规范各寿险公司人身保险新型…,2587,True,True,RFN-d2d25895a3b8ee1b;RFN-d2d25895a3b8ee1b
nfra,558842ddfb8f76f58000bdfa417fe93e338d30d6291ce986dd3f2fd56d773fa6,保监发〔2003〕67号,关于印发人身保险新型产品精算规定的通知,,INCLUDE,高,人寿保险|人身保险|寿险,,,,[title]…关于印发人身保险新型产品精算规定的通知 保监发〔2003〕67号。各保监办，各寿险公司：。为加强对人身保险新型产品的监管，规范…,16672,True,True,RFN-b6b275c8d59f1fbd;RFN-b6b275c8d59f1fbd
nfra,be0f34c247d6a481c05120e0b23454a120632106ed8e36997418497c1a81f848,国发〔2003〕5号,关于调整人身保险产品监管方式的通知（已失效）,,INCLUDE,高,人身保险|人身保险公司,,,,[title]…关于调整人身保险产品监管方式的通知（已失效） 保监发〔2003〕46号。各保监办、各保险公司：。根据《国务院关于取消第二批行政…,958,True,True,RFN-75e5969942c63ba7
nfra,7591ff56d1749969bbf12040142f8de490d8c95b5862d5b4f4266b5f72eee4a8,保监办发〔2003〕24号,关于妥善处理人身保险新型产品客户投诉有关问题的通知（已失效）,,INCLUDE,高,人身保险|寿险,,,,[title]…关于妥善处理人身保险新型产品客户投诉有关问题的通知（已失效） 保监办发〔2003〕24号。各保监办，各寿险公司：。近两年来，由于资…,1884,True,True,RFN-b2aa69abdc44dd7a;RFN-b2aa69abdc44dd7a
nfra,97fee79f7f0b2c484224337a81982a109efac3b6f6ed07137e6ed235f2e0b845,保监发〔2003〕23号,关于加强航空意外保险规范管理的补充通知（已废止）,,INCLUDE,中,,保险代理人,保单|保险产品|保险公司,,[body]…励航空意外保险产品的多样性和电脑联网方式的多样性， 禁止保险公司以不正当手段阻扰其他保险公司跟网络服务供应商及保险代理人之间的正常商业合作形成技术垄断或者市场垄断。  四、 各保险公司应当加强航空意外保险的保单管理和保单防伪工作，…,1769,True,True,RFN-73a271f381feb48f;RFN-73a271f381feb48f
nfra,38fbfac6eef6d2512a7af2a668ca68664d9da5bde1139b2154302f6c3ae21e4f,保监发〔2003〕19号,关于做好分红保险专题财务报告编报工作的补充通知,,INCLUDE,中,健康险|寿险,,,,[meta]…关于做好分红保险专题财务报告编报工作的补充通知 保监发〔2003〕19号。各寿险公司：。《中国保监会关于做好分红保险专题财务报告编报工作的通知》（保监发[2002]8号）下发以后，对规范和提…,4236,True,True,RFN-e01a5780ae8bae3d;RFN-e01a5780ae8bae3d
nfra,3c99271929cb93513c70c1e528a6061621b697dcd914be4092b18ee3f6c258ab,保监发〔2002〕134号,关于加强航空意外保险规范管理有关问题的通知（已废止）,,BOUNDARY,低,人身保险,,,,[body]…理委员会（以下简称中国保监会）核准经营人身意外伤害保险后， 方可经营航空意外保险。  二、 保险公司必须按照《人身保险产品备案管理暂行办法》（保监发[2000]20 号）向中国保监会办理航空意外保险条款、 费率的备案手续后方可经…,3241,True,True,RFN-db5013179a2ae3be;RFN-db5013179a2ae3be
nfra,63808268c33ccc9f5490296426a7711124074c125a59c8f902531d5ba9aea80b,保监发〔2002〕130号,关于印发加快健康保险发展的指导意见的通知（已废止）,,BOUNDARY,低,健康保险|健康险,,,,[body]…业化发展的关键。 各保险公司应制定健康保险专业人才的培养规划， 加快健康保险专业人才的培养。 采取多种途径培养健康险专业人才， 特别是要重点培养高级管理人员和精算、 核保、 核赔、 健康管理等专业人才， 并充分发挥其作用。…,3102,True,True,RFN-b3b1e590d7066a6a;RFN-b3b1e590d7066a6a
nfra,114118ceccd0c42514f56a83373af19426e6185c84682e7dd8e47eaca7de63b1,保监发〔2002〕77号,关于人身保险新型产品信息披露有关问题的通知,,INCLUDE,高,人身保险|寿险,,,,[title]…关于人身保险新型产品信息披露有关问题的通知 保监发〔2002〕77号。各保监办，各寿险公司：。为规范各寿险公司人身保险新型…,2587,True,True,RFN-d2d25895a3b8ee1b;RFN-d2d25895a3b8ee1b
nfra,713e30f4e805d778557fdb97ab6cd831736cdac6738bb4872029ce80c6ef3791,保监函〔2002〕119号,关于在兼业代理网点销售人身保险新型产品的批复,,INCLUDE,高,人身保险,,,,[title]…关于在兼业代理网点销售人身保险新型产品的批复 保监函〔2002〕119号。广州保监办：。你办《关于在兼业代理网点销售人身保险新型产品有关问题…,713,True,True,RFN-cf85f0dc63c22f2f;RFN-cf85f0dc63c22f2f
nfra,ce2d112785c7c411de96f6adf859801bf65315edb92a2f1d7c63dfa117dea7b4,保监发〔2002〕35号,关于加强新型产品销售管理工作的紧急通知（已失效）,,INCLUDE,中,人身保险|寿险,,,,[meta]…关于加强新型产品销售管理工作的紧急通知（已失效） 保监发〔2002〕35号。各寿险公司：。为适应市场发展需要，各寿险公司相继推出分红产品、投资连结产品以及万能产品等新型产品，对促进寿险业的发展…,1280,True,True,RFN-b37fedf7a00a8e8c;RFN-b37fedf7a00a8e8c
nfra,fea44d38db76dd375b5639e1d1edd58eb4511bcb30831d1b5f497723eed8806e,保监发〔2002〕34号,关于在北京等试点城市放宽未成年人死亡保险金额通知,,INCLUDE,中,人身保险|寿险,,,,[meta]…关于在北京等试点城市放宽未成年人死亡保险金额通知 保监发〔2002〕34号。各寿险公司：。为了适应保险市场发展的需要，根据《中华人民共和国保险法》的有关规定，现通知如下：。一、自本通知发布之日…,664,True,True,RFN-ebac4dce58085b83;RFN-ebac4dce58085b83
nfra,ebe236396c1a72e2ded3da7d3d51c9bc8aaafc8d1f917d0240da8e15a95a4c10,保监办发〔2002〕16号,关于贯彻执行《人身保险新型产品信息披露管理暂行办法》有关事项的通知（已废止）,,INCLUDE,高,人身保险|寿险,,,,[title]…关于贯彻执行《人身保险新型产品信息披露管理暂行办法》有关事项的通知（已废止） 保监办发〔2002〕16号。各寿险公司：。2001年1…,1028,True,True,RFN-fd89ef4b17d6d2e6;RFN-fd89ef4b17d6d2e6
nfra,85f41444e2d5e2f5c5a0e157e2c19ce7e15fc0963eb86df1aa1a2102bddcd47b,保监发〔2002〕8号,关于做好分红保险专题财务报告编报工作的通知,,INCLUDE,中,寿险,,,,[meta]…关于做好分红保险专题财务报告编报工作的通知 保监发〔2002〕8号。各寿险公司：。为进一步规范分红保险专题财务报告（以下简称专题财务报告）的编报行为，现就有关事项通知如下：。一、公司的…,4368,True,True,RFN-9d9f7ec2e42666a8;RFN-9d9f7ec2e42666a8
nfra,fd994f1cae20ec2f4331b81f6865e83df75929036799ef9260a8bff23da8ae1d,保监发〔2001〕137号,关于调整投资连结保险销售人员资格限制的通知（已失效）,,INCLUDE,中,寿险,,,,[meta]…关于调整投资连结保险销售人员资格限制的通知（已失效） 保监发〔2001〕137号。各保监办、各寿险公司：。为了促进投资连结保险市场的进一步发展，经研究，我会决定取消《投资连结保险管理暂行办法》中对投资连结保险…,585,True,True,RFN-e85247e670b4cf47;RFN-e85247e670b4cf47
nfra,e7f70a4b3e5e45118d61c4a0d65716cfcc7767475eda15407666b6c1fd5730f8,保监发〔2001〕83号,关于人寿保险公司报送人身保险业务季度分析有关情况的通知,,INCLUDE,高,人寿保险|人寿保险公司|人身保险|人身保险公司|健康保险|养老保险|寿险,,,,[title]…关于人寿保险公司报送人身保险业务季度分析有关情况的通知 保监发[2001]83号。     保监发[2001]83号 中国人寿…,2323,True,True,RFN-70ba4bc78d6148b7;RFN-70ba4bc78d6148b7
nfra,5c161f44704b2defcaa1eee1bb96440aaab667adf07be7971bb30bb1dd73536b,保监发〔2000〕252号,关于分红保险销售人员从业年限条件的通知（已废止）,,INCLUDE,中,人寿保险|人寿保险公司|寿险,,,,[body]…销售人员从业年限条件的通知（已废止） 保监发[2000]252号。     保监发[2000]252 号 中国人寿保险公司、 中国太平洋保险公司、 中国平安保险股份有限公司、 新华人寿保险股份有限公司、 泰康人寿保险股份有限公司、…,742,True,True,RFN-c80e1ebc19b1b605;RFN-c80e1ebc19b1b605
nfra,ac95b17a54ff0514bc1f01eb283991ea8d44f1beb67454e2a2cf61d3cbe24e2c,保监发〔2000〕229号,关于2000年末人身保险责任准备金计算有关要求的通知（已废止）,,INCLUDE,高,人身保险|健康保险|寿险,,,,[title]…关于2000年末人身保险责任准备金计算有关要求的通知（已废止） 保监发[2000]229号。各寿险公司，中国太平洋保险公司、中国平安保…,1162,True,True,RFN-493a2f2faf9b4026;RFN-493a2f2faf9b4026
nfra,793539ba0468c7017e3078bc514bad14e7867dabc7b56101db51fb4707f222bc,保监发〔2000〕147号,关于严禁违规开展学平险业务的通知（已失效）,,INCLUDE,中,人寿保险公司|健康保险,,,,[meta]…关于严禁违规开展学平险业务的通知（已失效） 保监发[2000]147号。各人寿保险公司：。学平险业务自开办以来，为广大学生提供了保险保障，产生了良好的社会影响；但是由于一些保险机构采取不正当手段，…,1655,True,True,RFN-591edf15c13b0112;RFN-591edf15c13b0112
nfra,9db530ba05bdc32d69b3ed5ec84035048511eb7eecddd58d03e4520e09e99604,保监发〔2000〕133号,关于规范人身保险经营行为有关问题的通知（已废止）,,INCLUDE,高,人身保险|寿险,,,,[title]…关于规范人身保险经营行为有关问题的通知（已废止） 保监发[2000]133号。各寿险公司，中国平安保险股份有限公司、中国太平洋…,6483,True,True,RFN-127e28adb342a8cb;RFN-127e28adb342a8cb
nfra,7ff85bba6394af90e3d2b73664a0add587a6b9f078e8f0730d8c397752197c3c,保监寿〔2000〕19号,关于建立分红保险、投资连接保险报告制度的批复,,BOUNDARY,低,人寿保险|人寿保险公司,,,,[meta]…关于建立分红保险、投资连接保险报告制度的批复 保监寿[2000]19号。中国人寿保险公司，中国太平洋保险公司，中国平安保险股份有限公司，新华人寿保险股份有限公司，泰康人寿保险股份有限公司，新疆兵团保…,1003,True,True,RFN-0cac56cb6ca84165;RFN-0cac56cb6ca84165
nfra,3fdfd53be7f30c6d6596b94c3b1af5e9d58754a4ee6de42f00970f65d25d9b91,保监发〔2000〕78号,关于放开短期意外险费率及简化短期意外险备案手续的通知,,INCLUDE,中,人寿保险|人寿保险公司,,,,[meta]…关于放开短期意外险费率及简化短期意外险备案手续的通知 保监发[2000]78号。中国人寿保险公司、中国太平洋保险公司、中国平安保险股份有限公司、新华人寿保险股份有限公司、泰康人寿保险股份有限公司、新疆兵团保…,883,True,True,RFN-1ac12a53d03735e4;RFN-1ac12a53d03735e4
nfra,3ae41d5593a8d0ae6fe30bec3dab0bc76a77bb4276dfa31c3820ec35de78eb73,保监发〔1999〕245号,关于界定责任保险和人身意外伤害保险的通知,,BOUNDARY,低,人寿保险公司|人身保险,,,财产保险公司,[meta]…据《中华人民共和国保险法》第九十一条的规定，责任保险属于财产保险业务，由财产保险公司经营；人身意外伤害保险属于人身保险业务，由人寿保险公司经营。以由于被保险人的侵权行为造成他人人身伤害依法应承担的民事赔偿责任为保险标的的保险，属…,2124,True,True,RFN-c713aeb2a0b708b5;RFN-c713aeb2a0b708b5
nfra,45dffd05f53afbc8e560b7fa268b4381b47a263ba767bb734f971f51ce8fd9a8,保监发〔1999〕238号,关于继续使用《中国人寿保险业经验生命表（1990—1993）》的通知（已废止）,,INCLUDE,高,人寿保险|人寿保险公司|寿险,,,,[title]…关于继续使用《中国人寿保险业经验生命表（1990—1993）》的通知（已废止） 保监发[1999]238号。中国人寿保险公司、中国太平洋…,1703,True,True,RFN-3fcbe695be898a0a;RFN-3fcbe695be898a0a
nfra,3257c2029607ca1b3dd5b6d616a43dea856b801ec17a7fe2cd3f447886e1b01f,保监发〔1999〕237号,关于继续使用《人身保险残疾程度与保险金给付比例表》的通知,,INCLUDE,高,人寿保险|人寿保险公司|人身保险,,,,[title]…关于继续使用《人身保险残疾程度与保险金给付比例表》的通知 保监发[1999]237号。中国人寿保险公司、中国太平洋保险公司、中国平安…,968,True,True,RFN-9cdb36a3c85c494b;RFN-9cdb36a3c85c494b
nfra,fbd6cd06af142f08a0a4231879f156a9a820cd6d4913347f9d7a59623dc027bc,保监发〔1999〕180号,关于认真贯彻《行政复议法》有关问题的通知,,EXCLUDE,—,,,,,,2435,True,False,
nfra,4d71394d559e33dbdf11602316bf343a1396fc01124c74b79d0a08da2da1c0a2,平保发〔1999〕081号,关于保险条款中有关违法犯罪行为作为除外责任含义的批复,,INCLUDE,中,寿险,,,,[body]…不同或重叠， 但不抵触的， 约定有效， 对保险合同当事人有约束力。  二、 由于各个险种的条款， 尤其是产、 寿险条款之间将违法犯罪行为列为除外责任的意义有很大不同， 因此， 对于违法行为、 违法犯罪行为、 犯罪行为或故意犯…,1302,True,True,RFN-1fde854770f62ca5
nfra,776f6e807129af8c28180f0f9cf601d626a9ffde23ee97da133667a7be77a485,国办发〔1996〕22号,关于在保险条款中设立仲裁条款的通知（已废止）,,BOUNDARY,低,,,保险公司|保险条款,,[title]…关于在保险条款中设立仲裁条款的通知（已废止） 保监发[1999]147号。各保险公司：。《中华人民共和国仲裁法》颁布实施后，…,1459,True,True,RFN-e6bde4bd4b9b74a5
nfra,4025c046c0261175edf0b7f4a8ce65a9dc780a3e2942d1e0d3bea515a6c22f6a,保监发〔1999〕131号,关于印发《保险公司内部控制制度建设指导原则》的通知（已废止）,,BOUNDARY,低,人寿保险公司,保险代理人,,,[body]…制 第十八条保险公司应制定关于保险产品开发的管理制度，定期对保险条款、保险费率及其实施办法进行清理。 第十九条人寿保险公司应建立规范的精算制度，配备合格的精算人员。 第二十条保险公司条款、费率、保险凭证格式以及业务宣传材料的设计、开…,10104,True,True,RFN-ba0d34f984fa5ebb;RFN-ba0d34f984fa5ebb
nfra,c624ce03e2d931dfe24b8948752c2df12f0dcea8c3fcae07f24ddef27444a564,保监发〔1999〕18号,关于印发《保险业对外宣传管理暂行规定》的通知（已废止）,,BOUNDARY,低,,,保险公司|保险机构|分支机构,,[meta]…关于印发《保险业对外宣传管理暂行规定》的通知（已废止） 保监发[1999]18号。各保险公司：。为了坚持正确的保险舆论导向，创造保险改革和发展的良好舆论环境，加强保险对外宣传管理，增强保险工作人员在对外…,2767,True,True,RFN-832642ca77d43ed9;RFN-832642ca77d43ed9
nfra,7827f2cc5d9e488e7713ec41098ba0115ea9270ca3b61adf6c95bea794e47c71,保监发〔1999〕9号,关于印发《中国保险监督管理委员会对外公告管理暂行办法》的通知（已废止）,,BOUNDARY,低,,,保险公司|保险机构|分支机构,,[meta]…关于印发《中国保险监督管理委员会对外公告管理暂行办法》的通知（已废止） 保监发[1999]9号。各保险公司，机关各部门：。现将《中国保险监督管理委员会对外公告管理暂行办法》印发给你们，请认真遵照执行。特此通知。一九九…,2446,True,False,
nfra,a19d0e84f3b5191f2e5bb0cb8acdfe73853e27b48db6d7824209b5f991628b1b,保监发〔2004〕143号,关于发布保险中介从业人员职业道德指引的通知,,EXCLUDE,中,,保险兼业代理,保险产品|保险公司,保险中介机构|保险公估|保险经纪|保险经纪机构,[body]…制定本指引。  本指引所称保险代理从业人员是指接受保险公司委托从事保险代理业务的人员或者在保险专业代理机构和保险兼业代理机构中从事保险代理业务的人员。  保险代理从业人员在执业活动中应当做到：守法遵规、 诚实信用、 专业胜任、 客…,7160,True,True,RFN-f9f3907f57cda0c0;RFN-f9f3907f57cda0c0
nfra,1055427a870014ee6e8d2065702e81908543a9fed63505aeb7c322139e13683d,保监发〔1999〕93号,关于调整寿险保单预定利率的紧急通知,,INCLUDE,高,人寿保险|人寿保险公司|健康险|寿险,,,,[title]…关于调整寿险保单预定利率的紧急通知 保监发[1999]93号。中国人寿保险公司、中国太平洋保险公司、中国平安保险股份有限公…,1428,True,True,RFN-e8773609446b8fdd;RFN-e8773609446b8fdd
nfra,3327c49bdcc8ee9c391bc7c79c65a1c07369b7bd9c3ed91db2515f8d7e151cce,保监发〔1999〕91号,关于开展教育保险有关事项的通知（已废止）,,INCLUDE,中,人寿保险|人寿保险公司|寿险,,,,[meta]…关于开展教育保险有关事项的通知（已废止） 保监发[1999]91号。中国人寿保险公司、中国平安保险股份有限公司、中国太平洋保险公司、新华人寿保险股份有限公司、泰康人寿保险股份有限公司、新疆兵团保…,17190,True,True,RFN-8f9f85b9f19a4003;RFN-8f9f85b9f19a4003
nfra,f54921bbfe59292c8cea99c4ca2baf24bf8135617af2ea3ff743914617d07fa1,保监发〔2004〕93号,关于专业保险中介机构现场检查有关问题的通知,,EXCLUDE,中,,,分支机构,保险中介机构,[title]…关于专业保险中介机构现场检查有关问题的通知 保监发〔2004〕93号。各保监局：。为适应专业保险中介机构快速发展的新形势，维护保险…,2756,True,False,
nfra,a203e204bafab0afa2687b8fa16f9328edec45f8f6aa228c3082299745ff6b4e,保监厅发〔2004〕50号,关于调整保险代理从业人员基本资格考试有关事项的通知（已失效）,,INCLUDE,中,人身保险,保险代理人,,,[body]…调整为上午 9 时至 11 时。  三、 命题范围 （一）单选题共计 80 分， 考核保险原理、 财产保险、 人身保险和相关法规四部分内容。  1、 保险原理知识占 30 分。 命题范围是：《保险原理与实务》（中国金融出版社出版…,1655,True,True,RFN-0cfbb1fed4a02f5f;RFN-0cfbb1fed4a02f5f
nfra,8b4bc392ba01ce776f6bbdffb3ce11a9e26fd57f99329cbce339b34453da05fa,保监发〔2004〕57号,关于落实《国家税务总局中国保险监督管理委员会关于规范保险中介服务发票有关问题的通知》的通知（已废止）,,EXCLUDE,中,,保险兼业代理,保险公司|保险机构,保险中介机构,[body]…票》的有关问题及时与当地税务部门取得联系， 争取当地税务部门的支持。  三、 监督保险机构和保险中介机构（包括保险兼业代理）认真贯彻执行《通知》的各项要求。 各保监局负责将《通知》下发到辖区内各保险公司、 保险中介机构（包括保险兼业…,1940,True,True,RFN-1ece336900ef4ca6;RFN-1ece336900ef4ca6
nfra,7beeedab34afdb800eab71fa4b947a2b0cb8fea98d92ba228619203ed55ad3c7,保监发〔2003〕143号,关于修订保险中介监管报表有关事宜的通知,,EXCLUDE,中,,,分支机构,保险中介机构,[meta]…管报表有关事宜的通知 保监发〔2003〕143号。各保监办：。为进一步加强保险中介非现场监管工作，中国保监会对保险中介机构监管报表进行了修订，现就有关问题通知如下：。一、各保监办负责辖区内各保险中介机构业务的统计汇总工作。二、修订后…,1433,True,True,RFN-7b748ed64f5b01d8;RFN-7b748ed64f5b01d8
nfra,a327a31b3ef95d35c6705a88ecaba4aa0d4cee78a1324f6fc43d713dd148180e,保监发〔2004〕1号,关于保险中介机构设立分支机构有关事项的通知,,EXCLUDE,中,,,分支机构,保险中介机构|保险公估|保险经纪公司,[title]…关于保险中介机构设立分支机构有关事项的通知 保监发〔2004〕1号。各保监办：。为进一步加强对保险中介机构分支机构的管理，现就…,1948,True,True,RFN-f32c810b83446232;RFN-f32c810b83446232
nfra,743c1813e14efc43e0ee16371d69841d6295fed721c7ace43487713188f87369,保监办函〔2003〕227号,关于保险公司分支机构相互代理保险业务有关问题的复函,,BOUNDARY,低,寿险,保险兼业代理,,,[body]…控制度， 完善对保险兼业代理业务管理的前提下， 保险公司的分支机构相互代理保险业务不设级别对等的限制， 产、 寿险公司的营销服务部可以与对方的支公司或分公司之间相互代理。  三、 不得在《经营保险业务许可证》上增列有关内容取…,873,True,True,RFN-30290a24b798f004;RFN-30290a24b798f004
nfra,8c646bc34971c9034816eb09bb3a584e43f638ede58b47a9bd52b578912abb8d,保监办函〔2003〕136号,关于保险兼业代理机构外设网点合规性等问题的复函,,INCLUDE,中,,保险兼业代理,,,[title]…关于保险兼业代理机构外设网点合规性等问题的复函 保监办函〔2003〕136号。上海保监办：。你办《关于如何认定兼业代理机构外设…,669,True,True,RFN-37187a0550e339b8;RFN-37187a0550e339b8
nfra,e1d28b769c7e0efcd5f96a77a33bb5cb1b7811c30e2c4b38866b036d6385cf27,保监办发〔2003〕90号,关于保险营销员工商登记有关问题的通知（已废止）,,EXCLUDE,中,,个人保险代理人|保险代理人|保险营销员,保险产品|保险公司|保险营销,保险经纪,[title]…关于保险营销员工商登记有关问题的通知（已废止） 保监办发〔2003〕90号。各保监办：。近期我会陆续接到沈阳、武汉、南京等保…,988,True,True,RFN-808e4d5936f1598e;RFN-808e4d5936f1598e
nfra,67c8cb18029d7ac9a0d64f3b3323a2ac09a9115841e2b8b690df0a662697f9c7,保监发〔2003〕25号,关于加强银行代理人身保险业务管理的通知（已废止）,,INCLUDE,高,人身保险,,,商业银行,[title]…关于加强银行代理人身保险业务管理的通知（已废止） 保监发〔2003〕25号。各保监办，人民银行各分行、营业管理部、分行监管办、省会（首…,3218,True,True,RFN-9518bd88f7bb8ae5;RFN-9518bd88f7bb8ae5
nfra,796434932948a6892ce3a11bce7d1b97f70fa848f93af1dab355e454ada0cc37,保监发〔1999〕90号,关于下发有关精算规定的通知,,INCLUDE,中,人寿保险|人寿保险公司|人身保险|健康保险|健康险|寿险,,,再保险公司,[meta]…关于下发有关精算规定的通知 保监发[1999]90号。中国人寿保险公司、中国太平洋保险公司、中国平安保险股份有限公司、新华人寿保险股份有限公司、泰康人寿保险股份有限公司、新疆兵团保…,11760,True,True,RFN-e933f5a085bc2f65;RFN-e933f5a085bc2f65
nfra,e3419b4a2c6628b258c107a68e269f8f4cdbfade9402c5145a253bee4b937ca8,保监函〔2003〕625号,关于保险经纪公司向境外保险机构安排有关国际海上运输保险业务的批复,,EXCLUDE,中,,,保险机构,保险经纪|保险经纪公司,[title]…关于保险经纪公司向境外保险机构安排有关国际海上运输保险业务的批复 保监函〔2003〕625号。上海东大保险经纪有限责任公司：。…,576,True,False,
nfra,1adf9489c6c9790e8fe6b715e1983fb8c5ade75b6f2a0c232cc8972e411718d0,保监复〔2003〕4号,关于保险公估机构设立外汇账户有关问题的批复,,EXCLUDE,中,,,,保险公估,[title]…关于保险公估机构设立外汇账户有关问题的批复 保监复〔2003〕4号。广东衡量行保险公估有限公司：。你公司《关于增加外汇账户…,483,True,False,
nfra,282f1de47be7f0ffd0afac0b7350a6de69d9effe4761d24c515ea0a92e5ef9c1,保监函〔2002〕183号,关于保险经纪公司选择保险人方式的复函,,EXCLUDE,中,,,,保险经纪|保险经纪公司,[title]…关于保险经纪公司选择保险人方式的复函 保监函〔2002〕183号。江泰保险经纪有限公司：。你公司《关于保险经纪公司可通过公开招…,643,True,False,
nfra,ce23e568e19ad36fe0fe2f402fcaad61a70a557d85892196c35151bc9def5629,保监发〔2001〕195号,关于贯彻执行保险中介机构管理规定有关问题的通知,,EXCLUDE,中,,,保单|保险公司,保险中介机构|保险公估,[title]…关于贯彻执行保险中介机构管理规定有关问题的通知 保监发〔2001〕195号。各保监办：。保险中介机构管理规定已经发布，现就有关问题通知…,1661,True,True,RFN-255f2ffb3344ec7f;RFN-255f2ffb3344ec7f
nfra,d5c6ca6dd54fa4c36c5b626c6c2159546d2c53fb2f54f0b7f410d42e51427d1a,保监发〔2001〕161号,关于各保险公司要加强对保险代理机构设置远程出单点和委托出单管理的通知（已废止）,,BOUNDARY,低,,,保单|保险公司|保险公司分支机构,,[title]…关于各保险公司要加强对保险代理机构设置远程出单点和委托出单管理的通知（已废止） 保监发〔2001〕161号。各保险公司：。最…,1533,True,True,RFN-00181c1a550be989;RFN-00181c1a550be989
nfra,afab82be30ffef246dadfb6cc3d28cf164a16dc12430446ff0eaff2893235213,保监发〔2001〕158号,关于加强保险代理业务管理有关问题的通知,,BOUNDARY,低,,,保单|保险公司|分支机构,,[meta]…关于加强保险代理业务管理有关问题的通知 保监发〔2001〕158号。各保险公司，各保监办：。为规范保险代理机构的市场行为，明确保险公司对保险代理机构的管理责任，强化保险公司对保险代理业务的…,1803,True,True,RFN-3ff60475d67decf3;RFN-3ff60475d67decf3
nfra,69dc12bfd6f7fec65e85201bb5e9dc90a27e70d95d267e7b429dac85fdfd9849,保监发〔2001〕135号,关于启用保险代理从业人员基本资格证书和展业证书的通知（已失效）,,INCLUDE,中,,保险代理人,保险公司,,[meta]…从业人员基本资格证书和展业证书已投入印制，现将有关使用事项通知如下：。一、自本文印发之日起，各保监办停止发放“保险代理人资格证书”，开始发放“保险代理从业人员基本资格证书”。原已发放的“保险代理人资格证书”继续有效，换证事宜由各保…,827,True,True,RFN-0b67e315153d21ba;RFN-0b67e315153d21ba
nfra,7b2b7be7b1e3f9e71ec8fe4cc18af3d0cd6c46b275cdeea753fc1f9653f6c0bb,保监发〔1999〕118号,关于规范“中小学生平安保险”代办业务有关问题的通知（已废止）,,INCLUDE,中,人寿保险公司,保险兼业代理,,,[meta]…关于规范“中小学生平安保险”代办业务有关问题的通知（已废止） 保监发[1999]118号。各人寿保险公司、中国太平洋保险公司、中国平安保险股份有限公司、新疆兵团保险公司：。“中小学生平安保险”（以下简称“学平险”）…,1152,True,True,RFN-d2c2f7ab8d9f3dd3;RFN-d2c2f7ab8d9f3dd3
nfra,70e049f3ff9a382a46341c1486c42d99ff906cf87f163d1f0652af38278a6c32,保监发〔1999〕57号,关于人身保险产品宣传有关问题的通知（已失效）,,INCLUDE,高,人寿保险|人寿保险公司|人身保险|寿险,,,,[title]…关于人身保险产品宣传有关问题的通知（已失效） 保监发[1999]57号。中国人寿保险公司、中国太平洋保险公司、中国平安保险…,1675,True,True,RFN-78973110e538451c;RFN-78973110e538451c
nfra,34ac0fbf6f5eae4bf0e77b794b51ed5c15a927e9f83dee967a4dd4439e7ab067,保监发〔2005〕118号,关于修订精算规定中生命表使用有关事项的通知,,INCLUDE,中,人寿保险|人身保险|健康保险|养老保险公司|寿险,,,,[meta]…关于修订精算规定中生命表使用有关事项的通知 保监发〔2005〕118号。各寿险公司、各养老保险公司、各健康保险公司：。为了更好地使用《中国人寿保险业经验生命表(2000-2003)》，现对…,2422,True,True,RFN-a9eec58c9eea2a67;RFN-a9eec58c9eea2a67
nfra,f6f11a860e907ce99f49080965cba44859d60c8d45c92c9443848e5580dadc1e,保监发〔1999〕43号,关于父母为其未成年子女投保死亡人身保险限额的通知,,INCLUDE,高,人寿保险|人身保险,,,,[title]…关于父母为其未成年子女投保死亡人身保险限额的通知 保监发[1999]43号。中保人寿保险有限公司、中国太平洋保险公司、中国平安保险股份有限公司、新华…,810,True,True,RFN-99215fb01c89cc51;RFN-99215fb01c89cc51
nfra,1f6d38bec0562b522dfe023d80c57043afbef50d9b7a3c32a2c9f3ed11a116b0,保监发〔1999〕15号,关于人身保险业务有关问题的通知（已废止）,,INCLUDE,高,人寿保险|人寿保险公司|人身保险|寿险,保险代理人,,,[title]…关于人身保险业务有关问题的通知（已废止） 保监发[1999]15号。中保人寿保险有限公司、中国太平洋保险公司、中国平安保险…,3828,True,True,RFN-abe0b8e7f6398399;RFN-abe0b8e7f6398399
nfra,4b13cca902c0c336f5b69ad5cc2848c401f8485a8325b2907dfeae0af70d336a,国发〔1998〕44号,关于配合社会基本医疗保险体制改革有关问题的通知（已失效）,,EXCLUDE,中,人寿保险,,,,,1247,True,True,RFN-fe6795164f58c973
nfra,2ceb2c6810ff2b181e97b68ab1efaeff3216c392113a8ada6f957fa9a85c7992,保监发〔2004〕156号,关于保险公司、保险资产管理公司投资保险公司次级定期债务的通知（已废止）,,BOUNDARY,低,,,保险公司|保险公司分支机构|保险资产管理,,[title]…关于保险公司、保险资产管理公司投资保险公司次级定期债务的通知（已废止） 保监发〔2004〕156号。各保险公司、保险资产管…,1151,True,True,RFN-3e11a9f1461b8973;RFN-3e11a9f1461b8973
nfra,c6e510c8c5161d0396b9039cf20f79bec0b247ebf5686b138fb4622aead03fa9,保监厅发〔2004〕85号,关于外资保险公司在华分公司开立证券账户有关问题的通知,,BOUNDARY,低,,,保险公司,,[title]…关于外资保险公司在华分公司开立证券账户有关问题的通知 保监厅发〔2004〕85号。各外资保险公司在华分公司：。经我会与中国证监…,617,True,True,RFN-882e866449a723bd;RFN-882e866449a723bd
nfra,bea95ef76f78d1fbbbe264cadcff2d7027fb233a6d3cddba0edb57196a47135e,保监发〔2004〕94号,关于保险公司投资可转换公司债券有关事项的通知（已废止）,,BOUNDARY,低,,,保险公司|保险资产管理|保险资金,,[title]…关于保险公司投资可转换公司债券有关事项的通知（已废止） 保监发〔2004〕94号。各保险公司，各保险资产管理公司：。为贯彻…,1289,True,True,RFN-04631cd5896472e2;RFN-04631cd5896472e2
nfra,633dbd2ce13662be75a6e37c0fc70def1e0b444f49ac193d2375aacabb5ce085,保监发〔2004〕77号,关于调整保险公司投资银行次级债券、银行次级定期债务和企业债券比例的通知（已废止）,,EXCLUDE,中,,,保险公司|保险资产管理|保险资金,商业银行|银行业,[body]…券、 银行次级定期债务和企业债券比例问题通知如下： 一、 保险公司投资的银行次级债券应当是经中国人民银行和中国银行业监督管理委员会批准发行， 符合《商业银行次级债券发行管理办法》规定的银行次级债券（以下简称“次级债券”）， 并…,1380,True,True,RFN-bcf550a83afb76e6;RFN-bcf550a83afb76e6
nfra,1ab62aa166906e2e899153980497719ad4a76e624e03050fd9514a8f05312f9e,保监发〔2004〕43号,关于印发《保险资金运用风险控制指引（试行）》的通知,,BOUNDARY,低,,,保险公司|保险公司分支机构|保险资产管理|保险资金|偿付能力,,[title]…关于印发《保险资金运用风险控制指引（试行）》的通知 保监发〔2004〕43号。各保险公司、各保险资产管理公司：。为规范保险资金运…,18185,True,True,RFN-d959ae842e987fd2;RFN-d959ae842e987fd2
nfra,e4f0482658141b945785973956baa187ef7dabbf75c6c79eb18cb94594fe904e,保监发〔2004〕23号,关于保险公司投资银行次级定期债务有关事项的通知（已废止）,,EXCLUDE,中,,,保险公司|保险公司分支机构|保险资产管理|保险资金,商业银行|银行业,[meta]…行次级定期债务（以下简称“次级债”）。为加强管理，现就有关事项通知如下：。一、保险公司投资的次级债应当是经中国银行业监督管理委员会批准发行，符合《关于将次级定期债务计入附属资本的通知》（银监发〔2003〕25号）规定的银行定期…,1448,True,True,RFN-d320bd69e72d49ab;RFN-d320bd69e72d49ab
nfra,94fb9ab3bad255109589ce923c62254c16bfb66724282e4a1f220510d572ace5,保监发〔2003〕133号,关于增加认可企业债券信用评级机构的通知（已废止）,,BOUNDARY,低,,,保险公司|保险资产管理,,[meta]…关于增加认可企业债券信用评级机构的通知（已废止） 保监发〔2003〕133号。各保险公司、保险资产管理公司：。根据《保险公司投资企业债券管理暂行办法》（保监发[2003]74号）第二条的有关规定，经…,492,True,False,
nfra,b4c0094c7a961491af258a41ffbdafb13b66f2900149b52969a324e267cc0c8e,保监发〔2003〕92号,关于增加认可企业债券信用评级公司的通知（已废止）,,BOUNDARY,低,,,保险公司,,[meta]…关于增加认可企业债券信用评级公司的通知（已废止） 保监发〔2003〕92号。各保险公司：。根据《保险公司投资企业债券管理暂行办法》（保监发[2003]74号）第二条的有关规定，经研究决定，增加联合…,504,True,False,
nfra,10750a7ea4ba007c2d1e83e16459596f99f83f0b2202fe8c7b2c33b28c0b89dc,保监发〔2003〕91号,关于保险公司投资中央银行票据的通知（已废止）,,BOUNDARY,低,,,保险公司,,[title]…关于保险公司投资中央银行票据的通知（已废止） 保监发〔2003〕91号。各保险公司：。最近，有保险公司咨询是否可以投资人民…,604,True,True,RFN-93edca63e3171e89;RFN-93edca63e3171e89
nfra,b38e63e9fa705755b548c9f49c284c23dcc702e42adf1bcf62ff07b8a2caf658,保监办发〔2003〕72号,关于调整证券投资基金月报表的通知（已废止）,,BOUNDARY,低,,,万能保险|保险公司,,[meta]…关于调整证券投资基金月报表的通知（已废止） 保监办发〔2003〕72号。各保险公司：。为全面了解你公司投资证券投资基金（以下简称“基金”）的情况，根据《保险公司投资证券投资基金管理暂行办法》（…,953,True,False,
nfra,4f9142a1b7a515c048ec07e1e6fb2f7e412707fd846183c4b9dcd3b7b34377c5,保监发〔2004〕49号,关于进一步落实保险营销员持证上岗制度的通知（已失效）,,INCLUDE,中,,保险营销员|保险销售从业人员,保险公司|保险机构|保险营销|保险销售|分支机构,,[title]…关于进一步落实保险营销员持证上岗制度的通知（已失效） 保监发〔2004〕49号。各保监局、各保险公司：。今年以来，一些地方的保险代理从…,4323,True,True,RFN-ab5d72dded585bfd;RFN-ab5d72dded585bfd
nfra,e8a992526099a3b8dac93990322af9a5bd2c3a181d4b522362b1710085a2414a,保监中介〔2004〕53号,关于保险公司员工投资保险中介机构问题的批复,,EXCLUDE,中,,,保险公司,保险中介机构,[title]…关于保险公司员工投资保险中介机构问题的批复 保监中介〔2004〕53号。西安保监办：。你办《关于保险公司员工可否出资筹建保险中介机构问题的请示…,585,True,True,RFN-5411f7dff8556566;RFN-5411f7dff8556566
nfra,aeb844c5b49309525e5b7c7792166248fb5ff85f900b1bef1899943cbfc044ca,保监发〔2002〕6号,关于印发《机动车辆保险监制单证管理办法》的通知,,EXCLUDE,中,,,保单|保险公司|保险公司分支机构,财产保险公司,[meta]…关于印发《机动车辆保险监制单证管理办法》的通知 保监发〔2002〕6号。各保监办，各财产保险公司、中国平安保险股份有限公司：。为适应机动车辆保险改革的需要，我会制定了《机动车辆保险监制单证管理办法》，现印发…,1690,True,False,
nfra,f5f1f192e70c50ab4242b1af95c278814c902172e23e27ba629138d2c3b03f1e,保监发〔2002〕7号,关于加强个人住房贷款和贷款房屋保险管理的通知,,EXCLUDE,中,,,保险公司|分支机构,商业银行|财产保险公司,[meta]…关于加强个人住房贷款和贷款房屋保险管理的通知 保监发〔2002〕7号。人民银行各分行、营业管理部，各保监办，各商业银行，各财产保险公司，中国平安保险股份有限公司：。近来，一些商业银行在办理个人住房贷款业务时，要求借款人到指定的保…,1544,True,False,
nfra,491e3214d2d4a10be0d83d90e0a76851552e213638b508ed8433c24ced1526b7,保监发〔2001〕180号,关于投资保障型家庭财产保险产品监管问题的通知（已废止）,,EXCLUDE,中,,,保险产品|保险公司|保险公司分支机构|保险资金|分支机构,财产险,[body]…系统。  （三）计算机系统是否与总公司的计算机系统联网， 总公司能否随时了解和监控该分支机构开办投资保障型家庭财产险的业务及财务活动。  三、 人员培训 （一）分支机构负责人是否对投资保障型家庭财产保险产品有较全面的了解。…,1991,True,False,
nfra,b764a7ffe65541d4fefa917392fe6f5f379a7ebdc45763fd753eee354a787def,保监函〔2001〕176号,关于界定货物运输险有关问题的复函,,BOUNDARY,低,,,保单|保险公司,,[meta]…办《关于如何界定货物运输保险实行包干赔付有关问题的请示》（保监贵发[2001]85号）收悉。经研究，我会认为，保险公司不论是否出险，均承诺向投保单位支付包干赔款的行为，违反了保险法律、法规的有关规定。     保监函〔2001〕…,771,True,False,
nfra,2f2308daa10a704a771b97ec4f3fabd004c29aa6f8056fcdb518412c8a3a9a9e,保监发〔2001〕164号,关于在广东省进行机动车辆保险费率改革试点的通知（已废止）,,EXCLUDE,中,,,保险公司|保险机构|保险条款|分支机构,财产保险公司,[meta]…关于在广东省进行机动车辆保险费率改革试点的通知（已废止） 保监发〔2001〕164号。各保监办，各财产保险公司，中国太平洋保险公司，中国平安保险股份有限公司：。今年4月，国务院作出关于整顿和规范市场经济秩序的决定。保监会…,2323,True,False,
nfra,096cb2b2fe3eca3f5bb41fbdf239202034ed3aed4d7884a225b166ddbaaee438,保监发〔2001〕160号,关于印发《企业财产保险扩展地震责任指导原则》的通知（已废止）,,EXCLUDE,中,,,保单|保险公司,再保险公司,[body]…公司，美国联邦保险股份有限公司上海分公司，三井火灾海上保险公司上海分公司，三星火灾海上保险公司上海分公司，中国再保险公司： 为了有效控制风险，促进企财险扩展地震责任业务健康发展，我会制定了《企业财产保险扩展地震责任指导原则》。现印…,2917,True,False,
nfra,d2e08c5a35c295fe9326c2e73e9e35b9d03bdefafa5f9eceaf1f2a734d01bd47,保监发〔2001〕140号,关于投资型财产保险产品预定利率管理问题的通知（已废止）,,EXCLUDE,中,,,保险产品|保险公司,财产保险公司,[meta]…关于投资型财产保险产品预定利率管理问题的通知（已废止） 保监发〔2001〕140号。各保监办，各财产保险公司：。为规范投资型财产保险产品，防范利差损风险，经研究，现就投资型财产保险产品预定利率管理问题通知如下：。一、各…,932,True,False,
nfra,f30fb5e8ac2099a6db7c5b8df51144a9c0e8af31bb917c5625377980b708c8fb,保监函〔2001〕139号,关于使用机动车辆智能保险证实施费率优惠的通知（已废止）,,EXCLUDE,中,,,保险公司,,,776,True,False,
nfra,72a5ef62eaccc5bd365d7995898ae4997aff1a8fb7974b6b168eb9080a9bc63a,保监发〔2001〕121号,关于印发《机动车辆保险证管理暂行办法》的通知（已废止）,,EXCLUDE,中,,,保险公司,,,713,True,False,
nfra,d26843f580cda135d23dcfd543fa1d0d041fe5250f78011d1cf6443cdade21f6,保监发〔2001〕120号,关于财产保险条款费率备案管理的通知（已废止）,,BOUNDARY,低,,,保单|保险产品|保险公司|保险条款|分支机构,,[title]…关于财产保险条款费率备案管理的通知（已废止） 保监发〔2001〕120号。     保监发〔2001〕120号 各保监办，中国…,3027,True,False,
nfra,887abe25fb40ce9baf5f7416ce2918f43a92fe795e3e171117c96243c049c73a,保监发〔2001〕117号,关于机动车辆智能保险证信息统计问题的通知（已废止）,,EXCLUDE,中,,,保险公司,,,1782,True,False,
nfra,9fe1b8aca4e168a01e02866d03e01a55a3b7bdfdea4f185f2bf44e6742bb6859,保监发〔2001〕113号,关于印发《机动车辆智能保险证CPU卡标准信息说明和读写规范》的通知（已废止）,,EXCLUDE,中,,,保险公司,,,715,True,False,
nfra,c470642fce15d2dc3567e1854d16690a64c614d77cd8bd4668f639ca62d2f5b8,保监发〔2001〕96号,关于规范企财险扩展地震险审批程序的通知（已废止）,,EXCLUDE,中,,,保险公司|保险公司分支机构,,,1358,True,False,
nfra,607b485097ca1f23d16f92b42bde7784fa38ceba5dcc29c4da163e3eec7cc11a,保监发〔2001〕16号,关于交通事故强制定损问题的批复,,BOUNDARY,低,,,保险公司|保险理赔,,[meta]…关于交通事故强制定损问题的批复 保监复[2001]88号。成都保监办：。你办《关于保险公司依法不承担价格认证中心对交通事故的定损费用及定损结论不作为保险理赔依据的请示》（成保监发[2001]16号）收…,1879,True,False,
nfra,c80fdfa9111e794b21fb647d080ac56bbfe5e65b23bc06a504f89f9ecaef3d4e,保监发〔2001〕73号,关于调整深圳市机动车辆保险费率的通知（已废止）,,EXCLUDE,—,,,,,,933,True,False,
nfra,2824888a3d53290e289104fb6e40be02d69af6c451f478844e9287151787ff34,保监发〔2001〕61号,关于进一步加强企财险扩展地震风险管理的通知（已废止）,,EXCLUDE,中,,,保单|保险公司,再保险公司,[body]…阳联合保险公司上海分公司，香港民安保险有限公司深圳分公司、海口分公司，美国联邦保险股份有限公司上海分公司，中国再保险公司，中国保险行业协会： 2000年末，我会对福建、广东两省企财险扩展地震风险的项目进行了抽样调查，发现被抽查的项…,1358,True,False,
nfra,5273b2e26b045d3e8eed9fa66ac0c231cc1e3f1b9fdd294bcdd9d66194726a79,保监发〔2001〕60号,关于2001年度智能保险证试点工作有关问题的通知,,BOUNDARY,低,,,保险公司,,[meta]…关于2001年度智能保险证试点工作有关问题的通知 保监发[2001]60号。上海、南京、福州保监办，中国人民保险公司及上海市、江苏省、厦门市分公司，中国太平洋保险公司及上海、南京、厦门分公司，中国平安保险股份有限公司及上海、南…,3528,True,False,
nfra,91352e4c9c004888d1d9498b73f8a0be8bdbfccc6367644a2e584fbafa7af853,保监发〔2001〕8号,关于继续做好深圳市智能保险证试点工作有关问题的通知（已废止）,,BOUNDARY,低,,,保险公司,,[meta]…好深圳市智能保险证试点工作有关问题的通知（已废止） 保监发[2001]8号。华安财产保险股份有限公司，中国人民保险公司深圳市分公司、中国太平洋保险公司深圳分公司、中国平安保险股份有限公司深圳分公司、华泰财产保险股份有限公司深圳分…,2788,True,False,
nfra,6db23cb8c89c891aedccba1116042c5f69150e983ef25a8bc046a25ed549015b,保监复〔2000〕263号,关于《财产保险条款费率管理暂行办法》有关问题的批复,,BOUNDARY,低,,,保单|保险公司|保险条款,,[title]…关于《财产保险条款费率管理暂行办法》有关问题的批复 保监复[2000]263号。东京海上火灾保险公司上海分公司：。你公司《关于“…,1688,True,False,
nfra,9e8c17c5c16cc97e6dbfd85b0ba38d891dbaf455a3d46cfd3f87f860fd0756ca,,关于深圳市智能保险证信息统计问题的通知（已废止）,,BOUNDARY,低,,,保险公司,,[meta]…关于深圳市智能保险证信息统计问题的通知（已废止） 中国人民保险公司、中国太平洋保险公司、中国平安保险股份有限公司、华泰财产保险股份有限公司、华安财产保险股份有限公司，中国人民保…,2045,True,False,
nfra,6f51ac07d5281defb1e5ca5d9f9ec9eed984e1db360832741726243d60c9f07a,保监发〔2003〕74号,关于印发《保险公司投资企业债券管理暂行办法》的通知（已废止）,,BOUNDARY,低,寿险,,,,[body]…第七条 保险公司经批准开办的投资连结保险可以设立投资企业债券比例最高为该账户总资产 100%的投资账户， 万能寿险可以设立投资企业债券比例最高为该账户总资产 80%的投资账户。 投资账户的设立、 合并、 撤消、 变更应符合我…,2392,True,True,RFN-9a761bc98d8dfe08;RFN-9a761bc98d8dfe08
nfra,ad4d2df0f27c330dd9a536d67344a800bbad7b5d8510de8254e5a16bec05d481,保监发〔2003〕9号,关于重新修订《保险公司购买中央企业债券管理办法》的通知（已废止）,,BOUNDARY,低,寿险,,,,[body]…第七条保险公司经批准开办的投资连结保险可以设立投资企业债券比例最高为该账户总资产 100%的投资账户， 万能寿险可以设立投资企业债券比例最高为该账户总资产 80%的投资账户。 投资账户的设立、 合并、 撤消、 变更应符合我…,2109,True,True,RFN-0fd2f7401e7f689e;RFN-0fd2f7401e7f689e
nfra,f6c48781319fb3f523c0e8ce282772459900139969435bfb2d99f4f9df57a5f7,保监发〔2003〕6号,关于重新修订《保险公司投资证券投资基金管理暂行办法》的通知,,BOUNDARY,低,寿险,,,,[body]…的比例投资基金。  第十条 保险公司经批准开办的投资连结保险可以设立投资基金比例为 100%的投资账户， 万能寿险可以设立投资基金比例最高为 80%的投资账户。 投资账户的设立、 合并、 撤消、 变更应符合我会的有关规定。…,4214,True,True,RFN-4b34d83a184e9f82;RFN-4b34d83a184e9f82
nfra,8365bb2a10ddee7f663469ea75858a9bdb26418867e0905443240fb7de7ea540,保监发〔2002〕127号,关于规范保险公司公布资金运用收益信息行为的通知,,BOUNDARY,低,,,保单|保险公司,,[title]…关于规范保险公司公布资金运用收益信息行为的通知 保监发〔2002〕127号。各保险公司：。近年来，保险公司为加强宣传，提升公司…,2212,True,True,RFN-67ac2e8454da492e;RFN-67ac2e8454da492e
nfra,93937ad405e47f9db65f68c81a1175c6b7e436a3a6c99232aaccfbe146334ac4,保监发〔2002〕110号,关于严禁保险公司以大额协议存款出质为他人提供担保的通知（已废止）,,BOUNDARY,低,,,保险公司|保险资金|偿付能力,,[title]…关于严禁保险公司以大额协议存款出质为他人提供担保的通知（已废止） 保监发〔2002〕110号。各保险公司：。为进一步规范保险公…,654,True,True,RFN-01c98ce91fa76f9c;RFN-01c98ce91fa76f9c
nfra,a3b74fc1047bcf13eb60a998880b665c6b57cbf2e1b42e3110f0e369505f43cf,保监发〔2001〕85号,关于允许保险公司购买电信通讯类企业债券的通知（已废止）,,BOUNDARY,低,,,保险公司,,[title]…关于允许保险公司购买电信通讯类企业债券的通知（已废止） 保监发[2001]85号。各保险公司：。经国务院批准，保险公司可以购买…,322,True,True,RFN-bcf6a94098450808;RFN-bcf6a94098450808
nfra,bc5e19644ba528971e4ddf342314701af04c2dda6a63c726bf0cadf2de7224b7,保监发〔2000〕90号,关于加强保险公司对持有上市公司股份和法人股集中管理的通知关于加强保险公司对持有上市公司股份和法人股集中管理的通知（已废止）,,BOUNDARY,低,,,保险公司|分支机构,,[title]…关于加强保险公司对持有上市公司股份和法人股集中管理的通知关于加强保险公司对持有上市公司股份和法人股集中管理的通知（已废止） 保…,690,True,True,RFN-e42e3cf5ecbe4d9e;RFN-e42e3cf5ecbe4d9e
nfra,5409978c48ab592246bd7fb4bdf423df76e118d60d0f1ca2f3b252ac11b8e12e,保监发〔2000〕67号,关于暂不允许委托证券公司管理运用资产的通知,,EXCLUDE,中,,,保险公司|保险资产管理|保险资金,证券公司,[title]…关于暂不允许委托证券公司管理运用资产的通知 保监发[2000]67号。各保险公司，保险资产管理公司：。根据目前市场发展情况，暂不允许将…,262,True,False,
nfra,a48fd3ab86d19aa2c1d931e014153895016aefcfc384b41e501aa30cae024761,保监复〔1999〕215号,关于员工抵押贷款的批复,,BOUNDARY,低,,,保险公司,,[meta]…关于员工抵押贷款的批复 保监复[1999]215号。美国友邦保险公司广州分公司、美亚保险公司广州分公司：。你们《关于员工抵押贷款的请示报告》收悉。经研究，批复如下：。《中华人民共…,776,True,False,
nfra,a99c4cd015f2edaacf0b4954a00f8ea9cfe22a8a0a2326237682e4487c143985,保监厅函〔2004〕155号,关于保险公司高级管理人员任职资格管理有关问题的复函,,BOUNDARY,低,,,保险公司,,[title]…关于保险公司高级管理人员任职资格管理有关问题的复函 保监厅函〔2004〕155号。宁夏保监局：。你局《关于执行〈保险公司高…,983,True,True,RFN-4c9bf69d7d425799;RFN-4c9bf69d7d425799
nfra,110a7ce0b9181d1c15a7cfedb91773545a4e6a279d7cc457f647961c9e30eb81,保监发〔2004〕45号,关于外国财产保险分公司改建为独资财产保险公司有关问题的通知,,EXCLUDE,中,,,保单|保险公司|保险机构|偿付能力|分支机构,财产保险公司,[title]…关于外国财产保险分公司改建为独资财产保险公司有关问题的通知 保监发〔2004〕45号。各外国财产保险分公司、中银集团保险有限公司深圳分公司、香港民安保险有…,2943,True,False,
nfra,e11b991142b3d45bedb8cabef7b97c767cc6febb1e5a7819dc799b8b107556d7,保监发〔2004〕21号,关于明确外国保险机构驻华代表机构申请材料报送程序的通知,,BOUNDARY,低,,,保险机构,,[title]…关于明确外国保险机构驻华代表机构申请材料报送程序的通知 保监发〔2004〕21号。各保监局，各外国保险机构驻华代表机构，各港、台保…,648,True,True,RFN-6426ad077b34a3ca;RFN-6426ad077b34a3ca
nfra,25967ffdfe9585a6512e2e95ef6913f324eed962c98db3f1868ba20c116d54f9,保监发〔2003〕113号,关于印发《国有保险公司监事会检查报告报送程序规定》的通知（已废止）,,BOUNDARY,低,人寿保险,,,,[meta]…公司监事会检查报告报送程序规定》的通知（已废止） 保监发〔2003〕113号。中国人保（控股）公司监事会、中国人寿保险（集团）公司监事会、中国再保险（集团）公司监事会、中国出口信用险公司监事会：。为规范国务院派驻国有保险公司监事…,1632,True,True,RFN-d7aba191c5f21118;RFN-d7aba191c5f21118
nfra,d4befa7fd34844239b8313fe7d9b7af1b7cb2d7c89fcffd45aa45dd51cbf2e95,保监办函〔2003〕118号,关于对保险公司有关责任人予以处罚相关问题的复函,,BOUNDARY,低,,,保险公司,,[title]…关于对保险公司有关责任人予以处罚相关问题的复函 保监办函〔2003〕118号。南昌保监办：。你办《关于对保险公司有关责任人予…,896,True,True,RFN-a6e37a016be69c55;RFN-a6e37a016be69c55
nfra,17b6ff89a0a56dbf6c49e055a1391982fe843a4278f0917ff6f172b5a498866d,保监发〔2001〕126号,关于规范中资保险公司吸收外资参股有关事项的通知（已废止）,,BOUNDARY,低,,,保险公司|保险机构|分支机构,,[title]…关于规范中资保险公司吸收外资参股有关事项的通知（已废止） 保监发〔2001〕126号。各中资保险公司：。为规范中资保险公司吸收外资…,2107,True,True,RFN-25ea1d07ae1b63c1;RFN-25ea1d07ae1b63c1
nfra,7831c90874baeb493e8c57fc3d3e93a299a2b81e724ce1fcc74116740dad1edc,保监发〔2001〕81号,关于印发保险机构许可证编码方案的通知,办公厅,BOUNDARY,低,人寿保险|人寿保险公司,,,再保险公司|财产保险公司,[body]…许可证编码由4位英文字母和5位数字组成，共9位。 二、第一位为机构业务性质，用大写的英文字母表示。由“L”代表人寿保险公司、“P”代表财产保险公司、“R”代表再保险公司、“E”代表其他。 三、第二位为机构性质，即：“1”为中资公司，…,4646,True,True,RFN-12c808c0aa98c712;RFN-12c808c0aa98c712
nfra,55ea514677779b8b29ffbed3666cd8d1983b34d1ec4876514336c5a0b103d4b8,保监办发〔2000〕3号,关于规范保险机构向保监会行文的通知（已废止）,,EXCLUDE,中,,,保险公司|保险公司分支机构|保险机构|保险条款,保险中介机构,[meta]…关于规范保险机构向保监会行文的通知（已废止） 保监办发[2000]3号。各保险公司，各保险中介机构，各保险学会，各保险行业协会，各外资保险机构驻华代表处：。为理顺保险机构与保监会之间的行文关系，规范保险机构向…,2324,True,True,RFN-d52050b6c6e05e6b;RFN-d52050b6c6e05e6b
nfra,ab9f57fbe0f53a47a9e6d0e877faf10c20e8ba790ea4f66048dcfd89dc97a250,保监发〔2000〕177号,关于印发《深圳市机动车辆保险证管理暂行办法》的通知（已废止）,,EXCLUDE,中,,,保险公司,,,706,True,False,
nfra,951ca234139ffc318411d976fbf2f5f17fe09340852a2cd046725d2c1ebba707,保监产〔2000〕45号,关于做好财产保险条款费率管理工作的通知（已废止）,,BOUNDARY,低,,,保险公司|保险条款,,[title]…关于做好财产保险条款费率管理工作的通知（已废止） 保监产[2000]45号。     保监产[2000]45 号 各保监办、 保监…,1521,True,False,
nfra,c528b65189f53ccbd7f157a2e5088fd89e949168fa71936a38b844925123c532,保监发〔2000〕150号,关于外资再保险公司申请开办人民币分保业务有关问题的通知（已失效）,,EXCLUDE,中,,,保险公司,再保险公司,[title]…关于外资再保险公司申请开办人民币分保业务有关问题的通知（已失效） 保监发[2000]150号。慕尼黑再保险公司北京代表处，德国汉…,1070,True,False,
nfra,afee50bab92cb900f589c3e7412b6ffcb7bd1216f55fbcdf7a895c0b7423e687,保监发〔2000〕141号,关于进一步加强机动车辆保险市场管理有关问题的通知（已废止）,,EXCLUDE,中,,,保单|保险公司|保险机构|保险条款|分支机构,,,3022,True,False,
nfra,8bd2ec4f70c6a83cbde8870a6fa24acc6b0acaa8e9c6e9d6760aae3b6a2130a7,保监产〔2000〕23号,关于调整深圳市新机动车辆保险费率的批复,,EXCLUDE,—,,,,,,700,True,False,
nfra,c3dc424bd461250ba39615bfcc94f450597f0091d811b87b08790f05add7176b,中再发〔2000〕31号,关于法定再保险业务“单独列帐、单独核算”有关问题的批复,,EXCLUDE,中,,,保险公司,再保险公司,[meta]…关于法定再保险业务“单独列帐、单独核算”有关问题的批复 保监复[2000]96号。中国再保险公司：。你公司《关于法定再保险业务“单独列帐、单独核算”有关问题的请示》（中再发[2000]31号）和《关于法定再…,995,True,False,
nfra,756c8145eaa06571d51106f5fb2b3e403bc8d95d5d8e21921eb13904d7163e9e,保监产〔2000〕3号,关于印发《财产险法定分保条件实施细则》的通知（已失效）,,EXCLUDE,中,,,保险公司,再保险公司|财产险,[title]…关于印发《财产险法定分保条件实施细则》的通知（已失效） 保监产[2000]3号。     保监产[2000]3 号 中国人民保…,685,True,False,
nfra,5a0f714815b657455ef0f7f4a2b5078da0927acc8a4139734f6755127912382b,保监发〔2000〕8号,关于企业财产保险业务不得扩展承保地震风险的通知（已废止）,,EXCLUDE,中,,,保险公司,再保险公司|财产险,[body]…承保地震风险的通知（已废止） 保监发[2000]8号。     保监发[2000]8号 中国人民保险公司，中国再保险公司，中国太平洋保险公司，中国平安保险股份有限公司，华泰财产保险股份有限公司，天安保险股份有限公司，大众保险股份有…,1247,True,False,
nfra,2ba73b6d4bdfe03d5449fdce7d8b4522346f6ed13674ed8705f80d7d694a3ea7,保监发〔1999〕275号,关于重申严禁保险公司支付“无赔款退费”的通知（已废止）,,BOUNDARY,低,,,保单|保险公司|保险机构,,[title]…关于重申严禁保险公司支付“无赔款退费”的通知（已废止） 保监发[1999]275号。     保监发[1999]275号 中国人民…,1188,True,True,RFN-100c5013e9342ab0;RFN-100c5013e9342ab0
nfra,72fb1f36fde67f4f7d67c653839e2ed29fe0771fbef0e48546814a3f06d3249c,保监发〔1999〕274号,关于财产保险公司不得参加“强制定损”的通知（已废止）,,EXCLUDE,中,,,保险公司|分支机构,财产保险公司,[title]…关于财产保险公司不得参加“强制定损”的通知（已废止） 保监发[1999]274号。     保监发[1999]274 号 中国…,1113,True,False,
nfra,69831d1f90725cf87f12f4bd61d57af57e277cdd49b12e97ce26bb303e569d71,平保发〔1999〕144号,关于索赔期限有关问题的批复,,BOUNDARY,低,人寿保险,,,,[meta]…限有关问题的请示》（平保发[1999]144号）收悉。经研究，批复如下：。一、根据《保险法》第二十六条的规定，人寿保险以外的其他保险的被保险人或者受益人，对保险人请求赔偿或者给付保险金的权利，自其知道保险事故发生之日起二年内不行…,906,True,True,RFN-1875a1d068ecadf9
nfra,76d4d23c485600d65e8a57eb5d1dee9a1bb56a72edb6aa5a9be290e4cd06d756,保监发〔1999〕239号,关于调整储金性保险业务储金率的通知（已废止）,,EXCLUDE,中,,,保险公司,再保险公司,[meta]…关于调整储金性保险业务储金率的通知（已废止） 保监发[1999]239号。中国人民保险公司、中国再保险公司、中国太平洋保险公司、中国平安保险股份有限公司、华泰财产保险股份有限公司、天安保险股份有限公司、大众保险股份有…,909,True,True,RFN-3b753562f1947ff9;RFN-3b753562f1947ff9
nfra,493d4fc7994fcfaf5b6a3bb01f0f8ffad8906890aeeed0557e787ff528f15aeb,保监产〔1999〕9号,关于加强财产保险业务管理有关问题的通知（已废止）,,EXCLUDE,中,,,保险公司|保险资金|分支机构,财产保险公司|财产险,[meta]…关于加强财产保险业务管理有关问题的通知（已废止） 保监产[1999]9号。各财产保险公司，中国太平洋保险公司、中国平安保险股份有限公司、新疆兵团保险公司：。近期，一些经营财产保险业务的保险公司及其分…,2068,True,False,
nfra,8c80f350c1cf1696ef4b2070651ba4312b6d2231d269f658b3b78c0fe1d258db,保监发〔1999〕48号,关于严禁保险公司采取违规手段参与政府采购保险竞标的紧急通知（已废止）,,BOUNDARY,低,,,保险公司|保险机构|保险条款,,[title]…关于严禁保险公司采取违规手段参与政府采购保险竞标的紧急通知（已废止） 保监发[1999]48号。各保险公司：。近来，某些保险公…,1125,True,True,RFN-fd82d44341772467;RFN-fd82d44341772467
nfra,273eeab207313c88170a2cb7d97c633749093b563d0aae0cd9c61b2dac1ffd47,银发〔1997〕358号,关于重申机动车辆保险市场管理有关规定的通知,,EXCLUDE,中,,保险代理人,保单|保险公司|保险条款|分支机构,财产保险公司,,3275,True,False,
nfra,f5207ab3442d6027f1ad748631e463d514fed0e2047beebf33adf7526789df6b,保监厅发〔2005〕142号,关于报送再保险有关经营数据的通知,,EXCLUDE,中,人寿保险|人寿保险公司,,,财产保险公司,,928,True,False,
nfra,8fafd22631592b54afb5a4c9e46dcf51e1ec1560c566fb9b191cfd554267b1d7,保监会令〔2004〕13号,关于保险公司2004年年度报告编报工作有关问题的通知（已失效）,,BOUNDARY,低,健康险|寿险,,,保险经纪|再保险公司|财产保险公司|财产险,[body]…年度内重大事项（包括重大的投资、关联交易、再保险安排、赔付、合同、诉讼等）、财务报告、审计意见、其他事项。鼓励寿险公司在年度报告中披露内含价值（Embedded Value）有关信息。     四、财务报告至少应包括财务报表…,7122,True,True,RFN-a7ba384041a4e177
nfra,d6689d7a26c7c9c0b5ad66f9c237255985329f9a941f9f95414cc50a4aa898ab,保监发〔2002〕138号,关于2003年年度报告编报工作有关问题的通知（已失效）,,INCLUDE,中,人寿保险公司,,,再保险公司|财产保险公司,[body]…次顺延。 四、财产再保险公司和综合再保险公司暂时参照财产保险公司的编报要求编制年度报告，人寿再保险公司暂时参照人寿保险公司的编报要求编制年度报告。 五、各公司应于2004年4月15日前将年度报告的纸质文本和电子文本送达中国保监会。电…,2177,True,True,RFN-a0df782531548881
nfra,43858924a3acf1188abbe2a947a2bce9c742808f7c1a610bc63b5d8e4b18ca06,保监发〔2003〕121号,关于2003年度偿付能力报告编报工作有关问题的通知（已失效）,,INCLUDE,中,人寿保险|人寿保险公司,,,再保险公司|商业银行|财产保险公司,[body]…、财产再保险公司和综合再保险公司的监管指标暂时参照财产保险公司的监管指标执行，人寿再保险公司的监管指标暂时参照人寿保险公司的监管指标执行。 七、各公司应在2004年4月15日前将偿付能力报告的纸质文本和电子文本送达中国保监会。电子文…,2271,True,True,RFN-b9b9df17265cea39
nfra,d132ef3f0039d9c9b8ca49e844dbb4eb92c03414d53f34643d1e3cb985a51cfd,国发〔2002〕24号,中国保险监督管理委员会关于取消第一批行政审批项目的通知 ,,EXCLUDE,中,,,保险公司,保险中介机构,[meta]…中国保险监督管理委员会关于取消第一批行政审批项目的通知  各保监办、保险公司、保险中介机构：     根据《国务院关于取消第一批行政审批项目的决定》(国发[2002]24号)，现将中国保险监督管理委员…,610,True,False,
nfra,56682448a29bc0fbd61067ed7fec1b99d3e7b2c130d79b7ced10e36e255317d0,保监发〔2005〕113号,关于2005年末非寿险业务准备金评估有关要求的通知（已失效）,,EXCLUDE,中,,,保险公司|偿付能力,再保险公司|财产保险公司,[meta]…关于2005年末非寿险业务准备金评估有关要求的通知（已失效） 保监发〔2005〕113号。各财产保险公司、再保险公司：。为做好2005会计年度末非寿险业务准备金评估工作，现将有关要求通知如下：。一、各公司务必按照《…,1571,True,True,RFN-036cfead5fc7b6dd;RFN-036cfead5fc7b6dd
nfra,0f21f2bdbac0342f35ece72341d6d4cf6d0334bde90495dc79bbd6ba93a498e8,人保财险发〔2005〕115号,关于民航机队保单再保险安排有关问题的批复,,EXCLUDE,中,,,保单,,,412,True,False,
nfra,fe2ea405d0533406348ae571cf27eb5709fcb66dde8b1083496ce2e937fc5989,,中国银行业监督管理委员会关于进一步对外开放银行业相关事项的公告,,EXCLUDE,中,,,,银行业,[title]…中国银行业监督管理委员会关于进一步对外开放银行业相关事项的公告 摘要     中国银行业监督管理委员会 关于进一步对外开…,1423,True,False,
nfra,4feb5da594f404c83cd4b8d213e27cc2915357426198b7a854d94c839533cb7b,保监统信〔2005〕1074号,关于加强年报和年度报统计信息管理的通知（已失效）,,BOUNDARY,低,,,保险公司|分支机构,,[meta]…关于加强年报和年度报统计信息管理的通知（已失效） 保监统信〔2005〕1074号。各保监局、各保险公司：。为全面、真实、准确地反映全年度保险业的发展情况和经营成果，确保年报、年度报数据真实准确，现就年报、年度报统…,1159,True,False,
nfra,32c2ee6d07a3bacfdf5e42a2d33dbe04ab521d33a7a2e489ba7f729858cc1167,保监统信〔2005〕1055号,关于在保险行业内发布部分保险统计汇总数据的通知（已废止）,,INCLUDE,中,人身保险公司,,,财产保险公司|财产险,[meta]…统计汇总数据。现就有关事宜通知如下：。一、发布内容。（一）财产保险公司主要业务保费收入（详见附件1）；。（二）人身保险公司主要业务保费收入（详见附件2）；。（三）全国各地区财产险业务保费收入（详见附件3）；。     保监统信〔20…,1315,True,True,RFN-28fa90ee667b8e96;RFN-28fa90ee667b8e96
nfra,11ac8613755b69ae1ae39aacb0205a23e64adadc9fbdc8d360b7892f1bb07bc2,保监厅函〔2005〕216号,关于提前报送2005年保险公司主要指标快报的通知,,EXCLUDE,中,,,保险公司,再保险公司,[body]…5年12月临时报表（具体表格见附表）。 三、各保险公司报送的临时报表和季报中相同指标统计口径应保持一致。 四、再保险公司仅填报《保险公司资金运用情况临时报表》。 五、各保险公司通过《中国保险统计信息系统》公告板下载临时报表电子版，…,1291,True,True,RFN-6eeed0a021f16641;RFN-6eeed0a021f16641
nfra,ce6849683580a4ef962ef2b85be91e438a125c8b4c81e5ee11e87e861bd5a4c9,保监中介〔2005〕1035号,关于保险公司代理销售企业年金有关问题的函,,INCLUDE,中,人寿保险|养老保险,,,,[meta]…代理许可证的请示》（平保养发〔2005〕9号）收悉。经研究，批复如下：。中国平安财产保险股份有限公司、中国平安人寿保险股份有限公司为你公司代理销售企业年金，不适用我会有关保险代理业务管理的规定，无须使用保险中介服务统一发票进行手…,582,True,True,RFN-6556e0d430a80454;RFN-6556e0d430a80454
nfra,0f77c4071f2e76d606c6ea20a5f1f22ec26941ca73ee32a26604b9b0c1aa9eb6,保监发〔2005〕108号,关于印发《人身保险保单标准化工作指引（试行）》的通知,,INCLUDE,高,人身保险|人身保险公司,,,,[title]…关于印发《人身保险保单标准化工作指引（试行）》的通知 保监发〔2005〕108号。各人身保险公司：。为提升全行业服务水平，规范人…,436,True,True,RFN-ab869de108360048;RFN-ab869de108360048
nfra,1ac34d13029f1735a75728e15222902d7efbf53265c2ce23c02ac462a2bcf3d7,,货币经纪公司试点管理办法实施细则,,BOUNDARY,低,,,分支机构,银行业,[body]…包括出资人名称、注册地址、法定代表人、营业执照复印件、出资人及所在集团的组织结构图、出资人主要股东名册、出资人分支机构与主要关联企业名册、经营情况等事项。 第六条             获得筹建许可的申请人申请延长筹建期限的，…,12059,True,False,
nfra,6bcbfa27bd4e68e0b6fcaea164b52be5a4259980cc7e9db3b5838c6278788abe,保监发〔2005〕107号,关于加强保险中介从业人员继续教育管理工作的通知（已废止）,,BOUNDARY,低,人身保险|健康保险,保险代理人,,保险中介机构|保险公估|保险经纪|保险经纪机构,[body]…、 保险合同； 3、 《保险法》； 4、 《保险中介相关法规汇编》； 5、 《保险职业道德教育读本》； 6、 人身保险的主要种类和人身保险合同； 7、 财产保险的主要种类和财产保险合同； 8、 意外伤害保险和健康保险； 9、 保…,3619,True,True,RFN-93cf24eecccf929b;RFN-93cf24eecccf929b;RFN-0e6c350ab17d6826
nfra,6e13b76f5b7dbfcbf5041bdb6722280fb559d0cd93157cfd0a44a240fa189b2e,日中国银行业监督管理委员会令2005年第3号,金融机构信贷资产证券化试点监督管理办法,创新部,EXCLUDE,中,,,,商业银行|银行业|银行业金融机构,[meta]…信贷资产证券化试点监督管理办法 第一章  总则金融机构信贷资产证券化试点监督管理办法(2005年11月7日中国银行业监督管理委员会令2005年第3号公布，自2005年12月1日起施行)第一章  总则 第一条  为规范信贷资产证…,25607,True,False,
nfra,5ff7ae9968d794a666c675e9ac2dec42a7b4fee6742aa64db7265dc11bb00a5b,保监发〔2005〕101号,关于印发《中国保监会保险统计现场检查工作规程》的通知,,BOUNDARY,低,,,保险公司|保险机构|保险资产管理,,[meta]…关于印发《中国保监会保险统计现场检查工作规程》的通知 保监发〔2005〕101号。各保监局、各保险公司、保险资产管理公司：。为使保险统计现场检查工作规范化、制度化，确保保险统计信息质量，充分发挥保险统计服务保险监…,774,True,True,RFN-82cf9ed851220c74;RFN-82cf9ed851220c74
nfra,5b3868178e8fc05f7e1d31542dec68e93a01d8148d2b1f54da524cce9d54d3c7,保监发〔2005〕98号,关于规范寿险公司赠送保险有关行为的通知,,INCLUDE,高,人身保险|寿险,,,,[title]…关于规范寿险公司赠送保险有关行为的通知 保监发〔2005〕98号。各寿险公司，各保监局：。近来，部分寿险公司开展了多种形式…,1599,True,True,RFN-e8c0d6c9e201231a;RFN-e8c0d6c9e201231a
nfra,a61580361f0413336f9e99181bb44b1773719a63f4c93e267de4238f5e2adbe7,保监厅函〔2005〕199号,关于保险公司员工非正常购买保险行为定性问题的复函,,INCLUDE,中,人寿保险,,,,[meta]…保监局：。你局《关于对保险公司员工非正常购买保险如何定性的请示》（苏保监发〔2005〕459号）和《关于对中国人寿保险股份有限公司徐州市分公司员工非正常购买保险有关问题的补充报告》（苏保监发〔2005〕529号）收悉。经研究，函…,690,True,True,RFN-d54da4b489cc13c6;RFN-d54da4b489cc13c6
nfra,8e79c06af3ea24e5949fb1e281c45dd6cc078e7be46f9983c3fddff925218df8,保监发〔2005〕94号,关于加强万能保险销售管理有关事项的通知,,INCLUDE,中,人身保险公司,,,,[meta]…关于加强万能保险销售管理有关事项的通知 保监发〔2005〕94号。各保监局、各人身保险公司：。为加强万能保险销售管理，保护消费者权益，现将有关事项通知如下：。一、严格管理宣传材料。各公司应切实加强对万…,2774,True,True,RFN-db6909510692f430;RFN-db6909510692f430
nfra,ef36b3f3b24ae108fb2f14f10ccdaacb088bc33a7f8e58bfbd57d49c29157442,国办发〔2003〕3号,关于完善保险业参与新型农村合作医疗试点工作的若干指导意见（已废止）,,INCLUDE,中,健康保险|寿险,,,财产保险公司,[meta]…关于完善保险业参与新型农村合作医疗试点工作的若干指导意见（已废止） 保监发〔2005〕95号。各保监局、各寿险公司、各健康保险公司、中华联合财产保险公司：。近年来，保险业与各级政府合作，利用自身的风险管理、理赔技术、服务…,6037,True,True,RFN-3a158f66a8d6e6b6
nfra,fa75a65cca303e72ed9e3b99a65e8bacfc51d213560959b958d0d58781658718,保监发〔2005〕91号,关于企业年金产品备案有关问题的通知（已废止）,,INCLUDE,中,人身保险|人身保险公司,,,,[meta]…关于企业年金产品备案有关问题的通知（已废止） 保监发〔2005〕91号。各人身保险公司：。为了促进企业年金市场发展，规范企业年金产品的管理，现就依照《企业年金基金管理试行办法》开发的企业年金产品备…,1915,True,True,RFN-2936734e64927b7f;RFN-2936734e64927b7f
nfra,55c36aa48ddb0a3487f722539b3f8b1a18cfe7bab317b8bdfdd6f1ad66a729c8,保监发〔2005〕90号,关于开展保险资金托管工作的通知（已废止）,,EXCLUDE,中,,,保险产品|保险公司|保险机构|保险资产管理|保险资金,商业银行,[body]…较为规范的保险公司，可以一步到位，实行全过程托管。保险公司开展托管工作，要主动与有关证券交易所、登记结算公司及商业银行协调，建立信息共享和沟通机制，及时解决托管技术和相关问题。 四、实行保险资金托管的有关要求 保险公司、保险资产…,5313,True,True,RFN-165b134a80676190;RFN-165b134a80676190
nfra,e7cfc029559af6cfb21111f2a8c710bf6d4fb8d43177e7621494342102f0bd4f,保监财会〔2005〕877号,关于提取资本保证金的批复,,BOUNDARY,低,人寿保险,,,,[meta]…关于提取资本保证金的批复 保监财会〔2005〕877号。国信人寿保险股份有限公司：。你公司《关于解冻资本保证金的申请报告》（国信人寿〔2005〕38号）和《关于解冻资本保证金的申…,911,True,True,RFN-b0f7df910c31db95;RFN-c5f6136678718632;RFN-b0f7df910c31db95
nfra,0188bc5bd0261b64d3c0857ed802503c4c5c550af022710999c41b3612fbff42,,商业银行个人理财业务风险管理指引,,EXCLUDE,中,,,,商业银行|银行业,[title]…商业银行个人理财业务风险管理指引 摘要     商业银行个人理财业务风险管理指引 第一章  总则 第一条  为加强商业…,12599,True,False,
nfra,949daf44019cdd3be453517deedd4341ed671bd358a79371ef812dc6807a828f,中国银行业监督管理委员会令2005年第2号,商业银行个人理财业务管理暂行办法（中国银行业监督管理委员会令2005年第2号）,,EXCLUDE,中,,,分支机构,商业银行|银行业|银行业金融机构,[title]…商业银行个人理财业务管理暂行办法（中国银行业监督管理委员会令2005年第2号） 摘要     中国银行业监督管理委员会…,15060,True,False,
nfra,61dbdc0ec4925ea36cdfe94ac1325ea33a8d51dea796f42818aba2621371f322,保监财会〔2005〕868号,关于招商信诺人寿保险有限公司资本保证金处置的批复,,INCLUDE,高,人寿保险,,,,[title]…关于招商信诺人寿保险有限公司资本保证金处置的批复 保监财会〔2005〕868号。招商信诺人寿保险有限公司：。你公司《关于转存资本保…,640,True,True,RFN-bfa7525047bb4233;RFN-bfa7525047bb4233
nfra,db2a3f927980edcfa073073ac5addbdf249f8eb07b144537ed88026f3e378b2f,保监发〔2004〕76号,关于投资连结型团体年金保险、万能型团体年金保险风险保额有关问题的批复,,BOUNDARY,低,人寿保险|人身保险|寿险,,,,[meta]…关于投资连结型团体年金保险、万能型团体年金保险风险保额有关问题的批复 保监寿险〔2005〕867号。瑞泰人寿保险有限公司：。你公司《关于申请瑞泰团体投资连结保险产品备案的请示》（瑞泰人寿〔…,864,True,True,RFN-4419b8953b7a48c6;RFN-89617aa386e8aaf9
nfra,5b4405aabe876d33fd76512c0fd242a22082dde37324beacdc552880ff67f1ef,保监发〔2005〕83号,关于印发《人身保险内含价值报告编制指引》的通知,,INCLUDE,高,人寿保险公司|人身保险|健康保险|养老保险公司|寿险,,,,[title]…关于印发《人身保险内含价值报告编制指引》的通知 保监发〔2005〕83号。各寿险公司，各养老保险公司，各健康保险公司，健康保险公…,928,True,True,RFN-8e553b1417bf38ce;RFN-8e553b1417bf38ce
nfra,0c2b9cb51161da05f43b45733495d4487969575d7aef49a79f385b89d7210a64,,股份制商业银行董事会尽职指引（试行）,,EXCLUDE,中,,,,商业银行|银行业,[title]…股份制商业银行董事会尽职指引（试行） 摘要     股份制商业银行董事会尽职指引（试行） 第一章  总则 第一条  为规范股…,12359,True,False,
nfra,e2c42e7c78373df944d3877afb0ac46793e54a9b1810c5064abf8ad3ee962935,保监中介〔2005〕798号,关于2005年第二次保险经纪和保险公估从业人员资格考试有关事项的通知,,EXCLUDE,中,,,,保险公估|保险经纪,[title]…关于2005年第二次保险经纪和保险公估从业人员资格考试有关事项的通知 保监中介〔2005〕798号。各保监局：。现将2005年下半年保险经…,3052,True,False,
nfra,e5c632195c2b3b9cb10cdac27f8eb94680eca3e41c4ffe8ce326f8ff51f2c869,保监发〔2005〕77号,关于印发《保险外汇资金境外运用管理暂行办法实施细则》的通知（已废止）,,BOUNDARY,低,,,保险公司|保险资产管理,,[meta]…关于印发《保险外汇资金境外运用管理暂行办法实施细则》的通知（已废止） 保监发〔2005〕77号。各保险公司、各保险资产管理公司：。为进一步规范投资动作行为，确保《保险外汇资金境外运用管理暂行办法》的有效实施，经商国家…,464,True,True,RFN-f79cca682c61c207;RFN-f79cca682c61c207
nfra,ccede80849a50094bb17faf295ebe0b5c0d11414980bf73342430ec95b9d7585,保监财会〔2005〕770号,关于印发《保险保障基金内部管理规定（试行）》和《保险保障基金会计核算办法（试行）》的通知,,EXCLUDE,—,,,,,,478,True,True,RFN-5528fa42833195c2;RFN-5528fa42833195c2
nfra,aa5079e490477a44ba6817bf0e4c0227807dc656ab258829117616779095cd92,保监厅发〔2005〕117号,关于做好保险业国际收支平衡表和国际投资头寸表编制准备工作的通知（已失效）,,BOUNDARY,低,,,保险公司|保险资产管理,金融资产,[meta]…业国际收支平衡表和国际投资头寸表编制准备工作的通知（已失效） 保监厅发〔2005〕117号。各保险集团公司、各保险公司、各保险资产管理公司：。根据国家外汇管理局的要求，我会将研究编制保险业国际收支平衡表、国际投资头寸表。为做好报…,3487,True,True,RFN-97512733c733dbc0;RFN-97512733c733dbc0
nfra,3f7d563ce244957e5628b51ddbf7bd1047ea236e9cd139881c6d62835a091af0,保监厅发〔2005〕114号,关于保险业突发事件应急处置工作有关问题的通知（已废止）,,EXCLUDE,—,,,,,,964,True,True,RFN-7d624c238dda0552;RFN-7d624c238dda0552
nfra,5b2e8c67a298781aa16c7b785450918ced4800d94eaa40e61522f6239576724d,保监厅函〔2005〕152号,关于保险业参与新型农村合作医疗情况的函,,INCLUDE,中,人寿保险|人寿保险公司,,,,[body]…性。现将有关情况函告如下： 一、保险公司参与新农合的基本情况 （一）保险公司参与新农合的试点范围与规模 太平洋人寿保险公司（简称“太平洋人寿”）从2001年11月就开始参与江苏省江阴市农村大病医疗统筹业务。截止2005年6月30日，…,5656,True,True,RFN-0bd05ec945959c93;RFN-0bd05ec945959c93
nfra,4c6f67911f13749d589f5de49a5d64002ebf94c6506ecc2a9d5759d9dabfdccc,保监厅发〔2005〕112号,关于加强保险统计数据信息管理的通知,,BOUNDARY,低,,,保险公司|保险机构,,[meta]…会统计数据信息报送、汇总的及时性、完整性和准确性，为促进保险监管工作发挥了积极的作用。但最近有部分保监局、部分保险公司反映存在快报数据信息被泄露给部分保险机构的现象，给当地监管工作和保险公司经营活动造成一定的被动。     保监…,1667,True,True,RFN-87790fc16becf971;RFN-87790fc16becf971
nfra,ee10cdd5426e347d29f8f9ff9cb4b4d4910254c618bef0d3b13838b83008617c,保监寿险〔2005〕680号,关于加强财务资金管理的通知,,INCLUDE,中,寿险,,,商业银行,[meta]…关于加强财务资金管理的通知 保监寿险〔2005〕680号。各寿险公司：。近日我会接到报告，反映某寿险中心支公司严重违反财务制度，将邮储代理保费归集…,1413,True,True,RFN-0079d4f412525405;RFN-0079d4f412525405
nfra,68ba23a1f6e23dbb6a214a616ce5a896e3a66a4081b0b822c7a208ac4e1ee3d9,国发〔2005〕3号,银行开展小企业贷款业务指导意见,,EXCLUDE,中,,,,商业银行|银行业,[body]…意见 第一条  为促进和指导各银行不断改善对小企业的金融服务，逐步调整和优化信贷资产结构，根据《中华人民共和国商业银行法》、《中华人民共和国银行业监督管理法》，以及《国务院关于鼓励支持和引导个体私营等非公有制经济发展的若干意见》…,7882,True,False,
nfra,0f758704e756ec90bfce7a83e5e4b0e33004b7b7df17e8d0eee633bd57b0e542,保监厅函〔2005〕136号,关于指定中国保险报为保险采购信息披露媒体的函,,EXCLUDE,—,,,,,,335,True,False,
nfra,4122c804cd5eb8c563a0d85cfc1c8d9a413214a4267e9f95132dda3242dff6ed,保监中介〔2005〕619号,关于加强保险公估机构管理的通知,,EXCLUDE,中,,,保险公司|分支机构,保险公估|商业银行,[title]…关于加强保险公估机构管理的通知 保监中介〔2005〕619号。各保监局、保险公估机构：。为加强对保险公估机构及其分支机构的管理…,7097,True,True,RFN-eb50909f70be5f39;RFN-eb50909f70be5f39
nfra,c4d38f992b95c6bc325d35d5dc4618f52885ca07e9b8eb1a9a35646cbe60be9f,保监厅发〔2005〕88号,关于保险公司设立分支机构适用偿付能力要求有关问题的通知（已废止）,,BOUNDARY,低,,,保险公司|保险公司分支机构|偿付能力|分支机构,,[title]…关于保险公司设立分支机构适用偿付能力要求有关问题的通知（已废止） 保监厅发〔2005〕88号。各保监局：。近来，有的保监局…,700,True,True,RFN-41a49ac31606fda6;RFN-41a49ac31606fda6
nfra,ac2e12842943f9b6c79f36f69134a753f49e444347d61a8c6230042538d29b7d,保监发〔2005〕55号,关于保险外汇资金投资境外股票有关问题的通知（已废止）,,BOUNDARY,低,,,保险公司|保险机构|保险资产管理|保险资金,,[meta]…关于保险外汇资金投资境外股票有关问题的通知（已废止） 保监发〔2005〕55号。各保险公司、保险资产管理公司：。为进一步拓宽保险资金运用渠道，调整投资组合，逐步提高收益，经国务院批准，允许保险外汇资金…,1083,True,True,RFN-081ecf9726662d05;RFN-081ecf9726662d05
nfra,3a98f59b627a770089168b75c3c7df0e931ce2baec6bd445b2ef80842db0b307,保监厅函〔2005〕116号,关于财产保险公司统括保单业务有关问题的复函,,EXCLUDE,中,,,保单|保险公司|保险公司分支机构,保险中介机构|财产保险公司,[title]…关于财产保险公司统括保单业务有关问题的复函 保监厅函〔2005〕116号。贵州保监局：。你局《关于异地承保机动车辆等保险业务有…,798,True,False,
nfra,e4d6624e3272fdf5d25b13c7104f3d213772643325aab5c626fffc723f321883,保监厅发〔2005〕85号,关于印发机关财务管理有关规定的通知,,BOUNDARY,低,养老保险,保险代理人,,保险公估|保险经纪,[body]…贴、奖金等； （二）社会保险缴费指为职工缴纳的养老、医疗、失业、工伤等保险费； （三）离退休费指未参加职工基本养老保险的离退休人员的费用； （四）医疗费指未参加基本医疗保险的在职职工、离退休人员的医药、治疗、住院等费用，以及参保…,8708,True,False,
nfra,beba6c82e5549a2b8899c40290e3b698e4eb935b51fa4efa424712fcb7dd0f3e,保监厅发〔2005〕83号,关于财产保险公司开展共保业务自查的通知（已失效）,,EXCLUDE,中,,,保险公司|分支机构,财产保险公司,[title]…关于财产保险公司开展共保业务自查的通知（已失效） 保监厅发〔2005〕83号。各财产保险公司：。一段时期以来，一些财产保险公司…,1148,True,False,
nfra,bd590ca4b15719ad5862c6b4d6275fdb92cbe44f31069e6dec74777791135b79,保监厅发〔2005〕82号,关于整顿和规范财产保险市场秩序有关工作的通知,,EXCLUDE,中,,,保险机构,保险中介机构|财产险,[body]…记录与报表披露是否及时、准确、完整； 3、核实应收保费的账龄是否合理，是否存在保险合同已过期但应收保费仍挂账，保险中介机构长期拖欠应收保费和账龄超过三个月的应收保费比例过高等问题； 4、核实应收保费的变化是否具备规律性，年初或年末应…,2675,True,False,
nfra,aee546da8d62856d412e123272cebfdd8c48d2d16e23d1ed937fe2ae0d329856,保监厅发〔2005〕80号,关于开展保险公司数据质量问题调查的通知,,BOUNDARY,低,,,保险公司|保险公司分支机构|分支机构,,[title]…关于开展保险公司数据质量问题调查的通知 保监厅发〔2005〕80号。各保监局：。自2005年1月保险公司统计数据由保险集团公司…,1719,True,True,RFN-2836d315cfaf03af;RFN-2836d315cfaf03af
nfra,d950ae4838e58d33b03da8a0c1e1c3c14fa1175726e542dcf8e477dbebd0ba2c,保监厅发〔2005〕77号,关于做好保险稽核系统接口程序准备工作的通知（已失效）,,EXCLUDE,中,,,保险公司,财产险,[meta]…已失效） 保监厅发〔2005〕77号。各保险公司：。为提高监管效率、加强数据检查，我会开发了保险稽核系统（分为财产险专用版和人身险专用版），并将投入使用。为做好现场检查工作，各公司要按规定的数据格式和要求提供导出的TXT文件。…,931,True,True,RFN-1d8012044cbd535b;RFN-1d8012044cbd535b
nfra,a8f4885f77891d980d74f84f716348901db12105707433d44a9996b6ace6387a,,关于征集银行风险管理教学案例的公告,,EXCLUDE,中,,,,银行业金融机构,[body]…育培训工作，使培训课程理论与实际相结合，提高培训的针对性和有效性，中国银监会培训中心将在会机关和各派出机构、各银行业金融机构中征集银行经营管理和风险控制教学案例。    一、征集范围 银监会机关各部门、银监会各派出机构（包括各银监局、…,1333,True,False,
nfra,3c747ae5a3c269c3c1e5d6b468334dd13dde663fe52eca645f451e589ed8ef99,,关于征求《商业银行个人理财业务管理暂行办法（征求意见稿）》和《商业银行个人理财业务风险管理指引（征求意见稿）》意见的公告,,EXCLUDE,中,,,,商业银行|银行业,[title]…关于征求《商业银行个人理财业务管理暂行办法（征求意见稿）》和《商业银行个人理财业务风险管理指引（征求意见稿）》意见的公告 摘要…,959,True,False,
nfra,5c801ed45acccd08981cc87e5ebbff62c093932f83c0ab696b7f45094f8ba22f,,关于征求《电子银行业务管理办法（征求意见稿）》和《电子银行安全评估指引（征求意见稿）》意见的公告,,EXCLUDE,中,,,,银行业,[title]…关于征求《电子银行业务管理办法（征求意见稿）》和《电子银行安全评估指引（征求意见稿）》意见的公告 摘要     关于征求《电子银行…,749,True,False,
nfra,12f3c74cbd2e93187cc6ea1bb5868edcabd250d72f3c532eb0a6285030403831,保监发〔2005〕46号,关于2005年下半年保险代理从业人员资格考试有关事项的通知,,INCLUDE,中,人身保险,,,,[body]…一书的第一章至第五章。  （二）财产保险知识占 10 分。 命题范围是《保险基础知识》一书的第六章。  （三）人身保险知识占 20 分。 命题范围是《保险基础知识》一书的第七章。  （四）职业道德和执业行为规范占 10 分。 命…,1654,True,True,RFN-aa25448f04553219;RFN-aa25448f04553219
nfra,fe0514c64704394badf420bb1595e4e84a549f5fe3c1784630037b530a728ea6,,商业银行外部营销业务指导意见,,EXCLUDE,中,,,,商业银行|银行业,[title]…商业银行外部营销业务指导意见 摘要     商业银行外部营销业务指导意见 一、为了规范发展商业银行外部营销业务，保障银…,5359,True,False,
nfra,545bb738cf54c3710c139f69f0779940a9cdfcf9ac01eb01efcf862ea2a4da07,国办发〔2005〕19号,关于开展2005年整顿和规范保险市场秩序工作的通知,,BOUNDARY,低,健康险,保险营销员,,保险中介机构,[body]…改，把提高理赔质量作为规范经营和提高公司竞争力的核心内容来抓。保监会将指导保险行业协会从反映最强烈的机动车险、健康险等理赔服务方面入手，明确承诺理赔服务的时间、程序、标准等，逐步制定行业服务标准，向社会公开承诺，并通过签订自律…,7957,True,True,RFN-5b0aaf8d4e169369;RFN-5b0aaf8d4e169369
nfra,56895c911e98c075ed5927e9f2da3ca9cd767547a528f7edd8b124750e1569a6,保监发〔2005〕41号,关于印发《保险中介从业人员继续教育暂行办法》的通知,,BOUNDARY,低,人寿保险,,,保险中介机构|保险公估|保险经纪机构,[body]…及职业道德教育， 累计培训和教育时间不得少于 36 小时。  其中， 保险公司委托保险代理机构及其分支机构销售人寿保险新型产品的， 应当对销售人寿保险新型产品的保险代理机构及其分支机构的业务人员进行专门培训， 销售前培训时间不得…,4390,True,True,RFN-4a9205f71876954e;RFN-4a9205f71876954e
nfra,eff9b4ffe5a597d2afaee7b59b548b572eee36f1481ed5977e52ad4d36c8bdc1,,中国人民银行　中国银行业监督管理委员会公告〔2005〕第7号,,EXCLUDE,中,,,,商业银行|银行业|银行业金融机构,[title]…中国人民银行　中国银行业监督管理委员会公告〔2005〕第7号 摘要     中国人民银行 中国银行业监督管理委员会公告〔2005〕第7…,13939,True,False,
nfra,a07d514d1afc97329f39e5f130fe0bbd29034a860cfbb328586d0707d65ba911,保监厅发〔2005〕53号,关于开展保险合同纠纷处理机制试点工作的通知,,BOUNDARY,低,,,保险机构,,[body]…机制试点工作。现将有关问题通知如下： 一、试点方式 在试点地区保监局的组织指导下，由省级保险行业协会牵头，当地保险机构参加，共同制定试点工作方案，对有关组织框架、运转机制、协调办法等进行探索，取得成熟经验后在全国推开。 二、试点…,1743,True,True,RFN-cffcb1587680188c;RFN-cffcb1587680188c
nfra,6ea885a192e977babbfcd4b726ebdff1b7bca8f85973f4925c84f062a3e5acdd,保监发〔2005〕36号,关于成立中国保险监督管理委员会厦门监管局的通知,,BOUNDARY,低,,,保险公司,,[meta]…关于成立中国保险监督管理委员会厦门监管局的通知 保监发〔2005〕36号。各保险公司，各保监局：。根据中央机构编制委员会办公室《关于中国保险监督管理委员会派出机构设置和人员编制的批复》（中央编办…,548,True,False,
nfra,383e201c9b6115d9e6c2294ced54dbf77e20e41183bffc41e882cfb39f8d24b5,保监厅发〔2005〕46号,关于使用新版中介从业人员资格证书、展业证书、执业证书有关事宜的通知,,EXCLUDE,中,,,保险公司,保险中介机构|保险公估|保险经纪|保险经纪机构,[meta]…保监厅发〔2005〕46号。各保监局、各保险公司、各保险中介公司：。根据新颁布的《保险代理机构管理规定》、《保险经纪机构管理规定》及《关于发布保险中介从业人员职业道德指引的通知》(保监发〔2004〕143号)，我会对保险代理、保险…,2405,True,False,
nfra,ae9c5d4d196e1d22135a5af8e81de99f3b0c1f220c8f082da0c33cacb2998884,保监厅发〔2005〕49号,关于加强外国保险机构驻华代表机构管理问题的通知,,BOUNDARY,低,,,保险机构,,[title]…关于加强外国保险机构驻华代表机构管理问题的通知 保监厅发〔2005〕49号。各保监局：。为维护我国保险市场秩序，促进保险业健康发展…,832,True,False,
nfra,41d9f24b052f0ea0bbee37ea103368d4f8fb829c7bcee4e3329454f064040bcb,保监发〔2005〕49号,关于违规受处罚的保险公司申请设立营销服务部有关问题的批复,,BOUNDARY,低,,,保险公司|分支机构,,[title]…关于违规受处罚的保险公司申请设立营销服务部有关问题的批复 保监法规〔2005〕318号。福建保监局：。你局《关于对违规受处罚保险公司申…,959,True,True,RFN-8e37d9471a591f1d
nfra,047664ddfd5bb00bedc67e0da8fb8be41be1522ad6b004df625851ccbcce8f68,保监厅发〔2005〕45号,关于保险公司在设有特区、计划单列市的省份展业有关问题的通知（已废止）,,BOUNDARY,低,,,保险公司,,[title]…关于保险公司在设有特区、计划单列市的省份展业有关问题的通知（已废止） 保监厅发〔2005〕45号。各保监局，各保险公司：。…,685,True,True,RFN-3cfb650d9582deea;RFN-3cfb650d9582deea
nfra,167db75912052dbf861f3d7dbb95feca767eecf44c102190769f775d2295e39d,保监法规〔2005〕274号,关于在营销服务部基础上设立支公司等分支机构有关问题的批复,,BOUNDARY,低,,,保险公司|保险机构|分支机构,,[title]…关于在营销服务部基础上设立支公司等分支机构有关问题的批复 保监法规〔2005〕274号。新疆保监局：。你公司《关于在营销服务部基础上设立支公司等保险机构…,997,True,False,
nfra,5bacb82d21bdf28a46d316a75e9c3ad9c7d7ec9ebe2e09db12cf99facef64541,保监发〔2005〕30号,关于进一步做好汽车消费贷款保证保险风险防范与化解工作的通知（已废止）,,BOUNDARY,低,,,保险公司,,[meta]…于进一步做好汽车消费贷款保证保险风险防范与化解工作的通知（已废止） 保监发〔2005〕30号。各保监局、各中资保险公司：。汽车消费贷款保证保险业务开办以来，对推动我国汽车消费信贷和汽车消费市场的快速发展发挥了积极的作用，但在经营…,2039,True,False,
nfra,4bda179336ada4d6aaa62bb3a2cea26413ddec92f2f9792979f7f860ccb819b3,,中国银行业监督管理委员会关于对中资银行衍生产品交易业务进行风险提示的通知,,EXCLUDE,中,,,,商业银行|银行业|银行业金融机构,[title]…中国银行业监督管理委员会关于对中资银行衍生产品交易业务进行风险提示的通知 摘要     中国银行业监督管理委员会 关于对…,3476,True,False,
nfra,5d422295a6af2a5fe44dafa723fac9cb85e8399e0105759ce1d8485eb72ed733,,中国银行业监督管理委员会关于加大防范操作风险工作力度的通知,,EXCLUDE,中,,,分支机构,商业银行|银行业|银行业金融机构,[title]…中国银行业监督管理委员会关于加大防范操作风险工作力度的通知 摘要     中国银行业监督管理委员会关于加大防范操作风险工…,4702,True,False,
nfra,43241cd426d19babb27a4b723580d71e19a052406633441579f9c950c957d35b,,中国银行业监督管理委员会关于在华外资银行从事保险公司股票资产托管业务市场准入程序的公告,,BOUNDARY,低,,,保险公司,银行业,[title]…中国银行业监督管理委员会关于在华外资银行从事保险公司股票资产托管业务市场准入程序的公告 摘要     中国银行业监督管理委员会关于在华外资银行从事保险公司 股票资…,844,True,False,
nfra,12fe14942d33b98865c38c5e444fa80aa09073ee66418efc41c753995b2b204c,保监发〔2005〕24号,关于加强诚信制度建设提高车险理赔服务质量的通知,,EXCLUDE,中,,,保险公司|分支机构,财产保险公司,[meta]…关于加强诚信制度建设提高车险理赔服务质量的通知 保监发〔2005〕24号。各保监局、各财产保险公司、中国保险行业协会：。2005年全国保险工作会议提出，保险业要加强保险诚信建设，树立良好的社会形象。…,5935,True,False,
nfra,6407e8c5d3cadc9b875f1a1c521e60d706e796af1bed1997226f776a507bb7f9,保监办〔2005〕192号,关于启动中国产险业执业资格考试有关事项的批复,,EXCLUDE,—,,,,,,631,True,False,
nfra,1c22c0fbc81d8e29fbd85b644ff6853fc07d671f831079ba9f05653e3de24c56,保监办〔2005〕192号,关于启动中国产险业执业资格考试有关事项的批复,,EXCLUDE,—,,,,,,631,True,False,
nfra,ffe988d94c3d06fe0f193cee395f83023c385aa1b993f0a40dde16e14ed9b89e,保监厅函〔2005〕24号,关于报送保险信息系统基本情况及安全状况等有关情况的函,,BOUNDARY,低,,,保险公司|保险机构,银行业,[body]…高了保险业的整体竞争能力和现代化水平。 一、保险信息系统基本情况 保险信息系统包括保险监管信息系统及信息网络，保险机构业务、财务信息系统及信息网络。 保险监管信息系统及网络：主要用于中国保监会系统（包括保监会机关和35家地方派出…,5299,True,True,RFN-759baacb49543829;RFN-759baacb49543829
nfra,5130f66aedfa7747d743bed182755c27028b6c8427e56410c664a5f8677ee0fd,,中国人民银行  银监会关于加快落实国家助学贷款新政策有关事宜的通知,,EXCLUDE,中,,,,商业银行,[body]…中国人民银行各分行、 营业管理部、 各省会(首府)城市中心支行， 各省(自治区、 直辖市)银监局， 各国有独资商业银行、 股份制商业银行： 2004 年国家助学贷款新政策实施以来， 各地积极采取措施， 认真贯彻落实， 做了大量工…,2683,True,False,
nfra,8d86c48650241f1a48cecc9aff80f9d6663dd9aecd44904ecbc1836b7d1ccc65,国发〔2004〕3号,商业银行设立基金管理公司试点管理办法（中国人民银行　中国银行业监督管理委员会　中国证券监督管理委员会公告〔2005〕第4号）,,EXCLUDE,中,,,,商业银行|基金管理公司|银行业,[title]…商业银行设立基金管理公司试点管理办法（中国人民银行　中国银行业监督管理委员会　中国证券监督管理委员会公告〔2005〕第…,4749,True,False,
nfra,79dc5b1a8b3f9825c920969aaaa95e5ad74fed77991ad54cfe9dc559a2ac1a16,保监发〔2005〕14号,关于保险机构投资者股票投资有关问题的通知,,INCLUDE,中,寿险,,,商业银行,[meta]…行）》（以下简称《托管指引》）等规定，现将保险机构投资者股票投资有关问题通知如下：。一、保险公司应当根据产险、寿险资金的特性，制定股票投资策略方案，并向中国保监会提出股票投资业务申请。     保监发〔2005〕14号 各保…,4040,True,True,RFN-0b7c659e3b176c41;RFN-0b7c659e3b176c41
nfra,b678ae3e8acf205f91559ef9235d8ab1ac30017828e2ee15dd0a5c2442a0d4fd,,关于征求《商业银行风险监管核心指标（征求意见稿）》意见的公告,,EXCLUDE,中,,,,商业银行|银行业,[title]…关于征求《商业银行风险监管核心指标（征求意见稿）》意见的公告 摘要     关于征求《商业银行风险监管核心指标（征求意见稿）》意…,675,True,False,
nfra,7154fbc305f733aa0f2975858e161f1a3c52291f1fc427d8255b32de27be8374,保监财会〔2005〕109号,关于2004年度偿付能力报告编报工作有关问题的通知（已失效）,,INCLUDE,中,人寿保险公司|健康险|寿险,,,再保险公司|商业银行|证券公司|财产保险公司,[body]…目，反映保险公司为报告期末尚未终止的保险责任而提取的准备金。未到期责任准备金包括非寿险业务的未到期责任准备金、寿险业务的未到期责任准备金和长期健康险业务的未到期责任准备金，其中，非寿险业务的未到期责任准备金是保险公司对产险（…,5237,True,True,RFN-7880a66a86c2f3f2;RFN-7880a66a86c2f3f2
nfra,571ad7b6bb19679ccb839f9f4edbfca581b9a0c0c3eef03012e62e345f0c434a,保监财会〔2005〕95号,关于保险资产管理公司2004年年度报告编报工作有关问题的通知（已失效）,,BOUNDARY,低,寿险,,,,[body]…司的自有资产和受托资产、不同委托人委托管理的资产应分开管理、分别核算。对接受保险公司委托投资的次级债募集资金、寿险公司委托投资的分红保险资金、投资连结保险资金、万能保险资金以及其他寿险资金，保险资产管理公司应分别进行投资和核…,2260,True,True,RFN-2923265780e340cb;RFN-2923265780e340cb
nfra,92b3a28f62f45251a453e895d55c41f66b9178dfe2fb522d69569e9fbbb96b52,,银行业协会工作指引,,BOUNDARY,低,,,分支机构,银行业|银行业金融机构,[body]…国银行业协会和各地方银行业协会均是独立社团法人。地方银行业协会可申请加入中国银行业协会，但不是中国银行业协会的分支机构或代表机构。 第八条  中国银行业协会与各地方银行业协会应加强沟通与合作。 中国银行业协会对作为其会员的地方银…,9720,True,False,
nfra,f584e06a09cc96d36a4f862f615dafd819bc97aeb41e1f33227e2284ee1f07de,保监发〔2005〕7号,关于进一步加强保险业诚信建设的通知,,BOUNDARY,低,健康险,,,,[body]…询系统，并在此基础上逐步实现全国联网，为全面加强保险业诚信建设奠定基础；要从广大被保险人反映最强烈的机动车险、健康险理赔服务等方面入手，明确承诺理赔服务的时间、程序、标准等，逐步制定行业服务标准，向社会公开承诺，并通过签订自律…,3974,True,True,RFN-06e6f7e1ded1d4ad
nfra,0af1d9e6662724fc7992b9354b9aa6838a2e38bee27a75f11171b1aad0d48990,保监发〔2005〕6号,关于印发中国保监会关于加强计划单列市保监局与所在省保监局监管合作的意见的通知,,EXCLUDE,中,,,保险公司|保险公司分支机构|保险机构,保险中介机构,[body]…以来，所在省保监局与计划单列市保监局在监管工作中遇到了一些新情况，突出表现为如何监管跨行政辖区设置的保险机构、保险中介机构及其业务经营行为问题。为理顺双方监管工作关系，确保沟通顺畅、监管有效，依据《保险公司管理规定》、《中国保险监督…,3757,True,False,
nfra,178ac8a54594371a84466c6c686e3a7f890077a5d9d66329abbdc01c742875fc,,信托投资公司信息披露管理暂行办法,,EXCLUDE,中,,,,银行业,[body]…束，规范其营业信托行为和信息披露行为，维护客户和相关利益人的合法权益，促进信托业健康发展，依据《中华人民共和国银行业监督管理法》、《中华人民共和国信托法》、《企业财务会计报告条例》等法律法规，制定本办法。 第二条 本办法适用于…,8763,True,False,
nfra,c673234484d57e85b5f81ebea32689bb4345a10c3884b7a77941f94dcb40ba08,保监厅函〔2005〕4号,关于北京保险业经济普查中涉及保险专业中介机构有关问题的复函,,EXCLUDE,中,,,保险公司|保险资产管理,保险公估|保险经纪,[body]…永安保险代理有限公司、北京民众保险代理有限公司、北京通泰诚保险代理有限公司、北京万家保险代理有限公司、北京德圣保险经纪有限公司、北京天鼎衡保险公估有限公司的经济普查信息，根据相关的普查信息对上述9家机构进行普查。如在当地同级人民…,1321,True,True,RFN-35e613919ce6d52f;RFN-35e613919ce6d52f
nfra,bb194437544baba67cd93b9e8cb76743cbefcf134084572c10a13f61008b610a,中国银行业监督管理委员会令2004年第10号,商业银行市场风险管理指引（中国银行业监督管理委员会令2004年第10号）,,EXCLUDE,中,,,分支机构,商业银行|金融资产|银行业,[title]…商业银行市场风险管理指引（中国银行业监督管理委员会令2004年第10号） 摘要     商业银行市场风险管理指引（中国…,39547,True,False,
nfra,c72dc228b891a5feb417afac2bc2f727579bf4dbb45a97c13b30279eed93af1c,中国银行业监督管理委员会令2004年第9号,商业银行内部控制评价试行办法（中国银行业监督管理委员会令2004年第9号）,,EXCLUDE,中,,,分支机构,商业银行|银行业,[title]…商业银行内部控制评价试行办法（中国银行业监督管理委员会令2004年第9号） 摘要     商业银行内部控制评价试行办法…,25002,True,False,
nfra,82d738258da986eea1eacca37473226e82d33c84df12e571185de7aa67616883,中国银行业监督管理委员会令2004年第7号,中国银行业监督管理委员会行政处罚办法（中国银行业监督管理委员会令2004年第7号）,,EXCLUDE,中,,,,商业银行|银行业|银行业金融机构,[title]…中国银行业监督管理委员会行政处罚办法（中国银行业监督管理委员会令2004年第7号） 摘要     中国银行业监督管理委员…,13290,True,False,
nfra,15e9cccda9e977cb2a6a70ec3b8759e1644a8f8002dc7926997333b7dfebc4f7,银发〔2003〕232号,中国银行业监督管理委员会办公厅关于规范信托投资公司证券业务经营与管理有关问题的通知,,EXCLUDE,中,,,,商业银行|证券公司|银行业,[title]…中国银行业监督管理委员会办公厅关于规范信托投资公司证券业务经营与管理有关问题的通知 摘要     中国银行业监督管理委员…,2517,True,False,
nfra,074f430737d40a432dfe09df0bb07d2adc405a434846fe2cdb63ece7c57041b6,,关于信托投资公司开设信托专用证券账户和信托专用资金账户有关问题的通知,,EXCLUDE,中,,,,证券公司|银行业,[body]…和国证券法》第七十一条的规定。 信托投资公司应当根据本通知和信托文件的约定，申请在中国证券监督管理委员会批准的证券公司开设信托专用资金账户，资金账户名称由“信托投资公司全称加信托产品名称”组成。 三、经中国银行业监督管理委员会认…,2491,True,False,
nfra,d2bd1a76d3f592329f1c5ff261a2b5abc169c4cf8a30ecf4616a2512d60fbabc,银发〔2002〕314号,中国银行业监督管理委员会关于进一步规范集合资金信托业务有关问题的通知,,EXCLUDE,中,,,,信托公司|商业银行|银行业|银行业金融机构,[title]…中国银行业监督管理委员会关于进一步规范集合资金信托业务有关问题的通知 摘要     中国银行业监督管理委员会关于 进一步…,13199,True,False,
nfra,53418d682f55e5572e9b33e8ab7d0d08f9b0489e2e5983f90f1c59915bf19356,,关于向社会征求《商业银行市场风险管理指引（征求意见稿）》意见的公告,,EXCLUDE,中,,,,商业银行|银行业,[title]…关于向社会征求《商业银行市场风险管理指引（征求意见稿）》意见的公告 摘要     关于向社会征求《商业银行市场风险管理指引（征求意见稿…,732,True,False,
nfra,ba351007ec3f8c0ce374c48db7f191bc49a8b38a15d6cfbe8fad6478849da10d,,中国银行业监督管理委员会关于进一步对外开放银行业相关事项的公告,,EXCLUDE,中,,,,银行业,[title]…中国银行业监督管理委员会关于进一步对外开放银行业相关事项的公告 摘要     中国银行业监督管理委员会关于进一步对外开放…,1518,True,False,
nfra,81f13eb5f27288fab9c78ed4c272c18e44ad034283b612b9a15062a3530cd3c9,保监发〔2004〕137号,关于印发《保险机构开业信息化建设验收指引》的通知（已废止）,,BOUNDARY,低,,,保险公司|保险机构|保险资产管理,,[title]…关于印发《保险机构开业信息化建设验收指引》的通知（已废止） 保监发[2004]137号。各保险公司筹备组、保险资产管理公司筹备组…,3514,True,True,RFN-ed1f65fb07bac8ea;RFN-ed1f65fb07bac8ea
nfra,982bdbc0a15c4e851707088a5be34faa3e84016756c60da122fdd14cf04012c4,保监发〔2004〕137号,关于印发《保险机构开业信息化建设验收指引》的通知,,BOUNDARY,低,,,保险公司|保险机构|保险资产管理,,[title]…关于印发《保险机构开业信息化建设验收指引》的通知 保监发[2004]137号。各保险公司筹备组、保险资产管理公司筹备组：。为规范…,3509,True,True,RFN-ed1f65fb07bac8ea
nfra,f1558bc0e89016ee1299236a8828e4de29b344ecc65ae5daa301294d623de2f8,保监厅函〔2004〕210号,关于对落实北京市道路交通安全实施办法有关问题的复函,,BOUNDARY,低,,,保险公司,,[body]…、 赔偿及基金建立的办法都作了详细规定， 不久即可正式实施。  为支持地方政府的工作， 当前保监局可以积极协调保险公司， 加快保险责任限额内的赔付速度， 配合政府部门落实好道路交通安全实施办法的有关规定。  以上意见， 供参考。…,906,True,False,
nfra,95dd0c6ddec6ceed7868a2147cc68f37aee20b9b5b01e4e2488b3a890093d9ef,保监厅函〔2004〕208号,关于保险公司垫付肇事逃逸车辆对第三者经济损害赔偿责任有关问题的复函,,BOUNDARY,低,,,保险公司,,[title]…关于保险公司垫付肇事逃逸车辆对第三者经济损害赔偿责任有关问题的复函 保监厅函〔2004〕208号。北京保监局：。你局《关于…,1346,True,False,
nfra,b72d3556b49db097c2131dc272b8a7ebdc05859d17b265acd9dba984e616e03c,,中国银行业监督管理委员会关于香港和澳门银行内地分行从事代理保险业务的公告,,EXCLUDE,中,,,,银行业,[title]…中国银行业监督管理委员会关于香港和澳门银行内地分行从事代理保险业务的公告 摘要     中国银行业监督管理委员会关于香港…,637,True,True,RFN-5b880a50f3d380a3
nfra,7cae485dd79ff4147861651d96aa9a62c390a56039e51400e41809f13420fc12,保监厅函〔2004〕194号,关于一年期以上人身保险业务不宜征收地方教育发展费的复函,,INCLUDE,高,人寿保险|人身保险|健康保险|寿险,,,,[title]…关于一年期以上人身保险业务不宜征收地方教育发展费的复函 保监厅函〔2004〕194号。湖北保监局：。你局《关于一年期以上人寿保险业务…,1106,True,True,RFN-f823e15885305b69;RFN-f823e15885305b69
nfra,db0f30518874dd85d3149cfd2a7d463a2dc54b6a15c07c6b84554c9776af2b09,,关于向社会征求《信托投资公司房地产信托业务管理暂行办法（征求意见稿）》意见的公告,,EXCLUDE,中,,,,商业银行|银行业,[body]…真的方式反馈我们。 联 系 人：李招军  蔡概还 通信 ov.cn 传   真：010-66016694 中国银行业监督管理委员会 二00四年十月十八日 《信托投资公司房地产信托业务管理暂行办法》 （征求意见稿） 第一章  一…,17613,True,False,
nfra,42480dd6d1663fc0272b1ddf3eecf282aad17cb5b4ff99a56720c516c5a5bafb,保监发〔2004〕123号,关于启用中国保险统计信息系统的通知,,INCLUDE,中,人寿保险|健康险|寿险,,,,[body]…指标附注。其中，出口信用保险公司、农业保险公司和汽车险公司报送的保险统计指标比照产险公司执行；养老金保险公司、健康险保险公司报送的保险统计指标比照寿险公司执行。 （二）除报送保险统计指标外，各保险集团公司、保险控股公司、保险公…,4796,True,True,RFN-51c1b05ad134a148;RFN-51c1b05ad134a148
nfra,b3362711b2c77ee3f520d6d78ed9430c7a2fa30600ce7bf1039c5bbae464ac90,,关于向社会征求《商业银行内部控制评价试行办法（征求意见稿）》意见的公告,,EXCLUDE,中,,,分支机构,商业银行|银行业,[title]…关于向社会征求《商业银行内部控制评价试行办法（征求意见稿）》意见的公告 摘要     关于向社会征求《商业银行内部控制评价试行办法（征…,30722,True,False,
nfra,377f5660f027d89d6f04b02d45ab93caf4e0e043f9db00c7acc450620b4db0e3,,商业银行房地产贷款风险管理指引,,EXCLUDE,中,,,偿付能力|分支机构,商业银行|银行业,[title]…商业银行房地产贷款风险管理指引 摘要     商业银行房地产贷款风险管理指引 第一章  总     则    第一条…,9982,True,False,
nfra,a82ad57009ec5749feb49d56e36b1454dec15d928abc4cdc12ec98db8f439d73,,汽车贷款管理办法,,EXCLUDE,中,,,分支机构,商业银行|银行业,[body]…汽车贷款管理办法 摘要     中  国  人  民  银  行 令 中国银行业监督管理委员会 〔2004〕 第 2 号 《汽车贷款管理办法》已经2004年3月22日中国人民银行第5次行长办…,6605,True,False,
nfra,210c8e7f6c9a28bfcda4b43adede0351a4c82992af3f175c5e75a9f4b8a7499e,中国银行业监督管理委员会令2004年第4号,中华人民共和国外资金融机构管理条例实施细则（中国银行业监督管理委员会令2004年第4号）,国际部(港澳台办),EXCLUDE,中,,,分支机构,商业银行|银行业,[title]…中华人民共和国外资金融机构管理条例实施细则（中国银行业监督管理委员会令2004年第4号） 摘要 国际部(港澳台办)    中华人民共和国外资金融机构管理条例实施细则…,42175,True,False,
nfra,ddd8b97adc47b6b736698e7c2f575a9ce60222da70790562044d9a279fa963b5,,商业银行授信工作尽职指引,,EXCLUDE,中,,,分支机构,商业银行|银行业|银行业金融机构,[title]…商业银行授信工作尽职指引 摘要     商业银行授信工作尽职指引 第一章  总  则 第一条  为促进商业银行审慎经营…,18109,True,False,
nfra,0fc4b80f1c4724f24e038020b4e60a14807ed382159c5f6f3de5c569883f6627,,关于向社会征求《信托投资公司信息披露管理暂行办法（征求意见稿）》意见的公告,,EXCLUDE,中,,,,商业银行|银行业,[body]…法（征求意见稿）》意见的公告 为规范信托投资公司的信息披露行为，保障信托当事人的合法权益，依据《中华人民共和国银行业监督管理法》、《中华人民共和国信托法》、《信托投资公司管理办法》等法律法规的有关规定，中国银行业监督管理委员会…,17960,True,False,
nfra,9bbd8ab13c289e40a014889ba2d621cae656edc2ae2707eb38fc43573d09c9dc,,中国银行业监督管理委员会关于银监会行政许可项目有关事项的通知,,EXCLUDE,中,,,,银行业,[title]…中国银行业监督管理委员会关于银监会行政许可项目有关事项的通知 摘要     中国银行业监督管理委员会关于银监会行政许可项…,515,True,False,
nfra,2c79b93717172d155b9f954ed9fcd00e8185d078cdde8e66724da0773b8ca2cb,,中国银行业监督管理委员会、中国证券监督管理委员会、中国保险监督管理委员会在金融监管方面分工合作的备忘录,,BOUNDARY,低,人寿保险,,,保险中介机构|保险公估|保险经纪公司|金融资产|银行业|银行业金融机构,[body]…制订保险从业人员的基本资格标准。  （四）审批关系社会公众利益的保险险种、 依法实行强制保险的险种和新开发的人寿保险险种等的保险条款和保险费率， 对其他保险险种的保险条款和保险费率实施备案管理。  （五）依法监管保险公司的偿付…,8064,True,False,
nfra,223b2672d161b1942e1cd7c53069b97e260a73a0a7e1a381a614ab6a7e024151,,中国人民银行、中国银行业监督管理委员会公告,,EXCLUDE,中,,,,商业银行|银行业,[title]…中国人民银行、中国银行业监督管理委员会公告 摘要     中国人民银行、中国银行业监督管理委员会公告 〔2004〕第4号 为了规范商业…,12232,True,False,
nfra,9cc3e4c234b3e22ecfc1fdfe9fbb107729d9ded12b7344e4902c28e3f2aaa673,,关于向社会征求《信托投资公司集合资金信托业务信息披露暂行规定（征求意见稿）》意见的公告,信托部,EXCLUDE,中,,,,银行业,[body]…公告 为规范信托投资公司集合资金信托业务的信息披露行为，保障集合信托计划当事人的合法权益，依据《中华人民共和国银行业监督管理法》、《中华人民共和国信托法》、《信托投资公司管理办法》和《信托投资公司资金信托管理暂行办法》的有关规…,960,True,False,
nfra,3ba89407933302d567f713f7161accf0f26d942ae0ecf145a9ae68d1e16773ae,,关于向社会征求《企业集团财务公司管理办法（征求意见稿）》意见的公告,办公厅,EXCLUDE,中,,,,银行业,[body]…意见的公告 为支持企业集团发展，规范企业集团财务公司的经营行为，并配合国家引进外资的政策，根据《中华人民共和国银行业监督管理法》，中国银行业监督管理委员会对《企业集团财务公司管理办法》（中国人民银行２０００年第３号令）进行了修…,815,True,False,
nfra,8fc887b9b37c03b8c9c53b64d5f4d4a67c4c4193eb9cb3e949b913a16d0415da,保监厅函〔2004〕75号,关于妥善解决储金业务清退后遗留问题的函,,BOUNDARY,低,,,分支机构,,[body]…护社会稳定。  二、 对系统内储金业务清理后的遗留问题进行彻底清查， 一并加以妥善解决。  三、 进一步加强对分支机构法制观念和风险意识的教育， 不断强化内部管控， 确保分支机构稳定、 健康、 规范发展。  请你公司于 2004…,1097,True,False,
nfra,4c26b44b6f8c1713b4776f01dac7ad7e19ac5156f1c474e8d0c953384db6eda6,中国人民银行令〔1996〕第2号,贷款通则（征求意见稿）（中国人民银行、中国银行业监督管理委员会公告）,办公厅,EXCLUDE,中,,,分支机构,商业银行|银行业,[title]…贷款通则（征求意见稿）（中国人民银行、中国银行业监督管理委员会公告） 摘要 办公厅    贷款通则（征求意见稿）（中国人民银行、中国银行业监督管理委员会公告）…,14781,True,False,
nfra,5a95241b39722ebe9e17ca7bfc559ed53a9d8f3cded0a6e482b22fc29d8c659a,中国银行业监督管理委员会令2004年第3号,商业银行与内部人和股东关联交易管理办法（中国银行业监督管理委员会令2004年第3号）,办公厅,EXCLUDE,中,,,,商业银行|银行业,[title]…商业银行与内部人和股东关联交易管理办法（中国银行业监督管理委员会令2004年第3号） 摘要 办公厅    商业银行与内…,12185,True,False,
nfra,4612d3e4a3a04bc2123346c83dc2fc52c5d4a8302fbdfee0d35b4fc35a764e44,,商业银行不良资产监测和考核暂行办法,办公厅,EXCLUDE,中,,,分支机构,商业银行|银行业,[title]…商业银行不良资产监测和考核暂行办法 摘要 办公厅    商业银行不良资产监测和考核暂行办法 第一章  总则 第一条…,6643,True,False,
nfra,8f9051ac0f099593a3340736ca478b9b3d7c7a75288d12f6acd817281fc28b9f,,中国银行业监督管理委员会关于中国银行、中国建设银行公司治理改革与监管指引,办公厅,EXCLUDE,中,,,,商业银行|银行业,[title]…中国银行业监督管理委员会关于中国银行、中国建设银行公司治理改革与监管指引 摘要 办公厅    中国银行、中国建设银行公司…,4534,True,False,
nfra,537e9f78f5321be34ff9193715ca458fc11032398d7eda642b33110a8a78caa6,,外资银行并表监管管理办法,办公厅,BOUNDARY,低,,,分支机构,银行业,[body]…二条  中国银行业监督管理委员会（以下简称银监会）负责指导外资银行并表监管工作。 第三条  银监会对设立营业性分支机构或附属机构的独资、合资银行，以及在华设立两家以上（含两家）营业性分支机构的外国银行实行并表监管。 通过并表方式…,7794,True,False,
nfra,24d1d0127d3a610612e904c6dbd605c0c11ec5b25468bb7fc6e99aee5cb3e546,,关于向社会征求《商业银行与内部人和股东关联交易管理办法（征求意见稿）》意见的公告,办公厅,EXCLUDE,中,,,,商业银行|银行业,[title]…关于向社会征求《商业银行与内部人和股东关联交易管理办法（征求意见稿）》意见的公告 摘要 办公厅    关于向社会征求《商业银行与内部人…,12746,True,False,
nfra,9e8971d6cd6540c1c6136cc86d386a71c37bc712235d5edf65a37f9e14fbfca4,中国银行业监督管理委员会令2004年第2号,商业银行资本充足率管理办法（中国银行业监督管理委员会令2004年第2号）,办公厅,EXCLUDE,中,,,,商业银行|证券公司|金融资产|银行业,[title]…商业银行资本充足率管理办法（中国银行业监督管理委员会令2004年第2号） 摘要 办公厅    商业银行资本充足率管理办…,23809,True,False,
nfra,0a54c02a843fff549a834637bf8fc8d20b6b37293f629a2e53caa18d2cbdd552,,关于向社会征求《商业银行房地产贷款风险管理指引（征求意见稿）》意见的公告,办公厅,EXCLUDE,中,,,保险公司|偿付能力|分支机构,商业银行|银行业,[title]…关于向社会征求《商业银行房地产贷款风险管理指引（征求意见稿）》意见的公告 摘要 办公厅    关于向社会征求《商业银行房地产贷款风险管…,13710,True,False,
nfra,202da6bbe95bd21c44c7b66fc2f960d187f065c4e5d1913f7fb9d3035c12309e,银发〔2001〕416号,股份制商业银行风险评级体系（暂行）,办公厅,EXCLUDE,中,,,,商业银行|银行业,[title]…股份制商业银行风险评级体系（暂行） 摘要 办公厅    股份制商业银行风险评级体系（暂行） 股份制商业银行风险评级是银行监管…,27884,True,False,
nfra,5d8598830f12fb141180b9b553c435c0a4b9b7ffacab7a17fa2e76ece107d1ca,国办发〔2003〕61号,关于印发派出机构管理部工作规则的通知,,EXCLUDE,—,,,,,,5635,True,False,
nfra,5780b70824362a8cb15e86686bce94d36735dc5f4a046e90bfb52c53f6c0225f,保监厅发〔2004〕14号,关于切实做好派出机构更名后公文处理工作的通知,,EXCLUDE,—,,,,,,3051,True,False,
nfra,4e19fb07437c956b12f4a62d2a3be91fa64263a4affc438dfcfc17e2a05ee780,中国银行业监督管理委员会令2004年第1号,金融机构衍生产品交易业务管理暂行办法（中国银行业监督管理委员会令2004年第1号）,办公厅,EXCLUDE,中,,,分支机构,商业银行|银行业,[title]…金融机构衍生产品交易业务管理暂行办法（中国银行业监督管理委员会令2004年第1号） 摘要 办公厅    金融机构衍生产品交易业务管理暂行办法（中国银行业监督管…,10211,True,False,
nfra,0f62385f636dae8cc535f9d45e133f744a289ace83e188a1b2b9f20489b1395a,,关于向社会征求《汽车贷款管理办法（征求意见稿）》意见的公告,办公厅,EXCLUDE,中,,,,商业银行|银行业,[body]…款管理办法（征求意见稿）》意见的公告 为促进汽车贷款业务健康发展，规范汽车贷款业务管理，现将中国人民银行和中国银行业监督管理委员会联合草拟的《汽车贷款管理办法（征求意见稿）》（详见附件）上网公开征求意见。对此办法有意见或建议的…,6577,True,False,
nfra,f045a20a6c5024ddde2785a02a3e9d7de691111460c94a90bab068d6694a175a,中国银行业监督管理委员会令2003年第6号,境外金融机构投资入股中资金融机构管理办法（中国银行业监督管理委员会令2003年第6号）,办公厅,EXCLUDE,中,,,保险公司,商业银行|证券公司|银行业,[title]…境外金融机构投资入股中资金融机构管理办法（中国银行业监督管理委员会令2003年第6号） 摘要 办公厅    境外金融机构投资入股中资金融机构管理办法境外金融机构投…,4565,True,False,
nfra,7736f3e5d7a210d5479061f417ece2cd8b3de87b83de33de13a6a8998484bd4c,,汽车金融公司管理办法实施细则,办公厅,EXCLUDE,中,,,分支机构,商业银行|银行业,[body]…章 总则 第一条  根据《汽车金融公司管理办法》（以下简称《办法》）及有关行政法规制定本细则。 第二条  中国银行业监督管理委员会（以下简称银监会）及其分支机构，按照《办法》和本细则规定对汽车金融公司进行监督管理。 第二章 机…,11634,True,False,
nfra,050c3e8a873c9af12419d540924c4e31687e6e4bcedd97716977ed15e6f22687,中国银行业监督管理委员会公告2003年第2号,中国银行业监督管理委员会关于向外资金融机构进一步开放人民币业务的公告（中国银行业监督管理委员会公告2003年第2号）,办公厅,EXCLUDE,中,,,,银行业,[title]…中国银行业监督管理委员会关于向外资金融机构进一步开放人民币业务的公告（中国银行业监督管理委员会公告2003年第2号） 摘…,1534,True,False,
nfra,398ee3725391ac36a8abdd6f0ad5aedfeeec861f2d3c3d5e8cc11eecf26d3008,中国银行业监督管理委员会令2003年第5号,商业银行集团客户授信业务风险管理指引（中国银行业监督管理委员会令2003年第5号）,办公厅,EXCLUDE,中,,,分支机构,商业银行|银行业,[title]…商业银行集团客户授信业务风险管理指引（中国银行业监督管理委员会令2003年第5号） 摘要 办公厅    商业银行集团客…,7722,True,False,
nfra,5baf6141e68276bd4d06d8012aaff742ec7adb8e93fd86809dc038c6512d78be,,银监会就《金融机构衍生产品交易业务管理暂行办法》（征求意见稿）公开征求意见(English version available),办公厅,EXCLUDE,中,,,分支机构,商业银行|金融资产|银行业|银行业金融机构,[body]…办公厅    关于对《金融机构衍生产品交易业务管理暂行办法》（征求意见稿）公开征求意见的公告 为促进和规范我国商业银行和其他银行业金融机构衍生产品交易业务的发展，我会在充分调研和讨论的基础上拟定了《金融机构衍生产品交易业务管理暂…,45847,True,False,
nfra,5d427082166359507c760eadfaa940fc07fa6bbccd4b3aaad3c3f977eadd35cc,银监发〔2003〕14号,中国银行业监督管理委员会关于印发《农村信用社省（自治区、直辖市）联合社管理暂行规定》的通知,办公厅,EXCLUDE,中,,,,商业银行|银行业,[title]…中国银行业监督管理委员会关于印发《农村信用社省（自治区、直辖市）联合社管理暂行规定》的通知 摘要 办公厅    中国银行…,10187,True,False,
nfra,9db050b2e1cd4f88834d8cb2d712b67e082a898fc0d1e8880af16b419b2b7957,国发〔2003〕15号,中国银行业监督管理委员会关于农村信用社以县（市）为单位统一法人工作的指导意见,办公厅,EXCLUDE,中,,,,银行业,[title]…中国银行业监督管理委员会关于农村信用社以县（市）为单位统一法人工作的指导意见 摘要 办公厅    中国银行业监督管理委员…,6364,True,False,
nfra,5eb0d794f284dc12247a611a6aa5f8964e41d373e9042eadbc7ab2bf508f6d29,银监发〔2003〕10号,中国银行业监督管理委员会关于印发《农村商业银行管理暂行规定》和《农村合作银行管理暂行规定》的通知,办公厅,EXCLUDE,中,,,分支机构,商业银行|银行业,[title]…中国银行业监督管理委员会关于印发《农村商业银行管理暂行规定》和《农村合作银行管理暂行规定》的通知 摘要 办公厅    中…,29904,True,False,
nfra,9ddb25688207af85986ca12538e9b7e062c9aee0678129d8e36ae53e99a2f148,,银监会就《商业银行集团客户授信业务风险管理指引》向社会公开征求意见,办公厅,EXCLUDE,中,,,分支机构,商业银行|银行业,[title]…银监会就《商业银行集团客户授信业务风险管理指引》向社会公开征求意见 摘要 办公厅    银监会就《商业银行集团客户授信业务风险管…,8409,True,False,
nfra,ec3ee5b7b33079d5d55ab4f596b36cd08dd2266226cdcb10e6a209cca256a790,,银监会就巴塞尔新资本协议公开征求业界意见（附中文全文）,办公厅,EXCLUDE,中,,,,商业银行|银行业,[body]…本上接近最终稿。伴随着新协议的出台和主要国际金融市场正式实施新协议，新协议将继续对完善我国的银行审慎监管制度和商业银行特别是大银行的风险管理及国外业务发挥重要的影响。在此，我们现将新协议第三次征求意见稿概述译出，供大家学习参考。…,759,True,False,
nfra,9e50b6c6226e5c884b187d8c4397598ce0def685189a2c8082dc934667f540be,国家发展和改革委员会令2003年第3号,商业银行服务价格管理暂行办法（中国银行业监督管理委员会 国家发展和改革委员会令2003年第3号）,办公厅,EXCLUDE,中,,,分支机构,商业银行|银行业,[title]…商业银行服务价格管理暂行办法（中国银行业监督管理委员会 国家发展和改革委员会令2003年第3号） 摘要 办公厅…,3624,True,False,
nfra,c0039303774dc4c543134f4b5c50532c70fec545b11dd18d0a118188e30c2592,保监发〔2003〕77号,关于《人身保险新型产品精算规定》实施若干问题的通知（已失效）,,INCLUDE,高,人身保险|寿险,,,,[title]…关于《人身保险新型产品精算规定》实施若干问题的通知（已失效） （保监发[2003]77号 2003年6月6日）。各保监办，各…,1129,True,True,RFN-42dc9d802f918d45;RFN-42dc9d802f918d45
nfra,3fe34564bc3360874299e184fae60ad6a158d4b177470cea4b3963d50e717203,中国银行业监督管理委员会令2003年第2号,金融许可证管理办法（中国银行业监督管理委员会令2003年第2号）,办公厅,EXCLUDE,中,,,分支机构,信托公司|商业银行|金融资产|银行业,[title]…金融许可证管理办法（中国银行业监督管理委员会令2003年第2号） 摘要 办公厅    金融许可证管理办法（中国银行业监督管理委员会令2003…,8024,True,False,
nfra,a97266b7e88f84d1cbbcd232ad33f7bfb4c0cca05c31e3c7210f4595346663ae,中国银行业监督管理委员会令2003年第1号,中国银行业监督管理委员会关于调整银行市场准入管理方式和程序的决定（中国银行业监督管理委员会令2003年第1号）,办公厅,EXCLUDE,中,,,分支机构,商业银行|证券公司|银行业,[title]…中国银行业监督管理委员会关于调整银行市场准入管理方式和程序的决定（中国银行业监督管理委员会令2003年第1号） 摘要 办…,2469,True,False,
nfra,2778695b14f6c754ff57ab6fd6e1fb3df85cdc5a287199e74da678da63e2127a,中国银行业监督管理委员会公告2003年第1号,关于中国银行业监督管理委员会正式履行职责的公告（中国银行业监督管理委员会公告2003年第1号）（English version available）,办公厅,EXCLUDE,中,,,分支机构,商业银行|金融资产|银行业|银行业金融机构,[title]…关于中国银行业监督管理委员会正式履行职责的公告（中国银行业监督管理委员会公告2003年第1号）（English versio…,11328,True,False,
nfra,f1d0a2d66039562d13536772ec81de91b94b3c82852b19c847100b568f9bd3bd,保监发〔2000〕133号,关于规范人身保险经营行为有关问题的通知,,INCLUDE,高,人身保险|寿险,,,,[title]…关于规范人身保险经营行为有关问题的通知 保监发[2000]133号。各寿险公司，中国平安保险股份有限公司、中国太平洋保险公司、…,6478,True,True,RFN-127e28adb342a8cb
nfra,2aa57c496c87c772233a698e1e11f848889b1ea2d0ef50804af0efd42d06b39b,保监发〔2000〕149号,关于印发《财产保险条款费率管理暂行办法》的通知（已废止）,,EXCLUDE,中,,,保险产品|保险公司|保险公司分支机构|保险机构|保险条款|偿付能力,财产保险公司,[body]…未经监管机关核准，不得使用申报的保险条款和费率，且审查时间不受本办法第十一条规定的限制。 附则 第二十八条外国财产保险公司在中国境内设立的分公司，经其总公司授权后，按照保险公司总公司申报保险条款费率的备案方式办理。 第二十九条对于未…,9825,True,False,
nfra,bff33ad2b63e6d8e0204a54efb55cb4990972300c1e352c6d67cc1528bcefad8,保监发〔2000〕144号,关于印发《保险兼业代理管理暂行办法》的通知,,BOUNDARY,低,人身保险,保险兼业代理,,保险经纪,[body]…监会认定的其他损害保险人、投保人和被保险人利益的行为。 第十九条 保险兼业代理人向保险公司投保自身的财产保险或人身保险，视为保险公司直接承保业务，保险兼业代理人不得提取代理手续费。 第二十条 保险兼业代理合同的代理期限以合同订立…,4151,True,True,RFN-344cac5f135b22be;RFN-344cac5f135b22be
nfra,ec0b7ed8a0d68eace34c77fb7f2c845ec27916daece773da61cb951f5af69979,保监发〔2000〕50号,关于印发《长期健康险法定分保条件》的通知,,INCLUDE,高,人寿保险|人寿保险公司|人身保险|健康险,,,再保险公司,[title]…关于印发《长期健康险法定分保条件》的通知 保监发[2000]50号。中国再保险公司、中国人寿保险公司、中国太平洋保险公司、中国平安…,5410,True,True,RFN-5cc9c04602c81f26;RFN-5cc9c04602c81f26
nfra,49de0b397f20fc2e889f95aba5b2c8bd34a08e1c4f891d072cfd598412449002,保监发〔2000〕49号,关于重新印发《向保险公司投资入股暂行规定》的通知（已废止）,,BOUNDARY,低,,,保险公司,,[title]…关于重新印发《向保险公司投资入股暂行规定》的通知（已废止） 保监发[2000]49号。各中资保险公司：。中国保险监督管理委员会对原发布…,2449,True,False,
nfra,47f5aa361a451d421e8b8df2fefb9173141ac6a499e8f8b9890a568e7b8a4ea0,保监发〔2000〕42号,关于印发《人身保险产品定名暂行办法》的通知,,INCLUDE,高,人寿保险|人寿保险公司|人身保险|人身保险公司|健康保险|健康险|寿险,,,,[title]…关于印发《人身保险产品定名暂行办法》的通知 保监发[2000]42号。中国人寿保险公司、中国太平洋保险公司、中国平安保险股份有限…,4428,True,True,RFN-f52a53c26da1588a
nfra,13b5d6382b22ffd281a7dda89c3f4988e8a6dca6eb9a22e57c2befef87feae37,保监发〔2000〕29号,关于印发《人身险法定分保条件实施细则》的通知,,INCLUDE,中,人寿保险|人寿保险公司|健康险|寿险,,,再保险公司,[meta]…关于印发《人身险法定分保条件实施细则》的通知 保监发[2000]29号。中国再保险公司、中国人寿保险公司、中国太平洋保险公司、中国平安保险股份有限公司、新华人寿保险股份有限公司、泰康人寿保险股份有限公司、新疆兵团保…,9105,True,True,RFN-66248391c74d74e7;RFN-66248391c74d74e7
nfra,5e572c41b842b68f176fef8fbf173096211850c42e16917c0eec958a229dd4b6,保监发〔2000〕26号,关于下发《分红保险管理暂行办法》、《投资连结保险管理暂行办法》的通知,,BOUNDARY,低,人寿保险|人寿保险公司|人身保险|寿险,,,商业银行,[meta]…关于下发《分红保险管理暂行办法》、《投资连结保险管理暂行办法》的通知 保监发[2000]26号。中国人寿保险公司、中国太平洋保险公司、中国平安保险股份有限公司、新华人寿保险股份有限公司、泰康人寿保险股份有限公司、新疆兵团保…,7611,True,True,RFN-40addb7acdc76ffe;RFN-40addb7acdc76ffe
nfra,ed7a87a349f99daf6b586e95e9f80637eaf2ec7c8f9f4826ce4e9f15d017f766,保监发〔2000〕26号,关于下发《分红保险管理暂行办法》、《投资连结保险管理暂行办法》的通知,,BOUNDARY,低,人寿保险|人寿保险公司|人身保险|寿险,,,商业银行,[meta]…关于下发《分红保险管理暂行办法》、《投资连结保险管理暂行办法》的通知 保监发[2000]26号。中国人寿保险公司、中国太平洋保险公司、中国平安保险股份有限公司、新华人寿保险股份有限公司、泰康人寿保险股份有限公司、新疆兵团保…,7611,True,True,RFN-40addb7acdc76ffe;RFN-40addb7acdc76ffe
nfra,aba733e83a1a7f9e89e75a78b3bf3ce8ffa4dbb04023cd22ec9de09f4adfda75,金规〔2024〕24号,国家金融监督管理总局关于印发银行保险机构数据安全管理办法的通知,科技监管司,EXCLUDE,中,,,保险公司|保险机构|保险资产管理,信托公司|商业银行|金融资产|银行业|银行业金融机构,[meta]…管理总局关于印发金规〔2024〕24号 各金融监管局，各政策性银行、大型银行、股份制银行、外资银行、直销银行、金融资产管理公司、金融资产投资公司、理财公司，各保险集团（控股）公司、保险公司、保险资产管理公司、养老金管理公司、保险…,24096,True,True,RFN-68d83278af759a5e;RFN-68d83278af759a5e
nfra,8b1a65f311ed437625b5056776b6c8b5625d7fea2dd5f8e17b7c57dc6276426f,银保监发〔2019〕38号,中国银保监会关于银行保险机构加强消费者权益保护工作体制机制建设的指导意见,消保局,BOUNDARY,低,,,保险公司|保险机构|分支机构,银行业,[title]…中国银保监会关于银行保险机构加强消费者权益保护工作体制机制建设的指导意见 中国银保监会关于银行保险机构加强银保监发〔2019〕38号 各银…,10970,True,True,RFN-73253ae1a83ce441;RFN-73253ae1a83ce441
nfra,b0c9db7c6fc55688db46967eb71cb1489610d26ccc2fabd0de59e57b56e00350,中华人民共和国国务院令第683号,关于印发融资担保公司监督管理补充规定的通知,普惠金融部,EXCLUDE,中,,,,金融资产|银行业金融机构,[meta]…督管理部门，各银保监局，各住房和城乡建设厅（委、局），各政策性银行、大型银行、股份制银行，邮储银行，外资银行，金融资产管理公司，其他会管经营类机构:现将《融资担保公司监督管理补充规定》印发给你们，请遵照执行。 普惠金融部…,4724,True,False,
nfra,31d9f7727141e7a157eacee9d85fd947fbadc82c898413831c938856f6ad8e6f,国办发〔2015〕81号,中国银保监会办公厅关于开展银行保险机构侵害消费者权益乱象整治工作的通知,消保局,BOUNDARY,低,,,保险公司|保险机构|保险消费者,银行业,[title]…中国银保监会办公厅关于开展银行保险机构侵害消费者权益乱象整治工作的通知 中国银保监会办公厅关于开展银行保险机构侵害消费者权益乱象整治工作的通知银保监…,3461,True,True,RFN-5f0f7ab9a050cd56;RFN-8d08e4069595e6da
pbc,06d7150922f566d860607c5020516fa97942b840ce636c1342aa71063517c378,,中华人民共和国反洗钱法,全国人民代表大会常务委员会,BOUNDARY,低,人身保险,,,银行业,[body]…一条 客户由他人代理办理业务的，金融机构应当按照规定核实代理关系，识别并核实代理人的身份。 金融机构与客户订立人身保险、信托等合同，合同的受益人不是客户本人的，金融机构应当识别并核实受益人的身份。 第三十二条 金融机构依托第三方…,22607,True,True,RFN-8ea5ba2763e1a220
pbc,85170e1c83529ef0f50d3451db6e2718b3bc2a41172d5936eb5b565c6011b5c0,,中华人民共和国民法典,,EXCLUDE,—,,,,,,17,False,False,
pbc,3b2c862e63c0c088668bb8fdb4486030730137c51799f314fa3eb4f68676b9fb,,中华人民共和国行政处罚法,,EXCLUDE,—,,,,,,19,False,False,
pbc,12572ad07967cce7e689a2ba54e48efd79624110fd71a0f851c4e5cb0a06ecbc,,中华人民共和国刑法修正案（十一）,,EXCLUDE,—,,,,,,23,False,False,
pbc,b64f0decb3c853daeed15886cc4b9f7375ab26b9b4acffe9b256283e190120f2,,中华人民共和国公司法,,EXCLUDE,—,,,,,,17,False,True,RFN-936a1959c84fb2c5
pbc,79619c42f7050211fb63d4aba16a00ab61661feb440972768dba968e42ddd3d4,,中华人民共和国中国人民银行法（修正）,中国人民银行,EXCLUDE,中,,,分支机构,商业银行|金融资产|银行业|银行业金融机构,[body]…，动用发行基金。 第四章 业务 第二十三条 中国人民银行为执行货币政策，可以运用下列货币政策工具： （一）要求银行业金融机构按照规定的比例交存存款准备金； （二）确定中央银行基准利率； （三）为在中国人民银行开立账户的银行业金融机构办…,9649,True,False,
pbc,abdf851e55f08bebf1eb0715e51742619ba5ffe37bcecdec527bad6733e60388,,中华人民共和国商业银行法（修正）,,EXCLUDE,中,,,,商业银行,[title]…中华人民共和国商业银行法（修正）…,23,False,False,
pbc,484b54e3f6eec09ff1e797e234c33e494c8babf6d2f557ea7de17a871a83d456,,中华人民共和国银行业监督管理法（修正）,国务院,EXCLUDE,中,,,分支机构,商业银行|金融资产|银行业|银行业金融机构,[title]…中华人民共和国银行业监督管理法（修正） （2003年12月27日第十届全国人民代表大会常务委员会第六次会议通过 根据2006年10…,12577,True,False,
pbc,7ac419ed4faf0d12de076ccfd865c505493d9f22e00272e8ec9916687167900c,,全国人民代表大会常务委员会关于中国银行业监督管理委员会履行原由中国人民银行履行的监督管理职责的决定,中国人民银行,EXCLUDE,中,,,,商业银行|金融资产|银行业,[title]…全国人民代表大会常务委员会关于中国银行业监督管理委员会履行原由中国人民银行履行的监督管理职责的决定 （2003年4月26日第十届全国人民代表大会常务委…,1066,True,False,
pbc,3a8eed0bb7173466ac7cbd93ef177b10a957a144a620e91c93e466385de3697f,,中华人民共和国票据法,全国人民代表大会常务委员会,EXCLUDE,—,,,,,,18270,True,False,
pbc,49d402162a9a7c45e4ea23fa79acd27a7d0df8e34c68f5e5824248e72fb8d2c8,,中华人民共和国证券法,,EXCLUDE,—,,,,,,17,False,True,RFN-6d60dc2df66d2260
pbc,ba75f28e8ae86e988f33a623f1e8f0a497046b5de3ba112911e4cf77217df2b5,,中华人民共和国证券投资基金法,,EXCLUDE,—,,,,,,21,False,False,
pbc,39fc0b9908897b5d63bc700e1c8539d8793710b7ccfe9e8cd15991ec1f55e917,,中华人民共和国保险法,,EXCLUDE,—,,,,,,17,False,True,RFN-ae0c66a57b03979f
pbc,d436ed004ae798530ab85d9d832637ce18ae6f48f45682b95b16fdd5f98fb62a,,中华人民共和国信托法,国务院,EXCLUDE,—,,,,,,13088,True,False,
pbc,849b52e9fb73d9d046f6eb4b731ed43f2f415333e5beb3d481ef4b7e512144ff,,中华人民共和国企业破产法,,EXCLUDE,—,,,,,,19,False,False,
pbc,150482381c16475009954fd06230ed64686ab132a3c39de294545809321ffc36,,中华人民共和国外国中央银行财产司法强制措施豁免法,全国人民代表大会常务委员会,EXCLUDE,—,,,,,,1220,True,False,
pbc,975986791b890127bf4c60ed3dfa10fac326827c58d73d919d231484cb45735e,,中华人民共和国立法法,,EXCLUDE,—,,,,,,17,False,False,
pbc,223bc7d936200bcc90af7d3e8cb547c342b186349889c60e0db857658d8a7534,,中华人民共和国缔结条约程序法,,EXCLUDE,—,,,,,,21,False,False,
pbc,8d1abada30b56e9f6c7e63384c4d985d019405a5d069609fcaf0ae7bc5e0fcf2,,中华人民共和国行政许可法,,EXCLUDE,—,,,,,,19,False,False,
pbc,2a3930f11a9d3fe4262f0bb262f57f67e0e230a767a7453a8a8eb29759dc8004,,中华人民共和国行政复议法,,EXCLUDE,—,,,,,,19,False,False,
pbc,b45d878f08e037c9465116261a0e237e58aa8ee768eb608ed4ffdb9af904307f,,中华人民共和国行政诉讼法,,EXCLUDE,—,,,,,,19,False,False,
pbc,fb99c61a5d6c35365aaab944e4f77f952f6f098ec1a52aa44fa9a1c4bfbeeb15,,中华人民共和国国家赔偿法,,EXCLUDE,—,,,,,,19,False,False,
pbc,0e312ddea3b9c794e5217c46da7321f657abfc7bd71a8b0d820b674e5bd2d7b9,中华人民共和国国务院令第768号,非银行支付机构监督管理条例(国务院令 第768号),国务院,EXCLUDE,中,,,分支机构,商业银行|银行业金融机构,[body]…》等法律，制定本条例。 第二条 本条例所称非银行支付机构，是指在中华人民共和国境内（以下简称境内）依法设立，除银行业金融机构外，取得支付业务许可，从事根据收款人或者付款人（以下统称用户）提交的电子支付指令转移货币资金等支付业务的有限责…,19067,True,False,
pbc,7a1afb0fcac71f38bbcb6ea6122e3f085a8fc1a6d1591ffb1a8bc21f74ec711f,中华人民共和国国务院令第737号,防范和处置非法集资条例（国务院令第737号）,,EXCLUDE,—,,,,,,29,False,True,RFN-6b37aa0d001c6f92
pbc,d067b81a974c7f3ef84fa123123b2dad9b8ec9455329523399e9b29e33e5516b,中华人民共和国国务院令第280号,中华人民共和国人民币管理条例（国务院令 第280号）,,EXCLUDE,—,,,,,,33,False,False,
pbc,78a3e3b74e9d5865c46f1162e68a7107bad205559c3740208ad0afbadce7e832,中华人民共和国国务院令第660号,存款保险条例（国务院令 第660号）,国务院,EXCLUDE,中,,,分支机构,商业银行|银行业|银行业金融机构,[meta]…法保护存款人的合法权益，及时防范和化解金融风险，维护金融稳定，制定本条例。 第二条 在中华人民共和国境内设立的商业银行、农村合作银行、农村信用合作社等 国务院    中华人民共和国国务院令 第 660 号 《存款保险条例》已经2…,7046,True,False,
pbc,5ed5467716398ff474555ab4470f15f9f909577b5db2cf9a1c301a0e21d26f40,中华人民共和国国务院令第631号,征信业管理条例(国务院令 第631号),国务院,BOUNDARY,低,,,分支机构,,"[body]…3年无重大违法违规记录,并取得国务院征信业监督管理部门核准的任职资格。 第九条 经营个人征信业务的征信机构设立分支机构、合并或者分立、变更注册资本、变更出资额占公司资本总额5%以上或者持股占公司股份5%以上的股东的，应当经国务院…",13243,True,False,
pbc,bb58f0d6c4618d460a7ef4947cddb152e784ed21203d4cf752ed771aa2b83485,中华人民共和国国务院令第532号,中华人民共和国外汇管理条例,国务院,BOUNDARY,低,,,分支机构,银行业金融机构,[body]…第一条 为了加强外汇管理，促进国际收支平衡，促进国民经济健康发展，制定本条例。 第二条 国务院外汇管理部门及其分支机构(以下统称外汇管理机关)依法履行外汇管理职责，负责本条例的实施。 第三条 本条例所称外汇，是指下列以外币表示的…,11129,True,False,
pbc,47efdc1a918f789b8ce94d2ec84f16498631069f33f7a012cd098119a9629464,中华人民共和国国务院令第297号,金融资产管理公司条例（国务院令 第297号）,国务院,EXCLUDE,中,,,分支机构,商业银行|金融资产,[title]…金融资产管理公司条例（国务院令 第297号） 中华人民共和国国务院令 《金融资产管理公司条例》已经2000年11月1日…,5585,True,False,
pbc,6653674c077d13bdd209f6a78820653450a5c2c391ba6796fc55ab06d2a14468,中华人民共和国国务院令第285号,个人存款账户实名制规定（国务院令 第285号）,国务院,EXCLUDE,—,,,,,,2507,True,False,
pbc,1a63e34fdf84ff3257df73d4a260f32273bdfe9a35e79b5f87e59cb091f49906,中国人民银行令〔2005〕第1号,中国人民银行令〔2026〕第4号（中国人民银行关于修改部分规章的决定),中国人民银行,EXCLUDE,中,,,,商业银行,[body]…5〕第1号）第八条、第十三条、第二十五条删除。 将第二条第二款修改为“本办法所称金融机构法人，包括政策性银行、商业银行及其他金融机构”。 将第二十六条中“中央结算公司”的表述修改为“债券中央存管机构”。 将第二十八条修改为“发行…,3318,True,True,RFN-e346b01e2d21392b
pbc,27f30d37e7c5e8af082ec51a923be0058547d0abfecaa91d4c435ed02ca216da,中国人民银行令〔2026〕第3号,中国人民银行令〔2026〕第3号（中国人民银行行政复议办法）,中国人民银行,BOUNDARY,低,,,分支机构,,[meta]…行长 潘功胜 2026年1月22日 中国人民银行行政复议办法 第一章 总 则 第一条 为了规范中国人民银行及其分支机构行政复议工作，保护公民、法人和其他组织的合法权益，监督和保障依法行使职权，发挥行政复议化解行政争议的主渠道作用…,10331,True,False,
pbc,bf7055c6784af6f305c41141cfee092aaad6bd3f8994ad6d4c365f985c6ff5d3,中国人民银行令〔2026〕第2号,中国人民银行令〔2026〕第2号（中国人民银行残缺污损人民币兑换办法）,中国人民银行,BOUNDARY,低,,,分支机构,银行业金融机构,[body]…内，办理人民币现金存取业务的银行业金融机构（以下简称金融机构）为公众办理残缺、污损人民币兑换业务，中国人民银行分支机构鉴定残缺、污损人民币兑换结果，适用本办法。 第三条 本办法所称残缺、污损人民币，是指票面撕裂、损缺，或外观、质…,3706,True,False,
pbc,230537f647f6d0830423f91d00b1a73fbdcaf57fca91b66197ab3598b169afdb,市场监管总局令〔2026〕第1号,中国人民银行 外交部 公安部 国家安全部 司法部 财政部 住房城乡建设部 市场监管总局令〔2026〕第1号（反洗钱特别预防措施管理办法）,中国人民银行,BOUNDARY,低,,,保单|分支机构,,[body]…后，应当将采取的措施、被限制转移的资金或者资产、客户试图进行的交易等信息按照规定及时书面报告中国人民银行或者其分支机构。 对本办法第二条第一项规定的名单所列对象采取反洗钱特别预防措施的，还应当按照规定及时向国务院公安部门、国家安…,7709,True,False,
pbc,f6544736e784afbcaab1a7d062c3064c9f5399d2dde3c1e053b96a756459923b,中国人民银行令〔2025〕第13号,中国人民银行令〔2025〕第13号（银行间外汇市场管理规定）,中国人民银行,EXCLUDE,—,,,,,,6239,True,False,
pbc,47134b5c1425b96f9bf843ea7740a3b6f90124fa7047334f0e60fad02c0a91fb,中国人民银行令〔2025〕第12号,中国人民银行令〔2025〕第12号（金融机构客户受益所有人识别管理办法）,中国证券监督管理委员会,EXCLUDE,中,,,分支机构,信托公司|证券公司,[body]…化措施识别受益所有人。 金融机构为民事信托和外国信托提供服务时，应当按照本办法第十二条的规定识别受益所有人。 信托公司在开展信托业务过程中聘请投资顾问、法律顾问、会计师等专业服务人员或者机构的，还应当获取并留存专业服务人员或者机…,20516,True,False,
pbc,2efd7b6106c7dd1adae9965e90d1b14260e13df76bab480f17a0773fe85f95bf,中国证券监督管理委员会令〔2025〕第11号,中国人民银行 国家金融监督管理总局 中国证券监督管理委员会令〔2025〕第11号（金融机构客户尽职调查和客户身份资料及交易记录保存管理办法）,中国人民银行,BOUNDARY,低,人寿保险|人身保险|健康保险,,,保险经纪|信托公司|商业银行|基金管理公司|证券公司|金融资产|银行业|银行业金融机构,[body]…中国人民银行和中国证券监督管理委员会规定的应当开展客户尽职调查的其他证券业务。 第十二条 保险公司在与客户订立人寿保险合同和其他具有投资性质的保险合同时，应当开展客户尽职调查，确认投保人和被保险人之间的关系，以及被保险人和受益人…,27219,True,True,RFN-a416e99a11f00300
pbc,059c6731a71dd8919d5facaa76253dc6eee052a2f2f95936a9146b7b674bf54f,中国人民银行令〔2016〕第3号,中国人民银行令〔2025〕第10号（中国人民银行关于修改和废止部分规章的决定）,中国人民银行,EXCLUDE,中,,,保险公司|保险资产管理|分支机构,保险经纪|信托公司|商业银行|基金管理公司|证券公司|金融资产,[body]…二条修改为：“在境内设立的下列机构，履行本办法规定的金融机构大额交易和可疑交易报告义务： “（一）政策性银行、商业银行、农村合作银行、农村信用合作社、村镇银行； “（二）证券公司、期货公司、证券投资基金管理公司； “（三）保险公…,9682,True,True,RFN-6ddcdb7ddcef4f2c;RFN-0fc9aeefcbbefd05
pbc,b2b567cc5bfd16fd6e428660dad3554d058a6ba77e026dccf49ecdd11e579f3e,中国人民银行令〔2025〕第8号,中国人民银行令〔2025〕第8号（商业银行、信用社代理支库业务审批管理办法）,中国人民银行,EXCLUDE,中,,,分支机构,商业银行,[title]…中国人民银行令〔2025〕第8号（商业银行、信用社代理支库业务审批管理办法） 《商业银行、信用社代理支库业务审批管理办法》已经2025年8月19日中国人…,8799,True,False,
pbc,c8aa76546a918a4f53c17ae49f75e6e8e2f85b1dbaeed3119f99e1fb0bc9f925,中华人民共和国国务院令第412号,中国人民银行令〔2025〕第9号（国库集中收付代理银行资格认定管理办法）,国务院,EXCLUDE,中,,,分支机构,商业银行,[body]…法规和制度规定，制定本办法。 第二条 本办法所称国库集中收付代理银行资格认定，是指中国人民银行及其分支机构受理商业银行的申请，经依法审查，认定其是否具备代理政府非税收入收缴或国库集中支付业务资格的行为。 第三条 国库集中收付代理…,8564,True,False,
pbc,ff659592e475f40ae7e05e4e8cfb51dd7d996f9dad9003287011e2d4eebde594,,中国人民银行 中国证监会令〔2025〕第7号（金融基础设施监督管理办法）,中国人民银行,EXCLUDE,中,,,,商业银行|金融资产,[body]…办法。法律、行政法规、国务院及金融基础设施管理部门另有规定的，从其规定。 第三条 本办法所称金融基础设施，是指金融资产登记存管系统、清算结算系统（含开展集中清算业务的中央对手方）、交易设施、交易报告库，重要支付系统，基础征信系统…,13787,True,False,
pbc,698f2841c9f9e91cc82b42cc9cb49ffc0dd4a8871b3c0d76a77a0d2845f9a9aa,,中国人民银行 中国证监会令〔2025〕第7号（金融基础设施监督管理办法）,中国人民银行,EXCLUDE,中,,,,商业银行|金融资产,[body]…办法。法律、行政法规、国务院及金融基础设施管理部门另有规定的，从其规定。 第三条 本办法所称金融基础设施，是指金融资产登记存管系统、清算结算系统（含开展集中清算业务的中央对手方）、交易设施、交易报告库，重要支付系统，基础征信系统…,13787,True,False,
pbc,7e5d8723e0d6c6f28bf73eb6b3751eab7436af68768fd642d9476b8c5f3002f3,财政部令〔2025〕第5号,中国人民银行 财政部令〔2025〕第5号（中国人民银行 财政部关于废止《凭证式国债质押贷款办法》的决定）,中国人民银行,EXCLUDE,—,,,,,,758,True,False,
pbc,47a25669f7e67a1785d9e22837d7accb59cdb8363f7db7f004dfd42c16cced11,国家金融监督管理总局令〔2025〕第6号,中国人民银行 国家金融监督管理总局令〔2025〕第6号（中国人民银行 国家金融监督管理总局关于废止《银行卡业务管理办法》的决定）,中国人民银行,EXCLUDE,中,,,,商业银行|银行业,[body]…进行了清理， 现决定废止《银行卡业务管理办法》（银发〔1999〕17 号文印发）。  对银行卡业务的管理按照《商业银行信用卡业务监督管理办法》（中国银行业监督管理委员会令 2011 年第 2 号发布）、 《银行卡收单业务管理办法…,1233,True,False,
pbc,e30a4f0883597c47ac233bf92e8519db3ae5b5ed901412b876147e9b8ed623c8,中国人民银行令〔2025〕第4号,中国人民银行令〔2025〕第4号(中国人民银行业务领域网络安全事件报告管理办法),,EXCLUDE,中,,,,银行业,[title]…中国人民银行令〔2025〕第4号(中国人民银行业务领域网络安全事件报告管理办法)…,47,False,False,
pbc,7ef5e07464268e0b2ad3af3a7b6c8233457a14f8b715288f2352867a68f8496a,中国人民银行令〔2025〕第3号,中国人民银行令〔2025〕第3号（中国人民银行业务领域数据安全管理办法）,,EXCLUDE,中,,,,银行业,[title]…中国人民银行令〔2025〕第3号（中国人民银行业务领域数据安全管理办法）…,43,False,False,
pbc,adb6842e0e72c12a7612af2fbfddda47a228a8a277f5670c0641eab711f834c2,国发〔2015〕22号,中国人民银行 国家金融监督管理总局令〔2025〕第2号（银行卡清算机构管理办法）,中国人民银行,BOUNDARY,低,,,分支机构,银行业|银行业金融机构,[body]…采取责令限期改正、停止职权或免除职务等措施，并按规定向中国人民银行报告。 第二十一条 银行卡清算机构在境内设立分支机构，应当符合以下条件： （一）符合银行卡清算机构发展规划; （二）具备持续经营能力; （三）具备良好的公司治理、…,21887,True,False,
pbc,b7886cc8120000c85a59a315e534321a9f7f7ce514ce588acc42829a34e345f8,中国人民银行令〔2025〕第1号,中国人民银行令〔2025〕第1号（中国人民银行关于废止部分规章的决定）,中国人民银行,EXCLUDE,—,,,,,,715,True,False,
pbc,f6d7c8bf6f7da16c279afef939eb71b620fd92e36daf4c7ea63feb7efd4b197e,中国人民银行令〔2024〕第6号,中国人民银行令〔2024〕第6号(中国人民银行行政处罚裁量基准适用规定),中国人民银行,BOUNDARY,低,,,分支机构,,[meta]…2024年11月25日 中国人民银行行政处罚裁量基准适用规定 第一章 总 则 第一条 为规范中国人民银行及其分支机构的行政处罚行为，保护当事人合法权益，根据《中华人民共和国行政处罚法》《中华人民共和国中国人民银行 中国人民银行…,9797,True,False,
pbc,effd55e79e1909afe6ff8fc4cae9a1a8486c6a21a67792790950b028c53e2c44,银发〔1999〕407号,中国人民银行令〔2024〕第5号（中国人民银行关于修改部分规章的决定）,中国人民银行,EXCLUDE,中,,,分支机构,商业银行,[body]…“（二）违反本办法规定，挪用紧急贷款的； “（三）未按中国人民银行批准救助方案采取自救措施的。” 二、修改《商业银行、信用社代理国库业务管理办法》（中国人民银行令〔2001〕第1号发布） （一）将第四十一条修改为：“商业银行、…,4872,True,False,
pbc,11a6f4abc1fba84feb934337334ff58b6e8162e677d2aa89ffac50b7585d9f9e,中国人民银行令〔2024〕第4号,中国人民银行令〔2024〕第4号（非银行支付机构监督管理条例实施细则）,中国人民银行,BOUNDARY,低,,,分支机构,,[body]…资金出资等不正当手段办理行政许可事项，严禁倒卖、出租、出借支付业务许可证。 第三条 《条例》所称中国人民银行的分支机构是指中国人民银行各省、自治区、直辖市以及计划单列市分行。中国人民银行的分支机构根据中国人民银行的授权和分工，依…,37286,True,False,
pbc,c47005344233f8eb1402e345ec536d68b11e47adff8a53ae3eb57cac3c0d77fc,国家市场监督管理总局令〔2024〕第3号,中国人民银行 国家市场监督管理总局令〔2024〕第3号（受益所有人信息管理办法）,中国人民银行,BOUNDARY,低,,,分支机构,,[body]…体）应当根据本办法规定通过相关登记注册系统备案受益所有人信息： （一）公司； （二）合伙企业； （三）外国公司分支机构； （四）中国人民银行、国家市场监督管理总局规定的其他主体。 个体工商户无需备案受益所有人信息。 第三条 注册…,4507,True,False,
pbc,c757a0cbeb29e7bb3bda050aa18614518bf1b966274e2ceb22c5bec98e7a6b7e,海关总署令〔2015〕第1号,中国人民银行 海关总署令〔2024〕第2号（关于废止《对金银进出国境的管理办法》的决定）,中国人民银行,EXCLUDE,—,,,,,,984,True,False,
pbc,7e4d589ceaf624f21cea440c775a8f8bdd025da20cc31d930feb020019b5f029,国发〔2023〕20号,中国人民银行令〔2024〕第1号（中国人民银行关于修改《支付结算办法》的决定）,中国人民银行,EXCLUDE,—,,,,,,801,True,False,
pbc,7654c8355c4e184fd0cffe2a5e857839f22b6e0bda718e864219d552458c9f1c,中国人民银行令〔2023〕第2号,中国人民银行令〔2023〕第2号（中国人民银行关于废止部分规章的决定）,中国人民银行,EXCLUDE,中,,,,基金管理公司|证券公司,[body]…号文印发 8 关于对违反售付汇管理规定的金融机构及其责任人行政处分的规定 银发〔1998〕331号文印发 9 证券公司进入银行间同业市场管理规定 银发〔1999〕288号文印发 10 基金管理公司进入银行间同业市场管理规定 银发…,1600,True,False,
pbc,0954be7bac71a14f9f96f7881558e225d22fd1a605da83be466b61b7f7027312,国发〔2020〕12号,中国人民银行令〔2023〕第1号（金融控股公司关联交易管理办法）,中国人民银行,BOUNDARY,低,,,分支机构,,[body]…的有关规定。 第五条 中国人民银行依法对金融控股公司的关联交易实施监督管理。中国人民银行副省级城市中心支行以上分支机构（以下简称中国人民银行分支机构）可以依照本办法开展相关工作。 第二章 金融控股公司的关联方 第六条 金融控股公…,23259,True,True,RFN-162cd1b11b7b45d0
pbc,58ca99a9179ee77c5aa3eda17dd2275b145c6d920c2439c2fc0526ed944006eb,中国银行保险监督管理委员会令〔2022〕第4号,中国人民银行 中国银行保险监督管理委员会令〔2022〕第4号(商业汇票承兑、贴现与再贴现管理办法),中国银行保险监督管理委员会,EXCLUDE,中,,,偿付能力|分支机构,商业银行|银行业,[body]…范商业汇票承兑、贴现与再贴现业务，根据《中华人民共和国票据法》《中华人民共和国中国人民银行法》《中华人民共和国银行业监督管理法》《中华人民共和国商业银行法》等有关法律法规，制定本办法。 第二条 本办法所称商业汇票是出票人签发的…,7217,True,False,
pbc,f2c607f7ae67cbfe2aee88ef4711c29b34368f9980074201342d605efc3df1f1,中国人民银行令〔2022〕第3号,中国人民银行令〔2022〕第3号（中国人民银行行政处罚程序规定）,中国人民银行,EXCLUDE,中,,,保险机构|分支机构,商业银行,[meta]…国人民银行及其分支机构的行政处罚行为，维护当事人合法权益，根据《中华人民共和国中国人民银行法》《中华人民共和国商业银行法》《中华 中国人民银行    中国人民银行令〔2022〕第3号 《中国人民银行行政处罚程序规定》已经2022…,16979,True,False,
pbc,401533078ef19b52042b28bd3c6d254381a1705a286fb6999ae9c690fff8266e,中国人民银行令〔2022〕第2号,中国人民银行令〔2022〕第2号（中国人民银行执法检查程序规定）,中国人民银行,EXCLUDE,中,,,分支机构,商业银行,[body]…依法履行职责，严格规范公正文明执法，保护被检查人合法权益，根据《中华人民共和国中国人民银行法》《中华人民共和国商业银行法》《中华人民共和国行政处罚法》等法律、行政法规，制定本规定。 第二条 中国人民银行及其分支机构依法履行职责，…,14511,True,False,
pbc,12b425b963eb03ffc548a2183bc45c8763c75029fdd0b7eb28b9ab964ff65edd,中国证券监督管理委员会令〔2022〕第1号,中国人民银行 中国银行保险监督管理委员会 中国证券监督管理委员会令〔2022〕第1号（金融机构客户尽职调查和客户身份资料及交易记录保存管理办法）,中国证券监督管理委员会,BOUNDARY,低,人寿保险|人身保险|健康保险,,,保险经纪|信托公司|商业银行|基金管理公司|证券公司|金融资产|银行业,[body]…中国人民银行和中国证券监督管理委员会规定的应当开展客户尽职调查的其他证券业务。 第十三条 保险公司在与客户订立人寿保险合同和具有投资性质的保险合同时，应当开展客户尽职调查，确认投保人和被保险人之间的关系，以及被保险人和受益人之间…,24450,True,True,RFN-2d7c38ba49a7bec5
pbc,2f5db3bb7fb79e073d80fb483745035b230efa57e5ce56434f4bdeb455c0aedb,中国人民银行令〔2021〕第7号,中国人民银行令〔2021〕第7号（动产和权利担保统一登记办法）,,EXCLUDE,—,,,,,,38,False,False,
pbc,c14f10ea322b9e407785256ba8eb0a9137b7b837c96b60717f3a56d003d75d8b,财政部令〔2021〕第6号,中国人民银行 中国银行保险监督管理委员会 财政部令〔2021〕第6号（全球系统重要性银行总损失吸收能力管理办法）,,EXCLUDE,—,,,,,,63,False,False,
pbc,6b47a86e37f3ec3c5f53b9528c192476d0e9d65033d2d025f686903d20ce0a73,中国银行保险监督管理委员会令〔2021〕第5号,中国人民银行 中国银行保险监督管理委员会令〔2021〕第5号（系统重要性银行附加监管规定（试行））,,EXCLUDE,—,,,,,,56,False,False,
pbc,878e9b5fe6c09152122005231e2fb7b5a0e5823ee65f3178b5d523d9a9cf2ee9,中国人民银行令〔2021〕第4号,中国人民银行令〔2021〕第4号（征信业务管理办法）,,EXCLUDE,—,,,,,,33,False,False,
pbc,390083f020760c501b1e430df0372faa4dcf0faa966f9850c5243265aa5360d2,中国人民银行令〔2021〕第3号,中国人民银行令〔2021〕第3号（金融机构反洗钱和反恐怖融资监督管理办法）,,EXCLUDE,—,,,,,,62,False,True,RFN-8ad9ae930359b260;RFN-8ad9ae930359b260
pbc,b82d3a699ea538cbb1ace04b0586fb9ffe43a70033c7ce36523d030a208e008d,中国人民银行令〔2021〕第2号,中国人民银行令〔2021〕第2号（金融控股公司董事、监事、高级管理人员任职备案管理暂行规定）,,EXCLUDE,—,,,,,,53,False,False,
pbc,e0484497c1a7ef755ee0552ce2653c55e14378ab7d6a3d5989662fa44cda7c45,中国人民银行令〔2021〕第1号,中国人民银行令〔2021〕第1号（非银行支付机构客户备付金存管办法）,,EXCLUDE,—,,,,,,41,False,False,
pbc,74b2480bc30047af58c0c8ec5a480eb7f9addef033caa62cf54efa0fc42409f7,国办发〔2015〕81号,中国人民银行令〔2020〕第5号（中国人民银行金融消费者权益保护实施办法）,中国人民银行,EXCLUDE,中,,,分支机构,信托公司|商业银行|金融资产|银行业金融机构,[body]…行为，维护公平、公正的市场环境，促进金融市场健康稳定运行，根据《中华人民共和国中国人民银行法》《中华人民共和国商业银行法》《中华人民共和国消费者权益保护法》和《国务院办公厅关于加强金融消费者权益保护工作的指导意见》（国办发〔20…,21986,True,True,RFN-5f0f7ab9a050cd56
pbc,b605896d27ae307c588067c2c309cf5a6cd8287eabb34549f8c7305ca8c44904,国发〔2020〕12号,中国人民银行令〔2020〕第4号（金融控股公司监督管理试行办法）,中国人民银行,BOUNDARY,低,人身保险公司,,,信托公司|再保险公司|商业银行|基金管理公司|证券公司|财产保险公司|金融资产|银行业,[body]…融租赁公司。 （二）信托公司。 （三）金融资产管理公司。 （四）证券公司、公募基金管理公司、期货公司。 （五）人身保险公司、财产保险公司、再保险公司、保险资产管理公司。 （六）国务院金融管理部门认定的其他机构。 本办法所称金融控股公…,26287,True,True,RFN-162cd1b11b7b45d0;RFN-162cd1b11b7b45d0
pbc,f7d44ad388c6835bde5f4a3984ac73cacf351136805fb7641b1d78d8387867ad,银发〔2000〕102号,中国人民银行令〔2020〕第2号（关于修改《教育储蓄管理办法》等规章的决定）,中国人民银行,EXCLUDE,—,,,,,,1121,True,False,
pbc,e137b3eb9a149d222baedadd4f8e179aace62a338bc38909a6b34c395de13169,海关总署令〔2015〕第1号,中国人民银行 海关总署令〔2020〕第3号（修改《黄金及黄金制品进出口管理办法》）,中国人民银行,EXCLUDE,中,,,,银行业金融机构,[body]…出口管理办法》（中国人民银行 海关总署令〔2015〕第 1 号发布）作如下修改： 将第十条第一款第七项修改为“银行业金融机构还应当提供内部黄金业务风险控制制度有关材料”。  将第十条第一款第八项修改为“黄金矿产的生产企业还应当提交省级…,1214,True,False,
pbc,b28320a26012ae410e8626e2b06325fea62d670d5781ffe416e64ad39b2a3b85,中国人民银行令〔2020〕第1号,中国人民银行令〔2020〕第1号（中国人民银行行政许可实施办法）,中国人民银行,EXCLUDE,中,,,分支机构,商业银行,[body]…申请人委托代理人提出行政许可申请的，还应当提供申请人、代理人的身份证明文件和授权委托书；办理开户许可等事项，由商业银行等机构批量代理提交的除外。 中国人民银行及其分支机构应当核对上述身份证明文件，必要时可以利用技术手段核实申请人…,18501,True,False,
pbc,2d6382685df9630317bfc87f89c20608a8a3f12db1c839cf60ea7821c7512e3d,中国证券监督管理委员会令〔2019〕第5号,中国人民银行 国家发展和改革委员会 财政部 中国证券监督管理委员会令〔2019〕第5号（信用评级业管理暂行办法）,中国证券监督管理委员会,EXCLUDE,—,,,,,,256,True,False,
pbc,16b1002213c3d3c78a230ce6c5bd28d5de3c1b5be3d6f070718b6870073b6b40,中国人民银行令〔2019〕第4号,中国人民银行令〔2019〕第4号（应收账款质押登记办法）,中国人民银行,EXCLUDE,—,,,,,,139,False,False,
pbc,5947a67dd95b710b5c2f95da2b01e21ca9c95b9ab6572c881cbfa36bc929a0af,中国人民银行令〔2019〕第3号,中国人民银行令〔2019〕第3号 （中国人民银行货币鉴别及假币收缴、鉴定管理办法）,中国人民银行,EXCLUDE,—,,,,,,192,False,False,
pbc,380e08f4c670b62e5c286ad2894c8ba3c6e97333a50e03b9895cb6e033530642,中国人民银行令〔2019〕第2号,中国人民银行令〔2019〕第2号 （人民币图样使用管理办法）（2019年版）,中国人民银行,EXCLUDE,—,,,,,,155,False,False,
pbc,e355d4272c5ed8e46a9382dd682931b2b5873c1da8f2592899190383b0b6b085,中国人民银行令〔2019〕第1号,中国人民银行令〔2019〕第1号（中国人民银行关于取消企业银行账户许可有关事宜的决定）,中国人民银行,EXCLUDE,—,,,,,,202,True,False,
pbc,5895cf51bfba03d82bfe78eb6f1cd67ed29f854f2777a1e62f47f4b921110eb0,中国人民银行令〔2018〕第3号,中国人民银行令〔2018〕第3号（中国人民银行规章制定程序与管理规定）,中国人民银行,EXCLUDE,—,,,,,,167,False,False,
pbc,57655f184b3e71251d6420f5d4b7e6c2c999f2f75e5e0077d5980ef37e69e5e0,中国人民银行令〔2018〕第2号,中国人民银行令〔2018〕第2号,中国人民银行,EXCLUDE,—,,,,,,501,True,False,
pbc,59ab6be5ba3755a066aaa86ea3f30c9b2bb56fe46c583fae5e6ae42fccfab661,中国人民银行令〔2018〕第2号,中国人民银行令〔2018〕第2号（中国人民银行关于修改《金融机构大额交易和可疑交易报告管理办法》的决定）,中国人民银行,EXCLUDE,—,,,,,,241,True,False,
pbc,44f7e1e9ed096169ca65c4761746d9d668b1d15ac4ff547e9e49d25d173129e0,中国人民银行令〔2017〕第3号,中国人民银行令〔2017〕第3号（应收账款质押登记办法）,中国人民银行,EXCLUDE,—,,,,,,195,False,False,
pbc,8f419219a478d6988884d6064023e375c2cc8b7aa912126394a019d3ba15ec55,中国银行业监督管理委员会令〔2017〕第2号,中国人民银行 中国银行业监督管理委员会令〔2017〕第2号（汽车贷款管理办法）,中国人民银行,EXCLUDE,中,,,,银行业,[title]…中国人民银行 中国银行业监督管理委员会令〔2017〕第2号（汽车贷款管理办法） 中国人民银行 中国银行业监督管理委员会令〔2017〕第…,278,True,False,
pbc,516c24378eed41b15e6f03d8c1de1b56d6581e964bd1c2ce91f5320983f82c04,中国人民银行令〔2017〕第1号,中国人民银行令〔2017〕第1号（内地与香港债券市场互联互通合作管理暂行办法）,中国人民银行,EXCLUDE,—,,,,,,239,True,False,
pbc,b3633cf6989810f95b6cc2cbfabdc752e286a5e78e888fa547c25641ed7f65a2,中国人民银行令〔2016〕第3号,中国人民银行令〔2016〕第3号（金融机构大额交易和可疑交易报告管理办法）,中国人民银行,EXCLUDE,—,,,,,,175,False,True,RFN-6ddcdb7ddcef4f2c
pbc,cf59cd1c50237ba62d6cecc36efc11f1e81464d03905b4da108cbf504736443a,国发〔2015〕22号,中国人民银行 中国银行业监督管理委员会令〔2016〕第2号（银行卡清算机构管理办法）,中国人民银行,BOUNDARY,低,,,分支机构,银行业|银行业金融机构,[body]…与终止 第二十五条 银行卡清算机构有下列变更事项之一的，应当按规定向中国人民银行提交变更申请材料： （一）设立分支机构。 （二）分立或者合并。 （三）变更公司名称或者公司章程。 （四）变更注册资本。 （五）变更主要出资人或其他单…,13211,True,False,
pbc,6da4564337f6ed7ea752adfdb5eff8f33c53e100486fb27e1c6440f11d3b8c0c,海关总署令〔2015〕第1号,中国人民银行 海关总署令〔2015〕第1号（黄金及黄金制品进出口管理办法）,中国人民银行,EXCLUDE,—,,,,,,246,True,False,
pbc,0aa9db4b0e80913b2f5b90f3fedfa38b550f0f5821e01ebd566c2ab99640d354,中国人民银行令〔2014〕第2号,中国人民银行令〔2014〕第2号（银行办理结售汇业务管理办法）,中国人民银行,EXCLUDE,中,,,分支机构,商业银行|银行业,[body]…是银行结售汇业务的监督管理机关。 第三条 本办法下列用语的含义： （一）银行是指在中华人民共和国境内依法设立的商业银行、城市信用合作社、农村信用合作社等吸收公众存款的金融机构以及政策性银行； （二）结售汇业务是指银行为客户或因自…,5936,True,False,
pbc,06837402251b80c4c72b7ad9b750d53d385633ad89da7975a53dc3c00981b56c,中国人民银行令〔2013〕第1号,中国人民银行令〔2013〕第1号（征信机构管理办法）,中国人民银行,BOUNDARY,低,,,分支机构,,[body]…构，是指依法设立、主要经营征信业务的机构。 第三条 中国人民银行依法履行对征信机构的监督管理职责。中国人民银行分支机构在总行的授权范围内，履行对辖区内征信机构的监督管理职责。 第四条 征信机构应当遵守法律、行政法规和中国人民银行…,10951,True,False,
pbc,156a0fa57cbfb68f3c52bf54ba44b3d80f4d9f6921947326c76acd34bc7f12c7,中国人民银行令〔2010〕第1号,中国人民银行令〔2010〕第1号（中国人民银行执法检查程序规定）,中国人民银行,BOUNDARY,低,,,分支机构,,[meta]…中国人民银行令〔2010〕第1号（中国人民银行执法检查程序规定） 为促进中国人民银行及其分支机构依法履行职责，规范执法检查行为，保护金融机构以及其他单位和个人的合法权益，根据《中华人民共和国中国人民银行法》…,6965,True,False,
pbc,82acf09bf938051d859495a99c7ea8bcfcd3e275f6a3f616d21d8ccf81d2f223,中国人民银行令〔2009〕第2号,中国人民银行令〔2009〕第2号（电子商业汇票业务管理办法）,中国人民银行,EXCLUDE,—,,,,,,203,True,False,
pbc,fabbc4e1ba31d4665b66c161cd87a97d0c4c0cfc7b09d35fb424d83ef21d1a6a,中国人民银行令〔2009〕第1号,中国人民银行令〔2009〕第1号（银行间债券市场债券登记托管结算管理办法）,中国人民银行,EXCLUDE,—,,,,,,231,True,False,
pbc,5900afbe1d357d60b9a2a77309852ce1dec7268a255380d257357c0dbb1a4385,中国人民银行令〔2008〕第1号,中国人民银行令〔2008〕第1号（银行间债券市场非金融企业债务融资工具管理办法）,中国人民银行,EXCLUDE,—,,,,,,243,True,False,
pbc,38c093753c1011ef63e5c8851b23e2ce5d701250d096756454b1d663327594a0,中国人民银行令〔2007〕第3号,中国人民银行令〔2007〕第3号（同业拆借管理办法）,中国人民银行,EXCLUDE,中,,,保险公司|保险资产管理|偿付能力|分支机构,信托公司|商业银行|证券公司|金融资产|银行业,[meta]…中国人民银行令〔2007〕第3号（同业拆借管理办法） 根据《中华人民共和国中国人民银行法》、《中华人民共和国商业银行法》等法律规定，中国人民银行制定了《同业拆借管理办法》，经2007年6月8日第13次行长办公会议通过，现予公布…,12571,True,False,
pbc,a72f04bd3fef93af2150f29a0e8318ed35582781c7931c6fc5be66454af30fcd,中国保险监督管理委员会令〔2007〕第2号,中国人民银行 中国银行业监督管理委员会 中国证券监督管理委员会 中国保险监督管理委员会令〔2007〕第2号（金融机构客户身份识别和客户身份资料及交易记录保存管理办法）,中国保险监督管理委员会,EXCLUDE,中,,,,银行业,[title]…中国人民银行 中国银行业监督管理委员会 中国证券监督管理委员会 中国保险监督管理委员会令〔2007〕第2号（金融机构客户身份识别和客户…,484,True,True,RFN-a416e99a11f00300
pbc,634dcc48e5a10dec362655f41db2bff03bb48496de4b95d033a7f1c13fa2883a,中国人民银行令〔2006〕第3号,中国人民银行令〔2006〕第3号（个人外汇管理办法）,中国人民银行,EXCLUDE,—,,,,,,187,False,False,
pbc,4598228aaeb78e896fbbf1977afcd5dde2f3517d628e9c02a906cf53e7bd00d7,中国人民银行令〔2006〕第1号,中国人民银行令〔2006〕第1号（金融机构反洗钱规定）,中国人民银行,EXCLUDE,中,,,保险公司|保险资产管理|分支机构,商业银行|基金管理公司|证券公司|金融资产|银行业,[body]…》等有关法律、行政法规，制定本规定。 第二条 本规定适用于在中华人民共和国境内依法设立的下列金融机构： （一）商业银行、城市信用合作社、农村信用合作社、邮政储汇机构、政策性银行； （二）证券公司、期货经纪公司、基金管理公司； （…,9034,True,True,RFN-1d4569b0c83b8ca6
pbc,582199c30c936a3764207a634fd40e5126901234e9eff8320f602b3fb1d616d2,财政部令第21号,国债承销团成员审批办法,中国人民银行,EXCLUDE,中,,,保险公司|偿付能力,商业银行|证券公司|银行业,[body]…账式国债和其他国债。 第四条 本办法所称国债承销团成员，是指中国境内具备一定资格条件并经批准从事国债承销业务的商业银行、证券公司、保险公司和信托投资公司等金融机构。 第五条 国债承销团按照国债品种组建，包括凭证式国债承销团、记账…,10248,True,False,
pbc,63f143a56aa22c4d9c72444703e1629680c5d6cac6e271aa2b56a5ff2aad592a,中国人民银行令〔2005〕第3号,中国人民银行令〔2005〕第3号（个人信用信息基础数据库管理暂行办法）,中国人民银行,EXCLUDE,中,,,,商业银行|银行业,[meta]…二○○五年八月十八日 个人信用信息基础数据库管理暂行办法 第一章 总 则 第一条 为维护金融稳定，防范和降低商业银行的信用风险，促进个人信贷业务的发展，保障个人信用信息的安全和合法使用， 中国人民银行    根据《中华人民共和…,8417,True,False,
pbc,95cbb7f6d00a9093ca71898971ce85dc8d07259cc9200c410ed0323200513698,,中国人民银行突发事件应急预案管理办法,中国人民银行,BOUNDARY,低,,,分支机构,,[body]…正常工作而针对自然灾害、事故灾难、突发公共卫生事件和突发重大刑事案件、群体性事件而制定的内部规章制度。 （五）分支机构预案，各分支行、企事业单位根据自身应急处置机制建设的需要，制定的与上级单位应急预案相衔接的上级单位预案的分预案…,7825,True,False,
pbc,9828f69a136f67ad275ea36a6f1d21cc1158cc8ca11ef2c0fd36fe9a609af977,,短期融资券管理办法,中国人民银行,EXCLUDE,—,,,,,,6902,True,False,
pbc,dcd568ebfa1ab214e41058d02a665ed039e57fb96ce91c59a85cbcf877e7a2dc,中国人民银行令〔2005〕第1号,中国人民银行令〔2005〕第1号（全国银行间债券市场金融债券发行管理办法）,中国人民银行,EXCLUDE,中,,,,商业银行,[body]…的金融机构法人在全国银行间债券市场发行的、按约定还本付息的有价证券。 本办法所称金融机构法人，包括政策性银行、商业银行、企业集团财务公司及其他金融机构。 第三条 中国人民银行依法对金融债券的发行进行监督管理。未经中国人民银行核准…,9168,True,True,RFN-e346b01e2d21392b
pbc,8dbae20bbc2b3d9f6633db60bda0ed9d4aa1cbff1db561c7fad050da738d9e9f,中国人民银行令〔2004〕第3号,中国人民银行令〔2004〕第3号（中国人民银行行政许可法实施办法）,中国人民银行,BOUNDARY,低,,,分支机构,,[meta]…：周小川 二○○四年九月十三日 中国人民银行行政许可实施办法 第一章 总 则 第一条 为了规范中国人民银行及其分支机构实施行政许可的行为，保护公民、法人和其他组织的合法权益 中国人民银行    根据《中华人民共和国行政许可法》、…,16070,True,False,
pbc,659a1c8ae3e2271d8efaaf680b189ffd24fbc405f973e350f25945cbf412150d,中国人民银行令〔2004〕第1号,中国人民银行令〔2004〕第1号（全国银行间债券市场债券买断式回购业务管理规定）,中国人民银行,EXCLUDE,—,,,,,,243,True,False,
pbc,09c31947e8e46182580315f3b427f867d9aa651ca8a9b98fc5ae8d00d9fcffa2,中国人民银行令〔2004〕第1号,全国银行间债券市场债券买断式回购业务管理规定,中国人民银行,BOUNDARY,低,,,分支机构,,[body]…第十八条 同业中心和中央结算公司应依据本规定制定相应的买断式回购的交易、结算规则。 第十九条 中国人民银行各分支机构对辖区内市场参与者的买断式回购进行日常监督。 第二十条 进行买断式回购除应遵守本规定外，还应遵守全国银行间债券…,3639,True,False,
pbc,202e4bc5ebb1a5c04920914c1875a21157bf201108ad059e12dc80480397f565,中国人民银行令〔2003〕第7号,中国人民银行令〔2003〕第7号（中国人民银行残缺污损人民币兑换办法）,中国人民银行,EXCLUDE,—,,,,,,223,True,False,
pbc,c03f3a0cf462f2e085e711a8bf4e1c833ac1825efef5a77da2280e347d27e852,,中国人民银行残缺污损人民币兑换办法,中国人民银行,BOUNDARY,低,,,分支机构,,[body]…议的， 经持有人要求， 金融机构应出具认定证明并退回该残缺、 污损人民币。  持有人可凭认定证明到中国人民银行分支机构申请鉴定， 中国人民银行应自申请日起 5 个工作日内做出鉴定并出具鉴定书。 持有人可持中国人民银行的鉴定书及可…,2335,True,False,
pbc,f5c0f5c1fe7435889d51f9c3005210eafd047b26b903e4806d83ee36ae5f51be,,外币代兑机构管理暂行办法,中国人民银行,EXCLUDE,中,,,分支机构,商业银行,"[meta]…法》等有关规定,制定本办法。 第二条 本办法所称外币代兑机构,是指与具有外币兑换(或结售汇)业务经营资格的境内商业银行及其分支行(以下简称银行)签订协议,经银行授权办理外币兑换业务的境内企业法人机 中国人民银行    第一条 为…",5881,True,False,
pbc,fb3ae3c534d7a6110f9b30c918c34c88b69a0e75f00c4d571572e1e9598b7212,,中国人民银行假币收缴、鉴定管理办法,中国人民银行,EXCLUDE,中,,,分支机构,商业银行,[body]…方法制作，改变真币原形态的假币。 本办法所称办理货币存取款和外币兑换业务的金融机构（以下简称“金融机构”）是指商业银行、城乡信用社、邮政储蓄的业务机构。 本办法所称中国人民银行授权的鉴定机构，是指具有货币真伪鉴定技术与条件，并经…,6260,True,False,
pbc,e2586316f6ef59dd8b840152e722da468465e11e2a41ea581c90cb06c4f79270,中国人民银行令〔2003〕第5号,中国人民银行令〔2003〕第5号（人民币银行结算账户管理办法）,中国人民银行,EXCLUDE,—,,,,,,207,True,False,
pbc,5edb5611d6dd0913c8e7acbfb5387e8342ca405fc5f645a751601ebdd11e7cfd,中国人民银行令〔2003〕第5号,人民币银行结算账户管理办法,中国人民银行,EXCLUDE,中,,,保险公司|保险理赔,商业银行|证券公司,[body]…开立和使用，加强银行结算账户管理，维护经济金融秩序稳定，根据《中华人民共和国中国人民银行法》和《中华人民共和国商业银行法》等法律法规，制定本办法。 第二条 存款人在中国境内的银行开立的银行结算账户适用本办法。 本办法所称存款人，…,20954,True,False,
pbc,2159c85e98223c58b80fe74a06791991499fee391d8f0971076d120493629c19,,金融机构大额和可疑外汇资金交易报告管理办法,中国人民银行,BOUNDARY,低,,,保险机构|分支机构,,[body]…银行划出与交易、清算无关外汇资金的；（十九）经营B股业务的证券经营机构通过银行频繁大量拆借外汇资金的；（二十）保险机构通过银行频繁大量对同一家境外投保人发生赔付或退保行为。第十一条金融机构对本办法第八条、第九条和第十条所规定情形…,8836,True,False,
pbc,79a3d29d560efd540c5e017934a75d7b6fa84ebdc9455fd5dc384c7da47d0c21,,人民币大额和可疑支付交易报告管理办法,中国人民银行,EXCLUDE,中,,,分支机构,商业银行,[body]…流向、用途、性质等有异常情形的人民币支付交易。 第三条经中国人民银行批准在中华人民共和国境内设立的政策性银行、商业银行、城乡信用社及其联合社、邮政储汇机构（以下简称金融机构）办理支付交易业务应遵守本办法。 第四条中国人民银行及其…,6393,True,False,
pbc,b85ac773fa256e18bcfa15dd11ed09efee8ee48d8b35dcedd3a4d086d1d8cf0d,中国人民银行令〔2002〕第9号,中国人民银行令〔2002〕第9号（金融统计管理规定）,中国人民银行,EXCLUDE,—,,,,,,187,False,False,
pbc,fe5a58a43d70a0cd61bd40ea331f635f546bdaa2b0f011e2523bd2cee02eef2b,,商业银行内部控制指引,中国人民银行,EXCLUDE,中,,,分支机构,商业银行|金融资产,[title]…商业银行内部控制指引 第一章总则 第一条为促进商业银行建立和健全内部控制，防范金融风险，保障银行体系安全稳健运行，依据…,26009,True,False,
pbc,7ccb181439fe61071d73fbfff36b1c5b2a52e34bf1c08c3b0d2b193136fc98c1,,外资金融机构驻华代表机构管理办法,中国人民银行,EXCLUDE,—,,,,,,310,True,False,
pbc,53079b76a503bbf8ea4e2e3ffdcf289cf13cd65093c6a8ad1123e9a2290c93d6,,信托投资公司资金信托管理暂行办法,中国人民银行,EXCLUDE,—,,,,,,351,True,False,
pbc,9f02f12c20c8f6852cc095cd4e756d7820b10554cdf5421d7958983eb2988812,,商业银行信息披露暂行办法,中国人民银行,EXCLUDE,中,,,,商业银行,[title]…商业银行信息披露暂行办法 为加强对商业银行的市场约束，规范商业银行的信息披露行为，促进商业银行安全、稳健、高效运行，依…,447,True,False,
pbc,8c94cf318c7886470b2c42d3794bc0c9f2a6d18aba35b0f6cbaa24ebc9b87aa9,,信托投资公司管理办法,中国人民银行,EXCLUDE,—,,,,,,292,True,False,
pbc,68f1672f650f7e258eececc3adcc49bafeedfc82e10cb23aa9c1aa75f9153d0a,,商业银行设立同城营业网点管理办法,中国人民银行,EXCLUDE,中,,,,商业银行,[title]…商业银行设立同城营业网点管理办法 为规范商业银行设立同城营业网点的管理，根据《中华人民共和国商业银行法》、《中华人民共…,405,True,False,
pbc,2b1d1726156431664b0cdec87f4524d2d518df4bb05a80458b4bc4f83616bd73,,商业银行柜台记账式国债交易管理办法,中国人民银行,EXCLUDE,中,,,,商业银行,[title]…商业银行柜台记账式国债交易管理办法 为了规范商业银行柜台记账式国债交易行为，促进债券市场健康发展，中国人民银行制定了《…,327,True,False,
pbc,990ce59d5a3f121b8e4e7e033b969484cae809630832ffa72c917b132c8eca22,中国人民银行令〔2001〕第5号,商业银行中间业务暂行规定,中国人民银行,EXCLUDE,中,,,,商业银行,[title]…商业银行中间业务暂行规定 中国人民银行令[2001]第5号 根据《中华人民共和国中国人民银行法》、《中华人民共和国商业…,363,True,False,
pbc,51ffca61fbac966966dcdb0a8bf3ca38863dadef53d64928f0910bca281045eb,中国人民银行令〔2001〕第3号,中国人民银行令〔2001〕第3号（中国人民银行行政处罚程序规定）,中国人民银行,EXCLUDE,—,,,,,,211,True,False,
pbc,3a7e4eb28efe1e1818c61c4efe1d9b99260dab1ebdc0a441a42c97636e516967,中国人民银行令〔2001〕第3号,中国人民银行行政处罚程序规定,中国人民银行,EXCLUDE,—,,,,,,454,True,False,
pbc,26531bafbdc09088d15557f9ff876c961c02fd5ab129ed02095a608b51864fd8,,商业银行、信用社代理国库业务管理办法,中国人民银行,EXCLUDE,中,,,,商业银行,[title]…商业银行、信用社代理国库业务管理办法 [2001]第1号 为进一步加强对商业银行代理支库和商业银行、信用社办理国库经收…,499,True,False,
pbc,121adf5961f45fb34408aaabb20638cb8c716d2e7bc6e05b7b42943d25c78563,中国人民银行令〔2001〕第1号,中国人民银行令〔2001〕第1号（商业银行、信用社代理国库业务管理办法）,中国人民银行,EXCLUDE,中,,,,商业银行,[title]…中国人民银行令〔2001〕第1号（商业银行、信用社代理国库业务管理办法） 中国人民银行令〔2001〕第1号（商业银行、信用社代理国库业务管理办法）（中国…,228,True,False,
pbc,61f4cb638d843126b2974f57a34d2eeada63706245a04e5b7b6ea20d7c6615df,,金融租赁公司管理办法,中国人民银行,EXCLUDE,—,,,,,,252,True,False,
pbc,f51a6a6ce8ef57e8ed5b91482f3e9324a440f6a5c171fb3d126052a6dd076a2f,,全国银行间债券市场债券交易管理办法,中国人民银行,EXCLUDE,—,,,,,,333,True,False,
pbc,72600ab9c6756a6abdea09155b337bef4783643c8f85876b1ebd20421a0b1595,,企业集团财务公司管理办法,中国人民银行,EXCLUDE,—,,,,,,297,True,False,
pbc,600a803d00bc96350962f6f6f667a86c5bfd1c1e912753c91d3def5129d4f65c,,金融机构高级管理人员任职资格管理办法,中国人民银行,EXCLUDE,中,,,,商业银行,[meta]…金融机构高级管理人员任职资格管理办法 根据《中华人民共和国中国人民银行法》、《中华人民共和国商业银行法》等有关金融法律、法规，中国人民银行制定了《金融机构高级管理人员任职资格管理办法》，现予发布施行。 行长 戴…,338,True,False,
pbc,e327cd84873c9891a0f1aa6dd413b257a5820cc7e75e13b24b182245f4f61d75,银发〔2000〕176号,支付结算业务代理办法（银发〔2000〕176号）,,EXCLUDE,—,,,,,,116,False,False,
pbc,bbc4c3e4237dace03ae63bc7b839ba6c1c329c47b8f1a68d1cb802aa95eb50c9,银发〔2000〕148号,关于印发《地方政府向中央专项借款管理规定》的通知（银发〔2000〕148号）,,EXCLUDE,—,,,,,,172,False,False,
pbc,30f5515b39b9431c2343d7b34c4f92f040a8ccc3bc6339fb4134d19edee92749,中国人民银行令〔2000〕第2号,中国人民银行令〔2000〕第2号（全国银行间债券市场债券交易管理办法）,中国人民银行,EXCLUDE,—,,,,,,223,True,False,
pbc,cce3430037605bfda5f8c784b1b7d7cd35fc086765beadc112333136ac559e79,银发〔1999〕407号,关于印发《中国人民银行紧急贷款管理暂行办法》的通知（银发〔1999〕407号）,中国人民银行,EXCLUDE,—,,,,,,182,False,False,
pbc,3f822e757792ca514ebf4c29461fd44334615905f8d162f1b7af191a7d9a56d2,银发〔1999〕77号,关于印发《人民币利率管理规定》的通知（银发〔1999〕77号）,,EXCLUDE,—,,,,,,144,False,False,
pbc,2435ca4038f1bcb704ee5024f2aff65511f19a93393288f6518f2727b2002a71,银发〔1999〕3号,关于印发《通知存款管理办法》的通知（银发〔1999〕3号）,,EXCLUDE,—,,,,,,136,False,False,
pbc,bfd1f4f7ff2448ab54a83fbc14959271222b8dbed5a3b3e02b6527ce8f421ed3,银发〔1997〕485号,关于印发《人民币单位存款管理办法》的通知（银发〔1997〕485号）,,EXCLUDE,—,,,,,,155,False,False,
pbc,7dd4e980887dbce2bb3e601b850146e1be50ec4628a4fccfcbfb3a13db44b16e,银发〔1997〕438号,中国人民银行关于印发《离岸银行业务管理办法》的通知（银发〔1997〕438号）,中国人民银行,EXCLUDE,中,,,,银行业,[title]…中国人民银行关于印发《离岸银行业务管理办法》的通知（银发〔1997〕438号） 中国人民银行关于印发《离岸银行业务管理办法》的通知（银发〔19…,182,False,False,
pbc,1486fe0cc55832658557097672f0b5c4537e3ea2bd3f19c39fe28f79efb5e06a,银发〔1997〕416号,中国人民银行关于印发《境内外汇账户管理规定》的通知（银发〔1997〕416号）,中国人民银行,EXCLUDE,—,,,,,,182,False,False,
pbc,3355a1835baf2bd3143904a2e4d667df9be95dd27975ec8a2946b043f914326d,银发〔1997〕393号,关于印发《支付结算办法》的通知（银发〔1997〕393号）,,EXCLUDE,—,,,,,,136,False,False,
pbc,b6c3cc8a66f0523700ea26c0d5ac3599fb552186bf202c35e59628217fd36fa3,银发〔1997〕393号,中国人民银行关于印发《支付结算办法》的通知（银发〔1997〕393号）,中国人民银行,EXCLUDE,—,,,,,,166,False,False,
pbc,8dc4accfdd1605db45ed57d8a41edffd81e2414446a3173ac4fa76229ee22175,银发〔1997〕216号,中国人民银行关于印发《商业汇票承兑、贴现与再贴现管理暂行办法》的通知（银发〔1997〕216号）,中国人民银行,EXCLUDE,—,,,,,,219,True,False,
pbc,8f0a655759d0b289af212aa8916f2032b2463d58b018083a900c2dd753fc659a,银发〔1993〕7号,中国人民银行关于执行《储蓄管理条例》的若干规定（银发〔1993〕7号）,中国人民银行,EXCLUDE,—,,,,,,166,False,False,
pbc,89593e6c41fa795e62f6cee4bee9bfe72788db6a91a00346ed6fc2d245f118de,银发〔2026〕171号,中国人民银行 国家金融监督管理总局印发《关于改革完善房地产信贷管理 推动加快构建房地产发展新模式的意见》的通知（银发〔2026〕171号）,中国人民银行,EXCLUDE,中,,,,商业银行|银行业|银行业金融机构,[meta]…上海总部，各省、自治区、直辖市及计划单列市分行；国家金融监督管理总局各监管局；国家开发银行，各政策性银行、国有商业银行，中国邮政储蓄银行，各股份制商业银行： 为深入贯彻落实党中央、国务院关于构建房地产发展新模式的决策部署，完善房…,11596,True,False,
pbc,b4566a61369453cb2f6114a94dc492b4fa797bd87afd9d611a30ae43a8cf8d30,,中国人民银行 市场监管总局公告〔2026〕第19号,中国人民银行,BOUNDARY,低,,,分支机构,银行业金融机构,[body]…十三条等规定给予处罚。非法买卖人民币涉嫌欺诈、诈骗的，依情节轻重由相关部门依法追究法律责任。 六、中国人民银行分支机构会同当地市场监督管理部门按《国务院办公厅关于禁止非法买卖人民币的通知》和本公告要求，对当地买卖人民币活动进行清…,2498,True,False,
pbc,a360d489e6d97cdeb67966482c7d1493efa107f4e6ce10ae76791de3e777c41b,银发〔2015〕279号,中国人民银行 国家外汇管理局关于跨国公司本外币跨境资金集中运营业务有关事宜的通知（银发〔2026〕163号）,中国人民银行,EXCLUDE,中,,,分支机构,商业银行|金融资产|银行业,[meta]…、直辖市及计划单列市分行；国家外汇管理局各省、自治区、直辖市及计划单列市分局；国家开发银行，各政策性银行、国有商业银行，中国邮政储蓄银行，各股份制商业银行： 为进一步便利跨国公司集团资金归集使用，深化高水平金融开放，支持实体经济…,16431,True,False,
pbc,a8aba22e488c200ad71b78c9d30780bc5147748022841af4116608258e01c13c,,中国人民银行 金融监管总局公告〔2026〕第15号,中国人民银行,EXCLUDE,中,,,,银行业,[meta]…中国人民银行 金融监管总局公告〔2026〕第15号 《中国人民银行 中国银行业监督管理委员会关于村镇银行、贷款公司、农村资金互助社、小额贷款公司有关政策的通知》（银发〔2008〕137号）…,363,True,False,
pbc,d62bb49ed781f46ed2df885c4dc65da926db10a6237f3fd6863917bc607fef82,海关总署令〔2020〕第3号,中国人民银行 海关总署公告〔2026〕第11号,中国人民银行,EXCLUDE,—,,,,,,1322,True,False,
pbc,e4b856a5d344a75daee24deda49ac16a6565dd35d61d2dc6c3dbd254012aa97c,,中国人民银行 工业和信息化部 市场监管总局 金融监管总局 中国证监会 国家知识产权局 国家网信办 国家外汇局公告〔2026〕第9号,中国人民银行,BOUNDARY,低,,,保险产品|分支机构,银行业,[body]…域客户提供。有经营区域限制的金融机构应当按照金融管理部门制定的标准对客户所在区域进行识别审核，面向注册地及设有分支机构区域的客户提供金融产品。 第三方互联网平台为金融产品网络营销提供服务应当接受金融机构依法委托，符合金融管理部门…,14604,True,False,
pbc,bf888c40fa24b7ce98ee24399fc12e80143d62f31c80ff5934c9152aa421d05d,,中国人民银行公告〔2026〕第10号,中国人民银行,EXCLUDE,中,,,分支机构,商业银行,[body]…中国人民银行上海总部，各省、自治区、直辖市分行，深圳市分行”；发文对象及附件1第十七条第一款、附件2“陆 城市商业银行银行汇票业务”中“城市商业银行资金清算中心”的表述统一修改为“城银清算服务有限责任公司”；发文对象删除“城市商…,7835,True,False,
pbc,9c59a9f94360b3f2301177ddabd6a63459f051f57f32a9970eddc262fa168157,银发〔2022〕27号,中国人民银行 国家外汇管理局关于调整银行业金融机构境外贷款业务有关事宜的通知（银发〔2026〕72号）,中国人民银行,EXCLUDE,中,,,,商业银行|银行业金融机构,[title]…中国人民银行 国家外汇管理局关于调整银行业金融机构境外贷款业务有关事宜的通知（银发〔2026〕72号） 中国人民银行上海总部，各省、自治区、直辖市及计划单列市分…,1454,True,False,
pbc,42e73b1f7f858982b82e57a724f559e418108c2781e68825ea787d60a43692b5,银发〔2016〕111号,中国人民银行公告〔2026〕第8号,中国人民银行,EXCLUDE,中,,,分支机构,商业银行|银行业金融机构,[body]…事项的通知》（银办发〔2006〕54号） （一）将第一条第一款第三句修改为“其中国家开发银行、政策性银行、国有商业银行、中国邮政储蓄银行、股份制商业银行、城市商业银行、城市合作银行、农村商业银行、农村合作银行、外资银行专用章所刊…,2946,True,False,
pbc,2052e979c8e5f5234be22ca907e1aba721900665e36b89148860d30fd14d7d10,,中国人民银行 海关总署公告〔2026〕第6号,中国人民银行,EXCLUDE,中,,,,银行业金融机构,[meta]…门清算银行调运人民币现钞进出境通关业务管理办法〉的通知》（银发〔2004〕247号）自本公告发布之日起废止。 银行业金融机构每次办理调运人民币现钞进出境业务时，凭中国人民银行签发的《银行调运人民币现钞进出境证明》，并按照《海关总署 中…,937,True,False,
pbc,cecdb4795bf75ca570457554719bfe8b94631108bc69afe622342dfe08549e35,银发〔2026〕63号,中国人民银行 国家外汇管理局关于印发《境内企业境外放款管理办法》的通知（银发〔2026〕63号）,中国人民银行,EXCLUDE,中,,,分支机构,商业银行,[meta]…、直辖市及计划单列市分行；国家外汇管理局各省、自治区、直辖市及计划单列市分局；国家开发银行，各政策性银行、国有商业银行，中国邮政储蓄银行，各股份制商业银行： 为规范境内企业境外放款业务，根据《中华人民共和国中国人民银行法》《中华…,9653,True,False,
pbc,43ba64e7afe0df1768f349751f981add81beb9aac13e022299cf317c7f0c0eb9,,中国人民银行 国家金融监督管理总局公告〔2026〕第5号,中国证券监督管理委员会,BOUNDARY,低,,,保险公司,,[meta]…厅关于投保人与被保险人、受益人关系确认有关事项的通知》（银办发〔2016〕270号）自本公告发布之日起废止。 保险公司客户尽职调查相关事项按照《金融机构客户尽职调查和客户身份资料及交易记录保存管理办法》（中国人民银行 国家金融监…,639,True,False,
pbc,1f165703ee8a5300d94976da1430bce5397c53b594bc62702e5343aba7244df3,,中国人民银行公告〔2026〕第3号,中国人民银行,EXCLUDE,—,,,,,,814,True,False,
pbc,432b9fe5e2a4f4f9b45e4b65e78856ade5dc4f5af5101fea574c4c6c639bc641,银发〔2026〕51号,中国人民银行关于银行业金融机构人民币跨境同业融资业务有关事宜的通知（银发〔2026〕51号）,中国人民银行,EXCLUDE,中,,,保险公司|分支机构,信托公司|商业银行|基金管理公司|证券公司|银行业金融机构,[title]…中国人民银行关于银行业金融机构人民币跨境同业融资业务有关事宜的通知（银发〔2026〕51号） 中国人民银行上海总部，各省、自治区、直辖市及计…,5493,True,False,
pbc,f2c215048c20d90b9e4e64ee27c761145d389763fbae0176e9a0c91b72f82bc8,银发〔2026〕42号,中国人民银行 国家发展改革委 工业和信息化部 公安部 市场监管总局 金融监管总局 中国证监会 国家外汇局关于进一步防范和处置虚拟货币等相关风险的通知（银发〔2026〕42号）,中国人民银行,EXCLUDE,中,,,分支机构,商业银行,[meta]…现实世界资产代币化相关风险，切实维护国家安全和社会稳定，依据《中华人民共和国中国人民银行法》、《中华人民共和国商业银行法》、《中华人民共和国证券法》、《中华人民共和国证券投资基金法》、《中华人民共和国期货和衍生品 中国人民银行…,8956,True,False,
pbc,e0735df4350560b47b76b6b178fdeedab344088c5b2387301d6471ce509669d9,,中国人民银行公告〔2026〕第1号,中国人民银行,EXCLUDE,—,,,,,,290,True,False,
pbc,796454fd3b650119f8cfb37cf8a0d0ea59af75a680b39e3aabf67205b27c9dcb,银发〔2025〕250号,中国人民银行关于印发《非银行支付机构分类评级管理办法》的通知（银发〔2025〕250号）,中国人民银行,BOUNDARY,低,,,分支机构,,[body]…026年2月1日起，支付机构分类评级工作按照修订后的《非银行支付机构分类评级管理办法》执行。 二、中国人民银行分支机构应当结合分类评级情况，综合评价支付机构公司治理、业务规范、备付金管理、用户权益保护、系统安全、反洗钱措施、经营…,10541,True,False,
pbc,d02dad4fc332808adcfc178d0ba0574d02e90d77ba88e7ba8aa6eb8910f116a8,中华人民共和国国务院令第642号,中国人民银行 国家外汇管理局关于境内企业境外上市资金管理有关问题的通知（银发〔2025〕252号）,中国人民银行,EXCLUDE,中,,,分支机构,商业银行|证券公司|银行业,[meta]…、直辖市及计划单列市分行；国家外汇管理局各省、自治区、直辖市及计划单列市分局；国家开发银行，各政策性银行、国有商业银行，中国邮政储蓄银行，各股份制商业银行： 为深化资本项目管理改革，提升境内企业跨境融资便利化水平，扎实推进金融服…,8974,True,False,
pbc,7e7596a57281777480aef05f95b06450be23e87dca7c83fb7fdb9e454b7ffe0c,银发〔2025〕251号,中国人民银行 国家外汇管理局关于跨国公司本外币一体化资金池业务有关事宜的通知（银发〔2025〕251号）,中国人民银行,EXCLUDE,中,,,分支机构,商业银行|金融资产|银行业,[meta]…、直辖市及计划单列市分行，国家外汇管理局各省、自治区、直辖市及计划单列市分局，国家开发银行，各政策性银行、国有商业银行，中国邮政储蓄银行，各股份制商业银行： 为进一步便利跨国公司集团资金归集使用，深化高水平金融开放，支持实体经济…,15985,True,False,
pbc,72c4106d7dae3878487cf7056756960c3a1005074b88c5aed01f9d2ce027724d,银发〔2025〕248号,中国人民银行关于印发《人民币跨境支付系统业务规则》的通知（ 银发〔2025〕248号）,中国人民银行,EXCLUDE,中,,,,商业银行,[meta]…） 中国人民银行上海总部，各省、自治区、直辖市及计划单列市分行；国家开发银行、进出口银行、农业发展银行，各国有商业银行，中国邮政储蓄银行，各股份制商业银行；外汇交易中心、清算总中心、数字货币研究所、中国银联、上海黄金交易所、上海…,7271,True,False,
pbc,b769ec6f9d78f7f2cf7da38ebe18f642ebbd129f7afd6f63be1b73df519bf14c,,中国人民银行 国家发展改革委 金融监管总局公告〔2025〕第29号,中国人民银行,EXCLUDE,中,,,分支机构,商业银行|银行业金融机构,[body]…现金）行为，构建多元支付方式共同发展下的现金便利流通环境，根据《中华人民共和国中国人民银行法》《中华人民共和国商业银行法》《中华人民共和国人民币管理条例》等法律法规，制定本规定。 第二条 行政机关、事业单位、公共服务收费单位（以…,4430,True,False,
pbc,9e9d116292b29924f5fd9df3683692f5cb6145d8fab95985cbd596a200b2f961,,中国人民银行 财政部 商务部 海关总署 税务总局 金融监管总局 公告〔2025〕第30号,中国人民银行,EXCLUDE,—,,,,,,993,True,False,
pbc,e4ca002d87987ca78e9957e5e20e86ffcbb41f9b50a3cfd3645190700f84e163,,中国人民银行 财政部公告〔2025〕第28号,中国人民银行,EXCLUDE,—,,,,,,358,True,False,
pbc,211d317c26174ed037d6e2f77a9e63411b5ff56e05fcc9bd7bd0402131b971d3,,中国人民银行公告〔2025〕第26号,中国人民银行,EXCLUDE,—,,,,,,6523,True,False,
pbc,2eb5002cfef2cb32db9345c51b0e0ee37d1f8b58fed9ae5feabd59d967175d76,银发〔2025〕205号,中国人民银行关于落实《金融机构反洗钱和反恐怖融资监督管理办法》有关事项的通知（银发〔2025〕205号）,中国人民银行,BOUNDARY,低,,,分支机构,,[body]…2025〕第10号修订，以下简称《办法》），现将有关事项通知如下： 一、反洗钱监管分工 （一）中国人民银行及其分支机构负责对《办法》规定的履行金融机构反洗钱义务的机构（以下统称金融机构）进行反洗钱监管。 （二）部分全国性法人金融…,4665,True,False,
pbc,49916d15cb565193771d34f0dafbcb58fd5bf096944ef76ee9404fa872bec737,,中国人民银行 中国证监会 国家外汇局公告〔2025〕第21号,中国人民银行,EXCLUDE,中,,,保险公司,信托公司|商业银行|基金管理公司|证券公司,[meta]…外机构投资者，具体包括：境外中央银行或货币当局、国际金融组织、主权财富基金；在中华人民共和国境外依法注册成立的商业银行、保险公司、证券公司、基金管理公司、期货公司、信托公司及其他资产管理机构等各类金融机构， 中国人民银行…,2664,True,False,
pbc,79c8632410f22c22458f520c5d9e300e82fa008ef7c014a9e401c754b98af0ef,银发〔2025〕124号,中国人民银行关于印发《贵金属和宝石从业机构反洗钱和反恐怖融资管理办法》的通知（银发〔2025〕124号）,中国人民银行,BOUNDARY,低,,,分支机构,,[body]…反洗钱义务。 中国人民银行根据从业机构洗钱风险的变化，可以调整本条第二款规定的金额。 第三条 中国人民银行及其分支机构依法对从业机构实施反洗钱监督管理和反洗钱调查，指导贵金属和宝石行业反洗钱自律管理。 第四条 实施反洗钱监督管理…,14471,True,False,
pbc,ea845852f293ddd0aa875bd811d527124b8072bf849ea1992c5d15f5173a6cf2,,中国人民银行 金融监管总局 中国证监会 农业农村部公告〔2025〕第14号,中国人民银行,EXCLUDE,—,,,,,,748,True,False,
pbc,e8894b892465585d214a38f941f62be86ab3accdc2c0c66af1cdd087a3d11ca9,,中国人民银行 财政部公告〔2025〕第13号,中国人民银行,EXCLUDE,—,,,,,,316,True,False,
pbc,df457c0b18347b90ed24044e7f2de429d68a6bd5cd0d39e45bd2f2c86cef6a7f,,中国人民银行公告〔2025〕第10号,,EXCLUDE,—,,,,,,25,False,False,
pbc,d5a6c529d002600389b5367e676fd79baa76318f6d01996fb11da04e43d482ae,,中国人民银行公告〔2025〕第6号,,EXCLUDE,—,,,,,,24,False,False,
pbc,f86103d37377e3239ba87ac80a02ac76f5e40e2c3af8fce65feac4b9588b67aa,,中国人民银行 国家金融监管总局 公安部 国家市场监督管理总局公告〔2025〕第11号,中国人民银行,EXCLUDE,中,,,,商业银行|银行业,[meta]…中国人民银行 国家金融监管总局 公安部 国家市场监督管理总局公告〔2025〕第11号 《中国人民银行 中国银行业监督管理委员会 公安部 国家工商总局关于加强银行卡安全管理 预防和打击银行卡犯罪的通知》（银发〔2009〕14…,892,True,False,
pbc,717b72f01fdfd0d978905d438263fac023c8bf2b14345e9cd1f5b5711a3fd090,银发〔2025〕77号,中国人民银行 金融监管总局 最高人民法院 国家发展改革委 商务部 市场监管总局关于规范供应链金融业务 引导供应链信息服务机构更好服务中小企业融资有关事宜的通知（银发〔2025〕77号）,,EXCLUDE,—,,,,,,99,False,False,
pbc,3ac269a347df1a2072d83e30dbcd2e42f1e5e45173ae63fc7aac8545f27a83aa,银发〔2017〕261号,中国人民银行 民政部关于印发《社会组织反恐怖融资管理办法》的通知（银发〔2025〕57号）,中国人民银行,BOUNDARY,低,,,分支机构,,[body]…内部治理对恐怖融资风险的缓释作用，避免相关措施影响社会组织合法活动。 第五条 民政部门应当会同中国人民银行及其分支机构、社会组织业务主管单位开展反恐怖融资宣传培训，引导社会组织提高反恐怖融资意识。 中国人民银行及其分支机构应当推…,4542,True,False,
pbc,40556f2a7af71ec7fde37b2e2fcd793aefdba79a1b294d6f20383db16473c99e,,中国人民银行 公安部公告〔2025〕第4号,中国人民银行,EXCLUDE,—,,,,,,281,True,False,
pbc,37fb101d1b7e74299067daaa01d85970455274e50f00ed89cddd901db332a908,,中国人民银行公告〔2025〕第3号,中国人民银行,EXCLUDE,—,,,,,,465,True,False,
pbc,6d2248d419f4dc3f02be4d2fb7fd1aaa95fa3b735d8e714fc08769bc3b36d32f,银发〔2010〕365号,中国人民银行 国家金融监督管理总局公告〔2025〕第1号,中国人民银行,EXCLUDE,中,,,,银行业,[meta]…融监督管理总局公告〔2025〕第1号 为进一步规范金融信用信息基础数据库机构接入管理工作，《中国人民银行 中国银行业监督管理委员会关于印发〈融资性担保公司接入征信系统管理暂行规定〉的通知》（银发〔2010〕365 号）自本公告…,614,True,False,
pbc,4dc214f53667febbe4611154cde23faca64ea12254753fb0b79149cee1b369f5,银发〔2018〕102号,中国人民银行公告〔2024〕第21号（修改《中国人民银行关于进一步加强征信信息安全管理的通知》）,中国人民银行,BOUNDARY,低,,,分支机构,,[body]…安全年度考核评级管理办法》。  三、 将第七条修改为： “六、 建立征信信息安全监管走访机制 中国人民银行及其分支机构围绕上述政策措施的贯彻落实情况， 针对接入机构逐级建立征信信息安全监管走访机制。 ” 同时， 删除附件 4《征…,1941,True,False,
pbc,bd2d833d876f213b5e1d9a66bca6c2057cc80bbe48a7d2e7276ab8ae6b8c6265,公告〔2015〕第36号,中国人民银行 国家外汇管理局公告〔2024〕第19号,中国人民银行,EXCLUDE,—,,,,,,890,True,False,
pbc,3a5af2b73a44f5b610518349951acb64dd2460e03f22e797232a7337723ee967,中国人民银行令〔2001〕第1号,中国人民银行关于规范商业银行、信用社代理国库相关业务使用会计科目的通知（银发〔2024〕196号）,中国人民银行,EXCLUDE,中,,,分支机构,商业银行,[title]…中国人民银行关于规范商业银行、信用社代理国库相关业务使用会计科目的通知（银发〔2024〕196号） 中国人民银行上海总部，各省、自治区、直…,5882,True,False,
pbc,a23f7a8d02ff392436922822740096d6fd74a723f7c7627564d8fe88921bf21a,银发〔2017〕126号,中国人民银行 国家外汇管理局公告〔2024〕第7号,中国人民银行,BOUNDARY,低,,,分支机构,金融资产,[body]…1家托管人的，默认该托管人为主报告人），负责为其办理业务登记等事项。 第四条 中国人民银行、国家外汇管理局及其分支机构依法对合格投资者的资金账户、资金收付及汇兑等实施监督、管理和检查。 第二章 登记管理 第五条 国家外汇管理局对…,9478,True,False,
pbc,5503f63f7e7e5f8bc789a4b49aeba79bbbf93f09b41d8ba9f189168c7e0f4ca6,,中国人民银行 国家金融监督管理总局公告〔2024〕第5号,中国人民银行,EXCLUDE,中,,,,商业银行|银行业,[meta]…中国人民银行 国家金融监督管理总局公告〔2024〕第5号 《中国人民银行 中国银行业监督管理委员会关于防范信用卡风险有关问题的通知》（银发〔2006〕84号）自本公告发布之日起废止。 信用卡有关…,665,True,False,
pbc,c5305a27f2a67ad1f0549b74a5fa58f51d29308653318beb63de790abd6058bd,银发〔2024〕37号,中国人民银行关于印发《征信投诉办理规程》的通知（银发〔2024〕37号）,中国人民银行,EXCLUDE,中,,,分支机构,商业银行,[meta]…024〕37号） 中国人民银行上海总部，各省、自治区、直辖市及计划单列市分行；国家开发银行，各政策性银行、国有商业银行，中国邮政储蓄银行，各股份制商业银行；征信中心，百行征信有限公司，朴道征信有限公司： 为进一步规范征信投诉办理…,6827,True,False,
pbc,7f5a6264b1e9f4bb5699d66788b6c80990ca4766d9a6159dccc73d708d285a16,,中国人民银行 国家金融监督管理总局公告〔2024〕第1号,中国人民银行,EXCLUDE,中,,,,银行业,[meta]…中国人民银行 国家金融监督管理总局公告〔2024〕第1号 《中国人民银行 中国银行业监督管理委员会关于进一步加强人民币收付业务管理的通知》（银发〔2009〕18号）自本公告发布之日起废止。 人民…,685,True,False,
pbc,bb8f73f7ddd2bff9395ace6b87253a29c45b19e48041f7aa639e2cdaf17f9f16,中国人民银行令〔2000〕第2号,中国人民银行关于银行间债券市场柜台业务有关事项的通知（银发〔2024〕45号）,中国人民银行,EXCLUDE,中,,,,金融资产,[body]…融机构提供柜台债券业务服务的， 应当在银行间债券市场债券投资、 交易量均居前列， 且具备健全的内控机制和良好的金融资产登记托管、 结算、 资金清算能力。  第八条 柜台业务开办机构应当制定柜台业务规则， 建立合理的投资者适当性管…,3710,True,False,
pbc,6031062c83f88dfbd9f0f9cfe7ccf9a28af1d2a0b0ef179e926e6ef1a5df1bb3,银发〔2005〕387号,中国人民银行 财政部 国家税务总局关于跨境税费缴库退库业务管理有关事项的通知（银发〔2024〕4号）,中国人民银行,EXCLUDE,中,,,分支机构,商业银行|银行业金融机构,[meta]…市、计划单列市财政厅（局），新疆生产建设兵团财政局；国家税务总局各省、自治区、直辖市、计划单列市税务局；各国有商业银行，中国邮政储蓄银行，各股份制商业银行： 为深入贯彻落实党中央、国务院关于优化营商环境的决策部署，提高跨境税费缴…,6075,True,False,
pbc,2c47273ee0f94a2a89319aa978df7a84ee8f18d7782616631f4a840131533cdc,国办发〔2016〕39号,中国人民银行 国家金融监督管理总局关于金融支持住房租赁市场发展的意见（银发〔2024〕2号）,中国人民银行,EXCLUDE,中,,,保险资金,商业银行,[meta]…上海总部，各省、自治区、直辖市及计划单列市分行；国家金融监督管理总局各监管局；国家开发银行，各政策性银行、国有商业银行，中国邮政储蓄银行，各股份制商业银行： 为深入贯彻落实党中央、国务院决策部署，支持加快建立多主体供给、多渠道保…,7575,True,False,
pbc,7f2d36a7c27a98465267a2a0403d9114fcfffe5a4b5d819480f9686557411d3c,海关总署令〔2015〕第1号,中国人民银行 海关总署公告〔2023〕第22号,中国人民银行,EXCLUDE,—,,,,,,496,True,False,
pbc,d244ca25b57704aadbf5bdd175f90fe9be8701cf48869e24edcbd6062e739a7e,,中国人民银行公告〔2023〕第19号,中国人民银行,EXCLUDE,—,,,,,,5977,True,False,
pbc,deaa6fcabcd9ae14ccf3f60be785bbeca976cf75c1205358cb72d5597c208646,银发〔2017〕126号,中国人民银行 国家外汇管理局关于提升银行办理资本项目业务数字化服务水平的通知（银发〔2023〕231号）,中国人民银行,EXCLUDE,中,,,分支机构,商业银行|银行业金融机构,[meta]…、直辖市及计划单列市分行；国家外汇管理局各省、自治区、直辖市及计划单列市分局；国家开发银行，各政策性银行、国有商业银行，中国邮政储蓄银行，各股份制商业银行： 为进一步便利经营主体合规高效办理资本项目业务，提升银行数字化服务水平，…,4335,True,False,
pbc,bd0b1775edd947e035e98a291a5210d5174e525b82454f289c4761ecee1b3a9c,银发〔2018〕301号,中国人民银行 国家金融监督管理总局关于印发《系统重要性保险公司评估办法》的通知（银发〔2023〕208号）,中国人民银行,INCLUDE,中,人身保险公司,,,再保险公司|财产保险公司|金融资产,[body]…监管，以降低其发生重大风险的可能性，防范系统性金融风险。 （二）适用范围。本办法适用于依法设立的保险集团公司、人身保险公司、财产保险公司和再保险公司。2家或2家以上保险公司组成保险集团公司的，以保险集团公司作为参评主体。 评估使用的…,5960,True,True,RFN-0660a162ce940799;RFN-0660a162ce940799
pbc,d6387c74ab0d0501dbf7068b97aef5550a35beb3114057c0173da9abfb4369d8,银发〔2023〕127号,中国人民银行关于印发《中央银行存款账户管理办法》的通知(银发〔2023〕127号),中国人民银行,EXCLUDE,中,,,分支机构,商业银行,[meta]…银行上海总部，各分行、营业管理部，各省会（首府）城市中心支行，深圳市中心支行；国家开发银行，各政策性银行、国有商业银行，中国邮政储蓄银行，各股份制商业银行；外汇交易中心、清算总中心、数字货币研究所、中国银联、上海黄金交易所、上海…,1061,True,False,
pbc,1e99c6b516c244021d3602f82a8ce3fdf3b6ecabff7ca80aaae80cce806de883,,中国人民银行 最高人民法院 最高人民检察院 中华人民共和国公安部 中国银行保险监督管理委员会公告〔2023〕第7号,中国人民银行,EXCLUDE,—,,,,,,472,True,False,
pbc,d3b83a121921ade2a1521887343f5486da4a6688fd6411b995230a7620724340,,中国人民银行公告〔2023〕第8号,中国人民银行,EXCLUDE,—,,,,,,6774,True,False,
pbc,406e52e2a062fc42f74cce45673a5d8f97cd75ef0c60aecb700502781eb75f76,,中国人民银行 财政部 中国银行保险监督管理委员会 国家乡村振兴局公告 〔2023〕第6号,中国人民银行,EXCLUDE,—,,,,,,413,True,False,
pbc,528666265d8ef59d2e23555640fe6c9c57d76c6851cde9d64525f302babcb932,,中国人民银行 中国银行保险监督管理委员会公告〔2023〕第5号,中国人民银行,EXCLUDE,—,,,,,,363,True,False,
pbc,d76ee6578b1eec99f5438a9becd5c7e6519e3513192d3cfa444785264e286a7e,,中国人民银行公告〔2023〕第4号,中国人民银行,EXCLUDE,中,,,,金融资产,[meta]…设，推进完善央行金融法治体系，中国人民银行对2021年12月31日之前的规范性文件进行了清理。现决定废止《关于金融资产管理公司外汇业务经营范围的通知》（银发〔2000〕160号）等36件规范性文件（目录见附件）。本公告自公布之日…,536,True,False,
pbc,14f68dd1d4c0551a08570bb658149a7d951d511cd9c02c3f6c1e368565c81d82,银发〔2017〕126号,中国人民银行 国家外汇管理局关于境外机构境内发行债券资金管理有关事宜的通知(银发〔2022〕272号),中国证券监督管理委员会,BOUNDARY,低,,,分支机构,金融资产|银行业|银行业金融机构,[body]…案等，在境内银行间债券市场、交易所债券市场等公开或非公开发行债券的行为。 二、中国人民银行、国家外汇管理局及其分支机构依法对境外机构境内发行债券涉及的账户、资金收付及汇兑等实施监督管理。 三、国家外汇管理局对境外机构境内发行债券…,4551,True,False,
pbc,f1e69227b21945e91278d8a74e4472b1712c25d4c241499c046af83eb3de07a2,银发〔2017〕126号,中国人民银行 国家外汇管理局关于印发《境外机构投资者投资中国债券市场资金管理规定》的通知(银发〔2022〕258号）,中国人民银行,EXCLUDE,中,,,分支机构,商业银行|金融资产,[body]…22号文印发）、《通过银行进行国际收支统计申报业务指引（2019版）》（汇发〔2019〕25号文印发）、《对外金融资产负债及交易统计制度》（汇发〔2021〕36号文印发）、《国家外汇管理局关于发布〈金融机构外汇业务数据采集规范（…,8297,True,False,
pbc,596a4a1eb24dc754d694d7de57bafb8c4a61c8990ff2ac1fe2d790b2016aa5d4,中国人民银行令〔2005〕第1号,中国人民银行 中国银行保险监督管理委员会关于保险公司发行无固定期限资本债券有关事项的通知（银发〔2022〕175号）,中国人民银行,BOUNDARY,低,,,保险公司|偿付能力,,[title]…中国人民银行 中国银行保险监督管理委员会关于保险公司发行无固定期限资本债券有关事项的通知（银发〔2022〕175号） 各保险公司： 为完善保险公司资本补充机制，提…,3279,True,True,RFN-e346b01e2d21392b;RFN-e346b01e2d21392b
pbc,4bb88c14bcb96f91f669f2f98722271e4809bf8066067bd25e36b754d2b50a94,银发〔2018〕106号,中国人民银行办公厅关于印发《黄金租借业务管理暂行办法》的通知（银办发〔2022〕88号）,中国人民银行,EXCLUDE,中,,,分支机构,商业银行|银行业|银行业金融机构,[meta]…海总部，各分行、营业管理部，各省会（首府）城市中心支行，各副省级城市中心支行；国家开发银行，各政策性银行、国有商业银行，中国邮政储蓄银行，各股份制商业银行；上海黄金交易所： 为加强黄金市场管理，促进黄金租借业务规范发展，更好地服…,3783,True,True,RFN-48fe1fe6cd6233c3
pbc,72ee4d684cee39d66cf55aafdf9b58008efa46b815e426172fcb878ec794fd20,国办发〔2021〕24号,中国人民银行关于支持外贸新业态跨境人民币结算的通知（银发〔2022〕139号）,中国人民银行,EXCLUDE,中,,,分支机构,商业银行,[meta]…海总部，各分行、营业管理部，各省会（首府）城市中心支行，各副省级城市中心支行；国家开发银行，各政策性银行、国有商业银行，中国邮政储蓄银行，各股份制商业银行；中国银联、跨境清算公司、网联清算有限公司： 为贯彻落实《国务院办公厅关于…,4671,True,False,
pbc,90ac567f44e8c0bbfd3e7339c9cc34eed6a6eafc2a1da257f6cd7f11b31185a7,,银行间债券市场债券借贷业务管理办法(中国人民银行公告〔2022〕第1号）,中国人民银行,EXCLUDE,—,,,,,,4389,True,False,
pbc,1142357b0d788e64b124eee4cac3eb8e7f0b664e0f345ff538c25f7774e5fe66,银发〔2022〕27号,中国人民银行 国家外汇管理局关于银行业金融机构境外贷款业务有关事宜的通知（银发〔2022〕27号）,中国人民银行,BOUNDARY,低,,,分支机构,银行业|银行业金融机构,[body]…务的，应充分了解国际化经营规则和风险管理，建立完善的业务操作规程和内控制度，报中国人民银行、国家外汇管理局或其分支机构备案后实施。提交的备案材料包括但不限于贷款流程管理、专业人员配备、风险控制制度等；与境外银行合作开展境外贷款业…,5148,True,False,
pbc,cd634a12bce7c09d650da1dddb2fa77697a6c7b4ae57dd5d7a6db589ea7e29f8,银发〔2017〕126号,中国人民银行 国家外汇管理局关于支持新型离岸国际贸易发展有关问题的通知（银发〔2021〕329号）,中国人民银行,EXCLUDE,中,,,分支机构,商业银行,[meta]…理局各省、自治区、直辖市分局、外汇管理部，深圳、大连、青岛、厦门、宁波市分局;国家开发银行，各政策性银行、国有商业银行，中国邮政储蓄银行，各股份制商业银行： 为进一步提升贸易自由化便利化水平，促进外贸新业态新模式健康持续创新发展…,3826,True,False,
pbc,06f84d9264dbd5f7e1be3b252516d41b314f1ff0babf738bc3a56e459190e701,银发〔2021〕259号,中国人民银行关于加强支付受理终端及相关业务管理的通知（银发〔2021〕259号）,,EXCLUDE,—,,,,,,47,False,False,
pbc,9e9bbc4ad8bbc0df477dd0ad79f975fb147e75d88d7ace86dbedc1b93274cc6d,银发〔2021〕237号,中国人民银行 中央网信办 最高人民法院 最高人民检察院 工业和信息化部 公安部 市场监管总局 银保监会 证监会 外汇局 关于进一步防范和处置虚拟货币交易炒作风险的通知（银发〔2021〕237号）,,EXCLUDE,—,,,,,,104,False,False,
pbc,778f59573ff7679721fd311fb1865bfc2f32c2b0e6f29d6af3d3fd44c72040f6,,中国人民银行 国家发展改革委 财政部 银保监会 证监会关于促进债券市场信用评级行业健康发展的通知,,EXCLUDE,—,,,,,,55,False,False,
pbc,df6b5ff95744d4b089b89cf05ed0a236936b67da0e63b6b52202467aee03113a,,证券公司短期融资券管理办法（中国人民银行公告[2021]第10号）,,EXCLUDE,中,,,,证券公司,[title]…证券公司短期融资券管理办法（中国人民银行公告[2021]第10号）…,40,False,False,
pbc,9b7cf549a76260d2126b7fe6c0ceabcac0d2297536bb952d756a95f65d511340,银发〔2021〕198号,中国人民银行关于印发《非银行支付机构重大事项报告管理办法》的通知（银发〔2021〕198号）,,EXCLUDE,—,,,,,,53,False,False,
pbc,6c2b26bd2578981201772298bdc4edc4551252eb07498fa8c73341fcabbc6c68,银发〔2021〕96号,中国人民银行 发展改革委 证监会关于印发《绿色债券支持项目目录（2021年版）》的通知（银发〔2021〕96号）,,EXCLUDE,—,,,,,,138,False,False,
pbc,7013b1e97f30b70671e1ed88c2f7f8d8a1c24eb423c042128ff1448978ab457d,,中国人民银行公告〔2021〕第4号（修订银行间债券市场债券交易流通有关公告）,,EXCLUDE,—,,,,,,45,False,False,
pbc,6e88f5118407fd7fb5fc012a5105c70e3c1a09512969e76a8f4c7f631c88be16,银发〔2021〕20号,中国人民银行 财政部关于印发 《储蓄国债（凭证式）管理办法》的通知（银发〔2021〕20号）,,EXCLUDE,—,,,,,,53,False,False,
pbc,778a43f31bc467f5259958b99f4c3ee5d0f2de096f013e214fdd63a6b58ff3f6,银发〔2020〕330号,中国人民银行 国家发展和改革委员会 商务部 国务院国有资产监督管理委员会 中国银行保险监督管理委员会 国家外汇管理局关于进一步优化跨境人民币政策 支持稳外贸稳外资的通知,中国人民银行,BOUNDARY,低,,,分支机构,银行业,[body]…案，明确优质企业的认定标准和动态调整机制等风险防控措施，并将具体实施方案向所在地人民银行副省级城市中心支行以上分支机构报备后实施。 （二）支持贸易新业态跨境人民币结算。境内银行在满足交易信息采集、真实性审核的条件下，可按相关规定…,7783,True,False,
pbc,75f41c7e24070ebdd1ba56afe13f103c27e171693c918ad121ce7990c3e3710a,银发〔2020〕322号,中国人民银行 中国银行保险监督管理委员会关于建立银行业金融机构房地产贷款集中度管理制度的通知（银发〔2020〕322号）,,EXCLUDE,中,,,,银行业金融机构,[title]…中国人民银行 中国银行保险监督管理委员会关于建立银行业金融机构房地产贷款集中度管理制度的通知（银发〔2020〕322号）…,67,False,False,
pbc,fae7735d32f78f3892455341fec5902279dd8914f1f3ee7650a537800ab005a4,,中国人民银行 中华人民共和国国家发展和改革委员会 中国证券监督管理委员会公告〔2020〕第22号（公司信用类债券信息披露管理办法）,,EXCLUDE,—,,,,,,72,False,False,
pbc,a324918ef13a69c34f310535fbb9e262e9e04d46de9011c5d559615aa324eeee,,中国人民银行公告〔2020〕第21号（完善银行间债券市场现券做市商管理有关事宜）,,EXCLUDE,—,,,,,,47,False,False,
pbc,007466cc1223965e7c329d6880626305214021e402d0b05aea5b87939b0de681,,中国人民银行公告〔2020〕第19号（规范商业承兑汇票信息披露）,,EXCLUDE,—,,,,,,39,False,False,
pbc,6032dd19d61f3429304abadfea3e56e078fb8a19b8f27b0d09b5c15db626d640,银发〔2020〕289号,中国人民银行 中国银行保险监督管理委员会关于印发《系统重要性银行评估办法》的通知（银发〔2020〕289号）,,EXCLUDE,—,,,,,,61,False,False,
pbc,ad7a168691c59296aa071873d4bc297fd1746186bfa64ec3c7e227872d4f6d2e,银发〔2020〕281号,中国人民银行关于印发假币收缴、鉴定业务专用凭证印章等样式有关事项的通知（银发〔2020〕281号）,中国人民银行,EXCLUDE,中,,,分支机构,商业银行|银行业金融机构,[meta]…20〕281号） 中国人民银行上海总部，各分行、营业管理部，各省会（首府）城市中心支行，深圳市中心支行；各国有商业银行、股份制商业银行，中国邮政储蓄银行： 为落实《中国人民银行货币鉴别及假币收缴、鉴定管理办法》（中国人民银行令〔…,5576,True,False,
pbc,f99f0cf1572283e9a10c7a2c2acccc78fd33699bfaa842f77abf95c95608022c,,中国人民银行公告（修改“证照分离”改革涉及的规范性文件）（中国人民银行公告〔2020〕第15号）,,EXCLUDE,—,,,,,,55,False,False,
pbc,f52157c9d7d1aae8acd7eb75c61c805a77ebf3158d66045ed01a684ef5a79f26,银发〔2020〕248号,中国人民银行关于规范代收业务的通知（银发〔2020〕248号）,,EXCLUDE,—,,,,,,83,False,False,
pbc,c44f1d23b93d7244120f70c3a4c59adfcd8daa7a9ac4cd78df47c0489369e371,银发〔2018〕106号,中国人民银行 中国银行保险监督管理委员会 中国证券监督管理委员会 国家外汇管理局公告〔2020〕第5号（标准化债权类资产认定规则）,中国人民银行,EXCLUDE,中,,,,金融资产|银行业,[body]…所列条件的债权类资产，为非标准化债权类资产，但存款（包括大额存单）以及债券逆回购、同业拆借等形成的资产除外。 银行业理财登记托管中心有限公司的理财直接融资工具，银行业信贷资产登记流转中心有限公司的信贷资产流转和收益权转让相关产…,3870,True,True,RFN-48fe1fe6cd6233c3
pbc,2c06ed1bcd514f683f6b8b894a571119aaef09351bcce7fb27ce2d2f761398c1,,中国人民银行 发展改革委 证监会关于公司信用类债券违约处置有关事宜的通知,中国人民银行,EXCLUDE,—,,,,,,169,False,False,
pbc,a861fc3e388df0881cf81130658c6d1a3c8ea5e231eceb2a1556ad508e2c87d9,,中国人民银行公告〔2020〕6号（标准化票据管理办法）,,EXCLUDE,—,,,,,,34,False,False,
pbc,3935bdcb483ba08a0fe56fc753f6d49df7f4e8507873727025736a586a6c1459,银发〔2005〕16号,中国人民银行公告（修订《非金融机构支付服务管理办法实施细则》等5件规范性文件）(公告〔2020〕3号),中国人民银行,EXCLUDE,—,,,,,,2080,True,False,
pbc,67bbaaef056f16d21793fba765ad42f5ac1baca781b2ff68dce50045ec42ac6d,公告〔2019〕24号,中国人民银行公告（关于开展到期违约债券转让业务有关事宜）（公告〔2019〕24号）,中国人民银行,EXCLUDE,—,,,,,,190,False,False,
pbc,01eb2a8c36fc1ce4fb18fb134e794f4386608919c139974e8f62b8ad596dbe00,银发〔2019〕319号,中国人民银行关于切实做好新形势下反假货币培训工作的通知（银发〔2019〕319号）,中国人民银行,EXCLUDE,—,,,,,,298,True,False,
pbc,4a0189f5fd39165a316f581cd97a0441e20967b5c176e90c7f6787b11ddc4ebb,银发〔2019〕316号,中国人民银行 中国银行保险监督管理委员会 中国证券监督管理委员会 国家外汇管理局关于进一步规范金融营销宣传行为的通知（银发〔2019〕316号）,中国人民银行,EXCLUDE,—,,,,,,314,True,True,RFN-c845291d924f0b48;RFN-c845291d924f0b48
pbc,7526bae6e760e50b12836a61613f3bfe25eeafffd834ed64ba9dd94e8326e1af,银发〔2019〕240号,中国人民银行 国家外汇管理局关于进一步便利境外机构投资者投资银行间债券市场有关事项的通知（银发〔2019〕240号）,中国人民银行,EXCLUDE,—,,,,,,258,True,False,
pbc,832035483be441ec1afc439f1240881864180f4b864b805090d03fa9504c8490,银发〔2019〕155号,中国人民银行关于优化空头支票违规行为综合治理工作的通知（银发〔2019〕155号）,中国人民银行,EXCLUDE,—,,,,,,190,False,False,
pbc,f35aca209dc76c6838e65ded8ec2f461d24b97ca6bcf74451c4d6a9c31e54177,银办发〔2019〕71号,中国人民银行办公厅 财政部办公厅 税务总局办公厅关于做好个人所得税住房贷款利息专项附加扣除相关信息归集工作的通知（银办发〔2019〕71号）,中国人民银行,EXCLUDE,—,,,,,,306,True,False,
pbc,2931db49b9c830409b10cf5e870911bf4236c6c03747913a85d2a11362e96343,银发〔2019〕85号,中国人民银行关于进一步加强支付结算管理防范电信网络新型违法犯罪有关事项的通知（银发〔2019〕85号）,中国人民银行,EXCLUDE,—,,,,,,230,True,False,
pbc,22d45c8b8a94590e902a792f2b1a4373034c42b37510fac7ddaf0bcc495d6747,银发〔2019〕63号,中国人民银行关于印发证券期货保险机构反洗钱执法检查数据提取接口规范的通知（银发〔2019〕63号）,中国人民银行,BOUNDARY,低,,,保险机构,,[title]…中国人民银行关于印发证券期货保险机构反洗钱执法检查数据提取接口规范的通知（银发〔2019〕63号） 中国人民银行关于印发证券期货保险机构反洗钱执法…,519,True,True,RFN-6327f31d98a27464;RFN-6327f31d98a27464
pbc,4ecc6643a7f0ec13131de5714ff4f0c0839374f6d3ccc8a57740d017b4e02f72,银发〔2019〕41号,中国人民银行关于取消企业银行账户许可的通知（银发〔2019〕41号）,中国人民银行,EXCLUDE,—,,,,,,162,False,False,
pbc,41f4e5b81b96c6d84503c1d7ca0876f2215d44d3e7de4dc626c51057eb333e69,,中国人民银行公告（废止《不宜流通人民币挑剔标准》）（公告[2019]1号）,中国人民银行,EXCLUDE,—,,,,,,174,False,False,
pbc,3e48a6c838d7fffc01a79f9183595af45f6f4408daaf426e923559c5fa8a525b,银发〔2018〕349号,中国人民银行关于印发《非银行支付机构大额交易报告要素及释义》的通知（银发〔2018〕349号）,中国人民银行,EXCLUDE,—,,,,,,292,True,False,
pbc,15010d689bb173d38ab3090f08935e9e23ce9bdc8951e1d95df5ec48a1a6ec52,银办发〔2018〕222号,中国人民银行办公厅关于印发《黄金积存业务管理暂行办法》的通知（银办发〔2018〕222号）,中国人民银行,EXCLUDE,—,,,,,,206,True,False,
pbc,90501de15e9c5a84cede6d2d53575dcf41a7e6b1e4b970b15a32152f6ba5c0cb,银办发〔2018〕221号,中国人民银行办公厅关于印发《金融机构互联网黄金业务管理暂行办法》的通知（银办发〔2018〕221号）,中国人民银行,EXCLUDE,—,,,,,,307,True,False,
pbc,59a42779e544f56fd997c5a122e941ffdc8de3ec66576a56dcaa03dc4288006c,银办发〔2018〕215号,中国人民银行办公厅关于黄金资产管理业务有关事项的通知（银办发〔2018〕215号）,中国人民银行,EXCLUDE,—,,,,,,190,False,False,
pbc,b19ba86174c3dd089609f5b6079d0751e14d11919477ef0d853543bd3a5e2ac2,银发〔2018〕301号,中国人民银行 中国银行保险监督管理委员会 中国证券监督管理委员会关于完善系统重要性金融机构监管的指导意见（银发〔2018〕301号）,中国人民银行,EXCLUDE,—,,,,,,290,True,True,RFN-0660a162ce940799
pbc,2a2f5cce9314096835a0e21d6423f8731a6fc369539a7e2f1a5719458cba97ec,银发〔2018〕243号,中国人民银行 中国银行保险监督管理委员会关于实施银行业金融机构金融消费者投诉统计分类及编码行业标准的通知（银发〔2018〕243号）,中国人民银行,EXCLUDE,中,,,,银行业金融机构,[title]…中国人民银行 中国银行保险监督管理委员会关于实施银行业金融机构金融消费者投诉统计分类及编码行业标准的通知（银发〔2018〕243号） 中国人民银行 中国银行保险监督管理委员…,371,True,False,
pbc,9480a30fa5a17fb77aee0594dc70778f50cd3ad320970a8b6445120a031923f4,公告〔2018〕第18号,中国人民银行公告〔2018〕第18号（银行间债券市场第三方回购交易）,中国人民银行,EXCLUDE,—,,,,,,115,False,False,
pbc,c38770fe5c2ffbade81258acc5910544d18a6d438de30bb12440b1cf65281526,银发〔2018〕230号,中国人民银行 中国银行保险监督管理委员会 中国证券监督管理委员会关于印发《互联网金融从业机构反洗钱和反恐怖融资管理办法（试行）》的通知（银发〔2018〕230号）,中国人民银行,EXCLUDE,—,,,,,,350,True,True,RFN-a69e5b203b206290;RFN-a69e5b203b206290
pbc,2a7f993afac8feebf8521a32119673af9dc5afaa9249a3fd3b4db6080f813ffe,公告〔2018〕第16号,中国人民银行 财政部公告〔2018〕第16号（全国银行间债券市场境外机构债券发行管理暂行办法）,中国人民银行,EXCLUDE,—,,,,,,140,False,False,
pbc,54b1f9727c56ff4b95cf53ecc4badd7a568308073c8b8170e45164baa0444e6c,公告〔2018〕第15号,中国人民银行 财政部 发展改革委 证监会公告〔2018〕第15号（废止《国际开发机构人民币债券发行管理暂行办法》）,中国人民银行,EXCLUDE,—,,,,,,180,False,False,
pbc,af63da1f3dbee599811570348e589fb11786bbc7ff7d2ea6192a93e6cf80885d,公告〔2018〕第14号,中国人民银行 中国证券监督管理委员会公告〔2018〕第14号（信用评级机构债券评级业务）,中国人民银行,EXCLUDE,—,,,,,,161,False,False,
pbc,4c4bee5ec8a853bebb35d2e3d6c6dbd886ddfb49b4d2fd04daad168b324faaff,银办发〔2018〕150号,中国人民银行办公厅关于发布《“债券通”（北向通）结算操作规程》的通知（银办发〔2018〕150 号）,中国人民银行,EXCLUDE,—,,,,,,225,True,False,
pbc,3d35916bf5abc9464a9971ad56a91e6fb9b681940aa7b63c69f678181457265e,银办发〔2018〕130号,中国人民银行办公厅关于进一步加强反洗钱和反恐怖融资工作的通知（银办发〔2018〕130号）,中国人民银行,EXCLUDE,—,,,,,,206,True,True,RFN-0fd9409edddf24bf
pbc,d3a32da8de0114c1df57000c59cd04c3b62cba1b62a29b0c2b0facb5f04e9f4e,银发〔2018〕176号,中国人民银行关于加强跨境金融网络与信息服务管理的通知（银发〔2018〕176号）,中国人民银行,EXCLUDE,—,,,,,,186,False,False,
pbc,607ee3335462981712acac6d4bd4a970b0aaacb0ce91d31fd2c12262e7a6f5d5,银发〔2018〕163号,中国人民银行关于非银行支付机构开展大额交易报告工作有关要求的通知（银发〔2018〕163号）,中国人民银行,EXCLUDE,—,,,,,,210,True,False,
pbc,e1bc93cee753b4822a252ee31513532a347481c443b29730aec6430a6b70dcd6,公告〔2018〕第10号,中国人民银行公告〔2018〕第10号（整治拒收现金）,中国人民银行,EXCLUDE,—,,,,,,107,False,False,
pbc,501a58d566ba7913cabb1ba9f796b1e56303de59f384fc65b0cf8e7a91e5980b,银发〔2018〕180号,中国人民银行关于开展银行业存款类金融机构绿色信贷业绩评价的通知（银发〔2018〕180号）,中国人民银行,EXCLUDE,中,,,,银行业,[title]…中国人民银行关于开展银行业存款类金融机构绿色信贷业绩评价的通知（银发〔2018〕180号） 中国人民银行关于开展银行业存款类金融机构绿色…,302,True,False,
pbc,de50a226e2447324a2a0f5a42cb13eaf333ff3f2e446cdf13cb2e7d27dd2c3d5,银发〔2018〕164号,中国人民银行关于进一步做好受益所有人身份识别工作有关问题的通知（银发〔2018〕164号）,中国人民银行,EXCLUDE,—,,,,,,206,True,True,RFN-cd3c8da678aa0a31;RFN-cd3c8da678aa0a31
pbc,7e8a264d515108bf948b4130c4e142752230b7e252f67b8ca9a7ffbf4ab08c35,银发〔2018〕162号,中国人民银行 中国银行保险监督管理委员会 中国证券监督管理委员会 国家发展改革委 财政部关于进一步深化小微企业金融服务的意见（银发[2018]162 号）,中国人民银行,EXCLUDE,—,,,,,,333,True,False,
pbc,3b7dd2d612c516f10b0872bcbef484e3298ede96380c0b4799851172d29ce278,银发〔2018〕159号,中国人民银行关于完善人民币购售业务管理有关问题的通知（银发〔2018〕159号）,中国人民银行,EXCLUDE,—,,,,,,186,False,False,
pbc,837893e9d8b4a76b8eccaa344a181efb11c4fa7dddb67e2f06166ef0ef1c2347,银发〔2018〕157号,中国人民银行 国家外汇管理局关于人民币合格境外机构投资者境内证券投资管理有关问题的通知（银发〔2018〕157号）,中国人民银行,EXCLUDE,—,,,,,,464,True,False,
pbc,d2a924edd9ee8c1acf52e6240325927d9fa847a293e4014cc553e9a2361d1977,银发〔2018〕152号,中国人民银行关于修订《电子商业汇票系统管理办法》等四项制度的通知（银发〔2018〕152号）,中国人民银行,EXCLUDE,—,,,,,,210,True,False,
pbc,38b78823348cbcdfd7b0e1bba6b9fbe767e683b5bdd8037b6164bf24c4d6fd24,银办发〔2018〕96号,中国人民银行办公厅关于进一步完善跨境资金流动管理 支持金融市场开放有关事宜的通知（银办发〔2018〕96号）,中国人民银行,EXCLUDE,—,,,,,,242,True,False,
pbc,6957f1674df0cf9950309a57b9a800404d4d4a7157f274b933b06dbd0db22d44,银发〔2018〕106号,中国人民银行 中国银行保险监督管理委员会 中国证券监督管理委员会 国家外汇管理局关于规范金融机构资产管理业务的指导意见（银发〔2018〕106号）,中国人民银行,EXCLUDE,—,,,,,,318,True,True,RFN-48fe1fe6cd6233c3;RFN-48fe1fe6cd6233c3
pbc,ac4786eba66764a9e3d627e774f757e3dbbaffc41be2201b5b244ebc4d8f8f51,银发〔2018〕107号,中国人民银行 中国银行保险监督管理委员会 中国证券监督管理委员会关于加强非金融企业投资金融机构监管的指导意见（银发〔2018〕107号）,中国人民银行,EXCLUDE,—,,,,,,298,True,False,
pbc,04003f017a3246adeedc7a4c69da82c25ac399c6d13edd7b465be8daa9f42e7e,银发〔2018〕102号,中国人民银行关于进一步加强征信信息安全管理的通知（银发〔2018〕102号）,中国人民银行,EXCLUDE,—,,,,,,488,True,False,
pbc,33ecf8edb3a74d1112b12cb420a0faaeaf5b2cd76fa180ff60991755ffa1b7f0,银办发〔2018〕81号,中国人民银行办公厅关于进一步明确人民币合格境内机构投资者境外证券投资管理有关事项的通知（银办发〔2018〕81号）,中国人民银行,EXCLUDE,—,,,,,,254,True,False,
pbc,8a2ccd32e411f0b72d0f1590f7257fcf7dfb65dec6f8691ba6de1a076b94ce36,银发〔2018〕72号,中国人民银行关于印发《人民币跨境支付系统业务规则》的通知（银发〔2018〕72号）,中国人民银行,EXCLUDE,—,,,,,,190,False,False,
pbc,72d90edd225e9303f9418536c0a1af791bdbd3c0385fa67fe87f68edfbcdb9c5,公告〔2018〕第3号,中国人民银行公告〔2018〕第3号（银行业金融机构发行资本补充债券）,中国人民银行,EXCLUDE,中,,,,银行业金融机构,[title]…中国人民银行公告〔2018〕第3号（银行业金融机构发行资本补充债券） 中国人民银行公告[2018]第3号.pdf 中国人民银行    中国人民银行公告[2018…,112,False,False,
pbc,bede035d0e764db08bc1e4ddd9bb5a957b300e8861178ab87ad5f9368b301e9e,银发〔2018〕29号,中国人民银行关于加强绿色金融债券存续期监督管理有关事宜的通知（银发〔2018〕29号）,中国人民银行,EXCLUDE,—,,,,,,447,True,False,
pbc,dd435f572ef0b81bbe1e1cff945d167a73cc34edb2cd02aad6a6192eba035a3c,银发〔2018〕16号,中国人民银行关于改进个人银行账户分类管理有关事项的通知（银发〔2018〕16号）,中国人民银行,EXCLUDE,—,,,,,,186,False,False,
pbc,062d9bcb1ab0b1116b303f8516b7a75d4e353c51bc1e57e784517098b01fc448,银发〔2018〕3号,中国人民银行关于进一步完善人民币跨境业务政策 促进贸易投资便利化的通知（银发〔2018〕3号）,中国人民银行,EXCLUDE,—,,,,,,214,True,False,
pbc,45dbaca2c82aefdfeb00565eb81de2a8d94170a04e7c6048b7ea3282c0b19294,银发〔2018〕4号,中国人民银行关于军人保障卡等军人银行账户管理有关事项的通知（银发〔2018〕4号）,中国人民银行,EXCLUDE,—,,,,,,190,False,False,
pbc,de74fb612be91273394b6c8f15953407db87a24955378260edbed45c23fd1c1e,银发〔2017〕301号,中国人民银行关于印发《非银行支付机构反洗钱现场检查数据接口规范（试行）》的通知（银发〔2017〕301号）,中国人民银行,EXCLUDE,—,,,,,,334,True,False,
pbc,334a0c6affd5596f683218cd72544e3b77086009fc20f595528c50135f5884d4,银发〔2017〕300号,中国人民银行关于印发《银行业金融机构反洗钱现场检查数据接口规范（试行）》的通知（银发〔2017〕300号）,中国人民银行,EXCLUDE,中,,,,银行业金融机构,[title]…中国人民银行关于印发《银行业金融机构反洗钱现场检查数据接口规范（试行）》的通知（银发〔2017〕300号） 中国人民银行关于印发《银行业金融机构反…,334,True,False,
pbc,199475a10c18324fa356332f79afdeb20b255be4a093693c3a7176fb42974078,银发〔2017〕296号,中国人民银行关于印发《条码支付业务规范（试行）》的通知（银发〔2017〕296号）,中国人民银行,EXCLUDE,—,,,,,,190,False,False,
pbc,6bc074e7ebdd88072540ccf4e99e0ac9e2ebc93f8330eadfbcefa9317c504a53,银发〔2017〕302号,中国人民银行 银监会 证监会 保监会关于规范债券市场参与者债券交易业务的通知（银发〔2017〕302号）,中国人民银行,EXCLUDE,—,,,,,,234,True,False,
pbc,f31941800641e55b6069aa58969d8f53695b461016fb0758db5add7d978e9b4d,银发〔2017〕279号,中国人民银行关于印发《上海票据交易所业务监督管理规则》的通知（银发〔2017〕279号）,中国人民银行,EXCLUDE,—,,,,,,202,True,False,
pbc,98a0a0cbb9d722bba20ec2e52b228f21f32638750dcf46413cbc11b035fa754f,银办发〔2017〕242号,中国人民银行办公厅关于加强条码支付安全管理的通知（银办发〔2017〕242号）,中国人民银行,EXCLUDE,—,,,,,,328,True,False,
pbc,37aa168b5f3555be852f0144d3d8a9f851113d4ba1dcb086e1e9b50ac0ea8b8d,银发〔2017〕278号,中国人民银行 国家税务总局 国家外汇管理局关于印发《银行业存款类金融机构非居民金融账户涉税信息尽职调查细则》的通知（银发〔2017〕278号）,中国人民银行,EXCLUDE,中,,,,银行业,[title]…中国人民银行 国家税务总局 国家外汇管理局关于印发《银行业存款类金融机构非居民金融账户涉税信息尽职调查细则》的通知（银发〔2017〕278号） 中国人民银行 国家税务总…,310,True,False,
pbc,2f77dd914f111dc190fdfbc65709197b14ebc9d0a903714f90de1200e47b9411,公告〔2017〕第18号,中国人民银行公告〔2017〕第18号（中国人民银行自动质押融资业务管理办法）,中国人民银行,EXCLUDE,—,,,,,,241,True,False,
pbc,17915d227be262b48b347f85f2d45ee907cc2a9add1fd4729727c8f7e31048bb,银发〔2017〕281号,中国人民银行关于规范支付创新业务的通知（银发〔2017〕281号）,中国人民银行,EXCLUDE,—,,,,,,158,False,False,
pbc,65470fdb7227eab3eb46a3f6848742beb451a201d7d2032a604da7713aa3d05a,公告〔2017〕第20号,中国人民银行 中国证券监督管理委员会公告〔2017〕第20号（绿色债券评估认证行为指引（暂行））（中国人民银行 中国证券监督管理委员会公告〔2017〕第20号）,中国人民银行,EXCLUDE,—,,,,,,349,True,False,
pbc,d5c5e23d0ff7540809edc2c6e98c271767447b29f8b5f7c9cdf691b48f2c35cd,银发〔2017〕261号,中国人民银行 民政部关于印发《社会组织反洗钱和反恐怖融资管理办法》的通知（银发〔2017〕261号）,中国人民银行,EXCLUDE,—,,,,,,226,True,False,
pbc,f006c99bb4812cba35dcbd09e177d9f05de8658d917da9562765e8273a425d83,银发〔2017〕247号,中国人民银行关于“装帧流通人民币审批”行政许可事项取消后相关工作的通知（银发〔2017〕247号）,中国人民银行,EXCLUDE,—,,,,,,222,True,False,
pbc,87173913e090ff553026d55488bf383cdd4264283c3a7d43ed0ca8051f9291c2,银发〔2017〕235号,中国人民银行关于加强反洗钱客户身份识别有关工作的通知（银发〔2017〕235号）,中国人民银行,EXCLUDE,—,,,,,,186,False,True,RFN-d638f279529ea78c;RFN-d638f279529ea78c
pbc,d7fdec8401be015f965509f91604e03ade19ac874f08fe1d83d0ad96370b919f,银发〔2017〕218号,中国人民银行关于加强贵金属交易场所反洗钱和反恐怖融资工作的通知（银发〔2017〕218号）,中国人民银行,EXCLUDE,—,,,,,,206,True,False,
pbc,e1474a26adeb2e6014e10d651666e9d603562830e779cb30b7e767cfcda9e5e6,银发〔2017〕208号,中国人民银行 国家认证认可监督管理委员会关于加强支付技术产品标准实施与安全管理的通知（银发〔2017〕208号）,中国人民银行,EXCLUDE,—,,,,,,250,True,False,
pbc,2ca23594913c13f7ebfac07c878f4ffe5f13704164821260b7f17ff0dedbd779,公告〔2017〕第12号,中国人民银行公告〔2017〕第12号（优化同业存单期限结构）,中国人民银行,EXCLUDE,—,,,,,,209,True,False,
pbc,d50cd1442d7f3239e0f33bd436a86a3d8226399732a45fed0de972b218e77d46,银发〔2017〕195号,中国人民银行关于金融机构开展人民币海外基金业务的指导意见（银发〔2017〕195号）,中国人民银行,EXCLUDE,—,,,,,,194,False,False,
pbc,74800d3fbe78017a2a38e33fc58d13e45ed933a1ed748f0a61a641a79e3b38a1,银发〔2017〕187号,中国人民银行关于落实执行联合国安理会相关决议的通知（银发〔2017〕187号）,中国人民银行,EXCLUDE,—,,,,,,182,False,False,
pbc,66339471e3e2ce4239a87dc59ca72584d3d2c29585ea8393cbebb6233a51b03a,银办发〔2017〕170号,中国人民银行办公厅 人力资源社会保障部办公厅关于印发《具有金融功能的第三代社会保障卡技术规范》的通知（银办发〔2017〕170号）,中国人民银行,EXCLUDE,—,,,,,,367,True,False,
pbc,be2106fd01bfef6d5aef521c599d4285c034f32f96de169a5184604fd5a435b3,公告〔2017〕第7号,中国人民银行公告〔2017〕第7号（评级机构在银行间债券市场开展信用评级业务有关事宜),中国人民银行,EXCLUDE,—,,,,,,258,True,False,
pbc,294d4c08bd225c29b6e69aa0d42674647c49c8bc163cbe17ffe32a702481551e,银办发〔2017〕132号,中国人民银行办公厅关于印发《中央银行会计核算数据集中系统综合前置子系统管理办法》的通知（银办发〔2017〕132号）,中国人民银行,EXCLUDE,—,,,,,,258,True,False,
pbc,383b1bcd7617bff0bca49f92a8d28c2329ce15795b365e31fc4d83f12e7bf613,银办发〔2017〕120号,中国人民银行办公厅关于强化银行卡磁条交易安全管理的通知（银办发〔2017〕120号）,中国人民银行,EXCLUDE,—,,,,,,194,False,False,
pbc,0d7114bc31c1787b351ffa87e0844159139b0a54ea97c14d2acf23a0de173115,银办发〔2017〕118号,中国人民银行办公厅关于完善人民币跨境收付信息管理系统银行间业务数据报送流程的通知（银办发〔2017〕118号）,中国人民银行,EXCLUDE,—,,,,,,246,True,False,
pbc,742c69d638d6eba92e2d28a5a28c5f317461cfc6ad53e828e654c91ba3f92ada,银发〔2017〕117号,中国人民银行关于加强开户管理及可疑交易报告后续控制措施的通知（银发〔2017〕117号）,中国人民银行,EXCLUDE,—,,,,,,202,True,False,
pbc,0508e4dd0899c6142e8c0714ea8969be6e41d350fe0096024c95294d3115f3e8,银发〔2017〕126号,中国人民银行关于印发《人民币跨境收付信息管理系统管理办法》的通知（银发〔2017〕126号）,中国人民银行,EXCLUDE,—,,,,,,210,True,False,
pbc,d68461f52350185d0c74b4e4b32bbe72036861bd0cd4ec1d4ba4d5bc3c41d4b5,银办发〔2017〕110号,中国人民银行办公厅关于加强小额支付系统集中代收付业务管理有关事项的通知（银办发〔2017〕110号）,中国人民银行,EXCLUDE,—,,,,,,226,True,False,
pbc,377353ed78cdd8215f552587c67d23dbdcd4676ee68b0d5f14c840076d36c651,公告〔2017〕第5号,中国人民银行 海关总署公告〔2017〕第5号（黄金及黄金制品进出口准许证事宜）,中国人民银行,EXCLUDE,—,,,,,,257,True,False,
pbc,98001cfdd0485d00477d2f29da9264e4b7869aca94ba1438c10d55e0ebec5b9b,银发〔2017〕108号,中国人民银行关于印发《义务机构反洗钱交易监测标准建设工作指引》的通知（银发〔2017〕108号）,中国人民银行,EXCLUDE,—,,,,,,218,True,False,
pbc,62634f699179792e0ff9198cf1afdafd616f162429c99162269258b726b8e043,银发〔2017〕99号,中国人民银行关于《金融机构大额交易和可疑交易报告管理办法》有关执行要求的通知（银发〔2017〕99号）,中国人民银行,EXCLUDE,—,,,,,,230,True,False,
pbc,105a84d21bcacf23510c22e5a52e82b20fc4d16a817317099b1b2d556aaec5f0,银发〔2017〕98号,中国人民银行关于大额交易和可疑交易报告要素及释义的通知（银发〔2017〕98号）,中国人民银行,EXCLUDE,中,,,,银行业,[meta]…素及释义的通知（银发〔2017〕98号）.pdf 附件1.大额交易报告要素及释义（2017）.pdf 附件2.银行业可疑交易报告要素及释义（2017）.pdf 附件3.证券期货业可疑交易报告要素及释义（2017）.pdf 附件…,674,True,False,
pbc,5532e026fb1f5eae61a4d52e9ba6381421a986cf5d44c071674ba1f73740df8d,银办发〔2017〕90号,中国人民银行办公厅关于修订农村支付服务环境建设业务统计指标的通知（银办发〔2017〕90号）,中国人民银行,EXCLUDE,—,,,,,,413,True,False,
pbc,1411d29f2b80714f67b437538c385855ad1bd4757f4b8aa62fafd4a37c3683e1,银发〔2017〕90号,中国人民银行 公安部关于做好境外非政府组织代表机构人民币银行账户管理有关工作的通知（银发〔2017〕90号）,中国人民银行,EXCLUDE,—,,,,,,576,True,False,
pbc,98094cab34b9d79dc19f3dda9eb63df83a3693f9de29bc0230bb1139636505a7,银发〔2017〕41号,中国人民银行 财政部 商务部 银监会 证监会 保监会关于金融支持服务贸易发展的指导意见（银发〔2017〕41号）,中国人民银行,EXCLUDE,—,,,,,,250,True,False,
pbc,35f069f2187d2c82ee195433ddf005030174713f1b9f5e74b8408b46cfb4a1ec,银发〔2017〕45号,中国人民银行关于持续提升收单服务水平 规范和促进收单服务市场发展的指导意见（银发〔2017〕45号）,中国人民银行,EXCLUDE,—,,,,,,226,True,False,
pbc,cef44bf943b78d7b03f06c2e3290f99e3136776c8a69630dc28ba92a5632e042,银办发〔2017〕21号,中国人民银行办公厅关于修订非银行支付机构分类评级相关指标的通知（银办发〔2017〕21号）,中国人民银行,EXCLUDE,—,,,,,,445,True,False,
pbc,ee830fb4f4bb5645246884a035aaaea086a8cd51a572917760671a3c6eab45a3,银发〔2017〕21号,中国人民银行关于强化银行卡受理终端安全管理的通知（银发〔2017〕21号）,中国人民银行,EXCLUDE,—,,,,,,237,True,False,
pbc,1e6ecaef072aa9bf782909fa9bcb3f4d6acc9d71677ccc8e2aa32feeb192980d,银发〔2017〕3号,中国人民银行 工商总局关于个体工商户“两证整合”登记制度改革涉及银行账户管理有关事项的通知(银发〔2017〕3号),中国人民银行,EXCLUDE,—,,,,,,254,True,False,
pbc,c5b70e000ffabd012b2485a5d479444a57968cff12041140a5725b0d9baa20cd,银办发〔2016〕270号,中国人民银行办公厅 保监会办公厅关于投保人与被保险人、受益人关系确认有关事项的通知(银办发〔2016〕270号),中国人民银行,EXCLUDE,—,,,,,,251,True,True,RFN-85c3f92ede073430
pbc,51e396d60c37d6e9df5a731da9835f752865f41cdc14832157c1cea948e8d63c,公告〔2016〕第32号,中国人民银行 海关总署公告〔2016〕第32号（黄金及黄金制品进出口事宜）,中国人民银行,EXCLUDE,—,,,,,,252,True,False,
pbc,47451c079e425ac984eac953c0c2c578a0d79d7f2ccf5852d4ae491a903cde1e,银办发〔2016〕258号,中国人民银行办公厅关于境外机构境内发行人民币债券跨境人民币结算业务有关事宜的通知（银办发〔2016〕258号）,中国人民银行,EXCLUDE,—,,,,,,246,True,False,
pbc,c00312c58667efb513540675717ac8106f7bbc2db6962f4bd1e48c578e229e15,银办发〔2016〕247号,中国人民银行办公厅关于非银行支付机构非现场监管系统上线运行的通知(银办发〔2016〕247号),中国人民银行,EXCLUDE,—,,,,,,214,True,False,
pbc,d277cb2d6dc62c8ac4c7d66c12567147c2fbbce82dff03cb51527fda72e42fb0,银发〔2016〕314号,中国人民银行关于印发《中国人民银行金融消费者权益保护实施办法》的通知(银发〔2016〕314号),中国人民银行,EXCLUDE,—,,,,,,218,True,False,
pbc,d06f851b9499bb2104c2fec65dabcebf323e4603dc0e59bef51536fab1762cd6,公告〔2016〕第29号,中国人民银行公告〔2016〕第29号（票据交易管理办法）,中国人民银行,EXCLUDE,—,,,,,,201,True,False,
pbc,734c3d7b86c18d559bba9e254eb08108ab1d0678e7b11dad9f89d5221cb000d8,银发〔2016〕306号,中国人民银行关于进一步明确境内企业人民币境外放款业务有关事项的通知（银发〔2016〕306号）,中国人民银行,EXCLUDE,—,,,,,,214,True,False,
pbc,e667562b8f2ea768d4f3e4954234604a53ac7b64ae4f1a34aece244c5971339d,银发〔2016〕302号,中国人民银行关于落实个人银行账户分类管理制度的通知(银发〔2016〕302号),中国人民银行,EXCLUDE,—,,,,,,257,True,False,
pbc,af2b608fcaea0d7496293f7403a59404d19f82dfa05734ba09f1896fd0753d7f,银发〔2016〕300号,中国人民银行关于加强征信合规管理工作的通知(银发〔2016〕300号),中国人民银行,EXCLUDE,—,,,,,,166,False,False,
pbc,921dcc7b274158d47e384c56c1a8a5b0d170ecae3933af38aebe18f053c40c97,银发〔2016〕282号,中国人民银行 中国证券监督管理委员会关于内地与香港股票市场交易互联互通机制有关问题的通知（银发〔2016〕282号）,中国人民银行,EXCLUDE,—,,,,,,258,True,False,
pbc,494c494d84c997a42bfd63fbad9303ccb377ebde0c69676dfe8373f4761fd988,银办发〔2015〕227号,中国人民银行办公厅关于境外中央银行类机构在境内银行业金融机构开立人民币银行结算账户有关事项的通知（银办发〔2015〕227号）,中国人民银行,EXCLUDE,中,,,,银行业金融机构,[title]…中国人民银行办公厅关于境外中央银行类机构在境内银行业金融机构开立人民币银行结算账户有关事项的通知（银办发〔2015〕227号） 中国人民银行办公厅关于境外中央银行类机构在…,395,True,False,
pbc,2b1e96e6cfe67deef2e34fe3b322dffaae089a8ad2ed850dcb655ec1c88572e2,银发〔2016〕261号,中国人民银行关于加强支付结算管理 防范电信网络新型违法犯罪有关事项的通知(银发〔2016〕261号),中国人民银行,EXCLUDE,—,,,,,,226,True,False,
pbc,721a5ecb9375091801b3d287fe86720edc53a7600d2ca8b79c4e311e7eb33a2c,银发〔2016〕254号,中国人民银行关于完善开发性银行和政策性银行金融债券发行有关事宜的通知（银发〔2016〕254号）,中国人民银行,EXCLUDE,—,,,,,,218,True,False,
pbc,9a9a81305b29ffb3f4c11595aacea7a176d145a06ad0b5fb7d05fc6ab318d2c1,银发〔2016〕253号,中国人民银行关于印发《企业征信机构备案管理办法》的通知（银发〔2016〕253号）,中国人民银行,EXCLUDE,—,,,,,,190,False,False,
pbc,63a2b12c98faed7005da61373fa115c51e8d58a3a39bfec4faa4ab63fcd68f44,银发〔2016〕170号,中国人民银行关于进一步加强银行卡风险管理的通知（银发〔2016〕170号）,中国人民银行,EXCLUDE,—,,,,,,174,False,False,
pbc,fc24458e223e3ad129b17e59249d0db783c7f9a166549518887f372e7709e2d8,公告〔2016〕第13号,中国人民银行公告〔2016〕第13号（关于降低个人投资人认购大额存单起点金额有关事宜）,中国人民银行,EXCLUDE,—,,,,,,257,True,False,
pbc,b237c6f2635362f7fd6462a0772be615826fa9d9539bb365154a3aaea307017f,银发〔2016〕153号,中国人民银行关于进一步完善存款准备金平均法考核的通知(银发〔2016〕153号),中国人民银行,EXCLUDE,—,,,,,,186,False,False,
pbc,a17d9f188d8765751ad277d412870b319c7b63cdd4078c5b7600572a746a1047,银办发〔2016〕112号,中国人民银行办公厅关于修订支付系统相关管理制度的通知(银办发〔2016〕112号),中国人民银行,EXCLUDE,—,,,,,,190,False,False,
pbc,97f2b372c7bada97d83ad09bfa03ad51eab1847f7bb715bad02852c12e5ce010,公告〔2016〕第10号,中国人民银行 中国银行业监督管理委员会公告〔2016〕第10号（国内信用证结算办法）,中国人民银行,EXCLUDE,中,,,,银行业,[title]…中国人民银行 中国银行业监督管理委员会公告〔2016〕第10号（国内信用证结算办法） 中国人民银行 中国银行业监督管理委员会公告〔20…,296,True,False,
pbc,0e34a4f9c4cac1a997bf4cef87f32578871ca438be182a020b29dae50f920787,公告〔2016〕第9号,中国人民银行 海关总署公告〔2016〕第9号（黄金及黄金制品进出口准许证事宜）,中国人民银行,EXCLUDE,—,,,,,,257,True,False,
pbc,96a648f7647b2313a99d3b3f9082df8e06b9767d61088e3922c5f5b244df1078,公告〔2016〕第8号,中国人民银行公告〔2016〕第8号（关于进一步做好合格机构投资者进入银行间债券市场有关工作）,中国人民银行,EXCLUDE,—,,,,,,270,True,False,
pbc,f49605dbe2c0cbe840fd9d12294e5f9f43b3ab3eb982f737cd4055c5f8e5e987,银发〔2016〕126号,中国人民银行 中国银行业监督管理委员会关于加强票据业务监管 促进票据市场健康发展的通知（银发〔2016〕126号）,中国人民银行,EXCLUDE,中,,,,银行业,[title]…中国人民银行 中国银行业监督管理委员会关于加强票据业务监管 促进票据市场健康发展的通知（银发〔2016〕126号） 中国人民银行 中国…,254,True,False,
pbc,eb1cb215b47c0439ae8616dfad16eedea848ff97bd1ab83244a69cbb0672be1a,银办发〔2016〕110号,中国人民银行办公厅关于“三证合一”登记制度改革有关反洗钱工作管理事项的通知(银办发〔2016〕110号),中国人民银行,EXCLUDE,—,,,,,,234,True,False,
pbc,880f9e58644bba6dcb8bd94c7c7554bdf4f4eefabf01df21c9dc3feb863fd02f,银发〔2016〕106号,中国人民银行关于发布《非银行支付机构分类评级管理办法》的通知(银发〔2016〕106号),中国人民银行,EXCLUDE,—,,,,,,247,True,False,
pbc,e626d0c4cfed66c2a7044381d822e29d51b29b4e0f05cd6cc6bbcda71830d312,银办发〔2016〕94号,中国人民银行办公厅关于规范银行业金融机构账户黄金业务有关事项的通知（银办发〔2016〕94号 ）,中国人民银行,EXCLUDE,中,,,,银行业金融机构,[title]…中国人民银行办公厅关于规范银行业金融机构账户黄金业务有关事项的通知（银办发〔2016〕94号 ） 中国人民银行办公厅关于规范银行业金融机构账户黄金业务…,218,True,False,
pbc,8ec9449324d296c44c04a1d5eff1fe323177f26705d6522e5758e18413e8eaf8,银发〔2016〕111号,中国人民银行关于信用卡业务有关事项的通知(银发〔2016〕111号),中国人民银行,EXCLUDE,—,,,,,,290,True,False,
pbc,bf0fc965150364cbd5bc235a61d200af5bf367d5a214ac0e684343f3906856ea,银发〔2016〕99号,中国人民银行 民政部关于规范全国性社会组织开立临时存款账户有关事项的通知(银发〔2016〕99号),中国人民银行,EXCLUDE,—,,,,,,222,True,False,
pbc,439c9877874ea25150f053936431172e5925451af8d025cf185d5b696ff3e1b8,银发〔2016〕86号,中国人民银行 工业和信息化部 公安部 工商总局关于建立电信网络新型违法犯罪涉案账户紧急止付和快速冻结机制的通知(银发〔2016〕86号),中国人民银行,EXCLUDE,—,,,,,,343,True,False,
pbc,37c2cec5d54bc9dca36561b9ac911cf9d6a8fa968ac204fa0ff03610658a4b2b,银办发〔2016〕59号,中国人民银行办公厅关于规范在支票上使用支付密码有关事项的通知(银办发〔2016〕59号),中国人民银行,EXCLUDE,—,,,,,,202,True,False,
pbc,5be44535162a2b0b24b15fe657866542753055add9c0a5b959a9a383d766ee91,公告〔2016〕第3号,中国人民银行公告〔2016〕第3号（进一步做好境外机构投资者投资银行间债券市场有关事宜）,中国人民银行,EXCLUDE,—,,,,,,262,True,False,
pbc,fe3d2b9725231f148379895b12721cfed4924abdb9222d2325fbe7074720a312,公告〔2016〕第2号,中国人民银行公告〔2016〕第2号（全国银行间债券市场柜台业务管理办法）,中国人民银行,EXCLUDE,—,,,,,,230,True,False,
pbc,829be918c50ffc88c8e84cc10bd6bc891b5795c30cedf9f8d6ef2b30f0bd7fab,银发〔2016〕29号,中国人民银行关于印发《银行业金融机构反假货币工作指引》的通知(银发〔2016〕29号),中国人民银行,EXCLUDE,中,,,,银行业金融机构,[title]…中国人民银行关于印发《银行业金融机构反假货币工作指引》的通知(银发〔2016〕29号) 中国人民银行关于印发《银行业金融机构反假货币工作指引》的通…,267,True,False,
pbc,1cb775b42bb5114bfeababb14e3d78fb7ad7afa2a1f41269cec3768e53c61f58,公告〔2016〕第1号,中国人民银行 商务部公告〔2016〕第1号（设立外商投资征信机构）,中国人民银行,EXCLUDE,—,,,,,,230,True,False,
pbc,af791baa42445e89dba266222795e1efa9358086962622ebc342fc4aa0dcb847,银发〔2016〕26号,中国人民银行 中国银行业监督管理委员会关于调整个人住房贷款政策有关问题的通知（银发〔2016〕26号）,中国人民银行,EXCLUDE,中,,,,银行业,[title]…中国人民银行 中国银行业监督管理委员会关于调整个人住房贷款政策有关问题的通知（银发〔2016〕26号） 中国人民银行 中国银行业监督管…,230,True,False,
pbc,f4eb3e1f649f209325b4e30a679afc79868910482819c36880ab395a546f21ba,银发〔2016〕21号,中国人民银行关于印发《中国人民银行反假人民币奖励办法》的通知(银发〔2016〕21号),中国人民银行,EXCLUDE,—,,,,,,267,True,False,
pbc,5d65011060e58eaeead87833846c92a4b34ca39072cf6a82a5e1bb35f8ad0007,银办发〔2016〕15号,中国人民银行办公厅关于调整境外机构人民币银行结算账户资金使用有关事宜的通知（银办发〔2016〕15号）,中国人民银行,EXCLUDE,—,,,,,,230,True,False,
pbc,34c6817e2c3bb60198b12c381006277d666f106ed35217a677e4df1c05591bf0,银发〔2016〕11号,中国人民银行关于境外人民币业务参加行在境内代理行存放执行正常存款准备金率的通知(银发〔2016〕11号),中国人民银行,EXCLUDE,—,,,,,,309,True,False,
pbc,984beafc381da0f533ccf46d8c579063c8073c26bbd6de340d146126681e326a,银发〔2015〕401号,中国人民银行 工商总局关于“三证合一”登记制度改革有关支付结算业务管理事项的通知(银发〔2015〕401号),中国人民银行,EXCLUDE,—,,,,,,242,True,False,
pbc,630d86898c5893bcaa194f8a2d20fd704b7f6a44218ff904ee609b8d22280a5f,公告〔2015〕第43号,中国人民银行公告〔2015〕第43号（非银行支付机构网络支付业务管理办法）,中国人民银行,EXCLUDE,—,,,,,,237,True,False,
pbc,b39a506b46f7bb570c77ad41949425bd3e802cab94d4818767e54a87b7d849d7,银发〔2015〕392号,中国人民银行关于改进个人银行账户服务加强账户管理的通知(银发〔2015〕392号),中国人民银行,EXCLUDE,—,,,,,,354,True,False,
pbc,2094bf230e64cdf551669f27552362779eaacbd34868aa1ffe1a8b698ba63bb9,公告〔2015〕第39号,中国人民银行公告〔2015〕第39号（关于绿色金融债券发行管理）,中国人民银行,EXCLUDE,—,,,,,,267,True,False,
pbc,3477d92dd5630c9c141107b27e256f82862115156836a8e62928cb14a9b52f30,公告〔2015〕第36号,中国人民银行 国家外汇管理局公告〔2015〕第36号（内地与香港证券投资基金跨境发行销售资金管理操作指引）,中国人民银行,EXCLUDE,—,,,,,,346,True,False,
pbc,2fb11796a982f1c7dd683334af2246e020674edfb4d64e04d69ac18f514fe72e,银发〔2015〕327号,中国人民银行关于下调金融机构存款准备金率的通知（银发〔2015〕327号）,中国人民银行,EXCLUDE,—,,,,,,225,True,False,
pbc,2e4a4145d66859e0ccd08fc21dd5c7450b07c5842a21d659ba5fefa5491e6bd3,银发〔2015〕325号,中国人民银行关于下调金融机构人民币贷款和存款基准利率并进一步推进利率市场化改革的通知（银发〔2015〕325号）,中国人民银行,EXCLUDE,—,,,,,,250,True,False,
pbc,a7019be4a10e6dac888deb37219cfcf7a5255e09926e2aee8e00531b61481839,公告〔2015〕第31号,中国人民银行公告〔2015〕第31号（境外央行类机构进入中国银行间外汇市场有关事宜）,中国人民银行,EXCLUDE,—,,,,,,257,True,False,
pbc,2bed15c5d0f0c66ea72dd32aa541936c967e5571f21c59c4f9987a3cc54b4523,银发〔2015〕309号,中国人民银行 中国银行业监督管理委员会 中国证券监督管理委员会 中国保险监督管理委员会 国家统计局关于印发《金融业企业划型标准规定》的通知（银发〔2015〕309号）,中国人民银行,EXCLUDE,中,,,,银行业,[title]…中国人民银行 中国银行业监督管理委员会 中国证券监督管理委员会 中国保险监督管理委员会 国家统计局关于印发《金融业企业划型标准规定》的…,358,True,True,RFN-82d573787fb5915b;RFN-82d573787fb5915b
pbc,7cfa071b531c8f0db217120998cf725bde3408e576f5d07a844c741e68f83fe2,银发〔2015〕305号,中国人民银行 中国银行业监督管理委员会关于进一步完善差别化住房信贷政策有关问题的通知（银发〔2015〕305号）,中国人民银行,EXCLUDE,中,,,,银行业,[title]…中国人民银行 中国银行业监督管理委员会关于进一步完善差别化住房信贷政策有关问题的通知（银发〔2015〕305号） 中国人民银行 中国银…,250,True,False,
pbc,cf66bab1d7abb813b78106a9b0b2e24f3dadeab116806daabee4bf52785237cb,银发〔2015〕290号,中国人民银行关于印发《人民币跨境支付系统运营机构监督管理暂行办法》的通知(银发〔2015〕290号),中国人民银行,EXCLUDE,—,,,,,,226,True,False,
pbc,b04ca69c7df5bece980ade0fdc6aeb4313a861b1bc408947d3b95f5d81881f50,银发〔2015〕289号,中国人民银行关于实施平均法考核存款准备金的通知(银发〔2015〕289号),中国人民银行,EXCLUDE,—,,,,,,174,False,False,
pbc,dad979c0d67ad8cf4e3220e5751eb1d2196c59c6f3e1463e0e8ac4193d6e2098,银发〔2015〕284号,中国人民银行关于修订《支付清算系统危机处置预案》的通知(银发〔2015〕284号),中国人民银行,EXCLUDE,—,,,,,,250,True,False,
pbc,9974a745b91702523aeb1c9de30e49f83e360e50346d97dd9653b0946055fdfd,银发〔2015〕279号,中国人民银行关于进一步便利跨国企业集团开展跨境双向人民币资金池业务的通知（银发〔2015〕279号）,中国人民银行,EXCLUDE,—,,,,,,226,True,False,
pbc,b0a7f3845608f39512403768b4783f49bc3406edfb6d6bec7ca13d8fdecc0430,银办发〔2015〕203号,中国人民银行办公厅关于远期售汇宏观审慎管理有关事项的通知(银办发〔2015〕203号),中国人民银行,EXCLUDE,—,,,,,,198,False,False,
pbc,cb0efb5578dc69a4d6fc1a79a6737717518f3b09b75b4cc9b66bdc221eeff8af,银发〔2015〕273号,中国人民银行关于加强远期售汇宏观审慎管理的通知(银发〔2015〕273号),中国人民银行,EXCLUDE,—,,,,,,234,True,False,
pbc,5d26a4b87a6191f6f94cd829fd53474fd5abb68bf44547cc40404b0f17280563,银发〔2015〕250号,中国人民银行关于拓宽人民币购售业务范围的通知（银发〔2015〕250号）,中国人民银行,EXCLUDE,—,,,,,,170,False,False,
pbc,a1b2e3a78a6ec94bd3bc1ab9e2c641dea09396465a238baf8cde839e9b48a186,银办发〔2015〕162号,中国人民银行办公厅关于调整简化《中国银行间市场投资备案表》的通知（银办发〔2015〕162号）,中国人民银行,EXCLUDE,—,,,,,,214,True,False,
pbc,81b6290bf57208555b8aae537a3b1962950ea4fb82c6140d3b38af0b1ccd7944,公告〔2015〕第19号,中国人民银行公告〔2015〕第19号（境内原油期货交易跨境结算有关事宜）,中国人民银行,EXCLUDE,—,,,,,,233,True,False,
pbc,d1ba180d9b6a3362db7e1baf6785c3a3ceff6b97071ab5c17d0a3ffdcef6dda5,银发〔2015〕221号,中国人民银行 工业和信息化部 公安部 财政部 工商总局 法制办 银监会 证监会 保监会 国家互联网信息办公室关于促进互联网金融健康发展的指导意见（银发〔2015〕221号）,中国人民银行,EXCLUDE,—,,,,,,370,True,False,
pbc,8651a435112fd4aca46be2c009bc35b9f48b8a75857630b7fc80fbda073134b6,银发〔2015〕220号,中国人民银行关于境外央行、国际金融组织、主权财富基金运用人民币投资银行间市场有关事宜的通知（银发〔2015〕220号）,中国人民银行,EXCLUDE,—,,,,,,264,True,False,
pbc,2fa7d51a1e9204d055086c650dd31087420aea27f8e4120556fc222194bfb375,银发〔2015〕199号,中国人民银行关于加强银行卡收单业务外包管理的通知（银发〔2015〕199号）,中国人民银行,EXCLUDE,—,,,,,,178,False,False,
pbc,04d3c7d1e38ca2d8d174663b3c25c293ee29bc48579c370c57b73276c90bf98f,银办发〔2015〕135号,中国人民银行办公厅关于加强外逃人员名单监测和可疑交易报告工作的通知(银办发〔2015〕135号),中国人民银行,EXCLUDE,—,,,,,,218,True,False,
pbc,37b3a115ce096bc02675e8a2d1ff2b4e17da064dff32ca95e168d3ab4337e10a,公告〔2015〕第13号,中国人民银行公告〔2015〕第13号（大额存单管理暂行办法）,中国人民银行,EXCLUDE,—,,,,,,209,True,False,
pbc,7c50cd53da7c8638f1bff8475ec2f0d052f47b83268814823d98d03ddce4904f,银发〔2015〕170号,中国人民银行关于境外人民币业务清算行、境外参加银行开展银行间债券市场债券回购交易的通知（银发〔2015〕170号）,中国人民银行,EXCLUDE,—,,,,,,255,True,False,
pbc,21d82cea85749e750794ed8cb321c4f59a26f05c188c3f8e9b5dc873f54cdb99,公告〔2015〕第9号,中国人民银行公告〔2015〕第9号（调整银行间债券市场债券交易流通有关管理政策）,中国人民银行,EXCLUDE,—,,,,,,246,True,False,
pbc,f6b4e3f5d73322d8bd5d50b46abf304518c926de5a6e1f8e7eac06a0521144d1,银发〔2015〕98号,中国人民银行 住房城乡建设部 中国银行业监督管理委员会关于个人住房贷款政策有关问题的通知（银发〔2015〕98号）,中国人民银行,EXCLUDE,中,,,,银行业,[title]…中国人民银行 住房城乡建设部 中国银行业监督管理委员会关于个人住房贷款政策有关问题的通知（银发〔2015〕98号） 中国人民银行 住房城乡建设部 中国…,254,True,False,
pbc,0872037b99bc99bcd509bf2e369259981ba98d7c5fae7fa07d6440e0bdefe189,公告〔2015〕第7号,中国人民银行公告〔2015〕第7号（信贷资产支持证券发行管理有关事宜）,中国人民银行,EXCLUDE,—,,,,,,226,True,False,
pbc,9ef260f75c4839a6eb324f51bac2161e66a6aaeff17c1d3bc19109daead847e6,银发〔2015〕40号,中国人民银行关于印发《中国人民银行支付系统参与者监督管理办法》的通知（银发〔2015〕40号）,中国人民银行,EXCLUDE,—,,,,,,214,True,False,
pbc,34953bc6b0cd32a56ddc21a3d18dcc6d6b09e843e6a2e526d7ae1664199d8c83,银办发〔2015〕20号,中国人民银行办公厅关于做好支付信息统计分析系统数据报送有关工作的通知（银办发〔2015〕20号）,中国人民银行,EXCLUDE,—,,,,,,403,True,False,
pbc,babe6c0b5c26215e77108ed3829a0bbb4022f6ee15f65807c7fafe1801f7cbcf,银发〔2015〕12号,中国人民银行关于外资银行结售汇专用人民币账户管理有关问题的通知（银发〔2015〕12号）,中国人民银行,EXCLUDE,—,,,,,,202,True,False,
pbc,093236d3f4a38b26c6a8bb84277f85f18b6be92300cb1d0fabec70fb850cb513,公告〔2015〕第3号,中国人民银行 中国保险监督管理委员会公告〔2015〕第3号（保险公司发行资本补充债券有关事宜）,中国人民银行,BOUNDARY,低,,,保险公司,,[title]…中国人民银行 中国保险监督管理委员会公告〔2015〕第3号（保险公司发行资本补充债券有关事宜） 中国人民银行 中国保险监督管理委员会公告〔2015〕第3号（保险公司发行资本补充债…,310,True,True,RFN-e43348556a56e4c5;RFN-e43348556a56e4c5
pbc,9111ef0659050a08db06c94112c8cbb482219850adbd79b9bf57d4a9fffee584,银发〔2014〕397号,中国人民银行 国家宗教事务局关于进一步明确宗教活动场所和宗教院校开立单位银行结算账户有关事项的通知(银发〔2014〕397号),中国人民银行,EXCLUDE,—,,,,,,277,True,False,
pbc,8b8e220c9dd4d14a26a22d080e90a6d5947653afa761206203a0e5403361c71b,银发〔2014〕387号,中国人民银行关于存款口径调整后存款准备金政策和利率管理政策有关事项的通知（银发〔2014〕387号）,中国人民银行,EXCLUDE,—,,,,,,226,True,False,
pbc,7b401a3ae74c6dbd2c89fcf7e0e3a91a54a621010e0876e1fd3747d9cbeeb949,银办发〔2014〕263号,中国人民银行办公厅关于落实《金融机构反洗钱监督管理办法（试行）》有关事项的通知（银办发〔2014〕263号）,中国人民银行,EXCLUDE,—,,,,,,547,True,True,RFN-19f865fb9d7b3de0
pbc,348975888bf2836e7c57b5f0b600f1fd679f2b5a99c9e5ac8c490efc9ecc492c,公告〔2014〕第29号,中国人民银行公告〔2014〕第29号（全国银行间债券市场债券预发行业务管理办法）,中国人民银行,EXCLUDE,—,,,,,,249,True,False,
pbc,391218b13b53534f639b736d78abcc7483893d95ebdf67c14a671b7161c56065,银发〔2014〕331号,中国人民银行关于人民币合格境内机构投资者境外证券投资有关事项的通知（银发〔2014〕331号）,中国人民银行,EXCLUDE,—,,,,,,214,True,False,
pbc,433bc13643c56ac8fe4b9a25df76e4175148e1e65318cc5be980b75ca2117324,银发〔2014〕324号,中国人民银行关于跨国企业集团开展跨境人民币资金集中运营业务有关事宜的通知（银发〔2014〕324号）,中国人民银行,EXCLUDE,—,,,,,,226,True,False,
pbc,fb09e65bbe840d7fdc6800c77da8ee9aaf09b6876743957994809ee2940e7ad2,银发〔2014〕336号,中国人民银行 中国证券监督管理委员会关于沪港股票市场交易互联互通机制试点有关问题的通知（银发〔2014〕336号）,中国人民银行,EXCLUDE,—,,,,,,254,True,False,
pbc,f74783aaf219ff364aa632f32668e2b0c0a22124d27152a001a8dd77c627c3ed,银发〔2014〕293号,中国人民银行关于进一步加强银行业金融机构重大事项报告工作的通知（银发〔2014〕293号）,中国人民银行,EXCLUDE,中,,,,银行业金融机构,[title]…中国人民银行关于进一步加强银行业金融机构重大事项报告工作的通知（银发〔2014〕293号） 中国人民银行关于进一步加强银行业金融机构重大事项报告工作的…,206,True,False,
pbc,606cb6dd7e0bd917287da832fe85a6c65d38ff064410444007a63b78b3b5f9e4,银发〔2014〕287号,中国人民银行 中国银行业监督管理委员会关于进一步做好住房金融服务工作的通知（银发〔2014〕287号）,中国人民银行,EXCLUDE,中,,,,银行业,[title]…中国人民银行 中国银行业监督管理委员会关于进一步做好住房金融服务工作的通知（银发〔2014〕287号） 中国人民银行 中国银行业监督管…,230,True,False,
pbc,34f5633e7f4c92148d75b2ec09f94071a94965b08e974026a9e698b6134abcdd,银办发〔2014〕193号,中国人民银行办公厅关于印发《中央银行会计核算数据集中系统资金归集业务管理办法》的通知(银办发〔2014〕193号),中国人民银行,EXCLUDE,—,,,,,,254,True,False,
pbc,be47f0b201b8ed3fb3ee38ab5f174af13af948bea733b89b2da0da1dcc85d9cb,银发〔2014〕235号,中国人民银行关于全面推进深化农村支付服务环境建设的指导意见(银发〔2014〕235号),中国人民银行,EXCLUDE,—,,,,,,198,False,False,
pbc,357a45ac2ca8ca2534c6a31d85ba4872b554183a18da030c2d35dc0a78eb8562,银办发〔2014〕153号,中国人民银行办公厅关于将委托贷款信息全面纳入金融信用信息基础数据库的通知（银办发〔2014〕153号）,中国人民银行,EXCLUDE,—,,,,,,230,True,False,
pbc,50fcaad2ca96447715b32bcf4bb6f9038c7826cf4a80944bac77e5ab802effd7,银发〔2014〕188号,中国人民银行关于银行间外汇市场交易汇价和银行挂牌汇价管理有关事项的通知（银发〔2014〕188号）,中国人民银行,EXCLUDE,—,,,,,,222,True,False,
pbc,51bc8b7e1b4f091854e4325cf310997d6f2eea53b78b72bbefa81050f3c57020,银发〔2014〕178号,中国人民银行关于加强银行业金融机构人民币同业银行结算账户管理的通知(银发〔2014〕178号),中国人民银行,EXCLUDE,中,,,,银行业金融机构,[title]…中国人民银行关于加强银行业金融机构人民币同业银行结算账户管理的通知(银发〔2014〕178号) 中国人民银行关于加强银行业金融机构人民币同业银行…,214,True,False,
pbc,88b0eadcd441eec612b1eb780e8997579a1d749e3269a03ba6666ff368ef12ce,银发〔2014〕168号,中国人民银行关于贯彻落实《国务院办公厅关于支持外贸稳定增长的若干意见》的指导意见(银发〔2014〕168号),中国人民银行,EXCLUDE,—,,,,,,242,True,False,
pbc,4d1caf57939c903bfeab8fe155ced3204666fe6d3a176e3cba9f0867a8e33a7a,银发〔2014〕164号,中国人民银行关于定向降低部分金融机构存款准备金率的通知(银发〔2014〕164号),中国人民银行,EXCLUDE,—,,,,,,190,False,False,
pbc,9e6b8f4bc9df2f6b24751ba871eb0f9c40838db779a9a2e8e8b110757a93bd4c,公告〔2014〕第8号,中国人民银行 中国银行业监督管理委员会公告〔2014〕第8号（金融租赁公司、汽车金融公司和消费金融公司发行金融债券有关事宜）,中国人民银行,EXCLUDE,中,,,,银行业,[title]…中国人民银行 中国银行业监督管理委员会公告〔2014〕第8号（金融租赁公司、汽车金融公司和消费金融公司发行金融债券有关事宜） 中国人民…,374,True,False,
pbc,7c8d60638c5942d7cb43e91e44577b57588bf1e937912238158c329444b96fcf,银发〔2014〕127号,中国人民银行 中国银行业监督管理委员会 中国证券监督管理委员会 中国保险监督管理委员会 国家外汇管理局关于规范金融机构同业业务的通知（银发〔2014〕127号）,中国人民银行,EXCLUDE,中,,,,银行业,[title]…中国人民银行 中国银行业监督管理委员会 中国证券监督管理委员会 中国保险监督管理委员会 国家外汇管理局关于规范金融机构同业业务的通知（…,346,True,False,
pbc,90ab7786907460c4fd222bca681965fbed422b5f5a5dcd788004c088e5ac6efc,银发〔2014〕2号,中国人民银行关于规范单位结算卡业务管理的通知(银发〔2014〕2号),中国人民银行,EXCLUDE,—,,,,,,221,True,False,
pbc,a8747e66037cea3e39168b6160c2b9a3d9c8c1eefc00288daeae717d248772a2,银办发〔2014〕73号,中国人民银行办公厅关于印发《征信投诉办理规程》的通知（银办发〔2014〕73号）,中国人民银行,EXCLUDE,—,,,,,,234,True,False,
pbc,bdc585dd40f6763da9f2deeb962d88d703d3d4248b5229ffc95b68bf1bc8a9f5,公告〔2014〕第5号,中国人民银行公告〔2014〕第5号（扩大外汇市场人民币兑美元汇率浮动幅度）,中国人民银行,EXCLUDE,—,,,,,,234,True,False,
pbc,1852f4af540e13497f2021bee5a8fa6977888e486c071a0f011964497812bc5f,银发〔2014〕80号,中国人民银行 财政部 商务部 海关总署 国家税务总局 中国银行业监督管理委员会关于简化出口货物贸易人民币结算企业管理有关事项的通知(银发〔2014〕80号),中国人民银行,EXCLUDE,中,,,,银行业,[title]…中国人民银行 财政部 商务部 海关总署 国家税务总局 中国银行业监督管理委员会关于简化出口货物贸易人民币结算企业管理有关事项的通知(银发〔2014〕80号) 中国人民银行 财…,338,True,False,
pbc,3a4aaa20829e36ddde9bd9f3b1733a8731681f1184f33eb2164ea84266a45f98,公告〔2014〕第3号,中国人民银行公告〔2014〕第3号（增加商业银行柜台债券业务品种）,中国人民银行,EXCLUDE,中,,,,商业银行,[title]…中国人民银行公告〔2014〕第3号（增加商业银行柜台债券业务品种） 中国人民银行公告〔2014〕第3号（增加商业银行柜台债券业务品种）（中国人民银行公告〔20…,218,True,False,
pbc,a92986d398b9392798af8ca8631060afb460be850dab6d04250bc860715a7cec,银发〔2014〕29号,中国人民银行关于建立场外金融衍生产品集中清算机制及开展人民币利率互换集中清算业务有关事宜的通知（银发〔2014〕29号）,中国人民银行,EXCLUDE,—,,,,,,266,True,False,
pbc,d0e39fc0f208cda6b80923242ab3691bab9acd6d744529b493adef81a2faf8fe,银发〔2014〕5号,中国人民银行关于加强银行卡业务管理的通知(银发〔2014〕5号),中国人民银行,EXCLUDE,—,,,,,,154,False,False,
pbc,eae33e8420fa36e23088543177a2ba65a3be36bca14d50e3508d41a9ab98d90d,银发〔2013〕321号,中国人民银行关于调整人民币购售业务管理的通知（银发〔2013〕321号）,中国人民银行,EXCLUDE,—,,,,,,170,False,False,
pbc,497fe43513db76cf8c6df6a66f95ab00fb2d81d95e9d6e69de0384a260bfab95,银发〔2013〕318号,中国人民银行关于金融债券专项用于小微企业贷款后续监督管理有关事宜的通知（银发〔2013〕318号）,中国人民银行,EXCLUDE,—,,,,,,222,True,False,
pbc,85300847e8fb398579bca8e43df09711cd06380358e2a7edb833ef18d196d0c2,公告〔2013〕第21号,中国人民银行 中国银行业监督管理委员会公告〔2013〕第21号（关于规范信贷资产证券化发起机构风险自留行为）,中国人民银行,EXCLUDE,中,,,,银行业,[title]…中国人民银行 中国银行业监督管理委员会公告〔2013〕第21号（关于规范信贷资产证券化发起机构风险自留行为） 中国人民银行 中国银行业…,344,True,False,
pbc,eca0ec23ccd2f2fa25e58f29134dc4edca6c7fe251411af42c415254a2defb98,公告〔2013〕第20号,中国人民银行公告〔2013〕第20号（同业存单管理暂行办法）,中国人民银行,EXCLUDE,—,,,,,,209,True,False,
pbc,1f737317dae040e7f9c471b45f740e850f43509dd77ef57a9b1f10865bfdc320,银发〔2013〕289号,中国人民银行 工业和信息化部 中国银行业监督管理委员会 中国证券监督管理委员会 中国保险监督管理委员会关于防范比特币风险的通知（银发〔2013〕289号）,中国人民银行,EXCLUDE,中,,,,银行业,[title]…中国人民银行 工业和信息化部 中国银行业监督管理委员会 中国证券监督管理委员会 中国保险监督管理委员会关于防范比特币风险的通知（银发〔2013〕289…,334,True,True,RFN-3c6a6a09aa26c7cc;RFN-3c6a6a09aa26c7cc
pbc,fe2dd309a5470aeb02f0358e3623c5c4edb3e15bd93e9a6bd34cba4369657e8a,银发〔2013〕225号,中国人民银行关于境外投资者投资境内金融机构人民币结算有关事项的通知（银发〔2013〕225号）,中国人民银行,EXCLUDE,—,,,,,,214,True,False,
pbc,433a88d2d8c84a25f69ccdbe2d2042e8a34644bc29de38a016bb0117a2d09870,银办发〔2013〕197号,中国人民银行办公厅关于进一步明确全额清分和冠字号码查询工作有关事项的通知(银办发〔2013〕197号),中国人民银行,EXCLUDE,—,,,,,,230,True,False,
pbc,283f3474ddeb5e2c45427842c2955dd9ab756f08771597bdb298cb2ad2b1aadb,公告〔2013〕第12号,中国人民银行公告〔2013〕第12号（进一步强化银行间债券市场债券交易的券款对付结算要求）,中国人民银行,EXCLUDE,—,,,,,,269,True,False,
pbc,09f01840adbf4e5f218b8ff859eb99a812d4984a488d3fc1c6132bc3d8eecd2a,银办发〔2013〕188号,中国人民银行办公厅关于优化人民币跨境收付信息管理系统信息报送流程的通知（银办发〔2013〕188号）,中国人民银行,EXCLUDE,—,,,,,,226,True,False,
pbc,3e8c9c62feaeeebf31958bebcefd140bba69992f9cb264e6bfccbd7c6efcef40,银发〔2013〕180号,中国人民银行关于进一步推进利率市场化改革的通知（银发〔2013〕180号）,中国人民银行,EXCLUDE,—,,,,,,174,False,False,
pbc,95b5ec8885cf673103ed1eabdb616a4237f3116a29c1f83082b37e6babc0ba63,银办发〔2013〕151号,中国人民银行办公厅关于印发《中国人民银行金融城域网入网管理办法》的通知(银办发〔2013〕151号）,中国人民银行,EXCLUDE,—,,,,,,226,True,False,
pbc,2ce4930601febba2f386dd467ff99d6408623e48786a6a407bca0e5e1873ce2a,银发〔2013〕168号,中国人民银行关于简化跨境人民币业务流程和完善有关政策的通知（银发〔2013〕168号）,中国人民银行,EXCLUDE,—,,,,,,198,False,False,
pbc,b45016078861071c5eaabbfecec97e211c2e75483c23272491e1dc049fae41f5,公告〔2013〕第9号,中国人民银行公告〔2013〕第9号（银行卡收单业务管理办法）,中国人民银行,EXCLUDE,—,,,,,,206,True,False,
pbc,79c375a440c3fca2a816de6fecefe0de1ea2211bd0d00df9bf40a00a97f540b9,公告〔2013〕第8号,中国人民银行公告〔2013〕第8号（完善银行间债券市场交易结算管理）,中国人民银行,EXCLUDE,—,,,,,,225,True,False,
pbc,9ad88fa9ca71ee0152ea41a6b7b58179368bbc27dd462287e730b48c8b71f984,银发〔2013〕148号,中国人民银行关于银行票据风险案件的通报(银发〔2013〕148号),中国人民银行,EXCLUDE,—,,,,,,158,False,False,
pbc,617938d991c3637775d3dce19103c1c97c72b70bdb7593e5ea320b420512ef33,公告〔2013〕第6号,中国人民银行公告〔2013〕第6号（支付机构客户备付金存管办法）,中国人民银行,EXCLUDE,—,,,,,,214,True,False,
pbc,5ddfb551a9b22b4c9618a47a11933e9d7f708f6d4bbfe8175ec1d3acce647dfd,银办发〔2013〕125号,中国人民银行办公厅关于开展洗钱类型分析工作的通知(银办发〔2013〕125号),中国人民银行,EXCLUDE,中,,,,银行业,[meta]…发〔2013〕125号).pdf 附.洗钱类型分析体系的基本框架.pdf 附件2.可疑交易类型和识别点对照表（银行业参考版）.pdf 中国人民银行    中国人民银行办公厅关于开展洗钱类型分析工作的通知(银办发〔2013〕12…,333,True,False,
pbc,664273cfc08c5a13b1a6f4e4e1c02c367a425e473c68be02e4686eed096c8c12,银发〔2013〕116号,中国人民银行关于印发《中国人民银行代理人民币发行库管理办法》的通知(银发〔2013〕116号),中国人民银行,EXCLUDE,—,,,,,,214,True,False,
pbc,fcb91525361b057edf75e8acbc59d3da64109c761120c6cb6c273093cdeb201c,银发〔2013〕91号,中国人民银行关于印发《银行票据凭证印制管理办法》的通知（银发〔2013〕91号）,中国人民银行,EXCLUDE,—,,,,,,186,False,False,
pbc,82931150fdfeb6a6627ed19d096120f26c88bb8e962f732441d148f2b14b5a64,银发〔2013〕30号,中国人民银行关于印发《农信银资金清算中心有限责任公司监督管理办法》的通知 (银发〔2013〕30号),中国人民银行,EXCLUDE,—,,,,,,226,True,False,
pbc,479b19a5cd0aed1ca0755d46ae5088b121093a9227158d13bd8a1015ac694a6e,银办发〔2013〕14号,中国人民银行办公厅关于银行业金融机构对外误付假币专项治理工作的指导意见(银办发〔2013〕14号),中国人民银行,EXCLUDE,中,,,,银行业金融机构,[title]…中国人民银行办公厅关于银行业金融机构对外误付假币专项治理工作的指导意见(银办发〔2013〕14号) 中国人民银行办公厅关于银行业金融机构对外误付假…,465,True,False,
pbc,6ee3f2286580f76e4e33627c0bfef4e35a6455f173b9c53b38db69f731dfdc20,银发〔2013〕2号,中国人民银行关于印发《金融机构洗钱和恐怖融资风险评估及客户分类管理指引》的通知(银发〔2013〕2号),中国人民银行,EXCLUDE,—,,,,,,230,True,True,RFN-cfae5b810141d4ef;RFN-cfae5b810141d4ef
pbc,56a25044ce057182e37096ef68fc2221b2a316032265ebe7c0492a5b0d63e848,银发〔2012〕234号,中国人民银行关于进一步加强预付卡业务管理的通知(银发〔2012〕234号),中国人民银行,EXCLUDE,—,,,,,,174,False,False,
pbc,f21b284649be09ae999ba58c6699adaa83c048e5099f039cf13397eb6938cb43,银发〔2012〕289号,中国人民银行关于印发《银行业金融机构存取现金业务管理办法》的通知(银发〔2012〕289号),中国人民银行,EXCLUDE,中,,,,银行业金融机构,[title]…中国人民银行关于印发《银行业金融机构存取现金业务管理办法》的通知(银发〔2012〕289号) 中国人民银行关于印发《银行业金融机构存取现金业务管理…,210,True,False,
pbc,c8c2cdc1c9da00e2c0e36f9557b5e54e1c3ea4c60985eeae359d4fee88d31c58,公告〔2015〕第40号,中国人民银行 国家外汇管理局公告〔2015〕第40号（延长外汇交易时间和进一步引入合格境外主体有关事宜）,中国人民银行,EXCLUDE,—,,,,,,321,True,False,
pbc,d3fde78bba8474f37bddfdea91eacdd7ff460d1b8fce83e443750c0d6cac2b17,银办发〔2012〕238号,中国人民银行办公厅关于加强银行业金融机构黄金市场业务管理有关事项的通知（银办发〔2012〕238号）,中国人民银行,EXCLUDE,中,,,,银行业金融机构,[title]…中国人民银行办公厅关于加强银行业金融机构黄金市场业务管理有关事项的通知（银办发〔2012〕238号） 中国人民银行办公厅关于加强银行业金融机构黄金市场…,298,True,False,
pbc,d67aaec7bba9241407781864821c8b3115222e98798ab7a26157ea9ba4a4af32,公告〔2012〕第17号,中国人民银行公告〔2012〕第17号（同意交易商协会发布《中国银行间市场债券回购交易主协议》有关事宜）,中国人民银行,EXCLUDE,—,,,,,,296,True,False,
pbc,abddcf19708c6cf8d6002cb19b3675c5ab2192c480c66bc49154520998e2e1f7,银办发〔2012〕201号,中国人民银行办公厅关于整合企业征信系统和机构信用代码系统信息更新机制的通知（银办发〔2012〕201号）,中国人民银行,EXCLUDE,—,,,,,,234,True,False,
pbc,2ffc762de64286ec252e609aa0e6ed0dd77584ad29637de867a6f74f75a36bbe,公告〔2012〕第12号,中国人民银行公告〔2012〕第12号（支付机构预付卡业务管理办法）,中国人民银行,EXCLUDE,—,,,,,,221,True,False,
pbc,e54b5611f35b4cf23507c7f9d3eeb93761e28ab782e69a703dfc6d6c54ae5f8f,银发〔2012〕201号,中国人民银行关于金融机构在跨境业务合作中加强反洗钱工作的通知(银发〔2012〕201号),中国人民银行,EXCLUDE,—,,,,,,202,True,False,
pbc,f77be156ae7273000908f0e042362f4096004320e9de14cd1bed4b0fc83d51b0,银发〔2012〕199号,中国人民银行关于加强跨境汇款业务反洗钱工作的通知(银发〔2012〕199号),中国人民银行,EXCLUDE,—,,,,,,178,False,False,
pbc,0c2c1b5237caeb1d1415f67c8f095215341673684fb6fa6bb298366e01eba36e,银发〔2012〕183号,中国人民银行关于境外机构人民币银行结算账户开立和使用有关问题的通知（银发〔2012〕183号）,中国人民银行,EXCLUDE,中,,,,银行业金融机构,[meta]…国人民银行关于境外机构人民币银行结算账户开立和使用有关问题的通知（银发〔2012〕183号）.pdf 附件1.银行业金融机构对境外机构开立人民币银行结算账户的合法性审核书面声明.pdf 附件2.世界各国和地区名称及代码.pdf 中国人…,402,True,False,
pbc,003c05c3b073ac2d98b96237d1a80999e1e6b44ed9736c6fbf133ac35cab4745,银发〔2012〕182号,中国人民银行 财政部 教育部关于全面推行普通高中学生资助卡 加强普通高中国家助学金发放监管工作的通知(银发〔2012〕182号),中国人民银行,EXCLUDE,—,,,,,,504,True,False,
pbc,3a8636da18186e19cee6893f239fcf14b917060766a6ad550b17d6376f6fbab6,银发〔2012〕178号,中国人民银行关于加强金融从业人员反洗钱履职管理及相关反洗钱内控建设的通知(银发〔2012〕178号),中国人民银行,EXCLUDE,—,,,,,,226,True,False,
pbc,73575ab0b4c1828db52b1ddfa32f0a66654b8f72b5eaf370595730b5527e7f4e,银发〔2012〕176号,中国人民银行关于建立支付机构监管报告制度的通知(银发〔2012〕176号),中国人民银行,EXCLUDE,—,,,,,,491,True,False,
pbc,5865f0b279697765d54dc2dbe248b8895d4d0a020fae036994587a906546fd48,银发〔2012〕165号,中国人民银行关于明确外商直接投资人民币结算业务操作细则的通知（银发〔2012〕165号）,中国人民银行,EXCLUDE,—,,,,,,202,True,False,
pbc,99fafbb4db577b5fc314c11918704aa113a9a82b207ff03a1f734f37c4275931,银发〔2012〕127号,中国人民银行 中国银行业监督管理委员会 财政部关于进一步扩大信贷资产证券化试点有关事项的通知(银发〔2012〕127号),中国人民银行,EXCLUDE,中,,,,银行业,[title]…中国人民银行 中国银行业监督管理委员会 财政部关于进一步扩大信贷资产证券化试点有关事项的通知(银发〔2012〕127号) 中国人民银行…,266,True,False,
pbc,89e7d7deb574ad7123b8a4e92f3a75cec0282fa0b960857633126c2c02d64d41,银发〔2012〕54号,中国人民银行关于印发《支付机构反洗钱和反恐怖融资管理办法》的通知(银发〔2012〕54号),中国人民银行,EXCLUDE,—,,,,,,281,True,False,
pbc,a14a2a64cabb8ba7b4f4c668bb21a52d1fadde9ae475b5d12491e069ec464d9d,银发〔2012〕29号,中国人民银行 中国人民武装警察部队关于军人保障卡银行业务应用的指导意见（银发〔2012〕29号）,中国人民银行,EXCLUDE,中,,,,银行业,[title]…中国人民银行 中国人民武装警察部队关于军人保障卡银行业务应用的指导意见（银发〔2012〕29号） 中国人民银行 中国人民武装警察部队关于军人保障卡银行业务应用的指导…,218,True,False,
pbc,8294dc8092916d40c5a6ea79d379e369ecae4fe83795f9d45634d85e0389d993,银发〔2012〕23号,中国人民银行 财政部 商务部 海关总署 国家税务总局 中国银行业监督管理委员会关于出口货物贸易人民币结算企业管理有关问题的通知(银发〔2012〕23号),中国人民银行,EXCLUDE,中,,,,银行业,[title]…中国人民银行 财政部 商务部 海关总署 国家税务总局 中国银行业监督管理委员会关于出口货物贸易人民币结算企业管理有关问题的通知(银发〔2012〕23号) 中国人民银行 财政部…,330,True,False,
pbc,23dd0a267a401704a8e3d177bc1722b3305dee4ae9c276f881e269ea925be33c,银发〔2012〕17号,中国人民银行关于印发《国库监督管理基本规定》的通知（银发〔2012〕17号）,中国人民银行,EXCLUDE,—,,,,,,178,False,False,
pbc,ae198b104b39c724f22f830f1faf5dbaf9d27638253ce6d9db72135848c5888a,银发〔2012〕14号,中国人民银行关于规范银行业金融机构发行磁条预付卡和电子现金的通知(银发〔2012〕14号),中国人民银行,EXCLUDE,中,,,,银行业金融机构,[title]…中国人民银行关于规范银行业金融机构发行磁条预付卡和电子现金的通知(银发〔2012〕14号) 中国人民银行关于规范银行业金融机构发行磁条预付卡和电…,206,True,False,
pbc,9886b5bbc78f86d502898ca29247d020529f6acddcfc23d9221350fffdc285ef,银发〔2011〕301号,中国人民银行 公安部 工商总局 银监会 证监会关于加强黄金交易所或从事黄金交易平台管理的通知(银发〔2011〕301号),中国人民银行,EXCLUDE,—,,,,,,266,True,False,
pbc,ae83b17eaeacdd0add96f0b8445d1caf8e8e8a9234d1158a4db3cdf01d48cdfb,银发〔2011〕255号,中国人民银行关于境内银行业金融机构境外项目人民币贷款的指导意见（银发〔2011〕255号）,中国人民银行,EXCLUDE,中,,,,银行业金融机构,[title]…中国人民银行关于境内银行业金融机构境外项目人民币贷款的指导意见（银发〔2011〕255号） 中国人民银行关于境内银行业金融机构境外项目人民币贷款…,205,True,False,
pbc,11a9cff4f0078f3821cd3e614031dba00b90bea5fe6ce63cc593dc6915c9aa5e,公告〔2011〕第23号,中国人民银行公告〔2011〕第23号)（外商直接投资人民币结算业务管理办法）,中国人民银行,EXCLUDE,—,,,,,,241,True,False,
pbc,d182b535ffc2ff3664d884352f495119ac71f1e382cda240f10774f34b8639ad,银办发〔2011〕166号,中国人民银行办公厅关于进一步加强全国银行间债券市场债券结算代理业务管理有关事项的通知（银办发〔2011〕166号）,中国人民银行,EXCLUDE,—,,,,,,254,True,False,
pbc,77e865bcd503f6e78c2f082bacf031b66a126f019d0841c82d32c847d3d2896b,银发〔2011〕193号,中国人民银行 中国银行业监督管理委员会关于认真做好公共租赁住房等保障性安居工程金融服务工作的通知(银发〔2011〕193号),中国人民银行,EXCLUDE,中,,,,银行业,[title]…中国人民银行 中国银行业监督管理委员会关于认真做好公共租赁住房等保障性安居工程金融服务工作的通知(银发〔2011〕193号) 中国人民…,274,True,False,
pbc,65ea40f941674d7439116594ef5ac517722ad1d7bf48710fc4bf2ae55a93af6c,银发〔2011〕177号,中国人民银行关于推广银行卡助农取款服务的通知(银发〔2011〕177号),中国人民银行,EXCLUDE,—,,,,,,233,True,False,
pbc,f983bc26114faa67b6dcab05ceb881b04781f26c78577e0c9533107aa0c0852e,银办发〔2011〕128号,中国人民银行办公厅关于印发《银行间债券市场债券招标发行管理细则》的通知（银办发〔2011〕128号）,中国人民银行,EXCLUDE,—,,,,,,301,True,False,
pbc,dd1e87217838a1de3daec95fbbe00936713652840bd716d5f786b1f4f99e0c1f,银发〔2011〕116号,中国人民银行关于进一步加强人民币银行结算账户开立、转账、现金支取业务管理的通知(银发〔2011〕116号),中国人民银行,EXCLUDE,—,,,,,,240,True,False,
pbc,d98715a9b72d2a36f51f5da5b1b8fbcb0d27ed269bcffbb0d80afddb0e3eb842,银发〔2011〕119号,中国人民银行 国家宗教事务局关于宗教活动场所和宗教院校开立单位银行结算账户有关事项的通知(银发〔2011〕119号),中国人民银行,EXCLUDE,—,,,,,,257,True,False,
pbc,e7160532aa417a04662f80bd4672c5f915e13ccdf317ef0beae012facf8a2536,公告〔2011〕第6号,中国人民银行 财政部公告〔2011〕第6号（新发关键期限国债做市有关事宜）,中国人民银行,EXCLUDE,—,,,,,,246,True,False,
pbc,866dfa7415bfd0eb3a1acf71c65c58ee02e1352d8df482898227ac5e68e480e2,银发〔2011〕93号,中国人民银行关于印发《上海黄金交易所业务监督管理规则》的通知(银发〔2011〕93号),中国人民银行,EXCLUDE,—,,,,,,198,False,False,
pbc,c4ebb04d49404dd60460b323bd8ff9d1c40abdc0d5a7badd1f5306e953626761,公告〔2011〕第3号,中国人民银行公告〔2011〕第3号（加强全国银行间债券市场交易管理）,中国人民银行,EXCLUDE,—,,,,,,222,True,False,
pbc,ff90f6f99ae42341eafd7908a4c92425d2308a426f9066befa6781500e49187d,银发〔2011〕66号,中国人民银行关于做好差别化住房信贷政策实施工作的通知(银发〔2011〕66号),中国人民银行,EXCLUDE,—,,,,,,182,False,False,
pbc,6a79c68c11e87895be36bc85d60b4a7bf6692d086e8093bdc9a18b128083a435,银发〔2011〕74号,中国人民银行关于印发《中国外汇交易中心（全国银行间同业拆借中心）业务监督管理规则》的通知(银发〔2011〕74号),中国人民银行,EXCLUDE,—,,,,,,254,True,False,
pbc,8d9767d2c008b3bfdc712aa7033e097059b2f1ce566eb168e0262b7b81faeb10,银发〔2011〕73号,中国人民银行关于印发《银行间市场清算所股份有限公司业务监督管理规则》的通知(银发〔2011〕73号),中国人民银行,EXCLUDE,—,,,,,,226,True,False,
pbc,e5ce4f73794e9d465db3680f06b4e879391bba36cd986b170760f6a5247c72cb,银发〔2011〕79号,中国人民银行关于印发《中央国债登记结算有限责任公司业务监督管理规则》的通知(银发〔2011〕79号),中国人民银行,EXCLUDE,—,,,,,,226,True,False,
pbc,a6d6e243c04d2c96aebdb3a0e34cba10342cd023d9213e236d856022fb2a43d8,银办发〔2011〕37号,中国人民银行办公厅关于加强网上支付跨行清算系统业务管理的通知 (银办发〔2011〕37号),中国人民银行,EXCLUDE,—,,,,,,278,True,False,
pbc,fd2fabacb04d7a92aada862bd28952f33f7c453eb4f9aa0ed546ae8263cd1314,银发〔2011〕145号,中国人民银行关于明确跨境人民币业务相关问题的通知（银发〔2011〕145号）,中国人民银行,EXCLUDE,—,,,,,,178,False,False,
pbc,d8adb6235191d0fb869dba266bb55fa64b2884fd65f9cbf7ec5140f817e997f6,公告〔2011〕第1号,中国人民银行公告〔2011〕第1号)（境外直接投资人民币结算试点管理办法）,中国人民银行,EXCLUDE,—,,,,,,234,True,False,
pbc,f5070734398034ed04cb548ffe3458d755da9ac2bbcefcfea7e5a660fa214a82,银发〔2010〕336号,中国人民银行关于印发《金融统计事项报备制度》的通知（银发〔2010〕336号）,中国人民银行,EXCLUDE,—,,,,,,236,True,False,
pbc,e4e08694b5b733950c09b8527e0e97f0f6c7171ce599294980b64b86f715ee79,银发〔2010〕365号,中国人民银行 中国银行业监督管理委员会关于印发《融资性担保公司接入征信系统管理暂行规定》的通知（银发〔2010〕365号）,中国人民银行,EXCLUDE,中,,,,银行业,[title]…中国人民银行 中国银行业监督管理委员会关于印发《融资性担保公司接入征信系统管理暂行规定》的通知（银发〔2010〕365号） 中国人民银…,351,True,False,
pbc,9a9d51141ce1ba8c03004c0e08a7d39b4623c6ce0a164f8a19c203a3b055cca4,银办发〔2010〕221号,中国人民银行办公厅关于境外机构人民币银行结算账户存款利率有关事宜的通知（银办发〔2010〕221号）,中国人民银行,EXCLUDE,—,,,,,,226,True,False,
pbc,71089f0eefb7da4c6da03ba18a282fdfaa1b525a981ae6f5a6e61bd1607060c7,银发〔2010〕273号,中国人民银行 财政部 教育部 人力资源社会保障部关于全面推行中职学生资助卡 加强中职国家助学金发放监管工作的通知（银发〔2010〕273号）,中国人民银行,EXCLUDE,—,,,,,,558,True,False,
pbc,dbeeb3753e97d27e0b757162dcdc19a42fd6ac50263f45f054406b7be3b4d57e,银发〔2010〕275号,中国人民银行 中国银行业监督管理委员会关于完善差别化住房信贷政策有关问题的通知（银发〔2010〕275号）,中国人民银行,EXCLUDE,中,,,,银行业,[title]…中国人民银行 中国银行业监督管理委员会关于完善差别化住房信贷政策有关问题的通知（银发〔2010〕275号） 中国人民银行 中国银行业监…,238,True,False,
pbc,8144643e3857677c957b74ef486293fdf8dcdda969b4708ce211646fb065eb14,银发〔2010〕249号,中国人民银行关于印发《境外机构人民币银行结算账户管理办法》的通知(银发〔2010〕249号),中国人民银行,EXCLUDE,—,,,,,,210,True,False,
pbc,e68a477ac2ef21ae904845d400ba95763d1da6df0f3680b31e3ead34fcde46a2,银办发〔2010〕152号,中国人民银行办公厅关于印发征信系统数据质量量化考评达标制方案的通知（银办发〔2010〕152号）,中国人民银行,EXCLUDE,—,,,,,,388,True,False,
pbc,87f7e6d71bdf468c68ca586cf98652f1ba9e02af625a7787dd6397124d21576d,银发〔2010〕211号,中国人民银行 发展改革委 工业和信息化部 财政部 税务总局 证监会关于促进黄金市场发展的若干意见（银发〔2010〕211号）,中国人民银行,EXCLUDE,—,,,,,,274,True,False,
pbc,c02652bc5be8b3441200de8a2af464e70c1aee06ae9e3fac1b90138efcdb72c9,银发〔2010〕181号,中国人民银行关于建立征信系统应用成效上报制度的通知（银发〔2010〕181号）,中国人民银行,EXCLUDE,—,,,,,,248,True,False,
pbc,d64a7616e8033e7322ec04c2e3d5f3d1ec3ccc525dfd629d84ded394a6caa723,银发〔2010〕88号,中国人民银行印发《关于对违法签发支票行为行政处罚若干问题的实施意见（试行）》的通知（银发〔2010〕88号）,中国人民银行,EXCLUDE,—,,,,,,242,True,False,
pbc,cac40efdfbe7f999f54ffcdbb458e13f2aed755afd5edd4f5b3cfe644d6140eb,银发〔2010〕37号,中国人民银行 中国银行业监督管理委员会关于做好城市和国有工矿棚户区改造金融服务工作的通知（银发〔2010〕37号）,中国人民银行,EXCLUDE,中,,,,银行业,[title]…中国人民银行 中国银行业监督管理委员会关于做好城市和国有工矿棚户区改造金融服务工作的通知（银发〔2010〕37号） 中国人民银行 中国…,254,True,False,
pbc,b11153c7094dd0ddc7653d22b88f8697b90030bba30c9b2fe0a5a78951a40ba6,银发〔2009〕212号,中国人民银行关于印发《跨境贸易人民币结算试点管理办法实施细则》的通知(银发〔2009〕212号),中国人民银行,EXCLUDE,—,,,,,,218,True,False,
pbc,3b251724faeb097b351ce4a0f40ca96326de5292fc39f2e35d387de9e34e5d85,公告〔2009〕第10号,中国人民银行 财政部 商务部 海关总署 国家税务总局 中国银行业监督管理委员会公告〔2009〕第10号（跨境贸易人民币结算试点管理办法）,中国人民银行,EXCLUDE,中,,,,银行业,[title]…中国人民银行 财政部 商务部 海关总署 国家税务总局 中国银行业监督管理委员会公告〔2009〕第10号（跨境贸易人民币结算试点管理办法） 中国人民银行 财政部 商务部 海关总…,460,True,False,
pbc,8300898bca678131c3ec81e2d4388d1c36a162c3b72f74eacd9ee8997cba7bd2,银发〔2009〕167号,中国人民银行关于印发《中央银行会计核算电子对账系统管理办法》的通知(银发〔2009〕167号),中国人民银行,EXCLUDE,—,,,,,,292,True,False,
pbc,7fdde1e24809a97e05c9b3190bb250cf0fe9c3a37788d4dafb8f9c4b91aa2a66,公告〔2009〕第6号,中国人民银行公告〔2009〕第6号（全国银行间债券市场金融债券发行管理操作规程）,中国人民银行,EXCLUDE,—,,,,,,246,True,False,
pbc,d65ea668104a531f7f4b637ad80a27264d6da56a9ac6bbc92e80df77ee786ea6,公告〔2009〕第4号,中国人民银行公告〔2009〕第4号（同意银行间市场交易商协会发布《中国银行间市场金融衍生产品交易主协议》）,中国人民银行,EXCLUDE,—,,,,,,298,True,False,
pbc,753cb9cba4d61d449dd514968ee21b8c802a18e270f25438583c67aa6aa8534e,银发〔2008〕391号,中国人民银行关于进一步加强金融机构反洗钱工作的通知(银发〔2008〕391号),中国人民银行,EXCLUDE,—,,,,,,182,False,True,RFN-39e70f33653e140c;RFN-39e70f33653e140c
pbc,43aacec1bdf1209fb0feeb991ec91dae9a0e251687f9bc80faa4428722665984,银发〔2008〕387号,中国人民银行关于境内外币支付系统业务处理有关事项的通知(银发〔2008〕387号),中国人民银行,EXCLUDE,—,,,,,,357,True,False,
pbc,b64a9be417dbec0f7aaff0c0e68a7b326da059b44e411d931fb117fcb45e4261,银发〔2008〕355号,中国人民银行 中国银行业监督管理委员会关于印发《廉租住房建设贷款管理办法》的通知（银发〔2008〕355号）,中国人民银行,EXCLUDE,中,,,,银行业,[title]…中国人民银行 中国银行业监督管理委员会关于印发《廉租住房建设贷款管理办法》的通知（银发〔2008〕355号） 中国人民银行 中国银行业…,242,True,False,
pbc,7e52410267f13de104f10a359f23b3580c2de130f5a8a9d9146ebfa66dc9fabe,银发〔2008〕291号,中国人民银行关于印发《境内外币支付系统危机处置预案（试行）》的通知(银发〔2008〕291号),中国人民银行,EXCLUDE,—,,,,,,292,True,False,
pbc,0ade0495a7a425367be17b1e986bea6a21f749f7e5d04f623f1195f19c8b4c10,银发〔2008〕191号,中国人民银行关于进一步落实个人人民币银行存款账户实名制的通知(银发〔2008〕191号),中国人民银行,EXCLUDE,—,,,,,,202,True,False,
pbc,415278844a13d17b771ba7d32b025cf4d3e3e59718ea3fd28c19cd9c405d89e2,银发〔2008〕167号,中国人民银行关于印发《境内外币支付系统业务处理规定（试行）》的通知(银发〔2008〕167号),中国人民银行,EXCLUDE,—,,,,,,292,True,False,
pbc,19cda923abf774b190f5e89d9ae70472efcb40f894db2fbfb4c4bebf26ac8219,银发〔2008〕162号,中国人民银行关于各国驻华使馆、领事馆和各国际组织驻华代表机构开立人民币银行结算账户有关问题的通知(银发〔2008〕162号),中国人民银行,EXCLUDE,—,,,,,,369,True,False,
pbc,96aa19ce15d2b650ca19070be346716d61ce357ae1d4d815c7bdbff038aa75d9,银发〔2008〕147号,中国人民银行关于印发《境内外币支付系统运行管理规定（试行）》的通知(银发〔2008〕147号),中国人民银行,EXCLUDE,—,,,,,,292,True,False,
pbc,8c2713fad7efad715574d76a05c70fc80f33ef3b0755d1df11d7e371a9103710,银发〔2008〕146号,中国人民银行关于印发华东三省一市银行汇票业务有关规定的通知(银发〔2008〕146号),中国人民银行,EXCLUDE,—,,,,,,198,False,False,
pbc,4b3eaf642707674b8a95e455dbc4add0176fab17b9beedba664b066997338777,银发〔2008〕137号,中国人民银行 中国银行业监督管理委员会关于村镇银行、贷款公司、农村资金互助社、小额贷款公司有关政策的通知 (银发〔2008〕137号),中国人民银行,EXCLUDE,中,,,,银行业,[title]…中国人民银行 中国银行业监督管理委员会关于村镇银行、贷款公司、农村资金互助社、小额贷款公司有关政策的通知 (银发〔2008〕137号)…,297,True,False,
pbc,7b70f60002b01609b30f5646acf02ec55824a7ffbaf164554f7ba3482aef4d17,银办发〔2008〕102号,中国人民银行办公厅关于印发《境内外币支付系统代理结算银行管理规定（试行）》的通知(银办发〔2008〕102号),中国人民银行,EXCLUDE,—,,,,,,246,True,False,
pbc,90dc89d242e89c65884be0683c43e8ece6cf6198309bf52526c3d28d578372fb,银发〔2008〕125号,中国人民银行关于印发《境内外币支付系统管理办法（试行）》的通知(银发〔2008〕125号),中国人民银行,EXCLUDE,—,,,,,,206,True,False,
pbc,33e028a7d8d46e0fb9771e311dae8986b4c53a9cf2d81a6ea2c4833f6bd6204e,银办发〔2008〕101号,中国人民银行办公厅关于做好境内外币支付系统数字证书申请工作的通知(银办发〔2008〕101号),中国人民银行,EXCLUDE,—,,,,,,283,True,False,
pbc,2e0afd8b770ded9411699e5c42f1ef8d2d99ebf2dfd933252932307b9052c7fd,银发〔2008〕75号,中国人民银行关于加强银行间债券市场信用评级作业管理的通知(银发〔2008〕75号),中国人民银行,EXCLUDE,—,,,,,,336,True,False,
pbc,4b3b07070c0afaa6cba24841fbf9022dc4e5702be287f1a3eb4472c912b9ead5,银发〔2008〕47号,中国人民银行关于授权核定地方性法人金融机构存款准备金和财政存款交存范围的通知（银发〔2008〕47号）,中国人民银行,EXCLUDE,—,,,,,,230,True,False,
pbc,309d7c1dc059feebb900048f8f244334d56b49918a36f484ec3b8afd4972c615,公告〔2008〕第3号,中国人民银行 海关总署公告〔2008〕第3号（据《中华人民共和国金银管理条例》公告黄金及其制品进出口准许事宜）,中国人民银行,EXCLUDE,—,,,,,,321,True,False,
pbc,2872f3ab649240f4d67f56a46698b57ea81313ea9332200400b7dad83876a99d,银发〔2008〕18号,中国人民银行关于开展人民币利率互换业务有关事宜的通知 （银发〔2008〕18号）,中国人民银行,EXCLUDE,—,,,,,,186,False,False,
pbc,505b61cdc43a1ba259364092aa11ca5913ec9951e1c527612c7afb5d848667b0,银发〔2008〕13号,中国人民银行 中国银行业监督管理委员会关于印发《经济适用住房开发贷款管理办法》的通知（银发〔2008〕13号）,中国人民银行,EXCLUDE,中,,,,银行业,[title]…中国人民银行 中国银行业监督管理委员会关于印发《经济适用住房开发贷款管理办法》的通知（银发〔2008〕13号） 中国人民银行 中国银行…,246,True,False,
pbc,79c093df627c1f68864f816002dd3cd365c564964fab9632a50b23007f5d03b5,银发〔2007〕452号,中国人民银行 中国银行业监督管理委员会关于加强商业性房地产信贷管理的补充通知（银发〔2007〕452号),中国人民银行,EXCLUDE,中,,,,银行业,[title]…中国人民银行 中国银行业监督管理委员会关于加强商业性房地产信贷管理的补充通知（银发〔2007〕452号) 中国人民银行 中国银行业监督…,234,True,False,
pbc,d21ce57125321a35201dd135f66d5f3626381f3b6b7976fb57c35d35194fee02,银发〔2007〕441号,中国人民银行关于印发依托小额支付系统办理银行本票业务有关管理规定的通知(银发〔2007〕441号),中国人民银行,EXCLUDE,—,,,,,,480,True,False,
pbc,cd9db97d6ee6cbd4b4d61364020205e12aa2a9060c2cf00a2c0842863a774f65,银发〔2007〕436号,中国人民银行关于转发FATF有关伊朗问题声明的通知(银发〔2007〕436号),中国人民银行,EXCLUDE,—,,,,,,245,True,False,
pbc,606bbe6ae0db3901aaabf5fc88590e2b0097c7ef83bde65154110462f9ecda24,银发〔2007〕385号,中国人民银行关于印发《联网核查公民身份信息系统突发事件应急预案(试行)》的通知(银发〔2007〕385号),中国人民银行,EXCLUDE,—,,,,,,334,True,False,
pbc,252dcfdbff3fe706e50ad34212ecb3b99f096f03c9dc5d89c9a9838bdfaeda4b,银发〔2007〕384号,中国人民银行关于印发《银行业金融机构加入、退出支付系统管理办法（试行）》的通知(银发〔2007〕384号),中国人民银行,EXCLUDE,中,,,,银行业金融机构,[title]…中国人民银行关于印发《银行业金融机构加入、退出支付系统管理办法（试行）》的通知(银发〔2007〕384号) 中国人民银行关于印发《银行业金融机构加…,336,True,False,
pbc,a96a1b15872e20df36a3a06d1a3ef3c0cc26510fd0eddbdab113fb1c946c58df,公告〔2007〕第20号,中国人民银行公告〔2007〕第20号（远期利率协议业务管理规定）,中国人民银行,EXCLUDE,—,,,,,,217,True,False,
pbc,30613a4b5566c14c4df6d6ba5ec72a357abab1fe2bfbb264834f2d1ff5b9dc52,银发〔2007〕359号,中国人民银行 中国银行业监督管理委员会关于加强商业性房地产信贷管理的通知（银发〔2007〕359号）,中国人民银行,EXCLUDE,中,,,,银行业,[title]…中国人民银行 中国银行业监督管理委员会关于加强商业性房地产信贷管理的通知（银发〔2007〕359号） 中国人民银行 中国银行业监督管理…,226,True,False,
pbc,71277e08434f4f6df9d8725dd5cd59c7701422453f926a6986c178491312d98e,银发〔2007〕345号,中国人民银行 公安部关于切实做好联网核查公民身份信息有关工作的通知(银发〔2007〕345号),中国人民银行,EXCLUDE,—,,,,,,235,True,False,
pbc,d42d5e468f4ffcb07392dfc0541be2e2a046b359e16d0e6115f3356b968ea83e,公告〔2007〕第19号,中国人民银行公告〔2007〕第19号（公告公司债券在银行间债券市场发行、交易和登记有关事宜）,中国人民银行,EXCLUDE,—,,,,,,274,True,False,
pbc,785feed878a983419fbb9f34b37264ba7fb3fe8e32db098d6181c20aef7aea89,公告〔2007〕第16号,中国人民银行公告〔2007〕第16号（加强信贷资产证券化基础资产池信息披露）,中国人民银行,EXCLUDE,—,,,,,,241,True,False,
pbc,447c289e670721863cbaa40cd92a16990b93bc7a873238713aedf9de34c04ec1,银发〔2007〕280号,中国人民银行关于做好特殊残缺污损人民币兑换工作有关事项的通知（银发〔2007〕280号）,中国人民银行,EXCLUDE,—,,,,,,202,True,False,
pbc,b911e64a895bfc1cd317702f43edd5e0ab4d1f51e9c3bdcdfeaec62ca45ad49b,银发〔2007〕273号,中国人民银行关于加强银行卡境外受理业务管理有关问题的通知(银发〔2007〕273号),中国人民银行,EXCLUDE,—,,,,,,194,False,False,
pbc,e1ecee7101ffc40c94be804e8ec7820fdfc4bbe5849a9b8813a330d99accff74,银发〔2007〕252号,中国人民银行关于税务代保管资金账户销户问题的通知(银发〔2007〕252号),中国人民银行,EXCLUDE,—,,,,,,178,False,False,
pbc,94dfc8373a3ea4b8cdb7421578d8a4ec6d2efee8c60033258c1c1646f1e4adeb,公告〔2007〕第12号,中国人民银行 国家发展和改革委员会公告〔2007〕第12号（境内金融机构赴香港特别行政区发行人民币债券管理暂行办法）,中国人民银行,EXCLUDE,—,,,,,,354,True,False,
pbc,e8fe92aa5957e27904274510b475e10340f40b10f7c9496f1fec99ee88b64838,银发〔2007〕158号,中国人民银行关于印发《中国人民银行反洗钱调查实施细则（试行）》的通知(银发〔2007〕158号),中国人民银行,EXCLUDE,—,,,,,,239,True,True,RFN-2a5f9307327d6bbf;RFN-2a5f9307327d6bbf
pbc,516bae5a11ca6895351e28ff450824b6b761800e7a03783c7d1b8049aedddfa2,银办发〔2007〕126号,中国人民银行办公厅关于印发《银行业金融机构联网核查公民身份信息业务处理规定(试行)》和《联网核查公民身份信息系统操作规程(试行)》的通知(银办发〔2007〕126号),中国人民银行,EXCLUDE,中,,,,银行业金融机构,[title]…中国人民银行办公厅关于印发《银行业金融机构联网核查公民身份信息业务处理规定(试行)》和《联网核查公民身份信息系统操作规程(试行)》的通知(银办发〔200…,358,True,False,
pbc,f41cea4925ec2a81a0786e642b1c003648a5c0e5927d964d73e9de869cf7e136,公告〔2007〕第9号,中国人民银行公告〔2007〕第9号（中国人民银行关于扩大银行间即期外汇市场人民币兑美元交易价浮动幅度的公告）,中国人民银行,EXCLUDE,—,,,,,,302,True,False,
pbc,7a0919f92d05289645c6ad30c05dfb61f2b1b3b1d80c470b61bdef75711c2892,银发〔2007〕154号,中国人民银行关于改进个人支付结算服务的通知(银发〔2007〕154号),中国人民银行,EXCLUDE,—,,,,,,166,False,False,
pbc,320ba6d37ccf61d69401ebd45df2deaf8ea60bacc5ce079524099a438c8c4827,银办发〔2007〕100号,中国人民银行办公厅关于印发《支付管理信息系统管理办法》（试行）的通知(银办发〔2007〕100号),中国人民银行,EXCLUDE,—,,,,,,222,True,False,
pbc,90c4da909abda377876eb4b6a81c4b69dd88383427638b940945a2371786faac,银办发〔2007〕76号,中国人民银行办公厅关于印发《人民币银行结算账户批量迁移管理规定》的通知(银办发〔2007〕76号),中国人民银行,EXCLUDE,—,,,,,,243,True,False,
pbc,056d1939c9d35fb69fbf70f583572b83e417058a36a8f2ff6fe870400b0ef6ef,银办发〔2007〕77号,中国人民银行办公厅关于印发《空白开户许可证管理规定》的通知(银办发〔2007〕77号),中国人民银行,EXCLUDE,—,,,,,,219,True,False,
pbc,6325715a7d411825f1c56055f29037e81548569a4e278ae124c9fadcbc29134d,银办发〔2007〕75号,中国人民银行办公厅关于印发《人民币银行结算账户管理系统银行机构代码信息管理规定》的通知(银办发〔2007〕75号),中国人民银行,EXCLUDE,—,,,,,,275,True,False,
pbc,04378a4900a4a6a5c2ea0f3652db815c6e09b873ea3c0a345613c93988e68ca5,银办发〔2007〕74号,中国人民银行办公厅关于印发《人民币银行结算账户管理系统业务处理办法》的通知(银办发〔2007〕74号),中国人民银行,EXCLUDE,—,,,,,,230,True,False,
pbc,a6796f09f1d42f12137670cb329ad92e3827675b9985ba820628f37e3e9b5bdf,银发〔2007〕81号,中国人民银行关于政策性银行为合格境外机构办理人民币贷款业务和货币互换业务有关问题的通知(银发〔2007〕81号),中国人民银行,EXCLUDE,—,,,,,,250,True,False,
pbc,88cbfed90139edbcdcc3f25f2ede176d55a585c943b880f34c7c8649e5f907be,公告〔2007〕第1号,中国人民银行公告〔2007〕第1号（全国银行间债券市场做市商管理规定）,中国人民银行,EXCLUDE,—,,,,,,226,True,False,
pbc,be232eb4ca0115289433fdf1c92d78cc10ab1bb984dd5c0c8206a2b782aa17d2,公告〔2006〕第15号,中国人民银行公告〔2006〕第15号（全国银行间债券市场债券借贷业务管理暂行规定）,中国人民银行,EXCLUDE,—,,,,,,253,True,False,
pbc,8b006227b1bd914f682c7b623e108b726253eeb42173e78d1f00d628c141fbff,银发〔2006〕354号,中国人民银行关于印发《中国人民银行人民币样币管理办法》的通知(银发〔2006〕354号),中国人民银行,EXCLUDE,—,,,,,,202,True,False,
pbc,77c9de6c32ab2a9be2dba6dd7a09d9a84d7c14fd9f083442e49b30cd2e94edf6,银办发〔2006〕230号,中国人民银行办公厅关于严格执行人民币银行结算账户管理制度有关事项的通知(银办发〔2006〕230号),中国人民银行,EXCLUDE,—,,,,,,226,True,False,
pbc,cf69baffed91826fc52967238b218b78250591c96e3ade83a052e99668edbe72,银发〔2006〕217号,中国人民银行关于增强爱护人民币意识 维护人民币流通秩序的通知(银发〔2006〕217号),中国人民银行,EXCLUDE,—,,,,,,202,True,False,
pbc,1de363972443ef47bcfadc3e3511b7dec01288492cd752bc98868532a2c81ca0,银发〔2006〕121号,中国人民银行 中国银行业监督管理委员会 国家外汇管理局关于发布《商业银行开办代客境外理财业务管理暂行办法》的通知（银发〔2006〕121号）,中国人民银行,EXCLUDE,中,,,,商业银行|银行业,[title]…中国人民银行 中国银行业监督管理委员会 国家外汇管理局关于发布《商业银行开办代客境外理财业务管理暂行办法》的通知（银发〔2006〕12…,306,True,False,
pbc,85cc0c04bd37f2cf4143a0eb0952a813140134c9412c91dcb1edba7a03e363b5,银发〔2006〕112号,中国人民银行 信息产业部关于商业银行与电信企业共享企业和个人信用信息有关问题的指导意见(银发〔2006〕112号),中国人民银行,EXCLUDE,中,,,,商业银行,[title]…中国人民银行 信息产业部关于商业银行与电信企业共享企业和个人信用信息有关问题的指导意见(银发〔2006〕112号) 中国人民银行 信息产业部关于商…,254,True,False,
pbc,e669b0acdf2c3bd580e31293049138a7ef0ace4f6e58e0eae5dbf2f46eddb643,公告〔2006〕第3号,中国人民银行公告〔2006〕第3号（上海总部承办金融机构进入全国银行间债券市场准入等管理工作）,中国人民银行,EXCLUDE,—,,,,,,274,True,False,
pbc,7147e201c5162d3828afed34a5edd010854c6a6f8d18bbe517e47fc711c76d62,银发〔2006〕95号,中国人民银行信用评级管理指导意见(银发〔2006〕95号),中国人民银行,EXCLUDE,—,,,,,,142,False,False,
pbc,01851e2f849816e29742dbbf9c254ca68e6923964dccd0650b2db2870e1335e8,银办发〔2006〕54号,中国人民银行办公厅关于规范银行汇票专用章事项的通知(银办发〔2006〕54号),中国人民银行,EXCLUDE,—,,,,,,182,False,False,
pbc,a2007343fdbfba5be9e8e786bd8dd0d6f5045af48483245fe9967b0e245125b0,银发〔2006〕71号,中国人民银行关于规范人民币银行结算账户管理有关问题的通知(银发〔2006〕71号),中国人民银行,EXCLUDE,—,,,,,,672,True,False,
pbc,2cdfc494b1e171a89ae31f88bdf0d8a9e8e424d476023ffa012c95e90b2fe085,银发〔2006〕44号,中国人民银行关于印发《香港人民币支票业务管理办法》的通知(银发〔2006〕44号),中国人民银行,EXCLUDE,—,,,,,,190,False,False,
pbc,383c37100667f0c6aea29447c3e06848606b993dd7ca25fe0f99b16230ab3635,银办发〔2006〕24号,中国人民银行办公厅关于印发《小额支付系统质押业务管理暂行办法》和《小额支付系统质押业务主协议》的通知(银办发〔2006〕24号),中国人民银行,EXCLUDE,—,,,,,,282,True,False,
pbc,1589afff0401472c8678ec6f68de4f8c747a4d0c4d376d4242518f9945c5bd63,银发〔2006〕26号,中国人民银行关于印发《国库信息处理系统税收缴库业务处理暂行办法》的通知（银发〔2006〕26号）,中国人民银行,EXCLUDE,—,,,,,,218,True,False,
pbc,e55f6edbd88926fb21b0442c61dcb9b1dce8a3196a93516ee38678a8540bbbb6,公告〔2006〕第1号,中国人民银行公告〔2006〕第1号（关于进一步完善银行间即期外汇市场的公告）,中国人民银行,EXCLUDE,—,,,,,,238,True,False,
pbc,421a47f1e7a9bfe2d8f6b2c7aa0806db28a6c790484bcacf31c004641c2a3874,银发〔2005〕387号,中国人民银行 财政部 国家税务总局关于印发《待缴库税款收缴管理办法》的通知（银发〔2005〕387号）,中国人民银行,EXCLUDE,—,,,,,,230,True,False,
pbc,d0f6019ecc011afe3a99d246a48e84af99ce799fdc2e90aef731147e60e8e4bf,银发〔2005〕359号,中国人民银行关于内地银行与香港银行办理人民币业务有关问题的补充通知 (银发〔2005〕359号),中国人民银行,EXCLUDE,—,,,,,,218,True,False,
pbc,fe8f6854ff84685064d60bec60986c1c013c0ccd6245b295c0587ebd51d524f0,公告〔2005〕第25号,中国人民银行公告〔2005〕第25号（中国人民银行自动质押融资业务管理暂行办法）,中国人民银行,EXCLUDE,—,,,,,,249,True,False,
pbc,99073e249d40ab6721e1a44d921381638d6bcc7960c7a31e904972542f4c07a9,公告〔2005〕第23号,中国人民银行公告〔2005〕第23号（电子支付指引 （第一号））,中国人民银行,EXCLUDE,—,,,,,,217,True,False,
pbc,7a238b19493a669631cb7754b09f9f9515c94131b10793b6f94ae39218b615bf,银发〔2005〕235号,中国人民银行关于完善票据业务制度有关问题的通知（银发〔2005〕235号）,中国人民银行,EXCLUDE,—,,,,,,174,False,False,
pbc,41a28a7f9e6894341d240350321126bd13b31162b3d15a0c0736e556314a579f,银办发〔2005〕216号,中国人民银行办公厅关于人民币银行结算账户账号批量变更有关事项的通知(银办发〔2005〕216号),中国人民银行,EXCLUDE,—,,,,,,218,True,False,
pbc,b9c8ae8f1efc5198db7a0ea6325893d763f2892399689efd20c7bc7dd45e4358,银发〔2005〕225号,中国人民银行关于全国银行间债券市场债券远期交易保证金存款利率问题的通知（银发〔2005〕225号）,中国人民银行,EXCLUDE,—,,,,,,222,True,False,
pbc,0bd9de20062aa9468c015ae2e2b497f324953963af4c1428bffe964fc58bc530,公告〔2005〕第16号,中国人民银行公告〔2005〕第16号（中国人民银行关于完善人民币汇率形成机制改革的公告）,中国人民银行,EXCLUDE,—,,,,,,265,True,False,
pbc,58c323f8a838bce89d3fca08c9339b990447168a8742acb5153b72bb4e52041f,公告〔2005〕第14号,中国人民银行公告〔2005〕第14号（资产支持证券信息披露规则）,中国人民银行,EXCLUDE,—,,,,,,217,True,False,
pbc,a4dd91380efcc38f541bdda5a84f852b47589d4130f08c9196a3c4942d6c7864,银发〔2005〕129号,中国人民银行关于人民币存贷款计结息问题的通知（银发〔2005〕129号）,中国人民银行,EXCLUDE,—,,,,,,224,True,False,
pbc,bd81e241f0713c6890afd81a44f1d396e0432e3e2e1cac68de5777d8c8fbe3d3,公告〔2005〕第9号,中国人民银行公告〔2005〕第9号（全国银行间债券市场债券远期交易管理规定）,中国人民银行,EXCLUDE,—,,,,,,238,True,False,
pbc,adfc660585d137a20027b750990ab5b069f9dce017545fdacc334ab45650df36,银发〔2005〕116号,中国人民银行关于境外投资者因经营受让不良债权开立人民币银行结算账户有关问题的通知(银发〔2005〕116号),中国人民银行,EXCLUDE,—,,,,,,242,True,False,
pbc,0f728b41383a6701e220d2e832bd1406f3c7406f6459b61966619b006d9c416c,公告〔2005〕第7号,中国人民银行 中国银行业监督管理委员会公告〔2005〕第7号(信贷资产证券化试点管理办法),中国人民银行,EXCLUDE,中,,,,银行业,[title]…中国人民银行 中国银行业监督管理委员会公告〔2005〕第7号(信贷资产证券化试点管理办法) 中国人民银行 中国银行业监督管理委员会公告…,305,True,False,
pbc,8d011d3d015c584e2071b982f50c8b6bade1f5c13e05c037fc09a8a9a292ba88,银发〔2005〕16号,中国人民银行关于印发《人民币银行结算账户管理办法实施细则》的通知(银发〔2005〕16号),中国人民银行,EXCLUDE,—,,,,,,206,True,False,
pbc,09c0a7405f61ea868f374bd3b06c55a26005e77d1a15e32e65d83e538ad1d336,银发〔2004〕302号,中国人民银行关于加强存款准备金管理的通知（银发〔2004〕302号）,中国人民银行,EXCLUDE,—,,,,,,162,False,False,
pbc,9f413622b11b15e479170ac52365e95a23cdbd774a13a331d96d32b1a392649a,公告〔2004〕第18号,中国人民银行公告〔2004〕第18号（关于调整国家货币出入境限额）,中国人民银行,EXCLUDE,—,,,,,,221,True,False,
pbc,21a2809b54f318d2b9476d32b8bea64f4de43429682fcbfcd50752c1c1cf57bc,公告〔2004〕第16号,中国人民银行公告〔2004〕第16号（个人财产对外转移售付汇管理暂行办法）,中国人民银行,EXCLUDE,—,,,,,,237,True,False,
pbc,9fc15d2e3d86957c59827a022972ad6a7d9c0be3caf035164ea6bdd7454d0896,银发〔2004〕254号,中国人民银行关于内地银行与香港和澳门银行办理个人人民币业务有关问题的通知 (银发〔2004〕254号),中国人民银行,EXCLUDE,—,,,,,,230,True,False,
pbc,a7c644a1df0db1acd61c6f30281f51578734220a855f02f91f25a0b7463c36b8,银办发〔2004〕213号,中国人民银行办公厅关于印发《银联卡跨行业务资金清算通过大额支付系统处理办法（试行）》和《中国银联信息处理系统接入支付系统流程和应急方案》的通知(银办发〔2004〕213号),中国人民银行,EXCLUDE,—,,,,,,370,True,False,
pbc,f3c449a123bff758d27c1fe8c843aa3767cbddf57a702df7449cc61bbc8400d8,银发〔2004〕247号,中国人民银行 海关总署关于印发《澳门清算银行调运人民币现钞进出境通关业务管理办法》的通知(银发〔2004〕247号),中国人民银行,EXCLUDE,—,,,,,,258,True,False,
pbc,3f9438359e8950ad9056de851233e989f317f9cd04599c490fcdfb65b60ce83b,公告〔2004〕第12号,中国人民银行公告〔2004〕第12号（证券公司短期融资券管理办法）,中国人民银行,EXCLUDE,中,,,,证券公司,[title]…中国人民银行公告〔2004〕第12号（证券公司短期融资券管理办法） 中国人民银行公告〔2004〕第12号（证券公司短期融资券管理办法）（中国人民银行公告〔2…,221,True,False,
pbc,24489984cb1945ab76b7c70333f469201756aeab61c3c98c4f333b8049a59000,银发〔2004〕235号,中国人民银行关于调整票据、结算凭证种类和格式的通知(银发〔2004〕235号),中国人民银行,EXCLUDE,—,,,,,,340,True,False,
pbc,589dda5ecb7b6288c8c13f050ba481cd9b3c9f3ba16dd1a24e96d9b71d87597c,银办发〔2004〕206号,中国人民银行办公厅关于印发《城市商业银行银行汇票业务依托大额支付系统处理办法（试行）》和《城市商业银行银行汇票处理系统接入支付系统流程和应急方案》的通知(银办发〔2004〕206号),中国人民银行,EXCLUDE,中,,,,商业银行,[title]…中国人民银行办公厅关于印发《城市商业银行银行汇票业务依托大额支付系统处理办法（试行）》和《城市商业银行银行汇票处理系统接入支付系统流程和应急方案》的通…,390,True,False,
pbc,6d93a01419a2fa9670c8e9b4ee964c274688bbe033380f909942384de235c9ba,银发〔2004〕72号,中国人民银行关于银行业金融机构报送会计财务资料有关事宜的通知（银发〔2004〕72号）,中国人民银行,EXCLUDE,中,,,,银行业金融机构,[title]…中国人民银行关于银行业金融机构报送会计财务资料有关事宜的通知（银发〔2004〕72号） 中国人民银行关于银行业金融机构报送会计财务资料有关事…,198,False,False,
pbc,c439c32e769074d2774647fa6817f38b20328228bc10c560aeba5ef15813b7b1,银发〔2004〕10号,中国人民银行 海关总署关于印发《香港清算银行调运人民币现钞进出境通关业务管理办法》的通知（银发〔2004〕10号）,中国人民银行,EXCLUDE,—,,,,,,254,True,False,
pbc,6220bcaeb307a9df828c721d1850c4e9535bfc3bd38d6eaa32c0efdb96a00aea,公告〔2003〕第16号,中国人民银行公告〔2003〕第16号（关于为香港银行开办人民币业务提供清算安排的公告）,中国人民银行,EXCLUDE,—,,,,,,261,True,False,
pbc,0eede7fa639f07c5bf032779ed45ba8959271438260c1ce6044face3371cf438,银发〔2003〕232号,中国人民银行关于信托投资公司人民币银行结算账户开立和使用有关事项的通知(银发〔2003〕232号),中国人民银行,EXCLUDE,—,,,,,,222,True,False,
pbc,21f8bda7b4cc452db05fbab9a7a46a479d10167df2d5a8846fbbf2d274835226,银发〔2003〕189号,中国人民银行关于颁发支付系统银行行别、行号业务标准的通知(银发〔2003〕189号),中国人民银行,EXCLUDE,—,,,,,,216,True,False,
pbc,abdb1de32faff93998af80d1a57ff1aacd4bdb5ba36507a4f3b38235377df8a0,银发〔2003〕121号,中国人民银行关于进一步加强房地产信贷业务管理的通知（银发〔2003〕121号）,中国人民银行,EXCLUDE,—,,,,,,182,False,False,
pbc,b670066f16dd9945bf342a0c01b707cf468bbd3ccdf3e297575fc8eafeff9725,银发〔2002〕124号,中国人民银行关于商业银行办理信用证和保函业务有关问题的通知（银发〔2002〕124号）,中国人民银行,EXCLUDE,中,,,,商业银行,[title]…中国人民银行关于商业银行办理信用证和保函业务有关问题的通知（银发〔2002〕124号） 中国人民银行关于商业银行办理信用证和保函业务有…,198,False,False,
pbc,4520ec5500db26caafc8f8fb20d89560df01064d6b14d1e277ace57c5c812140,银发〔2002〕26号,中国人民银行关于开办粤港港币支票双向结算业务的通知（银发〔2002〕26号 ),中国人民银行,EXCLUDE,—,,,,,,182,False,False,
pbc,0fd60c27dd7a6660dd688ce827661d681fda45a8761b6f593c80bb30e08f1ed4,银发〔2001〕236号,中国人民银行关于切实加强商业汇票承兑贴现和再贴现业务管理的通知（银发〔2001〕236号）,中国人民银行,EXCLUDE,—,,,,,,206,True,False,
pbc,709100188f6b5c42cbe1d63f1118ad39aa3dcba8479e9a125f62ea56b6a07d6a,银发〔2000〕325号,关于开办债券结算代理业务有关问题的通知（银发〔2000〕325号）,,EXCLUDE,—,,,,,,152,False,False,
pbc,23e95a89671df8989f2148a083216ca3cc13f99c9a20c4ba7c21e4fc802f8b9f,银发〔1997〕399号,关于贯彻落实《国务院办公厅关于禁止非法买卖人民币的通知》的通知(银发〔1997〕399号),国务院,EXCLUDE,—,,,,,,203,True,False,
pbc,ff9f67434b93b1dbdc8e253027de9c6c5347e555971af1a84ae1fb9d09b93cb7,银发〔1997〕240号,关于各商业银行停止在证券交易所证券回购及现券交易的通知（银发〔1997〕240号）,,EXCLUDE,中,,,,商业银行,[title]…关于各商业银行停止在证券交易所证券回购及现券交易的通知（银发〔1997〕240号） 关于各商业银行停止在证券交易所证券回购及…,184,False,False,
supp,b48e708cc202e00469e8c07a85e52df84b2b958e5adb554edc1f5099adaf658e,保监消保〔2017〕265号,中国保监会关于落实《保险销售行为可回溯管理暂行办法》有关事项的通知,中国保险监督管理委员会,BOUNDARY,低,人身保险|人身保险公司|健康保险,保险兼业代理|保险销售从业人员,,保险中介机构,[body]…险公司、保险中介机构： 根据《保险销售行为可回溯管理暂行办法》（保监发〔2017〕54号，以下简称《办法》），人身保险公司销售《办法》第六条规定的保险产品，应对销售过程关键环节以现场同步录音录像的方式予以记录。现就有关录音录像业务规…,4225,True,True,RFN-5cd130f376ba34d9
supp,6b09179eaacf8ce8181b9823a761741acdee4b99f9ab5b467d67765102f89954,银保监办发〔2022〕90号,中国银保监会办公厅关于进一步加强消费投诉处理工作的通知,中国银行保险监督管理委员会办公厅,BOUNDARY,低,,,保险公司|保险机构|分支机构,银行业,[body]…〔2022〕90号 各银保监局，各大型银行、股份制银行、外资银行、直销银行、理财公司，各保险集团（控股）公司、保险公司： 为深入贯彻以人民为中心的发展思想，进一步增强金融工作的政治性、人民性，督促银行保险机构切实履行消费投诉处理…,4110,True,True,RFN-24af2c0209f2a1ef;RFN-24af2c0209f2a1ef
supp,f39d857b6dd4088aad6637b7bd3c561b07a0b26ccbaeec93784c4c02e0f0be4b,金办便函〔2024〕66号,关于规范人身保险公司银行代理渠道业务有关事项的通知,国家金融监督管理总局办公厅,INCLUDE,高,人身保险|人身保险公司,,,,[title]…关于规范人身保险公司银行代理渠道业务有关事项的通知 银保渠道报行合一执行细则五方面：①科学设计和备案产品（附加费用率含佣金率上限并…,3151,True,True,RFN-a0b5d56bfe2b37fc;RFN-a0b5d56bfe2b37fc
supp,fdea923b5a6888b6442c658f85bbfac6d084e57f157f77b6c775dfed02f76a95,金办发〔2025〕63号,国家金融监督管理总局办公厅关于进一步加强金融机构营销行为管理的通知,国家金融监督管理总局办公厅,BOUNDARY,低,,,保单|保险产品|保险公司|保险资产管理,保险经纪机构|银行业,[body]…销行为管理的通知 各金融监管局，各大型银行、股份制银行、外资银行、直销银行、理财公司，各保险集团（控股）公司、保险公司、保险资产管理公司、保险专业代理机构、保险经纪机构，各金融控股公司，银行业协会、信托业协会、保险业协会、保险资…,6160,True,True,RFN-28e4deb64642fdb6;RFN-28e4deb64642fdb6
supp,4b853233fb3ba8dddda2c4572c8990e1b78049c9066188c69da27b40b4f03dbe,保监中介〔2015〕139号,中国保监会关于保险中介从业人员管理有关问题的通知,中国保险监督管理委员会,EXCLUDE,中,,,保单|保险公司|保险销售,保险中介机构|保险公估|保险经纪,[meta]…关问题的通知 保险中介从业人员资格核准审批制度改革：2015年4月24日保险法修改取消保险销售（含保险代理）、保险经纪从业人员资格核准审批事项；各保监局不得受理相关审批；废止《关于保险公估从业人员资格考试有关工作的通知》（保监中…,1684,True,True,RFN-8b17476e653926b8;RFN-8b17476e653926b8
supp,29ca59ba43f4165b2995ad64bc1640e71088ac789420849434ddb6627ead8ae0,保监发〔2010〕107号,关于加强保险公司中介业务管理的通知,中国保险监督管理委员会,BOUNDARY,低,人身保险公司|健康保险|寿险,,,保险中介机构|保险经纪机构|财产保险公司,[body]…行本通知规定的省级分公司职责，并向当地保监局报送相关报表。 十、本通知自2011年3月1日起施行。 附表：1、人身保险公司中介业务基本情况 2、人身保险公司分险种佣金支付情况统计表 3、财产保险公司中介业务基本情况 4、财产保险公司…,5564,True,True,RFN-f125bc8f22821dfc;RFN-f125bc8f22821dfc
supp,d3cd89909f907249f95a9e8709b9b70df379358e09ca26fc0f82c903d66a328c,银保监发〔2018〕27号,中国银行保险监督管理委员会关于加强自媒体保险营销宣传行为管理的通知,中国银行保险监督管理委员会,EXCLUDE,中,,,保险产品|保险公司|保险公司分支机构|保险消费者|保险营销|保险销售|分支机构,保险中介机构,[body]…险监督管理委员会关于加强自媒体保险营销宣传行为管理的通知 银保监发〔2018〕27号 各保监局，各保险公司，各保险中介机构： 为贯彻落实规范金融营销宣传行为有关要求，加强自媒体保险营销宣传行为管控，治理保险销售误导，切实维护保险消费…,5305,True,True,RFN-456cbc25ed7abfd4
supp,a74ab800838ab6f3b6d472c7e36b86588cf764a7986115374ecf2b2ca3133d05,银保监办发〔2019〕20号,中国银保监会办公厅关于坚决杜绝保险机构及从业人员违规销售非保险金融产品的通知,中国银行保险监督管理委员会办公厅,BOUNDARY,低,,,保险公司|保险机构|分支机构,,[title]…中国银保监会办公厅关于坚决杜绝保险机构及从业人员违规销售非保险金融产品的通知 坚决杜绝违规销售非保险金融产品（6部分）：个别保险公司违反《中国保监会…,2089,True,True,RFN-1f6000fdb3c3a1ba;RFN-1f6000fdb3c3a1ba
supp,93917ceb7f97e72871cbce74d7b2b0803a1d92594b7b7afb77648de2121b7c97,银保监办发〔2019〕71号,中国银保监会办公厅关于开展保险公司销售从业人员执业登记数据清核工作的通知,中国银行保险监督管理委员会办公厅,INCLUDE,中,,保险销售从业人员,保险公司|保险销售|分支机构,,[meta]…中国银保监会办公厅关于开展保险公司销售从业人员执业登记数据清核工作的通知 执业登记数据清核（依据《保险法》《保险销售从业人员监管办法》《中国保险统计信息系统对接标准》）：清核目的（源头数据质量/摸清队伍实情/落实管控责任）；清核对象（…,6642,True,True,RFN-0101b070be1f1aa2
supp,47c563b5d514e2bcf6aeabd4e914661992171346b3d2d262961154c8b5d89c55,银保监办发〔2020〕118号,中国银保监会办公厅关于发展独立个人保险代理人有关事项的通知,中国银行保险监督管理委员会办公厅,EXCLUDE,中,,保险代理人|保险销售从业人员|独立个人保险代理人,保险产品|保险公司|保险营销|保险销售,保险经纪机构,[title]…中国银保监会办公厅关于发展独立个人保险代理人有关事项的通知 独立个人保险代理人制度（25条，依据《保险法》《保险代理人监管规定》）：独立代理人不隶属团队、…,5345,True,True,RFN-538246b44e55863d
supp,f960fe628856665968738d89713fe24ea3804bb76cd48974e8e00131cdc70943,银保监办便函〔2021〕673号,中国银保监会办公厅关于做好短期健康保险业务客户服务工作的通知,中国银行保险监督管理委员会办公厅,INCLUDE,高,健康保险,,,,[title]…中国银保监会办公厅关于做好短期健康保险业务客户服务工作的通知 短期健康保险客户服务（落实银保监办发〔2021〕7号）：落实主体责任、总分联动机制；维…,5530,True,True,RFN-ab5de0fe07865503;RFN-ab5de0fe07865503
supp,691a2b976fe063d6bf11f701477e3e8bfab6e09c0c75080589e77bba85061049,银保监办便函〔2021〕477号,中国银保监会办公厅关于深入开展人身保险市场乱象治理专项工作的通知,中国银行保险监督管理委员会办公厅,INCLUDE,高,人身保险|人身保险公司,,,,[title]…中国银保监会办公厅关于深入开展人身保险市场乱象治理专项工作的通知 人身保险市场乱象治理专项（2021年4-11月）：治理重点四大领域——①销售行为（…,6443,True,True,RFN-aa19f65da57e5ec1
supp,8b5a3c74f85abe27372464cf4e9e3132c84fbc53ba5f5db26061bffedb520a78,银保监办发〔2022〕80号,中国银保监会办公厅关于开展银行保险机构侵害个人信息权益乱象专项整治工作的通知,中国银行保险监督管理委员会办公厅,BOUNDARY,低,,,保险机构,,[title]…中国银保监会办公厅关于开展银行保险机构侵害个人信息权益乱象专项整治工作的通知 侵害个人信息权益乱象专项整治：全面摸排2021年以来个人信息处理相关经…,639,True,True,RFN-c6efe53cbf661297;RFN-c6efe53cbf661297
supp,f533077ef26ede969909b9ab4d996d2055352c18f150ad0508dbd504168c6882,银保监办发〔2020〕11号,中国银保监会办公厅关于推广人身保险电子化回访工作的通知,中国银行保险监督管理委员会办公厅,INCLUDE,高,人身保险,,,,[title]…中国银保监会办公厅关于推广人身保险电子化回访工作的通知 推广人身保险电子化回访（依据《保险法》及人身保险服务相关监管规定）：电子化回访=保单犹豫…,3541,True,True,RFN-ddf8280065cda015
supp,09af9159fe2506a1db14f19c5b98fe73345338f43c8df65b22411a704b69a11d,,关于银保产品管理有关事宜的通知,国家金融监督管理总局人身险部,BOUNDARY,低,,,分支机构,,[body]…， 减报备的银保渠道(佣金)差值过大的， 相关公司总公司应加强费用真实性管理。 监管部门对现场检查中发现的基层分支机构费用不真实的问题， 在依法严肃处理的同时， 切实加强对总公司管理责任的追责与问责。  关于银保产品管理有关事宜…,1011,True,True,RFN-f1bcee8fe632f6b7
supp,7ed756369b08edf0a534e865e9ec6531a09706ad4d870b8ddc02d1cd91a1a1e9,,关于强化管理促进人身险业务平稳健康发展的通知,中国银行保险监督管理委员会人身险部,INCLUDE,中,人身保险|人身保险公司,,,,[body]…监督管理委员会人身险部 人身险部函〔2023] 428 号 关于强化管理 促进人身辽业务平稳健康发展的通知 各人身保险公司: 近期，部分人身保险公司启动了 2024 年度业务计划制定及营 销工作，为保护保险消费者合法权益，促进人身保…,2578,True,True,RFN-8c54a4db80812c50
supp,2cd30fef6a75a33450c4be99f521beb5dced0ef7dee18f3773f201c9e4c38b0e,保监厅函〔2010〕111号,中国保险监督管理委员会关于单位能否为员工投保个人保险产品的复函,中国保险监督管理委员会,BOUNDARY,低,人寿保险|人身保险|寿险,,,,[meta]…理委员会关于单位能否为员工投保个人保险产品的复函 答复中国人民人寿：依据保监发〔2000〕133号第六条，个人人身保险只能由个人投保，单位不得作为投保人；新《保险法》施行不影响该条效力（条款级引用：保监发〔2000〕133号第六…,560,True,True,RFN-9510822956113cd9
supp,7d5f7141e08c350eebab9353c5471748e94de9d5da6732fb07b9cf1356497c8c,保监寿险〔2010〕1066号,中国保险监督管理委员会关于意外险出单管理有关问题的复函,中国保险监督管理委员会,BOUNDARY,低,养老保险,保险代理人,,,[body]…保险人同意并认可保险金额（条款级引用）。 中国保险监督管理委员会   意外险出单/身份信息/保险法34条 平安养老保险股份有限公司：你公司《关于意外险投保采用新技术方案的请示》（平保养发〔2010〕140号）收悉。经研究，现函复…,782,True,True,RFN-ee2a85429237e4b1
supp,c1200ad67904ea534e0ba5ff1d0da5ea2ac01cc33ab1b7ce45e229bc02aed2bc,银保监办发〔2019〕238号,中国银保监会办公厅关于进一步做好银行业保险业反洗钱和反恐怖融资工作的通知,银保监会办公厅,BOUNDARY,低,,,保险公司|保险机构|保险资产管理|分支机构,金融资产|银行业|银行业金融机构,"[body]…38 号 各银保监局， 各政策性银行、 大型银行、 股份制银行， 邮储银行， 外资银行， 金融资产管理公司， 保险公司， 保险资产管理公司: 为加强银行业保险业反洗钱和反恐怖融资工作, 提升银行保险机构反洗钱和反恐怖融资工作水平…",3175,True,True,RFN-88426bc7bf3c8268;RFN-88426bc7bf3c8268
supp,2b38461e402949e28ce9fc23a7808b333143e503aeed27129de622b4d0dbbd50,银保监发〔2019〕35号,中国银保监会关于印发保险公司关联交易管理办法的通知,中国银行保险监督管理委员会,BOUNDARY,低,,,保险公司|保险公司分支机构|保险消费者|保险资产管理|保险资金|偿付能力,金融资产,[title]…中国银保监会关于印发保险公司关联交易管理办法的通知 印发《保险公司关联交易管理办法》，规范保险公司关联交易行为，防范利益输送风险。 中国银…,19554,True,True,RFN-6e4930b6f52a0afa;RFN-6e4930b6f52a0afa
supp,2eb1fc620df0f0085c6dd2481f93d01d519c1faeed53418568031e4dc14d89b8,银保监发〔2020〕20号,中国银保监会关于印发银行保险机构涉刑案件管理办法（试行）的通知,中国银行保险监督管理委员会,EXCLUDE,中,,,保单|保险公司|保险机构|保险资产管理|偿付能力|分支机构,信托公司|商业银行|金融资产|银行业|银行业金融机构,[body]…关于印发银行保险机构涉刑案件管理办法（试行）的通知 各银保监局，各政策性银行、大型银行、股份制银行，外资银行，金融资产管理公司，各保险集团（控股）公司、保险公司、保险资产管理公司、保险专业中介机构，各会管单位： 现将《银行保险机…,17185,True,True,RFN-1bf23ca657f22343;RFN-1bf23ca657f22343
supp,da1fe87b2b609e1d7594adb6c43fcbb390616386ccb51768ee4225fd51e0116a,银保监办发〔2021〕134号,中国银保监会办公厅关于规范和促进养老保险机构发展的通知,银保监会办公厅,BOUNDARY,低,养老保险|养老保险公司,,,,[body]…力。 建立健全与养老金融业务特点和发展要求相适应的内部管理机制制度， 强化投资管理和风险管控能力。 三、 鼓励养老保险公司发展安全性高、 保障性强、 满足长期或终身领取需求的商业养老年金保险以及其他具有一定长期积累养老金功能的商业保…,2808,True,True,RFN-91195a573dffc274;RFN-91195a573dffc274
supp,661b0ebbc52c2ed553c66690cb343167905dd3b849f8bc2f11515206045794e9,证监会令2022年第1号,人力资源社会保障部 财政部 国家税务总局 银保监会 证监会关于印发《个人养老金实施办法》的通知,人力资源社会保障部、财政部、国家税务总局、中国银行保险监督管理委员会、中国证券监督管理委员会,BOUNDARY,低,养老保险,,,商业银行,[body]…，规范个人养老金运作流程，制定本实施办法。 第二条 个人养老金是指政府政策支持、个人自愿参加、市场化运营、实现养老保险补充功能的制度。个人养老金实行个人账户制，缴费完全由参加人个人承担，自主选择购买符合规定的储蓄存款、理财产品、…,11261,True,False,
supp,40bf1137d77f3cee71b97fbc57875c71f42f152fdbe259373ba58e0482f58d77,保监人身险〔2017〕134号,中国保监会关于规范人身保险公司产品开发设计行为的通知,中国保险监督管理委员会,INCLUDE,高,人身保险|人身保险公司|健康保险|寿险,,,,[title]…中国保监会关于规范人身保险公司产品开发设计行为的通知 规范人身保险公司产品开发设计行为，强化保险保障功能，叫停快速返还及以附加险形式设计万能…,2935,True,True,RFN-81886b60a0a2cd6a;RFN-81886b60a0a2cd6a
supp,e60bce05ca9a6bb4352269dbf2d8e000584dd18eaf40608324fb639a99e0d5c4,,保险资产管理产品管理暂行办法,中国银行保险监督管理委员会,BOUNDARY,低,养老保险公司,,,商业银行|金融资产|银行业,[body]…护登记交易平台相关系统的稳定运行，为保险资管产品业务发展提供良好服务。 第八章 附 则 第六十二条 符合条件的养老保险公司开展保险资管产品业务，参照本办法执行。 第六十三条 保险资产管理机构开展跨境保险资管产品业务参照本办法执行，并…,17542,True,True,RFN-161cccaeb7b7e417
supp,4cec7f1bf41b9c54d98fdbfc9bae580faf322b6fa280b41b61b642ac8de3e3a4,金办发〔2025〕19号,国家金融监督管理总局办公厅关于进一步扩大金融资产投资公司股权投资试点的通知,金融监管总局办公厅,EXCLUDE,中,,,保险公司|保险资产管理|保险资金,商业银行|金融资产,[title]…国家金融监督管理总局办公厅关于进一步扩大金融资产投资公司股权投资试点的通知 扩大金融资产投资公司股权投资试点范围至试点城市所在省份，支持险资等依法合规参与。…,1637,True,True,RFN-9d6751177b26d220;RFN-9d6751177b26d220
supp,be59398170ba14521f2f32050a28296684ac24085e4584010783ca0464cf9f34,财会字〔1997〕21号,企业会计准则关联方关系及其交易的披露,财政部,EXCLUDE,—,,,,,,3757,True,True,RFN-0a0662ee669a6523
supp,13f0168029fd03f03fd1cdf0dee50b629034d88bb70e391c7d7398625972ce81,国家发展和改革委员会令2017年第11号,企业境外投资管理办法,国家发展和改革委员会,EXCLUDE,—,,,,,,16016,True,True,RFN-9b74f07a1333096a
supp,9c1cd5934785276ea5410791d1e66c772590e86b9dda714b68d949e29e66dbc6,保监发〔2018〕5号,中国保监会 国家外汇管理局关于规范保险机构开展内保外贷业务有关事项的通知,中国保监会、国家外汇管理局,BOUNDARY,低,,,保险公司|保险机构|保险资产管理|保险资金|偿付能力,,[title]…中国保监会 国家外汇管理局关于规范保险机构开展内保外贷业务有关事项的通知 规范保险机构内保外贷业务，明确定义、资质、比例限制与禁止行为。 中国保监会、国…,6903,True,True,RFN-6e9200fcf5b23b77;RFN-6e9200fcf5b23b77
supp,2eba9cabd7520484a09066c93a59dfe5495d312aa3d9296d2a6ae4a9be25915b,公告〔2024〕第6号,中国人民银行公开市场业务公告〔2024〕第6号,中国人民银行公开市场业务操作室,BOUNDARY,低,,,保险公司,,[meta]…中国人民银行公开市场业务公告〔2024〕第6号 创设证券、基金、保险公司互换便利（SFISF），首期5000亿元，即日起接受申报。 中国人民银行公开市场业务操作室    中国人民银行…,728,True,False,
supp,52f887162a4548a681232b138395ce16e8009342bed4dd8c9f998cb933f34c25,,关于推动中长期资金入市的指导意见,中央金融办、中国证监会,BOUNDARY,低,养老保险,,,,[body]…险公司优化长周期考核机制，促进保险机构做坚定的价值投资者，为资本市场提供稳定的长期投资。完善全国社保基金、基本养老保险基金投资政策制度，支持具备条件的用人单位放开企业年金个人投资选择，鼓励企业年金基金管理人探索开展差异化投资。鼓…,2475,True,True,RFN-68e1e129c7c14a36
supp,b2b76135cb6aa7f7f11ba54f47def14b05cdcc7aee1c3893b09d3ddc31888af6,人社部发〔2024〕87号,人力资源社会保障部 财政部 国家税务总局 金融监管总局 中国证监会关于全面实施个人养老金制度的通知,人力资源社会保障部、财政部、国家税务总局、金融监管总局、中国证监会,BOUNDARY,低,养老保险,,,商业银行,[body]…得积极成效， 制度总体运行平稳。 为深入贯彻落实党的二十大和二十届二中、 三中全会精神， 加快发展多层次多支柱养老保险体系， 经国务院同意， 现就全面实施个人养老金制度有关问题通知如下： 一、 扩大实施范围 （一）实施时间。 自…,4379,True,True,RFN-4e9fd3784948d799;RFN-4e9fd3784948d799
supp,6b49b7b1dd645eb236bedaaf87e00eef3f7c505795546691db7f32ee0ecde6d5,民发〔2024〕19号,民政部 国家发展改革委 公安部 财政部 中国人民银行 市场监管总局 金融监管总局关于加强养老机构预收费监管的指导意见,民政部、国家发展改革委、公安部、财政部、中国人民银行、市场监管总局、金融监管总局,EXCLUDE,中,,,分支机构,商业银行,[body]…、仲裁、诉讼等方式解决。 三、强化多元监督管理 （九）实行银行存管和风险保证金方式管理。押金、会员费，应当采取商业银行第三方存管和风险保证金等方式管理，确保资金安全。民政部门要会同当地金融监管部门制定存管的具体要求、办理程序、养…,10890,True,True,RFN-ae3b7c8be94e1f51;RFN-ae3b7c8be94e1f51
supp,78ca9fb598425d52c14bc7d36fe7c28fd9577e4d4c4f6c44f83080581fdbe217,国家安全部令〔2014〕第1号,涉及恐怖活动资产冻结管理办法,中国人民银行、公安部、国家安全部,BOUNDARY,低,,,保单|分支机构,银行业,[body]…关资产采取冻结措施。 第四条 金融机构、特定非金融机构应当制定冻结涉及恐怖活动资产的内部操作规程和控制措施，对分支机构和附属机构执行本办法的情况进行监督管理；指定专门机构或者人员关注并及时掌握恐怖活动组织及恐怖活动人员名单的变动…,6341,True,True,RFN-136eb6fb5aa95c8c
supp,8a7e559405dec31345255c88e1fc0cde854c5f5f765ce04a1bf79d400867ec3b,保监发〔2014〕110号,中国保监会关于印发《保险机构洗钱和恐怖融资风险评估及客户分类管理指引》的通知,中国保险监督管理委员会,INCLUDE,中,人身保险|人身保险公司|寿险,,,保险中介机构|再保险公司|财产保险公司|财产险,[body]…会制定了《保险机构洗钱和恐怖融资风险评估及客户分类管理指引》（以下简称《指引》），现印发给你们，请遵照执行。 人身保险公司、财产保险公司应自发布之日起执行《指引》。立即执行有困难的，可于2015年3月1日前向中国保监会稽查局提交延期…,18123,True,True,RFN-5cab0874b0ade084
supp,737fdba1a19cf8ab26b7273c359d277b24922d4e6ee80ad80aef36132ecbedf7,保监监察〔2014〕20号,中国保监会关于调整上报开展治理商业贿赂专项工作情况的通知,中国保险监督管理委员会,BOUNDARY,低,,,保险公司|保险资产管理,,[meta]…上报开展治理商业贿赂专项工作情况的通知 将保险业治理商业贿赂专项工作由集中治理转为常态化报送，明确保监局每年、保险公司每半年报送相关报表。 中国保险监督管理委员会    保监监察〔2014〕20号 各保监局，各保险公司、保险资产…,836,True,True,RFN-c650f183a84e2a71;RFN-c650f183a84e2a71
supp,79847842a432ce38ad1108989bf2b7e92a8991c92158867437e9eeac82640322,国办函〔2017〕84号,国务院办公厅关于完善反洗钱、反恐怖融资、反逃税监管体制机制的意见,国务院办公厅,BOUNDARY,低,,,分支机构,银行业,[body]…构要加强反洗钱监管，以促进反洗钱义务机构自我管理、自主管理风险为目标，逐步建立健全法人监管框架。围绕法人机构和分支机构、集团公司和子公司在风险管理中的不同定位和功能，对反洗钱监管政策适度分层分类。加强反洗钱义务机构总部内控机制要…,12920,True,True,RFN-caaf3ecc1123e4be;RFN-caaf3ecc1123e4be
supp,4840b36fa0fca3aee25ac7cef8a23e83f252a8b6f3ddf69337069dd557dbd2f2,中华人民共和国主席令第70号,中华人民共和国行政处罚法（2021年修订）,全国人民代表大会（制定机关）；中华人民共和国主席令第七十号公布,EXCLUDE,—,,,,,,20933,True,False,
supp,595407181db334f4ebf0ad3a8a7b1bef6c178e68db43d37c8837318d95dd7744,,中华人民共和国行政许可法（2019年修正）,全国人民代表大会常务委员会,EXCLUDE,—,,,,,,22540,True,False,
supp,3dc36fce93ba2c34e97a5545ee163fbbbbb5e27cf3c80b0e1a71bcd0f41a29ba,中华人民共和国主席令第38号,中华人民共和国治安管理处罚法（2012年修正本）,全国人民代表大会常务委员会,EXCLUDE,—,,,,,,29048,True,False,
supp,3b9e1fd8fb2070d3efba7462a8bf2912193b41cf485b18373dc71187403b31ef,保监发〔2003〕120号,关于保险公司经营区域有关问题的通知,中国保险监督管理委员会,EXCLUDE,中,,保险兼业代理,保险公司|保险公司分支机构|分支机构,保险中介机构|保险公估|保险经纪公司,[body]…者设立营销服务部的方式在该省、 自治区或直辖市的行政辖区内开展业务。 保险公司及其分支机构不得委托注册地以外的保险兼业代理机构开展异地业务。 二、 保险公司分支机构变更经营区域范围的， 应凭总公司书面授权书到当地保监办变更许可证经营…,1551,True,True,RFN-8af8d940827e0344;RFN-8af8d940827e0344
supp,23c8e763081aaf2242c199cbaa891251424a2ba625a354b5a2a8e5bafa7d5adb,公通字〔2007〕43号,信息安全等级保护管理办法,公安部、国家保密局、国家密码管理局、国务院信息化工作办公室,EXCLUDE,—,,,,,,15783,True,True,RFN-7ca9431975f9d3dc
supp,57a0c565dc7a627c2126befc7ee5d0736a54c61c5394c3f8fdaf3416474832d0,中国保险监督管理委员会令2013年第1号,保险统计管理规定,中国保险监督管理委员会,EXCLUDE,中,,,保险公司|保险机构|保险资产管理|分支机构,保险中介机构,[body]…本规定： （一）保险集团公司； （二）保险控股公司； （三）政策性保险公司； （四）保险资产管理公司； （五）保险中介机构。 第四十一条 境外保险公司分公司的保险统计工作，适用保险公司的有关规定。 第四十二条 中国保监会派出机构可以…,8580,True,True,RFN-ede89d168c2c1a56
supp,f245de8d5bd180668c077e700d6ad84f2f25d26fb5fa90b24f27a650b2b68918,保监发〔2009〕81号,中国保险监督管理委员会关于建立保险司法案件报告制度的通知,中国保险监督管理委员会,BOUNDARY,低,,,保险公司|保险机构|保险营销|保险资产管理|保险资金|分支机构,,[body]…报的报告方式、时限与内容。 中国保险监督管理委员会    保监发〔2009〕81号 各保监局，各保险集团公司、保险公司、保险资产管理公司、保险中介公司： 为加强对保险业违法行为的监管，有效防范行业风险，经研究，我会决定建立保险司…,6644,True,True,RFN-93d4a56bc228f26e
supp,fda7435a680540b0a63bab939da207d3306e58e9198882113743e241bb714d3f,,金融业经营者集中申报营业额计算办法,商务部、中国人民银行、中国银行业监督管理委员会、中国证券监督管理委员会、中国保险监督管理委员会,EXCLUDE,中,,,保险公司,信托公司|商业银行|基金管理公司|证券公司|金融资产|银行业|银行业金融机构,[meta]…融业经营者集中申报营业额的计算办法及公式（银行、证券、期货、基金、保险分类规定）。 商务部、中国人民银行、中国银行业监督管理委员会、中国证券监督管理委员会、中国保险监督管理委员会    中华人民共和国商务部 中国人民银行 中国…,2075,True,True,RFN-0ed1619c9f3b01f0
supp,3e0aa6494768a6a7df81be429a3035ba1a1665f503cae9cbd2962f6ccd48b9c1,中华人民共和国国家安全部令〔2014〕第1号,涉及恐怖活动资产冻结管理办法,中国人民银行、中华人民共和国公安部、中华人民共和国国家安全部,BOUNDARY,低,,,保单|分支机构,银行业,[body]…关资产采取冻结措施。 第四条 金融机构、特定非金融机构应当制定冻结涉及恐怖活动资产的内部操作规程和控制措施，对分支机构和附属机构执行本办法的情况进行监督管理；指定专门机构或者人员关注并及时掌握恐怖活动组织及恐怖活动人员名单的变动…,6315,True,True,RFN-136eb6fb5aa95c8c
supp,90878405e3de6f09d37e0c2de371e5e62dfefa497d1bd667c89c87763e925a41,人社部发〔2022〕70号,人力资源社会保障部 财政部 国家税务总局 银保监会 证监会关于印发《个人养老金实施办法》的通知,人力资源社会保障部、财政部、国家税务总局、银保监会、证监会,BOUNDARY,低,养老保险,,,商业银行,[body]…，规范个人养老金运作流程，制定本实施办法。 第二条 个人养老金是指政府政策支持、个人自愿参加、市场化运营、实现养老保险补充功能的制度。个人养老金实行个人账户制，缴费完全由参加人个人承担，自主选择购买符合规定的储蓄存款、理财产品、…,5317,True,False,
supp,23b24b9254c4f2f69c374533d121288ff84052d024b027c9476a5d74433ea312,保监发〔2009〕89号,中国保险监督管理委员会关于印发《保险公司偿付能力报告编报规则——问题解答第8号：临时报告》的通知,中国保险监督管理委员会,BOUNDARY,低,,,保险公司|偿付能力,,[title]…中国保险监督管理委员会关于印发《保险公司偿付能力报告编报规则——问题解答第8号：临时报告》的通知 明确保险公司偿付能力临时报告的触发标准（重大投资损失…,3566,True,True,RFN-2f5598585f3b774e
supp,cc4b51ec7b175ba487661efa4c9ed028df6e1c9f734f098b81aafdbda6eb80c4,保监发〔2012〕24号,中国保险监督管理委员会关于印发《中国第二代偿付能力监管制度体系建设规划》的通知,中国保险监督管理委员会,INCLUDE,中,人身保险,,,,[body]…制度体系的建设工作。项俊波主席任组长，陈文辉副主席任副组长，中国保监会发展改革部、财务会计部、财产保险监管部、人身保险监管部、保险资金运用监管部、国际部、法规部、统计信息部、稽查局为成员部门，办公室设在财务会计部。 三、总体目标…,2683,True,True,RFN-39bf4d81800c4f30
supp,0d869784d9e06946a7f3b80ac8061ab29cb37905f34ecf027d9234f4345c1720,中国证券监督管理委员会公告〔2024〕10号,中国证券监督管理委员会公告（〔2024〕10号） 公开发行证券的公司信息披露编报规则第4号——保险公司信息披露特别规定（2024年修订）,中国证券监督管理委员会,BOUNDARY,低,人寿保险|人身保险公司,,,财产保险公司,[body]…合同负债、分出保费的分摊、摊回保险服务费用、承保财务损益、分出再保险财务损益；（三）三年平均投资收益率；（四）人身保险公司应当披露签发保险合同的合同服务边际、当期初始确认签发的保险合同的合同服务边际；（五）财产保险公司应当披露三年平…,4056,True,False,
supp,cae1b4697e3126be5cc2fec73e7d49bce8ccb2ed8a2550717de63e67b1858b6a,国办发〔2015〕81号,国务院办公厅关于加强金融消费者权益保护工作的指导意见,国务院办公厅,EXCLUDE,中,,,,银行业,[body]…保护工作。金融管理部门和地方人民政府要加强合作，探索建立中央和地方人民政府金融消费者权益保护协调机制。 （二）银行业机构、证券业机构、保险业机构以及其他从事金融或与金融相关业务的机构（以下统称金融机构）应当遵循平等自愿、诚实守…,6951,True,True,RFN-5f0f7ab9a050cd56;RFN-5f0f7ab9a050cd56
supp,ee6b73011b77c6c5816e0a766dbfc2a8527487358e9e55ebe253945e0f241b9b,中华人民共和国主席令第72号,中华人民共和国个人信息保护法,全国人民代表大会常务委员会,BOUNDARY,低,,,保险销售,,[meta]…法律（8章74条）：个人信息处理规则（同意/敏感信息/自动化决策）、跨境提供、个人权利、处理者义务、法律责任；保险销售个人信息保护直接上位法。 全国人民代表大会常务委员会   个人信息/同意/敏感信息 中华人民共和国个人信息保护…,18565,True,True,RFN-0a354aa38c08bc67
supp,99edd43681525eead7beb6f031c6ec42a22e9b0f689c69590bc39a0569740d27,中华人民共和国主席令第22号,中华人民共和国广告法,全国人民代表大会常务委员会,BOUNDARY,低,,,保险营销,,[meta]…中华人民共和国广告法 广告行为规范法律：虚假广告禁止、金融广告特殊规制（第十四条）、广告内容真实合法；保险营销宣传直接上位法（正文待获取，_sources 就绪后重跑摄取自动回填）。 全国人民代表大会常务委员会   广告…,22270,True,True,RFN-74a3e0f2c57f7302
supp,f4fdd9608c7df8380e984bb2bcb4408219013c897ea41f87bfcabb9ed9af3d59,中华人民共和国主席令第84号,中华人民共和国数据安全法,全国人民代表大会常务委员会,BOUNDARY,低,,,保险销售,,[meta]…中华人民共和国数据安全法 数据安全基础法律：数据分类分级保护、数据安全审查、重要数据保护；保险销售数据安全与可回溯数据管理直接上位法（正文待获取，_sources 就绪后重跑摄取自动回填）。 全国人民代表大会…,11405,True,True,RFN-043b3b9f875acdaf
supp,6d03cb617708fd0c63690927de5aeed79e4521df61324ed141902b51b746cbdd,,关于规范银行代理渠道保险产品的通知,中国银行保险监督管理委员会,BOUNDARY,低,,,保险产品,,[title]…关于规范银行代理渠道保险产品的通知 公司内部产品备案系统收录的银行代理渠道保险产品规范通知（272/275/285 为同一文件），gov.…,165,False,True,RFN-181834bcb8e6bdfc
supp,6437b795897025cb718c02440439973630da14cb897efce29fef344a74940b98,,中国保险行业协会财产再保险比例及非比例合同范本（中文版）,中国保险行业协会,EXCLUDE,中,,,保单|保险公司|偿付能力|分支机构,再保险公司,[body]…普尔或穆迪或任何国际认可的评级 机构A-及以上的评级时，本条款不适用。 另外，本条款不适用于在中国注册的保险或再保险公司。 ========== 财产再保险非比例合同范本 ========== 1 NON LIFE NON-PRO…,237973,True,True,RFN-273a6711bb6f41b1
supp,d5e814e0b9d0110299027a1654d6046f975cdba34ec17c024526bd86e62ac29e,银监办发〔2008〕274号,中国银监会办公厅关于商业银行开展代理销售基金和保险产品相关业务风险提示的通知,中国银行业监督管理委员会办公厅,EXCLUDE,中,,,保险产品|保险公司,商业银行|基金管理公司|银行业|银行业金融机构,[title]…中国银监会办公厅关于商业银行开展代理销售基金和保险产品相关业务风险提示的通知 银监会办公厅对商业银行代理销售基金和保险产品业务的风险提示七…,1917,True,True,RFN-600b25ea909a0d88;RFN-600b25ea909a0d88
