监管文件编号,主题,文件名,发文字号,匹配源,决策,置信度,A强信号关键词,B销售代理关键词,C泛化关键词,X排除关键词,命中摘录,可用正文长度,全文状态
RFN-00181c1a550be989,T8机构准入与组织监管,关于各保险公司要加强对保险代理机构设置远程出单点和委托出单管理的通知（已废止）,保监发〔2001〕161号,nfra,BOUNDARY,低,,,保单|保险公司|保险公司分支机构,,[title]…关于各保险公司要加强对保险代理机构设置远程出单点和委托出单管理的通知（已废止） 保监发〔2001〕161号。各保险公司：。最…,1533,已提取-可全文
RFN-0079d4f412525405,T4公司治理与股权关联交易,关于加强财务资金管理的通知,保监寿险〔2005〕680号,nfra,INCLUDE,中,寿险,,,商业银行,[meta]…关于加强财务资金管理的通知 保监寿险〔2005〕680号。各寿险公司：。近日我会接到报告，反映某寿险中心支公司严重违反财务制度，将邮储代理保费归集…,1413,已提取-可全文
RFN-009f8e408aa5c4d5,T6养老与健康保险专项,关于修订《中央财政城乡居民基本医疗保险补助资金管理办法》的通知,财社〔2022〕1号,mof,EXCLUDE,—,,,,,,7068,已提取-可全文
RFN-00a507b7a4c33c1d,T5资金运用与资产负债管理,中国银保监会关于保险资金投资有关金融产品的通知,银保监规[2022]7号,nfra,EXCLUDE,中,,,保险公司|保险机构|保险资产管理|保险资金|偿付能力,信托公司|商业银行|基金管理公司|证券公司|金融资产,[meta]…管理委员会令2018年第1号）及相关规定，现就保险资金投资金融产品有关事项通知如下：一、本通知所称金融产品是指商业银行或理财公司、信托公司、金融资产投资公 资金部    各保险集团（控股）公司、保险公司、保险资产管理公司：各保险…,7138,已提取-可全文
RFN-00ecff9dba1fd0f9,T9风险处置与案件合规,关于贯彻落实《保险公司中介业务违法行为处罚办法》有关事项的通知（已废止）,保监发〔2009〕112号,nfra,EXCLUDE,中,,,保险公司|保险机构|保险消费者,保险中介机构,[body]…管、防范风险的大局下，必须旗帜鲜明地严厉打击保险公司中介业务中的违法违规行为，在重点查处保险公司的前提下坚持对保险中介机构同查同处。《办法》的出台是保险监管机构坚决依法整治保险公司中介业务违法违规问题的重要信号，是规范市场秩序的有力…,2951,已提取-可全文
RFN-0101b070be1f1aa2,T1销售行为与消费者保护,《关于开展保险公司销售从业人员执业登记数据清核工作的通知》,银保监办发〔2019〕71号,supp,INCLUDE,中,,保险销售从业人员,保险公司|保险销售|分支机构,,[meta]…中国银保监会办公厅关于开展保险公司销售从业人员执业登记数据清核工作的通知 执业登记数据清核（依据《保险法》《保险销售从业人员监管办法》《中国保险统计信息系统对接标准》）：清核目的（源头数据质量/摸清队伍实情/落实管控责任）；清核对象（…,6642,已提取-可全文
RFN-012051479f38bb44,T8机构准入与组织监管,关于保险公司地市级分支机构命名等有关问题的批复,保监法规[2007]1497号,,—,—,,,,,,0,未在五源cleaned收录
RFN-016dac5aac5d3dd6,T4公司治理与股权关联交易,中国保监会关于印发《保险公司声誉风险管理指引》的通知,保监发〔2014〕15号,nfra,BOUNDARY,低,,,保险公司|保险资产管理|偿付能力|分支机构,,[title]…中国保监会关于印发《保险公司声誉风险管理指引》的通知 保监发〔2014〕15号。各保监局、各保险公司、保险资产管理公司、中国保险行业协会：…,7139,已提取-可全文
RFN-01c98ce91fa76f9c,T5资金运用与资产负债管理,关于严禁保险公司以大额协议存款出质为他人提供担保的通知（已废止）,保监发〔2002〕110号,nfra,BOUNDARY,低,,,保险公司|保险资金|偿付能力,,[title]…关于严禁保险公司以大额协议存款出质为他人提供担保的通知（已废止） 保监发〔2002〕110号。各保险公司：。为进一步规范保险公…,654,已提取-可全文
RFN-01e25fd1bd2c5bc5,T9风险处置与案件合规,中国保险监督管理委员会关于修改《中国保险监督管理委员会行政处罚程序规定》的决定,N/A,nfra,EXCLUDE,中,,保险兼业代理,保险公司|保险公司分支机构|保险机构|保险营销|保险资产管理|分支机构,保险中介机构|保险公估|保险经纪|保险经纪机构,[body]…本规定所称业务许可证，是指保险公司法人许可证、经营保险业务许可证、保险营销服务许可证、经营保险代理业务许可证、保险兼业代理业务许可证、经营保险经纪业务许可证、经营保险公估业务许可证、保险资产管理公司法人许可证和经营保险资产管理业务许…,17799,已提取-可全文
RFN-01f0ad6d44e1fe03,T2产品与精算制度,关于普通型定期寿险、普通型终身寿险费率厘定等有关问题的通知,保监发[2010]33号,,—,—,,,,,,0,未在五源cleaned收录
RFN-022b955f878c1de1,T8机构准入与组织监管,关于印发《寿险公司非现场监管规程（试行）》的通知,保监发〔2006〕5号,nfra,INCLUDE,高,人寿保险公司|健康保险|养老保险公司|寿险,,,,[title]…关于印发《寿险公司非现场监管规程（试行）》的通知 保监发〔2006〕5号。各保监局：。为规范寿险公司非现场监管工作，提高非现…,10911,已提取-可全文
RFN-02a4b14ceb0df951,T5资金运用与资产负债管理,中国银保监会办公厅关于印发银行业保险业贯彻落实《国务院关于支持山东深化新旧动能转换推动绿色低碳高质量发展的意见》实施意见的通知,银保监办发[2023]11号,nfra,BOUNDARY,低,健康保险|养老保险|养老保险公司,,,保险经纪机构|信托公司|再保险公司|商业银行|金融资产|银行业,[body]…。推动山东第三支柱养老保险规范发展，稳步推进专属养老保险等试点，支持山东合格机构设立理财子公司，支持符合条件的养老保险公司等专业机构在山东设立分支机构。鼓励保险机构参与山东长期护理保险试点，积极发展商业医疗保险，持续提升城市定制型医…,11980,已提取-可全文
RFN-02c6c20ac0c9ff87,T5资金运用与资产负债管理,中国银保监会关于修改保险资金运用领域部分规范性文件的通知,银保监发[2021]47号,nfra,BOUNDARY,低,,,保险公司|保险机构|保险资产管理|保险资金,金融资产,[title]…中国银保监会关于修改保险资金运用领域部分规范性文件的通知 各保险集团（控股）公司、保险公司、保险资产管理公司：为进一步深化“放管服”改革，…,4356,已提取-可全文
RFN-0342cae3577bd20a,T1销售行为与消费者保护,保险产品适当性管理自律规范,中保协 2026-03-27,,—,—,,,,,,0,未在五源cleaned收录
RFN-03621fb1f3febd36,T4公司治理与股权关联交易,中国保监会关于印发《保险资金运用内控与合规计分监管规则》的通知,保监发〔2014〕54号,nfra,BOUNDARY,低,,,保险公司|保险机构|保险资产管理|保险资金|偿付能力,,[title]…中国保监会关于印发《保险资金运用内控与合规计分监管规则》的通知 保监发〔2014〕54号。各保险集团（控股）公司、保险公司、保险资产管理公…,8926,已提取-可全文
RFN-036cfead5fc7b6dd,T2产品与精算制度,关于2005年末非寿险业务准备金评估有关要求的通知（已失效）,保监发〔2005〕113号,nfra,EXCLUDE,中,,,保险公司|偿付能力,再保险公司|财产保险公司,[meta]…关于2005年末非寿险业务准备金评估有关要求的通知（已失效） 保监发〔2005〕113号。各财产保险公司、再保险公司：。为做好2005会计年度末非寿险业务准备金评估工作，现将有关要求通知如下：。一、各公司务必按照《…,1571,已提取-可全文
RFN-03c5e9251ac78f85,T10数据治理与信息披露,关于印发《保险公司信息化工作管理指引（试行）》的通知,保监发〔2009〕133号,nfra,BOUNDARY,低,,,保险公司|保险资产管理|分支机构,,[title]…关于印发《保险公司信息化工作管理指引（试行）》的通知 保监发〔2009〕133号。各保监局，各保险公司、保险资产管理公司：。为加…,7269,已提取-可全文
RFN-041a2d1a8851bad6,T5资金运用与资产负债管理,关于保险机构投资无担保企业债券有关事宜的通知,保监发〔2009〕132号,nfra,BOUNDARY,低,,,保险公司|保险机构|保险资产管理|保险资金,,[title]…关于保险机构投资无担保企业债券有关事宜的通知 保监发〔2009〕132号。各保险公司、保险资产管理公司：。为加强无担保债券…,1477,已提取-可全文
RFN-0431c0ac1ebb6dde,T2产品与精算制度,中国保监会关于加强人身保险费率政策改革产品管理有关事项的通知,保监寿险〔2015〕136号,nfra,INCLUDE,高,人身保险|人身保险公司|寿险,,,,[title]…中国保监会关于加强人身保险费率政策改革产品管理有关事项的通知 保监寿险〔2015〕136号。各人身保险公司：。为深入推进人身保险产品费率…,2506,已提取-可全文
RFN-043b3b9f875acdaf,T0上位法锚点,中华人民共和国数据安全法,,supp,BOUNDARY,低,,,保险销售,,[meta]…中华人民共和国数据安全法 数据安全基础法律：数据分类分级保护、数据安全审查、重要数据保护；保险销售数据安全与可回溯数据管理直接上位法（正文待获取，_sources 就绪后重跑摄取自动回填）。 全国人民代表大会…,11405,已提取-可全文
RFN-04631cd5896472e2,T5资金运用与资产负债管理,关于保险公司投资可转换公司债券有关事项的通知（已废止）,保监发〔2004〕94号,nfra,BOUNDARY,低,,,保险公司|保险资产管理|保险资金,,[title]…关于保险公司投资可转换公司债券有关事项的通知（已废止） 保监发〔2004〕94号。各保险公司，各保险资产管理公司：。为贯彻…,1289,已提取-可全文
RFN-056f840f7fddf0fe,T10数据治理与信息披露,国家金融监督管理总局办公厅关于印发《银行业保险业数字金融高质量发展实施方案》的通知,金办发[2025]95号,nfra,BOUNDARY,低,,,保险公司|保险资产管理|分支机构,金融资产|银行业,[meta]…型银行、股份制银行、外资银行、直销银行、金融资产管理公司、金融资产投资公司、理财公司，各保险集团（控股）公司、保险公司、保险资产管理公司、养老金管理公司：现将《银行业保险业数字金融高质量发展实施方案》印发给你们，请加强组织实施，…,13335,已提取-可全文
RFN-065949029b3a294c,T1销售行为与消费者保护,关于实施农村保险营销员资格分类管理有关事宜的通知,保监发〔2008〕17号,nfra,INCLUDE,中,,保险营销员,万能保险|保险产品|保险公司|保险机构|保险营销|保险销售,,[title]…关于实施农村保险营销员资格分类管理有关事宜的通知 保监发〔2008〕17号。各保监局：。为探索建立农村保险营销员资格管理的长效机制，…,4477,已提取-可全文
RFN-0660a162ce940799,T4公司治理与股权关联交易,中国人民银行 国家金融监督管理总局关于印发《系统重要性保险公司评估办法》的通知（银发〔2023〕208号）,银发〔2018〕301号,pbc,INCLUDE,中,人身保险公司,,,再保险公司|财产保险公司|金融资产,[body]…监管，以降低其发生重大风险的可能性，防范系统性金融风险。 （二）适用范围。本办法适用于依法设立的保险集团公司、人身保险公司、财产保险公司和再保险公司。2家或2家以上保险公司组成保险集团公司的，以保险集团公司作为参评主体。 评估使用的…,5960,已提取-可全文
RFN-066a224049dcdc3c,T2产品与精算制度,关于增值税征税具体范围有关事项的公告,财政部 税务总局公告2026年第9号,mof,EXCLUDE,—,,,,,,597,已提取-可全文
RFN-0684729d60cd7da4,T2产品与精算制度,关于印发《保险公司非寿险业务准备金回溯分析管理办法》的通知,的通知保监发〔2012〕46号,nfra,EXCLUDE,中,,,保单|保险公司|偿付能力,财产保险公司,[meta]…回溯分析管理办法》的通知 关于印发《保险公司非寿险业务准备金回溯分析管理办法》的通知保监发〔2012〕46号各财产保险公司：　　为加强准备金评估充足性监管，及时掌握各财产保险公司准备金评估的质量，规范非寿险业务准备金评估回溯分析工作…,9092,已提取-可全文
RFN-06e6f7e1ded1d4ad,T1销售行为与消费者保护,关于进一步加强保险业诚信建设的通知（已废止）,保监发〔2005〕7号,nfra,BOUNDARY,低,健康险,,,,[body]…询系统，并在此基础上逐步实现全国联网，为全面加强保险业诚信建设奠定基础；要从广大被保险人反映最强烈的机动车险、健康险理赔服务等方面入手，明确承诺理赔服务的时间、程序、标准等，逐步制定行业服务标准，向社会公开承诺，并通过签订自律…,3979,已提取-可全文
RFN-06e9db9338123380,T2产品与精算制度,关于修订短期意外伤害保险法定责任准备金评估有关事项的通知（已废止）,保监寿险〔2008〕671号,nfra,INCLUDE,中,健康保险|养老保险公司|寿险,,,,[meta]…关于修订短期意外伤害保险法定责任准备金评估有关事项的通知（已废止） 保监寿险〔2008〕671号。各寿险公司、养老保险公司、健康保险公司：。为促进短期意外伤害保险的发展，规范业务、财务管…,1716,已提取-可全文
RFN-06f7b3078ec01834,T5资金运用与资产负债管理,中国保监会关于保险资产管理公司开展资产管理产品业务试点有关问题的通知,保监资金〔2013〕124号,nfra,BOUNDARY,低,,,保险公司|保险资产管理|保险资金,,[title]…中国保监会关于保险资产管理公司开展资产管理产品业务试点有关问题的通知 保监资金〔2013〕124号。各保险集团（控股）公司、保险公司、保…,3634,已提取-可全文
RFN-07aafd48a9f30367,T10数据治理与信息披露,中国保监会关于印发《保险业服务新型城镇化发展的指导意见》的通知,保监发〔2014〕25号,nfra,BOUNDARY,低,人身保险|健康保险|养老保险|寿险,,,保险中介机构,[body]…区发展。积极发展商业健康保险，分担社会医疗成本。开发长期护理保险及与健康管理等相关的商业健康保险产品。建立基本寿险保障计划，大力发展定期寿险、意外险等保障类人身保险，推广“家有保险”活动。 （四）加快大病保险整体推进步伐。加…,7175,已提取-可全文
RFN-07f18128a3d26c01,T6养老与健康保险专项,中国银保监会办公厅关于进一步规范健康保障委托管理业务有关事项的通知,银保监办发[2020]13号,nfra,BOUNDARY,低,健康保险,,,,[body]…失能收入损失审核和费用支付、护理审核和费用支付等经办管理服务。二、保险公司开展健康保障委托管理业务，应当符合《健康保险管理办法》有关经营健康保险的各项条件，并在开办地区设有分支机构或服务合作机构。三、保险公司开展健康保障委托管理…,4313,已提取-可全文
RFN-081ecf9726662d05,T5资金运用与资产负债管理,关于保险外汇资金投资境外股票有关问题的通知（已废止）,保监发〔2005〕55号,nfra,BOUNDARY,低,,,保险公司|保险机构|保险资产管理|保险资金,,[meta]…关于保险外汇资金投资境外股票有关问题的通知（已废止） 保监发〔2005〕55号。各保险公司、保险资产管理公司：。为进一步拓宽保险资金运用渠道，调整投资组合，逐步提高收益，经国务院批准，允许保险外汇资金…,1083,已提取-可全文
RFN-083a6756e550da1d,T1销售行为与消费者保护,中国银保监会关于服务煤电行业正常生产和商品市场有序流通 保障经济平稳运行有关事项的通知,银保监发[2021]42号,nfra,EXCLUDE,中,,,保险机构|保险资金,商业银行,[body]…。二、保障煤电、煤炭、钢铁、有色金属等生产企业合理融资需求。督促银行保险机构特别是开发性、政策性银行，国有大型商业银行，全国性股份制银行，全力做好今冬明春能源电力保供金融服务工作，满足能源电力供应合理资金需求。对符合支持条件的煤…,3699,已提取-可全文
RFN-086a92ec84a58020,T2产品与精算制度,中国保监会关于普通型人身保险费率政策改革有关事项的通知,保监发〔2013〕62号,nfra,INCLUDE,高,人身保险|人身保险公司|健康保险|养老保险|寿险,,,,[title]…中国保监会关于普通型人身保险费率政策改革有关事项的通知 保监发〔2013〕62号。各人身保险公司、各保监局：。为建立符合社会主义市场经济规…,3503,已提取-可全文
RFN-08b2998991d6554e,T6养老与健康保险专项,关于试行养老保障委托管理业务有关事项的通知,保监发〔2009〕129号,nfra,INCLUDE,中,养老保险|养老保险公司|寿险,,,商业银行,[meta]…关于试行养老保障委托管理业务有关事项的通知 保监发〔2009〕129号。各保监局、各养老保险公司：。为促进保险业积极参与构建多层次养老保障体系，推动养老保险专业化发展，我会决定由养老保险公司试行养老保障委托…,4875,已提取-可全文
RFN-091f79fe4e660f39,T10数据治理与信息披露,中国保监会关于保险业支持经济结构调整和转型升级的指导意见,保监发〔2013〕69号,nfra,BOUNDARY,低,人身保险|健康保险|养老保险,,,保险中介机构|公估机构|金融资产,[body]…其提供意外、养老、医疗、生育等多层次、多类别和长期均衡的保障，提高新型城镇化的质量。支持保险公司大力发展保障型人身保险产品，做好大病保险试点工作，推进个人税延型养老保险试点，稳定居民收入预期，增强居民消费意愿。支持保险公司发展与…,6012,已提取-可全文
RFN-0954ada2061d54e9,T10数据治理与信息披露,中国保监会办公厅、北京市金融工作局、北京市石景山区人民政府关于印发《关于加快推动北京保险产业园创新发展的实施办法》的通知,保监厅发〔2015〕83号,nfra,BOUNDARY,低,人身保险|健康保险|养老保险,,,保险中介机构|商业银行|基金管理公司|证券公司,[body]…产业链，提高行业服务水平。 第十条  稳步推进保险交易所试点建设。探索开展保单贴现交易，积极研究建立财产保险、人身保险、保险衍生品等场内集中交易场所。 第十一条  探索在保险产业园建立巨灾风险证券化交易场所，试点开发巨灾债券、巨…,8083,已提取-可全文
RFN-09c044ca641aad9d,T3资本与偿付能力监管,关于保险集团（控股）公司、相互制保险公司资本保证金提存有关问题的通知,保监发〔2008〕66号,nfra,BOUNDARY,低,,,保险公司|保险机构,,[title]…关于保险集团（控股）公司、相互制保险公司资本保证金提存有关问题的通知 保监发〔2008〕66号。各保险集团（控股）公司、相互制保险公司：。根据《保险法…,1178,已提取-可全文
RFN-09c4307bd21bd273,T10数据治理与信息披露,关于印发修订后的保险统计制度的通知,保监发〔2006〕127号,nfra,BOUNDARY,低,,,保险公司|保险资产管理,,[meta]…关于印发修订后的保险统计制度的通知 保监发〔2006〕127号。各保监局，各保险公司、保险资产管理公司、保险公司筹备组、保险资产管理公司筹备组：。根据财政部修订的企业会计准则，我会对现行保险统计…,2182,已提取-可全文
RFN-0a0662ee669a6523,T4公司治理与股权关联交易,企业会计准则关联方关系及其交易的披露,,supp,EXCLUDE,—,,,,,,3757,已提取-可全文
RFN-0a354aa38c08bc67,T0上位法锚点,中华人民共和国个人信息保护法,,supp,BOUNDARY,低,,,保险销售,,[meta]…法律（8章74条）：个人信息处理规则（同意/敏感信息/自动化决策）、跨境提供、个人权利、处理者义务、法律责任；保险销售个人信息保护直接上位法。 全国人民代表大会常务委员会   个人信息/同意/敏感信息 中华人民共和国个人信息保护…,18565,已提取-可全文
RFN-0a6ea3a5f8d44a36,T3资本与偿付能力监管,关于印发《保险公司偿付能力报告编报规则——问题解答第11号：动态偿付能力测试的第三方独立审核》的通知,保监发〔2011〕2号,nfra,BOUNDARY,低,人寿保险公司|寿险,,,,[meta]…：动态偿付能力测试的第三方独立审核》。现予印发，请遵照执行。《保险公司偿付能力报告编报规则——问题解答第7号：寿险公司动态偿付能力测试的第三方独立审核》同时废止。中国保险监督管理委员会。二○一一年一月七日。     保监发〔…,5070,已提取-可全文
RFN-0a88218a43d6dc15,T3资本与偿付能力监管,中华人民共和国增值税法,N/A,,—,—,,,,,,0,未在五源cleaned收录
RFN-0aca4aa4b64c658d,T2产品与精算制度,关于保险业实施《企业会计准则解释第2号》有关事项的通知,保监发〔2009〕1号,nfra,BOUNDARY,低,人寿保险|寿险,,,,[body]…副主席） 副组长：王新棣（保监会财务会计部主任） 应 唯（财政部会计司副司长） 成 员：保监会发改部、产险部、寿险部、统信部部门负责人 陆建桥（财政部会计司准则一处处长） 庄作瑾（中国人寿保险集团副总裁） 吴达川（中国太平洋…,2970,已提取-可全文
RFN-0b6631bb23443a81,T8机构准入与组织监管,中国银保监会行政许可实施程序规定,中国保险监督管理委员会令[2020]7号,nfra,BOUNDARY,低,,,保险机构,银行业|银行业金融机构,[meta]…和国保险法》《中华人民共和国行政许可法》等法律及行政法规，制定本规定。第二条 银保监会依照本规定的程序，对银行保险机构及银保监会监督管理的其他金融机构实施行政许可。 法规部    第一章 总 则第一章 总 则第一条 为规范中国银…,10441,已提取-可全文
RFN-0b67e315153d21ba,T1销售行为与消费者保护,关于启用保险代理从业人员基本资格证书和展业证书的通知（已失效）,保监发〔2001〕135号,nfra,INCLUDE,中,,保险代理人,保险公司,,[meta]…从业人员基本资格证书和展业证书已投入印制，现将有关使用事项通知如下：。一、自本文印发之日起，各保监办停止发放“保险代理人资格证书”，开始发放“保险代理从业人员基本资格证书”。原已发放的“保险代理人资格证书”继续有效，换证事宜由各保…,827,已提取-可全文
RFN-0b7c659e3b176c41,T5资金运用与资产负债管理,关于保险机构投资者股票投资有关问题的通知,保监发〔2005〕14号,nfra,INCLUDE,中,寿险,,,商业银行,[meta]…行）》（以下简称《托管指引》）等规定，现将保险机构投资者股票投资有关问题通知如下：。一、保险公司应当根据产险、寿险资金的特性，制定股票投资策略方案，并向中国保监会提出股票投资业务申请。     保监发〔2005〕14号 各保…,4040,已提取-可全文
RFN-0bab2c662362a3b1,T5资金运用与资产负债管理,中国证券监督管理委员会、财政部、中国人民银行、中国银行保险监督管理委员会关于商业银行、保险机构参与中国金融期货交易所国债期货交易的公告,保险机构参与中国金融期货证监会公告〔2020〕12号,nfra,EXCLUDE,中,,,保险机构,商业银行,[title]…中国证券监督管理委员会、财政部、中国人民银行、中国银行保险监督管理委员会关于商业银行、保险机构参与中国金融期货交易所国债期货交易的公告 关于商业银行、保险机构参与中国金融期货证监会公告〔2020…,1318,已提取-可全文
RFN-0bd05ec945959c93,T6养老与健康保险专项,关于保险业参与新型农村合作医疗情况的函,保监厅函〔2005〕152号,nfra,INCLUDE,中,人寿保险|人寿保险公司,,,,[body]…性。现将有关情况函告如下： 一、保险公司参与新农合的基本情况 （一）保险公司参与新农合的试点范围与规模 太平洋人寿保险公司（简称“太平洋人寿”）从2001年11月就开始参与江苏省江阴市农村大病医疗统筹业务。截止2005年6月30日，…,5656,已提取-可全文
RFN-0bd80ef2b6fcaebc,T1销售行为与消费者保护,中国保监会关于印发《人身保险公司服务评价管理办法》的通知,保监发〔2013〕73号,nfra,INCLUDE,高,人寿保险公司|人身保险|人身保险公司|人身险公司|健康保险,,,,[title]…中国保监会关于印发《人身保险公司服务评价管理办法》的通知 保监发〔2013〕73号。各保监局，中国保险行业协会，各人寿保险公司、健康保险公司：…,10845,已提取-可全文
RFN-0c0effabceb78ad2,T3资本与偿付能力监管,关于保险公司加强偿付能力管理有关事项的通知,保监发〔2012〕55号,nfra,BOUNDARY,低,,,保险公司|偿付能力,,[title]…关于保险公司加强偿付能力管理有关事项的通知 保监发〔2012〕55号。各保险集团公司、保险公司：。为贯彻落实全国金融工作会…,3042,已提取-可全文
RFN-0c0ffca1ec828e1e,T10数据治理与信息披露,国家金融监督管理总局办公厅 中国人民银行办公厅关于印发《银行业保险业绿色金融高质量发展实施方案》的通知,金办发[2025]15号,nfra,EXCLUDE,中,,,保险产品|保险公司|保险机构|保险资产管理|保险资金|分支机构,商业银行|金融资产|银行业,[title]…国家金融监督管理总局办公厅 中国人民银行办公厅关于印发《银行业保险业绿色金融高质量发展实施方案》的通知 各金融监管局，中国人民银行上海总部、各省、自治区、直辖市及计划单列市…,14322,已提取-可全文
RFN-0cac56cb6ca84165,T2产品与精算制度,关于建立分红保险、投资连接保险报告制度的批复,保监寿[2000]19号,nfra,BOUNDARY,低,人寿保险|人寿保险公司,,,,[meta]…关于建立分红保险、投资连接保险报告制度的批复 保监寿[2000]19号。中国人寿保险公司，中国太平洋保险公司，中国平安保险股份有限公司，新华人寿保险股份有限公司，泰康人寿保险股份有限公司，新疆兵团保…,1003,已提取-可全文
RFN-0cc7605e7139d3a1,T5资金运用与资产负债管理,中国保监会关于保险业支持实体经济发展的指导意见,保监发〔2017〕42号,nfra,BOUNDARY,低,健康保险|养老保险,,,,[body]…病保险政策向建档立卡贫困人群的倾斜，形成基本医保、大病保险、社会救助等衔接机制。在总结试点经验基础上，推进税优健康保险在全国推广。积极推动个人税收递延养老保险试点政策出台并落地实施。鼓励保险公司创新开发产品，开展地方试点，准确把…,7229,已提取-可全文
RFN-0cf994eb737e99e3,T1销售行为与消费者保护,关于印发《加强保险消费者教育工作方案》的通知,保监发〔2008〕118号,nfra,EXCLUDE,中,,,保险产品|保险公司|保险机构|保险消费者|保险理赔,保险中介机构,[meta]…》的通知 保监发〔2008〕118号。各保监局，保监会机关各部门，中国保险行业协会，中国保险学会，各保险公司、保险中介机构：。为加强保险消费者教育工作，保护保险消费者权益，保监会制定了《加强保险消费者教育工作方案》。现予印发，请各单…,9507,已提取-可全文
RFN-0cfbb1fed4a02f5f,T1销售行为与消费者保护,关于调整保险代理从业人员基本资格考试有关事项的通知（已失效）,保监厅发〔2004〕50号,nfra,INCLUDE,中,人身保险,保险代理人,,,[body]…调整为上午 9 时至 11 时。  三、 命题范围 （一）单选题共计 80 分， 考核保险原理、 财产保险、 人身保险和相关法规四部分内容。  1、 保险原理知识占 30 分。 命题范围是：《保险原理与实务》（中国金融出版社出版…,1655,已提取-可全文
RFN-0d0e35388992d940,T10数据治理与信息披露,关于启用保险稽核软件系统的通知（已失效）,保监统信〔2006〕264号,nfra,EXCLUDE,中,,,保险公司|分支机构,财产险,[body]…006年3月1日。 二、适用范围 该软件将在保险现场稽核检查中使用，使用单位为保监会及其派出机构。该软件适用于财产险保险公司、人身险保险公司总公司及其分支机构的现场检查。 三、数据要求 各公司应按照保监会稽核检查要求，提供相关…,1318,已提取-可全文
RFN-0d3ddbb0d94865cf,T10数据治理与信息披露,银行保险机构资产管理产品信息披露管理办法,国家金融监督管理总局令[2025]10号,nfra,EXCLUDE,中,,,保险机构|保险资产管理,信托公司|商业银行|银行业,[meta]…总  则第一条  为了规范资产管理产品信息披露行为，保护资产管理产品投资者的合法权益，根据《中华人民共和国银行业监督管理法》《中华人民共和国商业银行法》《中华人民共和国信托法》《中华人民共和国保险法》等法律法规，以及《关于…,16606,已提取-可全文
RFN-0d3dfcedd6ac89eb,T5资金运用与资产负债管理,关于加强保险机构债券回购业务管理的通知,保监发〔2009〕106号,nfra,BOUNDARY,低,,,保险产品|保险公司|保险机构|保险资产管理|偿付能力,,[title]…关于加强保险机构债券回购业务管理的通知 保监发〔2009〕106号。各保险公司、保险资产管理公司：。为加强保险机构债券回购业务…,2974,已提取-可全文
RFN-0e1df71593d3a9f3,T8机构准入与组织监管,关于进一步规范保险中介市场准入的通知（已废止）,保监中介〔2012〕693号,nfra,EXCLUDE,中,,,保险公司|分支机构,保险公估|保险经纪机构,[body]…对本通知发布之前已经受理的设立申请， 继续按程序办理。  保监会将尽快修订《保险专业代理机构监管规定》、 《保险经纪机构监管规定》和《保险公估机构监管规定》， 完善保险中介市场准入机制， 促进保险中介转型升级。  中国保险监督管理…,875,已提取-可全文
RFN-0e22460fd96dca27,T1销售行为与消费者保护,关于人身保险业综合治理销售误导有关工作的通知,保监发〔2012〕14号,nfra,INCLUDE,高,人身保险|人身保险公司,保险兼业代理,,保险中介机构,[title]…关于人身保险业综合治理销售误导有关工作的通知 保监发〔2012〕14号。各保监局、各人身保险公司、中国保险行业协会:。为全…,7155,已提取-可全文
RFN-0e6c350ab17d6826,T1销售行为与消费者保护,关于加强保险中介从业人员继续教育管理工作的通知（已废止）,保监发〔2009〕70号,nfra,BOUNDARY,低,人身保险|健康保险,保险代理人,,保险中介机构|保险公估|保险经纪|保险经纪机构,[body]…、 保险合同； 3、 《保险法》； 4、 《保险中介相关法规汇编》； 5、 《保险职业道德教育读本》； 6、 人身保险的主要种类和人身保险合同； 7、 财产保险的主要种类和财产保险合同； 8、 意外伤害保险和健康保险； 9、 保…,3619,已提取-可全文
RFN-0e6d9c69e4edbc7d,T0上位法锚点,最高人民法院关于适用《中华人民共和国保险法》若干问题的解释（二）,N/A,,—,—,,,,,,0,未在五源cleaned收录
RFN-0e7ea628db199ba9,T9风险处置与案件合规,关于警惕和防范非法保险经营行为和保险诈骗活动的紧急通知（已废止）,保监发〔2003〕119号,nfra,INCLUDE,中,寿险,,,,[meta]…关于警惕和防范非法保险经营行为和保险诈骗活动的紧急通知（已废止） 保监发〔2003〕119号。各寿险公司、各保监办：。最近，一些不法人员在北京、上海、广东、河北等地区以传销方式售卖境外机构的“XX保险基金”或“…,1441,已提取-可全文
RFN-0ed1619c9f3b01f0,T9风险处置与案件合规,金融业经营者集中申报营业额计算办法,商务部 中国人民银行 银监会 证监会 保监会令[2009]10号,supp,EXCLUDE,中,,,保险公司,信托公司|商业银行|基金管理公司|证券公司|金融资产|银行业|银行业金融机构,[meta]…融业经营者集中申报营业额的计算办法及公式（银行、证券、期货、基金、保险分类规定）。 商务部、中国人民银行、中国银行业监督管理委员会、中国证券监督管理委员会、中国保险监督管理委员会    中华人民共和国商务部 中国人民银行 中国…,2075,已提取-可全文
RFN-0ed3d27380b27e03,T2产品与精算制度,关于印发《变额年金保险管理暂行办法》的通知,保监发〔2011〕25号,nfra,INCLUDE,中,养老保险公司|寿险,,,,[meta]…关于印发《变额年金保险管理暂行办法》的通知 保监发〔2011〕25号。北京、上海、广东、深圳、厦门保监局，各寿险公司、养老保险公司:。为贯彻落实《国务院关于保险业改革发展的若干意见》（国发〔2006〕23号），促进产品创新…,604,已提取-可全文
RFN-0ee86948e7059ffb,T4公司治理与股权关联交易,保险公司控股股东管理办法,N/A,nfra,BOUNDARY,低,,,保险公司|偿付能力,,[title]…保险公司控股股东管理办法　  保监会令2012年第1号。《保险公司控股股东管理办法》已经2012年7月10日中国保险监…,7556,已提取-可全文
RFN-0f121d512d11454f,T10数据治理与信息披露,关于加强保险统计数据质量管理的通知（已失效）,保监发〔2005〕56号,nfra,BOUNDARY,低,,,保险公司|保险机构|保险资产管理|分支机构,,[meta]…关于加强保险统计数据质量管理的通知（已失效） 保监发〔2005〕56号。各保监局、各保险公司、各保险资产管理公司：。中国保险统计信息系统运行以来，各公司统计数据质量确有明显提高，但也暴露出许多问题，如业…,1584,已提取-可全文
RFN-0f42203bec02632a,T2产品与精算制度,中国银保监会办公厅关于加强产业链协同复工复产金融服务的通知,银保监办发[2020]28号,nfra,BOUNDARY,低,人身保险公司,,,银行业金融机构,[body]…、 纯信用等多种形式的保证保险业务， 进一步加大贸易信用保险的承保覆盖面， 拓宽企业融资的增信方式。 （十七）人身保险公司在风险可控的前提下可适度延长保单质押贷款期限， 提升贷款额度， 帮助客户缓解短期资金压力， 支持小微企业复工复…,4966,已提取-可全文
RFN-0f42c3fb4db5e6d2,T2产品与精算制度,关于印发投资连结保险万能保险精算规定的通知,保监寿险〔2007〕335号,nfra,INCLUDE,中,人身保险|健康保险|养老保险公司|寿险,,,,[meta]…关于印发投资连结保险万能保险精算规定的通知 保监寿险〔2007〕335号。各寿险公司、养老保险公司、健康保险公司：。为保护被保险人利益，规范投资连结保险、万能保险…,1236,已提取-可全文
RFN-0fa630786be84cf0,T10数据治理与信息披露,中国保监会关于印发《新增保险功能服务统计指标》的通知,保监发〔2016〕20号,nfra,BOUNDARY,低,人身保险,,,银行业,[body]…险：指以在出口过程中因进口商方面的商业风险或进口国方面的政治风险而遭受经济损失为保险标的的信用保险。 5.小额人身保险：指保险公司面向低收入群体提供的人身保险产品的总称。填报口径按照《关于印发〈全面推广小额人身保险方案〉的通知》…,2864,已提取-可全文
RFN-0fc9aeefcbbefd05,T7反洗钱与反恐怖融资,中国人民银行令〔2025〕第10号（中国人民银行关于修改和废止部分规章的决定）,中国人民银行令〔2025〕第10号,pbc,EXCLUDE,中,,,保险公司|保险资产管理|分支机构,保险经纪|信托公司|商业银行|基金管理公司|证券公司|金融资产,[body]…二条修改为：“在境内设立的下列机构，履行本办法规定的金融机构大额交易和可疑交易报告义务： “（一）政策性银行、商业银行、农村合作银行、农村信用合作社、村镇银行； “（二）证券公司、期货公司、证券投资基金管理公司； “（三）保险公…,9682,已提取-可全文
RFN-0fd2f7401e7f689e,T5资金运用与资产负债管理,关于重新修订《保险公司购买中央企业债券管理办法》的通知（已废止）,保监发〔2003〕9号,nfra,BOUNDARY,低,寿险,,,,[body]…第七条保险公司经批准开办的投资连结保险可以设立投资企业债券比例最高为该账户总资产 100%的投资账户， 万能寿险可以设立投资企业债券比例最高为该账户总资产 80%的投资账户。 投资账户的设立、 合并、 撤消、 变更应符合我…,2109,已提取-可全文
RFN-0fd9409edddf24bf,T7反洗钱与反恐怖融资,中国人民银行办公厅关于进一步加强反洗钱和反恐怖融资工作的通知（银办发〔2018〕130号）,N/A,pbc,EXCLUDE,—,,,,,,206,已提取-可全文
RFN-100c5013e9342ab0,T9风险处置与案件合规,关于重申严禁保险公司支付“无赔款退费”的通知（已废止）,保监发[1999]275号,nfra,BOUNDARY,低,,,保单|保险公司|保险机构,,[title]…关于重申严禁保险公司支付“无赔款退费”的通知（已废止） 保监发[1999]275号。     保监发[1999]275号 中国人民…,1188,已提取-可全文
RFN-1011cd4b926d9c63,T2产品与精算制度,关于进一步扩大农村小额人身保险试点的通知,保监发〔2009〕59号,nfra,INCLUDE,高,人身保险|健康保险|健康险公司|养老保险|养老险公司|寿险,,,,[title]…关于进一步扩大农村小额人身保险试点的通知 保监发〔2009〕59号。各寿险公司，各养老险公司，各健康险公司，各保监局:。农村小额人身保险试点…,2411,已提取-可全文
RFN-10b7297468c33eec,T5资金运用与资产负债管理,关于调整《保险资产管理公司管理暂行规定》有关规定的通知,保监发〔2011〕19号,nfra,BOUNDARY,低,,,保险公司|保险资产管理|偿付能力|分支机构,,[title]…关于调整《保险资产管理公司管理暂行规定》有关规定的通知 保监发〔2011〕19号。各保险集团（控股）公司、保险公司、保险资产管理公司…,1677,已提取-可全文
RFN-113e16a1bc5168f3,T9风险处置与案件合规,关于印发《关于保险业开展不正当交易行为自查自纠工作的实施意见》的通知（已失效）,保监发〔2006〕65号,nfra,BOUNDARY,低,人身保险,,,保险中介机构,[body]…抓落实的工作机制。对组织自查自纠敷衍了事、消极被动的，要追究有关领导的责任。保险公司、保监局和保监会财产保险、人身保险、保险中介、资金运用、财务会计、法规等部门，要采取有力措施，组织好相关领域的自查自纠工作。 （二）抓好政策指导…,6816,已提取-可全文
RFN-116a8c411faa8949,T10数据治理与信息披露,关于发布《保险行业机构代码编码规范》行业标准的通知,保监发〔2007〕128号,nfra,BOUNDARY,低,,,保险公司|保险资产管理,,[meta]…关于发布《保险行业机构代码编码规范》行业标准的通知 保监发〔2007〕128号。各保监局，保监会机关各部门，各保险公司、保险资产管理公司、保险专业中介机构，国有保险公司监事会，中国保险行业协会，中国保险学会，全国金融标准化技术委…,867,已提取-可全文
RFN-117aff297547d489,T5资金运用与资产负债管理,关于保险机构开展利率互换业务的通知,保监发〔2010〕56号,nfra,BOUNDARY,低,,,保险公司|保险机构|保险资产管理,,[title]…关于保险机构开展利率互换业务的通知 保监发〔2010〕56号。各保险集团（控股）公司、保险公司、保险资产管理公司：。为规范…,1720,已提取-可全文
RFN-11aa95929d436a6c,T7反洗钱与反恐怖融资,关于印发《保险业反洗钱工作管理办法》的通知,保监发〔2011〕52号,nfra,EXCLUDE,中,,保险兼业代理|保险销售从业人员,保单|保险公司|保险资产管理|保险销售|分支机构,保险经纪公司,[body]…条 本办法适用于保险公司、保险资产管理公司及其分支机构，保险专业代理公司、保险经纪公司及其分支机构，金融机构类保险兼业代理机构。 第二章保险监管职责 第四条 中国保监会组织、协调、指导保险业反洗钱工作，依法履行下列反洗钱职责： （一…,9422,已提取-可全文
RFN-11debc850c92d549,T5资金运用与资产负债管理,中国银保监会关于将澳门纳入保险资金境外可投资地区的通知,银保监发[2019]48号,nfra,BOUNDARY,低,,,保险公司|保险机构|保险资产管理|保险资金,,[title]…中国银保监会关于将澳门纳入保险资金境外可投资地区的通知 中国银保监会关于中国银保监会关于将澳门纳入保险资金境外可投资地区的通知银保监发〔2019…,978,已提取-可全文
RFN-121d6863d027e70f,T2产品与精算制度,关于《人身保险公司保险条款和保险费率管理办法》若干问题的通知,保监发〔2012〕2号,nfra,INCLUDE,高,人寿保险|人身保险|人身保险公司|健康保险,,,,[title]…关于《人身保险公司保险条款和保险费率管理办法》若干问题的通知 保监发〔2012〕2号。各人身保险公司、各保监局：。为了规范人身保…,3545,已提取-可全文
RFN-122a9682820821f9,T5资金运用与资产负债管理,中国银保监会关于印发保险资金委托投资管理办法的通知,银保监规[2022]9号,nfra,EXCLUDE,中,,,保险公司|保险资产管理|保险资金|偿付能力,商业银行,[body]…受托开展不动产金融产品投资的， 应当具备债权投资计划产品管理能力。 第七条 保险公司应当聘请符合银保监会规定的商业银行等专业机构担任委托投资资产的托管人。 托管人应当按规定忠实履行托管职责， 妥善保管托管财产， 有效监督投资行为…,7234,已提取-可全文
RFN-1268fe11f930a793,T8机构准入与组织监管,中国银保监会办公厅关于印发非银行金融机构行政许可事项申请材料目录及格式要求的通知,银保监办发[2021]83号,nfra,EXCLUDE,中,,,,金融资产,[meta]…将与之相配套的行政许可事项申请材料目录及格式要求（以下简称目录）印发给你们，并就有关事项通知如下：各银保监局、金融资产管理公司：《中国银保监会非银行金融机构行政许可事项实施办法》(中国银行保险监督管理委员会令2020年第6号，以…,1600,已提取-可全文
RFN-1269f65c0d907a31,T10数据治理与信息披露,保险公司信息披露管理办法,中国银行保险监督管理委员会令2018年第2号,nfra,BOUNDARY,低,人身保险|人身保险公司,,,再保险公司|财产保险公司,[body]…设置情况。第十一条 保险公司披露的产品基本信息应当包括下列内容：（一）审批或者备案的保险产品目录、条款；（二）人身保险新型产品说明书；（三）中国银行保险监督管理委员会规定的其他产品基本信息。第十二条 保险公司披露的上一年度财务会…,10504,已提取-可全文
RFN-127e28adb342a8cb,T1销售行为与消费者保护,关于规范人身保险经营行为有关问题的通知（已废止）,保监发[2000]133号,nfra,INCLUDE,高,人身保险|寿险,,,,[title]…关于规范人身保险经营行为有关问题的通知（已废止） 保监发[2000]133号。各寿险公司，中国平安保险股份有限公司、中国太平洋…,6483,已提取-可全文
RFN-12c808c0aa98c712,T8机构准入与组织监管,关于印发保险机构许可证编码方案的通知,保监发[2001]81号,nfra,BOUNDARY,低,人寿保险|人寿保险公司,,,再保险公司|财产保险公司,[body]…许可证编码由4位英文字母和5位数字组成，共9位。 二、第一位为机构业务性质，用大写的英文字母表示。由“L”代表人寿保险公司、“P”代表财产保险公司、“R”代表再保险公司、“E”代表其他。 三、第二位为机构性质，即：“1”为中资公司，…,4646,已提取-可全文
RFN-12cf62e3a31125ba,T5资金运用与资产负债管理,保险机构投资者股票投资管理暂行办法,N/A,nfra,BOUNDARY,低,寿险,,,商业银行,[body]…。 第十六条 保险机构投资者为投资连结保险设立的投资账户，投资股票的比例可以为100％。 保险机构投资者为万能寿险设立的投资账户，投资股票的比例不得超过80％。 保险机构投资者为其他保险产品设立的独立核算账户，投资股票的比例…,15344,已提取-可全文
RFN-12e2ec7fa557c6ec,T2产品与精算制度,关于贯彻落实新《保险法》做好人身保险产品变更管理工作的通知（已废止）,保监发〔2009〕76号,nfra,INCLUDE,高,人身保险|人身保险公司,,,,[title]…关于贯彻落实新《保险法》做好人身保险产品变更管理工作的通知（已废止） 保监发〔2009〕76号。各人身保险公司：。为贯彻落实《中华人民共和国保险法…,2836,已提取-可全文
RFN-12ec06650d1a1479,T4公司治理与股权关联交易,保险机构资金运用关联交易自律规则,中国保险行业协会　2024年1月,,—,—,,,,,,0,未在五源cleaned收录
RFN-13405c62b90acc0d,T3资本与偿付能力监管,关于实施《保险公司偿付能力管理规定》有关事项的通知,保监发〔2008〕89号,nfra,BOUNDARY,低,人寿保险公司|人身保险|寿险,,,再保险公司|财产保险公司,[body]…品投资金部分期末责任准备金的4％； （2）非预定收益型非寿险投资型产品投资金部分期末责任准备金的1％。 （二）人寿保险公司最低资本为长期人身险业务最低资本和短期人身险业务最低资本之和。 长期人身险业务是指保险期间超过1年的人身保险业…,6376,已提取-可全文
RFN-136eb6fb5aa95c8c,T7反洗钱与反恐怖融资,涉及恐怖活动资产冻结管理办法,中国人民银行 公安部 国家安全部令[2014]第1号,supp,BOUNDARY,低,,,保单|分支机构,银行业,[body]…关资产采取冻结措施。 第四条 金融机构、特定非金融机构应当制定冻结涉及恐怖活动资产的内部操作规程和控制措施，对分支机构和附属机构执行本办法的情况进行监督管理；指定专门机构或者人员关注并及时掌握恐怖活动组织及恐怖活动人员名单的变动…,6341,已提取-可全文
RFN-13a9d49189b51e8b,T5资金运用与资产负债管理,中国银保监会办公厅关于优化保险公司权益类资产配置监管有关事项的通知,银保监办发[2020]63号,nfra,BOUNDARY,低,人身保险公司,,,,[body]…增权益类资产投资。三、保险公司存在以下情形之一的，权益类资产投资余额不得高于本公司上季末总资产的15%：（一）人身保险公司上季末责任准备金覆盖率不足100%；（二）最近一年资金运用出现重大风险事件；（三）资产负债管理能力较弱且匹配状…,3811,已提取-可全文
RFN-1424066b74b361a3,T1销售行为与消费者保护,关于全面推进保险纠纷诉讼与调解对接机制建设的意见,法〔2016〕374号,nfra,BOUNDARY,低,,,保险公司|分支机构,,[body]…调，各相关庭室要积极参与配合保险纠纷诉调对接工作，注重沟通协作。保险监管机构应加强对调解组织的指导和监督，鼓励保险公司建立调解权限动态授予、异地授权、及时应调、快速审批等机制，保障基层分支机构能够通过调解解决保险纠纷。保险行业协…,9050,已提取-可全文
RFN-143a5bd9228ffc1b,T10数据治理与信息披露,国家金融监督管理总局关于加强科技型企业全生命周期金融服务的通知,金发[2024]2号,nfra,BOUNDARY,低,,,保单|保险机构|保险资金|偿付能力|分支机构,银行业,[body]…机制，构建科技金融服务长效机制。二、持续深化科技金融组织管理机制建设（三）健全组织架构。鼓励有条件有能力的银行保险机构根据自身情况，将科技金融纳入机构战略规划和年度重点任务。建立健全科技金融工作领导协调机制，加强统筹协调和规划部…,7248,已提取-可全文
RFN-1446258540bdc328,T6养老与健康保险专项,中国保监会关于印发《养老保障管理业务管理办法》的通知,保监发〔2015〕73号,nfra,INCLUDE,中,养老保险公司,,,基金管理公司|证券公司|金融资产,[meta]…中国保监会关于印发《养老保障管理业务管理办法》的通知 保监发〔2015〕73号。各养老保险公司：。为促进保险业积极参与多层次养老保障体系建设，推动养老保障管理业务持续健康发展，保护养老保障管理业务活动当事…,18190,已提取-可全文
RFN-145299d1b8a86606,T4公司治理与股权关联交易,中国保监会关于加强保险公司筹建期治理机制有关问题的通知,保监发〔2015〕61号,nfra,BOUNDARY,低,,,保险公司|保险资产管理,,[title]…中国保监会关于加强保险公司筹建期治理机制有关问题的通知 保监发〔2015〕61号。各保险集团（控股）公司、保险公司、保险资产管理公司筹备…,3436,已提取-可全文
RFN-14a24d7ee6761dac,T2产品与精算制度,中国保监会关于促进团体保险健康发展有关问题的通知,保监发〔2015〕14号,nfra,BOUNDARY,低,人身保险|人身保险公司,,,,[meta]…有关问题通知如下：。一、本通知所称团体保险是指投保人为特定团体成员投保，由保险公司以一份保险合同提供保险保障的人身保险。前款所称特定团体是指法人、非法人组织以及其他不以购买保险为目的而组成的团体。     保监发〔2015〕14…,3628,已提取-可全文
RFN-14c7bc4d9cb3ee47,T4公司治理与股权关联交易,中国银保监会办公厅印发关于建立完善银行保险机构绩效薪酬追索扣回机制指导意见的通知,银保监办发[2021]17号,nfra,EXCLUDE,中,,,保险公司|保险机构|保险资产管理,信托公司|商业银行|金融资产,[body]…追索扣回机制的指导意见 为健全绩效薪酬激励约束机制，充分发挥绩效薪酬在银行保险机构经营管理中的导向作用，根据《商业银行稳健薪酬监管指引》《保险公司薪酬管理规范指引（试行）》等规定，现就建立完善银行保险机构绩效薪酬追索扣回机制提出…,4466,已提取-可全文
RFN-1540c2ebea0b9c67,T9风险处置与案件合规,中国保险监督管理委员会行政处罚程序规定,保监会令〔2017〕1号,nfra,EXCLUDE,中,,保险兼业代理,保险公司|保险公司分支机构|保险机构|保险资产管理|分支机构,保险中介机构|保险公估|保险经纪|保险经纪机构,[body]…机构、保险经纪机构和保险公估机构。 本规定所称保险许可证，是指经营保险业务许可证、经营保险代理业务许可证、经营保险兼业代理业务许可证、经营保险经纪业务许可证和经营保险公估业务许可证。 第二章 管辖 第九条 派出机构负责对辖区内下列机…,32182,已提取-可全文
RFN-155ec733f2078719,T6养老与健康保险专项,关于印发《保险公司分支机构分类监管暂行办法》的通知,保监发〔2010〕45号,nfra,BOUNDARY,低,,,保险公司|保险公司分支机构|分支机构,,[title]…关于印发《保险公司分支机构分类监管暂行办法》的通知 保监发〔2010〕45号。各保监局，各保险公司：。为提高保监局对保险公司分支机构的监…,4303,已提取-可全文
RFN-1565cf1fcd0f9a27,T6养老与健康保险专项,国家金融监督管理总局办公厅关于印发《银行业保险业养老金融高质量发展实施方案》的通知,金办发[2025]26号,nfra,INCLUDE,中,人身保险|健康保险|养老保险,,,信托公司|商业银行|金融资产|银行业,[meta]…保险资产管理公司，养老金管理公司：现将《银行业保险业养老金融高质量发展实施方案》印发给你们，请认真贯彻落实。 人身保险监管司    000001 各金融监管局，各政策性银行、大型银行、股份制银行、外资银行、直销银行、金融资产管理…,9259,已提取-可全文
RFN-15cf23e082283da3,T5资金运用与资产负债管理,中国银保监会办公厅关于保险资金参与证券出借业务有关事项的通知,银保监办发[2021]121号,nfra,EXCLUDE,中,,,保险公司|保险机构|保险资产管理|保险资金|偿付能力,商业银行|基金管理公司|证券公司,[body]…证券出借业务的，不受前款第（四）（五）项的限制。五、保险机构通过约定申报方式参与境内转融通证券出借业务的，借券证券公司上一会计年度末经审计的净资产不得低于60亿元人民币、最近一年分类监管评级不得低于A类。六、保险机构参与境内债券…,5034,已提取-可全文
RFN-15eb0a496c71325e,T8机构准入与组织监管,中国保监会关于调整保险业监管费收费标准等有关事项的通知,保监发〔2016〕9号,nfra,BOUNDARY,低,人寿保险|人身保险|健康保险,,,保险中介机构|保险公估|保险经纪,[body]…自留保费的0.6‰收取；对意外伤害保险、除责任保险和信用保险以外的其他财产保险按年度自留保费的0.8‰收取；对人寿保险、长期健康保险业务按年度自留保费的0.4‰收取。上述自留保费是指保费加上分入保费减去分出保费。保费是指投保人按…,4698,已提取-可全文
RFN-161cccaeb7b7e417,T5资金运用与资产负债管理,《保险资产管理产品管理暂行办法》,2020年第5号,supp,BOUNDARY,低,养老保险公司,,,商业银行|金融资产|银行业,[body]…护登记交易平台相关系统的稳定运行，为保险资管产品业务发展提供良好服务。 第八章 附 则 第六十二条 符合条件的养老保险公司开展保险资管产品业务，参照本办法执行。 第六十三条 保险资产管理机构开展跨境保险资管产品业务参照本办法执行，并…,17542,已提取-可全文
RFN-162cd1b11b7b45d0,T4公司治理与股权关联交易,中国人民银行令〔2020〕第4号（金融控股公司监督管理试行办法）,国发〔2020〕12号,pbc,BOUNDARY,低,人身保险公司,,,信托公司|再保险公司|商业银行|基金管理公司|证券公司|财产保险公司|金融资产|银行业,[body]…融租赁公司。 （二）信托公司。 （三）金融资产管理公司。 （四）证券公司、公募基金管理公司、期货公司。 （五）人身保险公司、财产保险公司、再保险公司、保险资产管理公司。 （六）国务院金融管理部门认定的其他机构。 本办法所称金融控股公…,26287,已提取-可全文
RFN-165b134a80676190,T5资金运用与资产负债管理,关于开展保险资金托管工作的通知（已废止）,保监发〔2005〕90号,nfra,EXCLUDE,中,,,保险产品|保险公司|保险机构|保险资产管理|保险资金,商业银行,[body]…较为规范的保险公司，可以一步到位，实行全过程托管。保险公司开展托管工作，要主动与有关证券交易所、登记结算公司及商业银行协调，建立信息共享和沟通机制，及时解决托管技术和相关问题。 四、实行保险资金托管的有关要求 保险公司、保险资产…,5313,已提取-可全文
RFN-166ed20d89384579,T8机构准入与组织监管,中国保监会关于实施再保险登记管理有关事项的通知,保监发〔2015〕28号,nfra,EXCLUDE,中,,,保单|保险公司|保险机构|偿付能力|分支机构,保险经纪|保险经纪公司|再保险公司,[meta]…中国保监会关于实施再保险登记管理有关事项的通知 保监发〔2015〕28号。各保险公司、再保险公司、保险经纪公司：。为了进一步规范再保险信用风险管理，加强对再保险接受人和再保险经纪人的监管，实现再保险市场健康…,9683,已提取-可全文
RFN-16798970243245c6,T4公司治理与股权关联交易,中国保监会关于进一步加强保险公司股权信息披露有关事项的通知,保监发〔2016〕62号,nfra,BOUNDARY,低,,,保险公司|保险资产管理,,[title]…中国保监会关于进一步加强保险公司股权信息披露有关事项的通知 保监发〔2016〕62号。各保险集团（控股）公司、保险公司、保险资产管理公司：。为…,2090,已提取-可全文
RFN-17042d95ee5b3a4e,T9风险处置与案件合规,关于印发《中国保险监督管理委员会现场检查工作规程》的通知,保监发[2001]104号,nfra,INCLUDE,中,,保险兼业代理,保险公司|保险机构|分支机构,,[body]…会及其派出机构。所称“被检查单位”，是指接受检查的保险公司（含外资保险公司分公司）及其分支机构、保险中介公司、保险兼业代理机构。 （四）现场检查包括检查准备阶段、检查实施阶段、报告形成阶段、处理阶段、档案整理阶段等五个阶段。 （五）…,7934,已提取-可全文
RFN-1801df174a88699e,T6养老与健康保险专项,中国银保监会关于扩大老年人住房反向抵押养老保险开展范围的通知,银保监发〔2018〕43号,nfra,INCLUDE,中,人身保险公司|养老保险,,,,"[meta]…中国银保监会关于扩大老年人住房反向抵押养老保险开展范围的通知 银保监发〔2018〕43号。各保监局,各人身保险公司:。     银保监发〔2018〕43号 各保监局,各人身保险公司: 为贯彻落实《国务院关于加快发展养老服务业…",1249,已提取-可全文
RFN-181834bcb8e6bdfc,T1销售行为与消费者保护,关于规范银行代理渠道保险产品的通知,2023年,supp,BOUNDARY,低,,,保险产品,,[title]…关于规范银行代理渠道保险产品的通知 公司内部产品备案系统收录的银行代理渠道保险产品规范通知（272/275/285 为同一文件），gov.…,165,已提取-缺正文
RFN-1875a1d068ecadf9,T2产品与精算制度,关于索赔期限有关问题的批复,保监复[1999]256号,nfra,BOUNDARY,低,人寿保险,,,,[meta]…限有关问题的请示》（平保发[1999]144号）收悉。经研究，批复如下：。一、根据《保险法》第二十六条的规定，人寿保险以外的其他保险的被保险人或者受益人，对保险人请求赔偿或者给付保险金的权利，自其知道保险事故发生之日起二年内不行…,906,已提取-可全文
RFN-19067d53c35e632c,T4公司治理与股权关联交易,中国保监会关于进一步规范报送《保险公司治理报告》的通知,保监发改〔2015〕95号,nfra,BOUNDARY,低,,,保险公司|保险资产管理,,[title]…中国保监会关于进一步规范报送《保险公司治理报告》的通知 保监发改〔2015〕95号。各保险集团（控股）公司、保险公司、保险资产管理公司：。为进一步简…,2630,已提取-可全文
RFN-193d5f3bfd72bede,T9风险处置与案件合规,关于建立治理商业贿赂专项工作联系点的通知,保监办〔2006〕362号,nfra,BOUNDARY,低,,,保险公司,,[meta]…关于建立治理商业贿赂专项工作联系点的通知 保监办〔2006〕362号。各保险公司，各保监局，机关各部门：。根据《关于保险业开展治理商业贿赂专项工作的实施意见》（保监发〔2006〕26号），开…,1221,已提取-可全文
RFN-1941bd04a588e548,T10数据治理与信息披露,中国保监会关于印发《保险集团并表监管统计制度》的通知,保监发〔2016〕29号,nfra,EXCLUDE,中,,,保险公司|保险资产管理|偿付能力,信托公司|证券公司|金融资产,[body]…担保、金融担保、承诺事项等。 7.保险业：保险集团公司、保险公司和保险资产管理公司。 8.非保险金融业：银行、信托公司、证券公司、基金公司、期货公司和金融租赁公司。 9.非金融业：除保险业及非保险金融业以外的公司和实体。 10.…,6023,已提取-可全文
RFN-198b0a3f770628a7,T3资本与偿付能力监管,中国保监会关于印发《保险公司资本保证金管理办法》的通知,保监发〔2015〕37号,nfra,EXCLUDE,中,,,保险公司|分支机构,商业银行|银行业,[body]…应遵循“足额、安全、稳定”的原则提存资本保证金。 第二章  存  放 第六条  保险公司应当选择两家（含）以上商业银行作为资本保证金的存放银行。存放银行应符合以下条件： （一）国有商业银行、股份制商业银行、邮政储蓄银行和城市商业…,5394,已提取-可全文
RFN-19f7ec81e17cdf73,T3资本与偿付能力监管,中国银保监会关于印发《保险公司偿付能力监管规则——问题解答第1号：偿付能力监管等效框架协议过渡期内的香港地区再保险交易对手违约风险因子》的通知,的通知银保监发[2018]34号,nfra,EXCLUDE,中,寿险,,,再保险公司,,3482,已提取-可全文
RFN-19f865fb9d7b3de0,T7反洗钱与反恐怖融资,中国人民银行办公厅关于落实《金融机构反洗钱监督管理办法（试行）》有关事项的通知（银办发〔2014〕263号）,〔2014〕263号,pbc,EXCLUDE,—,,,,,,547,已提取-可全文
RFN-1a3eb467db2eb3d0,T4公司治理与股权关联交易,中国保监会关于进一步加强保险公司合规管理工作有关问题的通知,保监发〔2016〕38号,nfra,BOUNDARY,低,,,保险公司|保险资产管理|分支机构,,[title]…中国保监会关于进一步加强保险公司合规管理工作有关问题的通知 保监发〔2016〕38号。机关各部门，各保监局，各保险公司、保险资产管理公司：。为…,3444,已提取-可全文
RFN-1a58e6f945058610,T8机构准入与组织监管,中国银保监会关于修改《中华人民共和国外资保险公司管理条例实施细则》的决定,N/A,nfra,INCLUDE,中,人身保险|寿险,,,再保险公司|财产保险公司,[meta]…公司管理条例实施细则》部分条款予以修改。一、删去第三条：“外国保险公司与中国的公司、企业合资在中国境内设立经营人身保险业务的合资保险公司（以下简称合资寿险公司），其中外资比例不得超过公司总股本的51%。 法规部    中国银保监…,12324,已提取-可全文
RFN-1ac12a53d03735e4,T2产品与精算制度,关于放开短期意外险费率及简化短期意外险备案手续的通知,保监发[2000]78号,nfra,INCLUDE,中,人寿保险|人寿保险公司,,,,[meta]…关于放开短期意外险费率及简化短期意外险备案手续的通知 保监发[2000]78号。中国人寿保险公司、中国太平洋保险公司、中国平安保险股份有限公司、新华人寿保险股份有限公司、泰康人寿保险股份有限公司、新疆兵团保…,883,已提取-可全文
RFN-1bd6faaccdaab05d,T9风险处置与案件合规,关于印发《中国保监会关于在行政执法中及时移送涉嫌犯罪案件的规定》的通知,保监发〔2008〕37号,nfra,INCLUDE,中,,保险兼业代理,,,[body]…移送涉嫌犯罪案件前已经作出的警告，限制业务范围、责令停止接受新业务、责令停业整顿，暂扣或者吊销保险许可证、经营保险兼业代理业务许可证的行政处罚决定，不停止执行。 第十三条 保监会或者派出机构对案情复杂、疑难，性质难以认定的案件，可以…,5112,已提取-可全文
RFN-1bf23ca657f22343,T9风险处置与案件合规,中国银保监会关于印发银行保险机构涉刑案件管理办法（试行）的通知,银保监发〔2020〕20号,supp,EXCLUDE,中,,,保单|保险公司|保险机构|保险资产管理|偿付能力|分支机构,信托公司|商业银行|金融资产|银行业|银行业金融机构,[body]…关于印发银行保险机构涉刑案件管理办法（试行）的通知 各银保监局，各政策性银行、大型银行、股份制银行，外资银行，金融资产管理公司，各保险集团（控股）公司、保险公司、保险资产管理公司、保险专业中介机构，各会管单位： 现将《银行保险机…,17185,已提取-可全文
RFN-1c7a2ea96bfada4e,T5资金运用与资产负债管理,中国银保监会办公厅关于印发保险资金参与金融衍生产品交易办法等三个文件的通知,银保监办发[2020]59号,nfra,BOUNDARY,低,,,保险公司|保险资产管理|保险资金,,[title]…中国银保监会办公厅关于印发保险资金参与金融衍生产品交易办法等三个文件的通知 各保险集团（控股）公司、保险公司、保险资产管理公司：各保险集团（控股…,782,已提取-可全文
RFN-1c86948d8888bc14,T6养老与健康保险专项,关于进一步明确商业健康保险个人所得税优惠政策适用保险产品范围的通知,财税〔2022〕21号,mof,INCLUDE,高,健康保险,,,,[title]…关于进一步明确商业健康保险个人所得税优惠政策适用保险产品范围的通知 2022年05月31日财税〔2022〕21号公布，自公布之日起施行。…,729,已提取-可全文
RFN-1cd59de0b82e9063,T10数据治理与信息披露,关于发布《保险信息安全风险评估指标体系规范》行业标准的通知,保监发〔2010〕57号,nfra,BOUNDARY,低,,,保险公司|保险资产管理,,[meta]…《保险信息安全风险评估指标体系规范》行业标准的通知 保监发〔2010〕57号。各保监局，保监会机关各部门，国有保险公司监事会，中国保险行业协会，中国保险学会，各保险公司、保险资产管理公司，全国金融标准化技术委员会保险分技术委员会…,832,已提取-可全文
RFN-1d04d79e9ca9f279,T2产品与精算制度,关于就商业保险合同监管主体问题做好有关协调工作的通知,保监发〔2004〕32号,nfra,BOUNDARY,低,人寿保险,,,,[body]…业实施监督管理”。 第 107 条进一步规定：“关系社会公众利益的保险险种、 依法实行强制保险的险种和新开发的人寿保险险种等的保险条款和保险费率， 应当报保险监督管理机构审批。 ……其他保险险种的保险条款和保险费率， 应当报保险…,2602,已提取-可全文
RFN-1d3a8b84d5f6008b,T2产品与精算制度,关于印发《保险公司费用分摊指引》的通知,保监发〔2006〕90号,nfra,BOUNDARY,低,养老保险,,,,[body]…人力成本，是指职工薪酬及其相关的支出，如：职工工资、职工福利费、职工教育费、住房公积金、社会统筹保险费、补充养老保险费等。 资产占用费，是指由于资产占用而发生或应当承担的费用，如：固定资产折旧和租赁费、电子设备运转费、无形资产…,10875,已提取-可全文
RFN-1d4569b0c83b8ca6,T7反洗钱与反恐怖融资,中国人民银行令〔2006〕第1号（金融机构反洗钱规定）,N/A,pbc,EXCLUDE,中,,,保险公司|保险资产管理|分支机构,商业银行|基金管理公司|证券公司|金融资产|银行业,[body]…》等有关法律、行政法规，制定本规定。 第二条 本规定适用于在中华人民共和国境内依法设立的下列金融机构： （一）商业银行、城市信用合作社、农村信用合作社、邮政储汇机构、政策性银行； （二）证券公司、期货经纪公司、基金管理公司； （…,9034,已提取-可全文
RFN-1d48caa9c48b47da,T2产品与精算制度,中国银保监会关于印发一年期以上人身保险产品信息披露规则的通知,银保监规[2022]24号,nfra,INCLUDE,高,人身保险|人身保险公司|健康保险|养老保险,,,商业银行,[title]…中国银保监会关于印发一年期以上人身保险产品信息披露规则的通知 各银保监局，各人身保险公司：各银保监局，各人身保险公司：现将《一年期以上人身保险产品信…,13968,已提取-可全文
RFN-1d8012044cbd535b,T10数据治理与信息披露,关于做好保险稽核系统接口程序准备工作的通知（已失效）,保监厅发〔2005〕77号,nfra,EXCLUDE,中,,,保险公司,财产险,[meta]…已失效） 保监厅发〔2005〕77号。各保险公司：。为提高监管效率、加强数据检查，我会开发了保险稽核系统（分为财产险专用版和人身险专用版），并将投入使用。为做好现场检查工作，各公司要按规定的数据格式和要求提供导出的TXT文件。…,931,已提取-可全文
RFN-1dd1b464ec4a5382,T6养老与健康保险专项,关于印发健康保险统计制度分析指标和分析图表的通知,保监统信〔2008〕664号,nfra,INCLUDE,高,健康保险,,,,[title]…关于印发健康保险统计制度分析指标和分析图表的通知 保监统信〔2008〕664号。各保监局：。为进一步加强健康保险及相关业务的统…,655,已提取-可全文
RFN-1eb5a997aca74bd9,T1销售行为与消费者保护,中国保监会关于进一步规范保险理赔服务有关事项的通知,保监寿险〔2016〕131号,nfra,INCLUDE,中,寿险,,,,[meta]…中国保监会关于进一步规范保险理赔服务有关事项的通知 保监寿险〔2016〕131号。各保监局、中国保险行业协会、各保险公司：。为保护保险消费者合法权益，方便群众理赔，避免出…,1342,已提取-可全文
RFN-1ece336900ef4ca6,T1销售行为与消费者保护,关于落实《国家税务总局中国保险监督管理委员会关于规范保险中介服务发票有关问题的通知》的通知（已废止）,保监发〔2004〕57号,nfra,EXCLUDE,中,,保险兼业代理,保险公司|保险机构,保险中介机构,[body]…票》的有关问题及时与当地税务部门取得联系， 争取当地税务部门的支持。  三、 监督保险机构和保险中介机构（包括保险兼业代理）认真贯彻执行《通知》的各项要求。 各保监局负责将《通知》下发到辖区内各保险公司、 保险中介机构（包括保险兼业…,1940,已提取-可全文
RFN-1f04c96c6acecb1d,T4公司治理与股权关联交易,关于印发《保险公司内部审计指引（试行）》的通知,保监发〔2007〕26号,nfra,BOUNDARY,低,,,保险公司|保险资产管理,,[title]…关于印发《保险公司内部审计指引（试行）》的通知 保监发〔2007〕26号。各保险公司、保险资产管理公司，各保监局：。为加强保险监…,8473,已提取-可全文
RFN-1f6000fdb3c3a1ba,T1销售行为与消费者保护,中国银保监会办公厅关于坚决杜绝保险机构及从业人员违规销售非保险金融产品的通知,银保监办发〔2019〕20号,supp,BOUNDARY,低,,,保险公司|保险机构|分支机构,,[title]…中国银保监会办公厅关于坚决杜绝保险机构及从业人员违规销售非保险金融产品的通知 坚决杜绝违规销售非保险金融产品（6部分）：个别保险公司违反《中国保监会…,2089,已提取-可全文
RFN-1fde854770f62ca5,T2产品与精算制度,关于保险条款中有关违法犯罪行为作为除外责任含义的批复,保监复[1999]168号,nfra,INCLUDE,中,寿险,,,,[body]…不同或重叠， 但不抵触的， 约定有效， 对保险合同当事人有约束力。  二、 由于各个险种的条款， 尤其是产、 寿险条款之间将违法犯罪行为列为除外责任的意义有很大不同， 因此， 对于违法行为、 违法犯罪行为、 犯罪行为或故意犯…,1302,已提取-可全文
RFN-1fec32fdbfdeee97,T3资本与偿付能力监管,中国保监会关于正式实施中国风险导向的偿付能力体系有关事项的通知,保监财会〔2015〕15号,nfra,INCLUDE,中,人身保险公司|养老保险公司|寿险,,,,[body]…的证据显示其应纳税所得额持续为正的趋势发生根本性、长期性的逆转，方可终止确认所得税准备。 所得税准备以财务报表寿险合同负债的剩余边际金额的10%作为其认可价值。 2.《保险公司偿付能力监管规则第3号：寿险合同负债评估》第十九…,6821,已提取-可全文
RFN-201ab43ff9f14a29,T1销售行为与消费者保护,关于进一步加强和完善保险营销员管理工作有关事项的通知,保监中介〔2010〕544号,nfra,INCLUDE,中,,保险营销员,保险公司|保险营销,,[title]…关于进一步加强和完善保险营销员管理工作有关事项的通知 保监中介〔2010〕544号。各保监局：。2009年9月，中国保监会下发《关于加强和完…,1863,已提取-可全文
RFN-203955d0289ced60,T3资本与偿付能力监管,关于印发《保险公司偿付能力报告编报规则——问题解答第12号：变额年金、农业保险、季度报告预测信息》的通知,保监财会〔2011〕1342号,nfra,BOUNDARY,低,,,保单|保险公司|偿付能力|投资连结保险,,[title]…关于印发《保险公司偿付能力报告编报规则——问题解答第12号：变额年金、农业保险、季度报告预测信息》的通知 保监财会〔2011〕1…,5407,已提取-可全文
RFN-2044962215470332,T8机构准入与组织监管,中国银保监会办公厅关于明确取消合资寿险公司外资股比限制时点的通知,银保监办发〔2019〕230号,nfra,INCLUDE,高,人身保险|寿险,,,,[title]…中国银保监会办公厅关于明确取消合资寿险公司外资股比限制时点的通知 中国银保监会关于明确取消合资寿险公司 中国银保监会办公厅关于明确取消合资寿险公司外…,1085,已提取-可全文
RFN-2059d907cff9963a,T2产品与精算制度,中国保监会关于万能型人身保险费率政策改革有关事项的通知,保监发〔2015〕19号,nfra,INCLUDE,高,人身保险|人身保险公司|寿险,,,,[title]…中国保监会关于万能型人身保险费率政策改革有关事项的通知 保监发〔2015〕19号。各人身保险公司：。为进一步发挥市场在保险资源配置中的决定…,9126,已提取-可全文
RFN-205b43b21e70392c,T2产品与精算制度,关于保险业参与基本医疗保障管理工作有关问题的通知,保监发〔2008〕60号,nfra,BOUNDARY,低,健康保险|养老保险,,,,[body]…服务费用，但不得承担受托管理的医疗保障基金的盈亏和投资风险。 采用保险合同模式参与基本医疗保障管理的，应遵守《健康保险管理办法》的有关规定，条件成熟时，应因地制宜逐步向委托管理模式过渡。 三、保险公司开展基本医疗保障管理工作原则…,3748,已提取-可全文
RFN-209a68b6d192b73d,T10数据治理与信息披露,中国保监会关于印发《中国保险业标准化“十三五”规划》的通知,保监发〔2016〕73号,nfra,BOUNDARY,低,人寿保险|人身保险|健康保险|寿险,,,,[body]…领域，初步构建了一套符合中国保险业发展需要的保险标准体系。 专栏1  已发布保险行业标准列表 1.银行保险业务人寿保险数据交换规范（JR/T0031-2016 2.保险术语（JR/T0032-2015） 3.保险基础数据元目录（…,16698,已提取-可全文
RFN-20f359b9784a1a2f,T3资本与偿付能力监管,关于印发保险公司偿付能力报告编报规则问题解答（3－6号）的通知,保监财会〔2007〕391号,nfra,INCLUDE,中,健康险|寿险,,,商业银行,[body]…答第6号: 最低偿付能力额度的计算口径、银行借款 问：《保险公司偿付能力额度及监管指标管理规定》第五条关于长期寿险业务最低偿付能力额度的规定中，投资连结类业务和其他寿险业务的责任准备金是指分保前的准备金还是分保后的准备金？…,5847,已提取-可全文
RFN-20f83fe1fb0f39c5,T10数据治理与信息披露,中国保监会关于保险业参与加强和创新社会管理的指导意见,保监发〔2011〕69号,nfra,BOUNDARY,低,人身保险|健康保险|养老保险,,,财产险,[body]…盖面，推进老少边贫和有关重点区域农业保险试点，探索推进农房、农机具、渔业保险以及农户综合保险，继续推广农村小额人身保险，为农民生产生活提供较为全面的保障。完善农村基层保险服务体系，规范市场运作，保护农民利益。积极推动“三农”保险…,7487,已提取-可全文
RFN-213ec1fa3be1cc65,T1销售行为与消费者保护,保险专业代理机构监管规定,保监会令〔2004〕14号,nfra,EXCLUDE,中,,,保单|保险产品|保险公司|保险销售|分支机构,保险中介机构|保险公估|保险经纪机构|商业银行,[body]…为保险专业代理公司的发起人或者股东。 保险公司员工投资保险专业代理公司的，应当书面告知所在保险公司；保险公司、保险中介机构的董事或者高级管理人员投资保险专业代理公司的，应当根据《公司法》有关规定取得股东会或者股东大会的同意。 第九条…,23170,已提取-可全文
RFN-2152461078d71661,T5资金运用与资产负债管理,中国保监会关于印发《保险公司资金运用信息披露准则第2号：风险责任人》的通知,保监发〔2015〕42号,nfra,BOUNDARY,低,,,保险公司|保险机构|保险资产管理,,[title]…中国保监会关于印发《保险公司资金运用信息披露准则第2号：风险责任人》的通知 保监发〔2015〕42号。各保险集团（控股）公司、保险公司、保…,2118,已提取-可全文
RFN-21702f9f0e28b143,T4公司治理与股权关联交易,中国保监会关于印发《保险机构董事、监事和高级管理人员培训管理办法》的通知,保监发〔2015〕43号,nfra,EXCLUDE,中,,,保险公司|保险机构|保险消费者|保险资产管理|保险资金|偿付能力|分支机构,保险公估|保险经纪机构,[body]…，按期完成信息反馈、资料报送等工作。 第四十四条  经中国保监会批准设立的全国性保险专业代理机构及其分支机构、保险经纪机构及其分支机构、保险公估机构及其分支机构、其它保险组织参照执行本办法。 第四十五条  本办法由中国保监会负责解释…,9875,已提取-可全文
RFN-224a51c406448328,T2产品与精算制度,关于印发《农村小额人身保险试点方案》的通知,保监发〔2008〕47号,nfra,INCLUDE,高,人身保险|寿险,保险代理人,,,[title]…关于印发《农村小额人身保险试点方案》的通知 保监发〔2008〕47号。各寿险公司，山西、黑龙江、江西、河南、湖北、广西、四川、甘肃、青海…,10306,已提取-可全文
RFN-22aeb33b93ffe81a,T9风险处置与案件合规,关于印发《保险业内涉嫌非法集资活动预警和查处工作暂行办法》的通知,保监发〔2007〕127号,nfra,EXCLUDE,中,,,保险公司|保险机构|分支机构,保险中介机构,[meta]…涉嫌非法集资活动预警和查处工作暂行办法》的通知 保监发〔2007〕127号。各保监局，机关各部门，各保险公司、保险中介机构：。为贯彻落实党中央、国务院处置非法集资的方针和政策，做好保险业内涉嫌非法集资活动的预警和查处工作，建立相关工…,3777,已提取-可全文
RFN-233baf71fb13ddc2,T1销售行为与消费者保护,关于进一步规范代理制保险营销员管理有关问题的通知,保监厅发〔2008〕27号,nfra,BOUNDARY,低,寿险,保险营销员,,保险中介机构,[body]…访投诉情况及相关统计数据通报如下： 一、投诉的公司和地区分布 2008年一季度全国共收到投诉87件，涉及11家寿险公司、3家财险公司、1家代理公司（详见附表1）。被投诉数量排名前五家的公司是：平安人寿40件，占比46%；中国…,4176,已提取-可全文
RFN-2368a50f99747e46,T3资本与偿付能力监管,关于启用偿付能力监管信息系统的通知,保监财会〔2010〕1638号,nfra,BOUNDARY,低,,,保险公司|保险机构|保险资产管理|偿付能力|分红保险,,[title]…关于启用偿付能力监管信息系统的通知 保监财会〔2010〕1638号。各保险公司、保险资产管理公司、保险公司筹备组：。为改进偿付…,3476,已提取-可全文
RFN-23fb8f845baf5965,T4公司治理与股权关联交易,中国保监会办公厅关于优化保险公司章程修改等审批程序的通知,保监厅发〔2015〕42号,nfra,BOUNDARY,低,,,保险公司|保险资产管理,,[title]…中国保监会办公厅关于优化保险公司章程修改等审批程序的通知 保监厅发〔2015〕42号。各保险集团（控股）公司、保险公司、保险资产管理公司：。为…,1083,已提取-可全文
RFN-24af2c0209f2a1ef,T1销售行为与消费者保护,中国银保监会办公厅关于进一步加强消费投诉处理工作的通知,银保监办发〔2022〕90号,supp,BOUNDARY,低,,,保险公司|保险机构|分支机构,银行业,[body]…〔2022〕90号 各银保监局，各大型银行、股份制银行、外资银行、直销银行、理财公司，各保险集团（控股）公司、保险公司： 为深入贯彻以人民为中心的发展思想，进一步增强金融工作的政治性、人民性，督促银行保险机构切实履行消费投诉处理…,4110,已提取-可全文
RFN-24d0b25dd97f339c,T10数据治理与信息披露,关于发布《保险术语（修订版）》行业标准的通知（已失效）,保监发〔2007〕129号,nfra,BOUNDARY,低,,,保险公司|保险资产管理,,[meta]…发布《保险术语（修订版）》行业标准的通知（已失效） 保监发〔2007〕129号。各保监局，保监会机关各部门，各保险公司、保险资产管理公司、保险专业中介机构，国有保险公司监事会，中国保险行业协会，中国保险学会，全国金融标准化技术委…,946,已提取-可全文
RFN-2518efc21ba4410e,T5资金运用与资产负债管理,中国保监会关于规范有限合伙式股权投资企业投资入股保险公司有关问题的通知,保监发〔2013〕36号,nfra,BOUNDARY,低,,,保险公司|保险资产管理,,[title]…中国保监会关于规范有限合伙式股权投资企业投资入股保险公司有关问题的通知 保监发〔2013〕36号。各保险公司、保险资产管理公司，各保监局：。为进一步落实《中国保监会关…,2109,已提取-可全文
RFN-251d4f272a4388ea,T2产品与精算制度,关于人身保险产品税收宣传有关事项的通知（已废止）,保监发〔2008〕43号,nfra,INCLUDE,高,人身保险|人身保险公司,,,,[title]…关于人身保险产品税收宣传有关事项的通知（已废止） 保监发〔2008〕43号。各人身保险公司：。近期，我会多次收到关于人身保…,1018,已提取-可全文
RFN-255f2ffb3344ec7f,T1销售行为与消费者保护,关于贯彻执行保险中介机构管理规定有关问题的通知,保监发〔2001〕195号,nfra,EXCLUDE,中,,,保单|保险公司,保险中介机构|保险公估,[title]…关于贯彻执行保险中介机构管理规定有关问题的通知 保监发〔2001〕195号。各保监办：。保险中介机构管理规定已经发布，现就有关问题通知…,1661,已提取-可全文
RFN-25ea1d07ae1b63c1,T4公司治理与股权关联交易,关于规范中资保险公司吸收外资参股有关事项的通知（已废止）,保监发〔2001〕126号,nfra,BOUNDARY,低,,,保险公司|保险机构|分支机构,,[title]…关于规范中资保险公司吸收外资参股有关事项的通知（已废止） 保监发〔2001〕126号。各中资保险公司：。为规范中资保险公司吸收外资…,2107,已提取-可全文
RFN-266631d9e9362909,T9风险处置与案件合规,中国保监会关于印发《关于加强反保险欺诈工作的指导意见》的通知,保监发〔2012〕69号,nfra,BOUNDARY,低,健康保险,,,保险中介机构|再保险公司,[body]…构应健全与公安部门和司法机关的案件移交、联合执法机制，建立案件联合督办机制。探索建立与医疗卫生部门共同打击医疗健康保险骗赔案件的联动机制。 （二）加强信息互通。各级监管机构应完善与司法及公安、人民银行、工商等部门的案件信息和执法…,7380,已提取-可全文
RFN-26b288d62629e5de,T4公司治理与股权关联交易,银行保险机构公司治理监管评估办法,银保监规[2022]19号,nfra,BOUNDARY,低,人身保险公司,,,再保险公司|商业银行|财产保险公司|金融资产|银行业,[body]…城市商业银行、民营银行、农村商业银行、农村合作银行、外资银行、保险集团（控股）公司、财产保险公司、再保险公司、人身保险公司、相互保险社、自保公司、金融资产管理公司、金融租赁公司、企业集团财务公司、汽车金融公司、消费金融公司及货币经纪…,8822,已提取-可全文
RFN-26b5064bb2b4a3bd,T7反洗钱与反恐怖融资,中国人民银行关于印发银行业、证券期货业、保险业大额交易和可疑交易报告数据报送接口规范的通知,银发[2008]248号,,—,—,,,,,,0,未在五源cleaned收录
RFN-26cc8f88f549e43e,T6养老与健康保险专项,中国保监会关于印发《老年人住房反向抵押养老保险试点统计制度》的通知,保监发〔2015〕2号,nfra,INCLUDE,中,养老保险|养老险,,,,[body]…贷款总额：指预计在被保险人生命期内发放给被保险人贷款的本金之和，包括以养老金形式直接发放给被保险人的贷款、抵交养老险保费的贷款等以各种形式产生并计入贷款本金余额的贷款。 18.贷款本金余额：指截至报告期末累计发放并计息的贷款本…,3946,已提取-可全文
RFN-273a6711bb6f41b1,T2产品与精算制度,中国保险行业协会财产再保险比例及非比例合同范本（中文版）,44511,supp,EXCLUDE,中,,,保单|保险公司|偿付能力|分支机构,再保险公司,[body]…普尔或穆迪或任何国际认可的评级 机构A-及以上的评级时，本条款不适用。 另外，本条款不适用于在中国注册的保险或再保险公司。 ========== 财产再保险非比例合同范本 ========== 1 NON LIFE NON-PRO…,237973,已提取-可全文
RFN-274307463e9b6d47,T4公司治理与股权关联交易,中国银保监会关于印发银行业保险业绿色金融指引的通知,银保监发[2022]15号,nfra,EXCLUDE,中,,,保险公司|保险机构|保险资产管理|保险资金|分支机构,再保险公司|商业银行|银行业|银行业金融机构,[title]…中国银保监会关于印发银行业保险业绿色金融指引的通知 中国银保监会关于印发 各银保监局，各政策性银行、大型银行、股份制银行，各保险集团（控…,10095,已提取-可全文
RFN-27a40e9d7443d407,T9风险处置与案件合规,保险违法行为举报处理工作办法,保监会令2015年第1号,nfra,EXCLUDE,中,,保险兼业代理|保险销售从业人员,保险产品|保险公司|保险机构|保险资产管理|保险销售|分支机构,保险中介机构|保险公估|保险经纪公司,[body]…，是指经中国保监会或者派出机构批准设立的保险专业代理公司、保险经纪公司、保险公估机构和上述机构的分支机构，以及保险兼业代理机构。 本办法所称的保险从业人员，是指保险机构工作人员、保险中介机构从业人员，以及其他为保险机构销售保险产品的…,5757,已提取-可全文
RFN-27bbc28e14e4ddb4,T10数据治理与信息披露,关于发布《保险业务代码集》行业标准的通知,保监发〔2007〕131号,nfra,BOUNDARY,低,,,保险公司|保险资产管理,,[meta]…关于发布《保险业务代码集》行业标准的通知 保监发〔2007〕131号。各保监局，保监会机关各部门，各保险公司、保险资产管理公司、保险专业中介机构，国有保险公司监事会，中国保险行业协会，中国保险学会，全国金融标准化技术委…,860,已提取-可全文
RFN-27c0b4480ee9d8e4,T9风险处置与案件合规,关于防范保险业非法集资活动有关工作的通知,保监发〔2005〕75号,nfra,BOUNDARY,低,,,保险公司|分支机构,,[meta]…关于防范保险业非法集资活动有关工作的通知 保监发〔2005〕75号。各保险公司、各保监局：。近期，各地非法集资现象有抬头之势，在社会上造成不良影响，国务院有关部门正在研究制定对策。为防范保…,1096,已提取-可全文
RFN-27d6a2e1e857bda0,T5资金运用与资产负债管理,中国银保监会办公厅关于印发金融租赁公司项目公司管理办法的通知,银保监办发[2021]143号,nfra,EXCLUDE,中,,,,银行业,[meta]…条  为规范金融租赁公司通过项目公司形式开展融资租赁业务，强化风险防范，促进业务健康发展，根据《中华人民共和国银行业监督管理法》《中华人民共和国公司法》《金融租赁公司管理办法》《金融租赁公司专业子公司管理暂行规定》等法律法规和…,6715,已提取-可全文
RFN-27e45ffafb1ca5e4,T3资本与偿付能力监管,中国银保监会办公厅关于规范银行业金融机构协助有权机关办理保险公司资本保证金账户查询、冻结、扣划有关事宜的通知,银保监办发[2020]91号,nfra,EXCLUDE,中,,,保险公司,商业银行|银行业|银行业金融机构,[title]…中国银保监会办公厅关于规范银行业金融机构协助有权机关办理保险公司资本保证金账户查询、冻结、扣划有关事宜的通知 为进一步规范银行业金融机构协助有权机关办…,2294,已提取-可全文
RFN-27f996b11536bc0b,T8机构准入与组织监管,关于印发《保险中介机构法人治理指引（试行）》和《保险中介机构内部控制指引（试行）》的通知（已废止）,保监发〔2005〕21号,nfra,EXCLUDE,中,,,保单|保险公司|保险机构|分支机构,保险中介机构|保险公估|保险经纪|保险经纪公司|保险经纪机构,[title]…关于印发《保险中介机构法人治理指引（试行）》和《保险中介机构内部控制指引（试行）》的通知（已废止） 保监发〔2005〕21号。各保险…,32639,已提取-可全文
RFN-280bba93cfa3b5dd,T1销售行为与消费者保护,中国银保监会办公厅关于加强保险公司中介渠道业务管理的通知,银保监办发〔2019〕19号,nfra,EXCLUDE,中,,个人保险代理人|保险兼业代理,保单|保险公司|保险销售|分支机构,保险公估|保险经纪机构,[meta]…险公司中介渠道业务管理有关事项通知如下：一、保险公司要建立权责明晰的中介渠道业务管理制度体系（一）保险公司通过个人保险代理人、保险专业代理机构、保险经纪机构、保险兼业代理机 办公厅    中国银保监会办公厅关于加强保险公司中介渠道业务…,5053,已提取-可全文
RFN-2836d315cfaf03af,T10数据治理与信息披露,关于开展保险公司数据质量问题调查的通知,保监厅发〔2005〕80号,nfra,BOUNDARY,低,,,保险公司|保险公司分支机构|分支机构,,[title]…关于开展保险公司数据质量问题调查的通知 保监厅发〔2005〕80号。各保监局：。自2005年1月保险公司统计数据由保险集团公司…,1719,已提取-可全文
RFN-28384a7adbcc5554,T3资本与偿付能力监管,保险公司次级定期债务管理办法,保监会令〔2004〕10号,nfra,BOUNDARY,低,,,保单|保险公司|保险资产管理|偿付能力,,[title]…保险公司次级定期债务管理办法 保监会令2013年第5号。现发布《中国保险监督管理委员会关于修改〈保险公司次级定期债务管…,10603,已提取-可全文
RFN-28398a5340b9cd20,T2产品与精算制度,关于废止部分规范性文件的通知,保监发〔2005〕18号,nfra,BOUNDARY,低,人身保险|寿险,保险代理人|保险兼业代理,,保险公估|保险经纪公司,[body]…7、关于印发《机动车辆保险条款》和《机动车辆保险费率规章》的通知(保监发〔2000〕16号) 18、关于印发《人身保险产品备案管理暂行办法》的通知（保监发〔2000〕20号） 19、关于调整高级管理人员任职资格审查范围和改变内部…,5152,已提取-可全文
RFN-28419373d82254db,T1销售行为与消费者保护,人身保险业务基本服务规定,中国保险监督管理委员会令2010年第4号,nfra,INCLUDE,高,人身保险,保险代理人|保险营销员,,,[title]…人身保险业务基本服务规定 中国保险监督管理委员会令2010年第4号。《人身保险业务基本服务规定》已经2010年1月26…,6603,已提取-可全文
RFN-28592205e5bf65d0,T1销售行为与消费者保护,关于加快天津滨海新区保险改革试验区创新发展的意见,保监发〔2007〕110号,nfra,BOUNDARY,低,寿险,,,,[body]…体系，鼓励保险机构开发适应天津滨海新区开发开放和天津经济社会发展需求的保险产品；支持营销模式创新，探索非关联产寿险公司相互代理、兼业代理连锁经营、营销员理财顾问等新型营销方式；坚持以客户为本的服务理念，积极发展网上保险、远程…,5140,已提取-可全文
RFN-28b33b7919097bdb,T1销售行为与消费者保护,关于推进投保提示工作的通知,保监发〔2009〕68号,nfra,INCLUDE,中,人身保险|健康保险|健康险公司|寿险,保险兼业代理,,,[meta]…关于推进投保提示工作的通知 保监发〔2009〕68号。各保监局，各寿险公司、健康险公司：。为规范人身保险投保提示工作，推行人身保险投保提示制度，保护投保人合法权益，提升行业服务水平…,13237,已提取-可全文
RFN-28e4deb64642fdb6,T1销售行为与消费者保护,国家金融监督管理总局办公厅关于进一步加强金融机构营销行为管理的通知,金办发〔2025〕63号,supp,BOUNDARY,低,,,保单|保险产品|保险公司|保险资产管理,保险经纪机构|银行业,[body]…销行为管理的通知 各金融监管局，各大型银行、股份制银行、外资银行、直销银行、理财公司，各保险集团（控股）公司、保险公司、保险资产管理公司、保险专业代理机构、保险经纪机构，各金融控股公司，银行业协会、信托业协会、保险业协会、保险资…,6160,已提取-可全文
RFN-28fa90ee667b8e96,T10数据治理与信息披露,关于在保险行业内发布部分保险统计汇总数据的通知（已废止）,保监统信〔2005〕1055号,nfra,INCLUDE,中,人身保险公司,,,财产保险公司|财产险,[meta]…统计汇总数据。现就有关事宜通知如下：。一、发布内容。（一）财产保险公司主要业务保费收入（详见附件1）；。（二）人身保险公司主要业务保费收入（详见附件2）；。（三）全国各地区财产险业务保费收入（详见附件3）；。     保监统信〔20…,1315,已提取-可全文
RFN-2923265780e340cb,T10数据治理与信息披露,关于保险资产管理公司2004年年度报告编报工作有关问题的通知（已失效）,保监财会〔2005〕95号,nfra,BOUNDARY,低,寿险,,,,[body]…司的自有资产和受托资产、不同委托人委托管理的资产应分开管理、分别核算。对接受保险公司委托投资的次级债募集资金、寿险公司委托投资的分红保险资金、投资连结保险资金、万能保险资金以及其他寿险资金，保险资产管理公司应分别进行投资和核…,2260,已提取-可全文
RFN-2936734e64927b7f,T2产品与精算制度,关于企业年金产品备案有关问题的通知（已废止）,保监发〔2005〕91号,nfra,INCLUDE,中,人身保险|人身保险公司,,,,[meta]…关于企业年金产品备案有关问题的通知（已废止） 保监发〔2005〕91号。各人身保险公司：。为了促进企业年金市场发展，规范企业年金产品的管理，现就依照《企业年金基金管理试行办法》开发的企业年金产品备…,1915,已提取-可全文
RFN-29968296549c56bc,T10数据治理与信息披露,中国银保监会办公厅关于进一步做好信贷工作 提升服务实体经济质效的通知,银保监办发〔2018〕76号,nfra,BOUNDARY,低,人身保险,,,信托公司|商业银行|金融资产|银行业|银行业金融机构,[body]…等方面的改革，进一步缩短投资链条，降低投资成本，提高投资效率。发挥保险业风险管理和保障功能，不断丰富财产保险、人身保险等产品和业务模式，改进保险服务，稳定企业和居民财务预期。八、规范经营行为，严禁附加不合理贷款条件。规范贷款行为…,4420,已提取-可全文
RFN-29d3d5575cdc896c,T4公司治理与股权关联交易,银行保险机构关联交易管理办法,中国银行保险监督管理委员会令[2022]1号,nfra,EXCLUDE,中,,,保险公司|保险机构|保险资产管理|保险资金,信托公司|商业银行|金融资产|银行业,[body]…交易行为，防范关联交易风险，促进银行保险机构安全、独立、稳健运行，根据《中华人民共和国公司法》《中华人民共和国银行业监督管理法》《中华人民共和国商业银行法》《中华人民共和国保险法》《中华人民共和国信托法》等法律法规，制定本办法…,24941,已提取-可全文
RFN-2a5f9307327d6bbf,T7反洗钱与反恐怖融资,中国人民银行关于印发《中国人民银行反洗钱调查实施细则（试行）》的通知(银发〔2007〕158号),银发〔2007〕158号,pbc,EXCLUDE,—,,,,,,239,已提取-可全文
RFN-2a98bfae638def14,T10数据治理与信息披露,国家金融监督管理总局办公厅 科技部办公厅  国家发展改革委办公厅关于印发《银行业保险业科技金融高质量发展实施方案》的通知,金办发[2025]31号,nfra,EXCLUDE,中,,,保险产品|保险公司|保险机构|保险资产管理|保险资金|分支机构,商业银行|金融资产|银行业,[title]…国家金融监督管理总局办公厅 科技部办公厅  国家发展改革委办公厅关于印发《银行业保险业科技金融高质量发展实施方案》的通知 各金融监管局；各省、自治区、直辖市、计划单列市科技厅（委、局），新疆…,10037,已提取-可全文
RFN-2abdd417fb0d9777,T10数据治理与信息披露,中国保监会关于印发《保险机构企业年金业务统计制度》的通知,保监发〔2015〕104号,nfra,INCLUDE,中,人身保险公司|人身险公司|养老保险公司,,,,[meta]…中国保监会关于印发《保险机构企业年金业务统计制度》的通知 保监发〔2015〕104号。各人身险公司、保险资产管理公司：。为全面反映保险机构企业年金业务情况，满足对保险机构企业年金业务的监管需求，我会对《养老保…,8289,已提取-可全文
RFN-2c2826f69b405f9f,T6养老与健康保险专项,中国银行保险监督管理委员会 财政部 人力资源社会保障部 税务总局关于印发《个人税收递延型商业养老保险产品开发指引》的通知,的通知银保监发〔2018〕20号,nfra,INCLUDE,中,人身保险公司|养老保险,,,,"[meta]…20号各保监局,各银监局,上海市、江苏省、福建省、厦门市财政厅(局)、人力资源社会保障厅(局)、地方税务局,各人身保险公司:为贯彻落实党的十九大精神,促进个人税收递延型商业养老保险试点健康发展,规范保险公司个人税收递延型商业养老保险…",8738,已提取-可全文
RFN-2c4db51d19ff2f20,T8机构准入与组织监管,中国保监会关于进一步加强保险公司开业验收工作的通知,保监发〔2017〕51号,nfra,BOUNDARY,低,,,保险公司|保险资产管理|分支机构,,[title]…中国保监会关于进一步加强保险公司开业验收工作的通知 保监发〔2017〕51号   各中资保险公司筹备组：   为规范保险公司筹建行为，严格开业…,3388,已提取-可全文
RFN-2c5c046f3b50a096,T8机构准入与组织监管,中国银保监会关于印发保险公司分支机构市场准入管理办法的通知,中国银保监会关于印发保险公司分支机构市场准入管理办法的通知银保监发〔2021〕37号,nfra,INCLUDE,中,人身保险,,,,[body]…自发布之日起施行。《保险公司分支机构市场准入管理办法》（保监发〔2013〕20号）、《中国保监会关于进一步加强人身保险监管有关事项的通知》（保监发〔2016〕113号）同时废止。 附:中国银保监会发布《保险公司分支机构市场准入管…,12430,已提取-可全文
RFN-2c5e83fa905aa605,T4公司治理与股权关联交易,中国保监会关于印发《保险集团并表监管指引》的通知,保监发[2014]96号,,—,—,,,,,,0,未在五源cleaned收录
RFN-2c6a41afa6f23bff,T1销售行为与消费者保护,中国保监会 中国银监会关于进一步规范商业银行代理保险业务销售行为的通知,保监发〔2014〕3号,nfra,INCLUDE,中,人身保险|健康保险|寿险,,,商业银行|财产保险公司|银行业金融机构,[body]…无继续投保意愿等问题的不得承保。 （二）销售保单利益不确定的保险产品，包括分红型、万能型、投资连结型、变额型等人身保险产品和财产保险公司非预定收益型投资保险产品等，存在以下情况的，应在取得投保人签名确认的投保声明后方可承保： 1…,7596,已提取-可全文
RFN-2c90ae467fcf41f9,T6养老与健康保险专项,中国银保监会办公厅关于规范保险公司健康管理服务的通知,银保监办发[2020]83号,nfra,BOUNDARY,低,健康保险,,,,[meta]…理服务的通知 银保监局，各保险公司，中国保险行业协会：各银保监局，各保险公司，中国保险行业协会：为进一步落实《健康保险管理办法》（银保监会令2019年第3号）有关要求，规范保险公司健康管理服务行为，切实提升专业化服务水平，促进商…,5164,已提取-可全文
RFN-2ccd696d3fd16f64,T8机构准入与组织监管,中国银行保险监督管理委员会派出机构监管职责规定,中国银行保险监督管理委员会令[2021]9号,nfra,EXCLUDE,中,,,保险公司|保险机构|保险资产管理|偿付能力,保险公估|保险经纪机构|信托公司|商业银行|金融资产|银行业|银行业金融机构,[meta]…督管理委员会第一条　为明确中国银行保险监督管理委员会（以下简称银保监会）派出机构监管职责，根据《中华人民共和国银行业监督管理法》《中华人民共和国商业银行法》《中华人民共和国保险法》等法律、行政法规，制定本规定。 法规部…,6393,已提取-可全文
RFN-2d7c38ba49a7bec5,T7反洗钱与反恐怖融资,中国人民银行 中国银行保险监督管理委员会 中国证券监督管理委员会令〔2022〕第1号（金融机构客户尽职调查和客户身份资料及交易记录保存管理办法）,〔2022〕第1号,pbc,BOUNDARY,低,人寿保险|人身保险|健康保险,,,保险经纪|信托公司|商业银行|基金管理公司|证券公司|金融资产|银行业,[body]…中国人民银行和中国证券监督管理委员会规定的应当开展客户尽职调查的其他证券业务。 第十三条 保险公司在与客户订立人寿保险合同和具有投资性质的保险合同时，应当开展客户尽职调查，确认投保人和被保险人之间的关系，以及被保险人和受益人之间…,24450,已提取-可全文
RFN-2db149c6176e5ae6,T5资金运用与资产负债管理,关于保险资金投资基础设施债权投资计划的通知,保监发〔2009〕43号,nfra,EXCLUDE,中,,,保险产品|保险公司|保险机构|保险资产管理|保险资金|偿付能力,信托公司|金融资产,[body]…简称管理办法）及《保险资金间接投资基础设施债权投资计划管理指引（试行）》的有关规定，可以投资保险资产管理公司、信托公司等专业管理机构发起设立的债权投资计划。 二、保险公司投资债权投资计划的，除符合管理办法第二十三条规定外，还应当…,4746,已提取-可全文
RFN-2db881a4e388f856,T2产品与精算制度,关于印发人身保险条款存在问题示例的通知,保监发〔2004〕51号,nfra,INCLUDE,高,人身保险|健康保险|健康险|寿险,,,,[title]…关于印发人身保险条款存在问题示例的通知 保监发〔2004〕51号。各寿险公司：。为贯彻全保会精神，进一步推进人身保险条款通俗化…,12314,已提取-可全文
RFN-2e59d19571d19b2e,T10数据治理与信息披露,中国银保监会办公厅关于印发银行保险机构信息科技外包风险监管办法的通知,银保监办发[2021]141号,nfra,EXCLUDE,中,,,保险公司|保险机构|保险资产管理,商业银行|金融资产|银行业|银行业金融机构,[meta]…行保险机构信息科技外包风险监管办法的通知 各银保监局，各政策性银行、大型银行、股份制银行、外资银行、直销银行、金融资产管理公司、金融资产投资公司、理财公司，各保险集团（控股）公司、保险公司、保险资产管理公司、养老金管理公司、保险…,17869,已提取-可全文
RFN-2e965f2ed510a7f4,T2产品与精算制度,中国保监会关于强化人身保险产品监管工作的通知,保监寿险〔2016〕199号,nfra,INCLUDE,高,人身保险|人身保险公司|寿险,,,,[title]…中国保监会关于强化人身保险产品监管工作的通知 保监寿险〔2016〕199号。各人身保险公司：。为做好新形势下人身保险产品监管工作，充分发…,4668,已提取-可全文
RFN-2e9f64324c1043d0,T10数据治理与信息披露,关于印发《人身保险业务档案管理规范》的通知,保监发〔2007〕51号,nfra,INCLUDE,高,人身保险|人身保险公司,,,,[title]…关于印发《人身保险业务档案管理规范》的通知 保监发〔2007〕51号。各人身保险公司：。《人身保险业务档案管理规范》（DA/T3…,1015,已提取-可全文
RFN-2eb71bc21d10bca2,T4公司治理与股权关联交易,关于印发《寿险公司内部控制评价办法（试行）》的通知,保监发〔2006〕6号,nfra,INCLUDE,高,人寿保险公司|健康保险|养老保险公司|寿险,,,,[title]…关于印发《寿险公司内部控制评价办法（试行）》的通知 保监发〔2006〕6号。各保监局、各人寿保险公司、健康保险公司、养老保险…,23440,已提取-可全文
RFN-2ed7de7b013f5d42,T10数据治理与信息披露,关于修订保险外币统计制度有关内容的通知,保监发〔2007〕41号,nfra,BOUNDARY,低,人寿保险公司|健康险,,,,[body]…内”和“分保赔付支出（统计）－境外”。 2、下列各币种指标增加“再”报送公司属性：“赔付支出”和“应收分保长期健康险责任准备金”。 （三）调整报送频率的指标 1、下列各币种指标取消“年度”报送频率：“签单保费”、“已决赔款”、…,2920,已提取-可全文
RFN-2f005ad7b1c2f297,T6养老与健康保险专项,关于在全国范围实施个人养老金个人所得税优惠政策的公告,财政部、税务总局公告2024年21号,mof,EXCLUDE,中,,,分支机构,商业银行,[body]…得的，其缴费在次年汇算清缴时在限额标准内据实扣除。个人按规定领取个人养老金时，由开立个人养老金资金账户所在市的商业银行机构代扣代缴其应缴的个人所得税。 三、人力资源社会保障部门与税务部门应建立信息交换机制，通过个人养老金信息管理…,1771,已提取-可全文
RFN-2f5598585f3b774e,T3资本与偿付能力监管,关于印发《保险公司偿付能力报告编报规则——问题解答第8号：临时报告》的通知,保监发[2009]89号,supp,BOUNDARY,低,,,保险公司|偿付能力,,[title]…中国保险监督管理委员会关于印发《保险公司偿付能力报告编报规则——问题解答第8号：临时报告》的通知 明确保险公司偿付能力临时报告的触发标准（重大投资损失…,3566,已提取-可全文
RFN-2faa19cd0d52b724,T2产品与精算制度,中国银行保险监督管理委员会办公厅关于印发人身保险公司《精算报告》编报规则的通知,编报规则的通知银保监办发〔2018〕45号,nfra,INCLUDE,高,人身保险|人身保险公司,,,,[title]…中国银行保险监督管理委员会办公厅关于印发人身保险公司《精算报告》编报规则的通知 中国银行保险监督管理委员会关于印发人身保险公司《精算报告》编报规则的通知中国银行保…,1986,已提取-可全文
RFN-30290a24b798f004,T8机构准入与组织监管,关于保险公司分支机构相互代理保险业务有关问题的复函,保监办函〔2003〕227号,nfra,BOUNDARY,低,寿险,保险兼业代理,,,[body]…控制度， 完善对保险兼业代理业务管理的前提下， 保险公司的分支机构相互代理保险业务不设级别对等的限制， 产、 寿险公司的营销服务部可以与对方的支公司或分公司之间相互代理。  三、 不得在《经营保险业务许可证》上增列有关内容取…,873,已提取-可全文
RFN-306a23eecbf1b937,T5资金运用与资产负债管理,中国保监会关于保险资金投资创业板上市公司股票等有关问题的通知,保监发〔2014〕1号,nfra,BOUNDARY,低,,,保险公司|保险机构|保险资产管理|保险资金,,[title]…中国保监会关于保险资金投资创业板上市公司股票等有关问题的通知 保监发〔2014〕1号。各保险集团（控股）公司、保险公司、保险资产管理…,2029,已提取-可全文
RFN-30a1c92e34e866fe,T10数据治理与信息披露,关于修订印发《企业会计准则第25号——保险合同》的通知,财会〔2020〕20号,mof,EXCLUDE,—,,,,,,1096,已提取-可全文
RFN-30db7bb8ad56799b,T1销售行为与消费者保护,关于严禁协助境外保险公司推销地下保单有关问题的通知,保监发〔2004〕29号,nfra,INCLUDE,中,寿险,,,,[meta]…关于严禁协助境外保险公司推销地下保单有关问题的通知 保监发〔2004〕29号。各寿险公司：。近来，一些内地寿险公司的代理人直接或间接向内地客户宣传和推荐境外保单，甚至将内地保险公司的营业场所提供…,1017,已提取-可全文
RFN-30de77a90a992c25,T10数据治理与信息披露,关于明确统计口径有关事项的通知,保监厅发〔2006〕94号,nfra,BOUNDARY,低,,,保险公司,,[meta]…关于明确统计口径有关事项的通知 保监厅发〔2006〕94号。各保险公司：。为规范保险公司统计信息的报送标准，提高数据的一致性和可比性，我会进一步明确了统计数据的统计期间，并根据有关…,865,已提取-可全文
RFN-30fe8eab1eae6696,T1销售行为与消费者保护,关于严格规范保险专业中介机构激励行为的通知,保监中介〔2010〕1333号,nfra,EXCLUDE,—,,,,,,1506,已提取-可全文
RFN-3144793e0cf8551b,T10数据治理与信息披露,国家金融监督管理总局关于银行业保险业人工智能安全开发应用的指导意见,金发[2026]8号,nfra,BOUNDARY,低,,,保险公司|保险机构|保险资产管理,金融资产|银行业,[meta]…金融监管局，各政策性银行、大型银行、股份制银行、外资银行、金融资产管理公司、理财公司，各保险集团（控股）公司、保险公司、保险资产管理公司，各金融控股公司，各总局管理单位：各金融监管局，各政策性银行、大型银行、股份制银行、外资银行…,11677,已提取-可全文
RFN-31449164fa28b31e,T5资金运用与资产负债管理,关于加强保险资产配置风险管理的通知,保监发〔2009〕17号,nfra,BOUNDARY,低,,,保险产品|保险公司|保险资产管理,,[meta]…关于加强保险资产配置风险管理的通知 保监发〔2009〕17号。各保险公司、保险资产管理公司:。当前，国际金融危机尚未见底，宏观经济和金融市场运行仍有一些不确定因素，各公司应根据全国保…,1964,已提取-可全文
RFN-314cff32a194a1d7,T4公司治理与股权关联交易,中国银保监会关于开展银行业保险业“内控合规管理建设年”活动的通知,银保监发[2021]17号,nfra,BOUNDARY,低,,,保险产品|保险公司|保险机构|保险理赔|保险资产管理|分支机构,金融资产|银行业,[meta]…，各政策性银行、大型银行、股份制银行、外资银行、直销银行、金融资产管理公司、理财公司，各保险集团（控股）公司、保险公司、保险资产管理公司，银行业协会、信托业协会、财务公司协会、保险业协会、保险资管业协会：为深入贯彻落实党中央、国…,17772,已提取-可全文
RFN-319734397c70c567,T10数据治理与信息披露,国家金融监督管理总局关于银行业保险业做好金融“五篇大文章”的指导意见,金发[2024]11号,nfra,BOUNDARY,低,人寿保险|健康保险|养老保险,,,信托公司|商业银行|金融资产|银行业,[body]…优健康保险产品供给，让相关政策惠及更多人民群众。探索包含长期护理服务、健康管理服务的商业健康保险产品。持续推进人寿保险与长期护理保险责任转换业务试点。加大对健康产业、养老产业、银发经济的金融支持。在风险有效隔离的基础上，支持保险…,10871,已提取-可全文
RFN-31e260aef067c3a4,T1销售行为与消费者保护,关于印发《保险营销员诚信记录管理办法》的通知,保监发〔2007〕98号,nfra,EXCLUDE,中,,保险营销员,保险公司|保险机构|保险营销,保险中介机构|商业银行,[title]…关于印发《保险营销员诚信记录管理办法》的通知 保监发〔2007〕98号。各保监局、各保险公司、各保险中介机构：。为发挥行业和社会监…,5446,已提取-可全文
RFN-3271031a208f2244,T10数据治理与信息披露,关于印发《中国保险业发展“十一五”规划信息化重点专项规划》的通知,保监发〔2006〕125号,nfra,BOUNDARY,低,,,保险产品|保险公司|保险机构|保险资产管理|偿付能力,银行业,[meta]…”规划信息化重点专项规划》的通知 保监发〔2006〕125号。各保监局、机关各部门、各保险集团（控股）公司、各保险公司、各保险资产管理公司：。现将《中国保险业发展“十一五”规划信息化重点专项规划》印发给你们，请遵照执行。二○○六…,16247,已提取-可全文
RFN-3302744bda380f81,T2产品与精算制度,中国保监会关于规范投资连结保险投资账户有关事项的通知,保监发〔2015〕32号,nfra,INCLUDE,中,人身保险|人身保险公司,,,金融资产,[meta]…中国保监会关于规范投资连结保险投资账户有关事项的通知 保监发〔2015〕32号。各人身保险公司：。为规范投资连结保险投资账户的设立、变更、合并、分立、关闭、清算等事项，保护保险消费者利益，现将有关事项通知…,5451,已提取-可全文
RFN-3310d99e961c2ade,T1销售行为与消费者保护,关于规范代理制保险营销员管理制度的通知（已废止）,保监发〔2007〕123号,nfra,EXCLUDE,中,,保险营销员,保险公司|保险营销,保险中介机构,[title]…关于规范代理制保险营销员管理制度的通知（已废止） 保监发〔2007〕123号。各保险公司、各保险中介机构：。为促进保险营销业务健康发展…,2609,已提取-可全文
RFN-3426f86e4664d8a4,T1销售行为与消费者保护,关于实施《保险专业代理机构基本服务标准》《保险经纪机构基本服务标准》《保险公估机构基本服务标准》的通知,保监发〔2013〕3号,nfra,EXCLUDE,中,,,保单|保险产品|保险公司|保险条款|保险消费者|偿付能力,保险中介机构|保险公估|保险经纪|保险经纪机构,[title]…关于实施《保险专业代理机构基本服务标准》《保险经纪机构基本服务标准》《保险公估机构基本服务标准》的通知 保监发〔2013〕3号。各保险中介机构，各保监局：。根据《保…,11600,已提取-可全文
RFN-343f71b90c38ef6c,T10数据治理与信息披露,保险统计管理暂行规定,N/A,nfra,EXCLUDE,中,,,保险公司|保险机构|保险资产管理|分支机构,保险中介机构,[body]…、行政法规或者中国保监会有规定的，适用其规定；法律、行政法规或者中国保监会没有其他规定的，适用本规定： （一）保险中介机构； （二）保险集团公司； （三）保险控股公司； （四）政策性保险公司； （五）保险资产管理公司。 第四十二条…,8736,已提取-可全文
RFN-344cac5f135b22be,T1销售行为与消费者保护,关于印发《保险兼业代理管理暂行办法》的通知,保监发[2000]144号,nfra,BOUNDARY,低,人身保险,保险兼业代理,,保险经纪,[body]…监会认定的其他损害保险人、投保人和被保险人利益的行为。 第十九条 保险兼业代理人向保险公司投保自身的财产保险或人身保险，视为保险公司直接承保业务，保险兼业代理人不得提取代理手续费。 第二十条 保险兼业代理合同的代理期限以合同订立…,4151,已提取-可全文
RFN-346b58f3f99b3575,T4公司治理与股权关联交易,关于贯彻实施《保险公司董事及高级管理人员审计管理办法》有关事项的通知,保监发〔2012〕102号,nfra,BOUNDARY,低,,,保险公司,,[title]…关于贯彻实施《保险公司董事及高级管理人员审计管理办法》有关事项的通知 保监发〔2012〕102号。各保险公司：。为进一步规范高管人员…,2416,已提取-可全文
RFN-34d357c853594310,T4公司治理与股权关联交易,关于加强寿险公司内部控制自我评估工作有关问题的通知（已废止）,保监发〔2008〕16号,nfra,INCLUDE,高,人寿保险公司|人身保险|健康保险|养老保险公司|寿险,,,,[title]…关于加强寿险公司内部控制自我评估工作有关问题的通知（已废止） 保监发〔2008〕16号。各人寿保险公司、健康保险公司、养老…,5440,已提取-可全文
RFN-350ba8cd7b05aefb,T10数据治理与信息披露,中国保险监督管理委员会 中国人民银行关于发布《银行保险业务人寿保险数据交换规范》行业标准的通知,保监发〔2016〕24号,nfra,INCLUDE,高,人寿保险,,,保险中介机构|商业银行,[title]…中国保险监督管理委员会 中国人民银行关于发布《银行保险业务人寿保险数据交换规范》行业标准的通知 保监发〔2016〕24号。     保监发〔2016〕24 号 机关各部门， 各…,1074,已提取-可全文
RFN-3595eb2dd4cfdfde,T10数据治理与信息披露,关于发布《保险术语》行业标准的通知（已失效）,保监发〔2006〕121号,nfra,EXCLUDE,中,,,保险公司|保险资产管理,保险中介机构,[meta]…关于发布《保险术语》行业标准的通知（已失效） 保监发〔2006〕121号。各保险公司、保险资产管理公司、保险中介机构，各保监局、保监会机关各部门，国有保险公司监事会，全国金融标准化技术委员会保险分技术委员会，中国保险行业协会，…,659,已提取-可全文
RFN-35bec11bb5c64a40,T3资本与偿付能力监管,关于实施保险公司分类监管有关事项的通知,保监发〔2008〕120号,nfra,INCLUDE,中,寿险,,,再保险公司,[body]…方面存在严重风险的公司。 二、分类依据 保监会依据以下信息对保险公司进行分类： （一）监测指标 1、产险公司和寿险公司的监测指标包括五大类： （1）偿付能力充足率； （2）公司治理、内控和合规性风险指标； （3）资金运用风险…,4620,已提取-可全文
RFN-35e613919ce6d52f,T5资金运用与资产负债管理,关于北京保险业经济普查中涉及保险专业中介机构有关问题的复函,保监厅函〔2005〕4号,nfra,EXCLUDE,中,,,保险公司|保险资产管理,保险公估|保险经纪,[body]…永安保险代理有限公司、北京民众保险代理有限公司、北京通泰诚保险代理有限公司、北京万家保险代理有限公司、北京德圣保险经纪有限公司、北京天鼎衡保险公估有限公司的经济普查信息，根据相关的普查信息对上述9家机构进行普查。如在当地同级人民…,1321,已提取-可全文
RFN-35efc275afb4df57,T2产品与精算制度,人身保险产品审批和备案管理办法,保监会令〔2004〕6号,nfra,INCLUDE,高,人寿保险|人身保险|人身保险公司|健康保险,,,,[title]…人身保险产品审批和备案管理办法 保监会令（2004）6号　2004年6月30日。第一章　总则。第一条　为了规范对人身保…,15375,已提取-可全文
RFN-361cbf2932f327c4,T10数据治理与信息披露,关于发布《巨灾保险数据采集规范》行业标准的通知,保监发〔2009〕52号,nfra,BOUNDARY,低,,,保险公司|保险资产管理,,[meta]…关于发布《巨灾保险数据采集规范》行业标准的通知 保监发〔2009〕52号。各保监局、保监会机关各部门，各保险公司、保险资产管理公司、保险专业中介机构，国有保险公司监事会、中国保险行业协会、中国保险学会，全国金融标准化技术委…,766,已提取-可全文
RFN-3678cb752c5eda74,T1销售行为与消费者保护,中国保监会关于印发《中国保监会关于加强保险消费风险提示工作的意见》的通知,保监发〔2017〕66号,nfra,BOUNDARY,低,,,保险公司|保险机构|保险消费者,,[meta]…作的意见》的通知 保监发〔2017〕66号。机关各部门，各保监局，中国保险行业协会，各保险集团（控股）公司、各保险公司、各保险专业中介机构：。为推进保险消费风险提示工作规范化、制度化、科学化，我会制定了《中国保监会关于加强保险消…,6303,已提取-可全文
RFN-36ba886ec6c1aed8,T5资金运用与资产负债管理,中国银保监会办公厅关于保险资金投资公开募集基础设施证券投资基金有关事项的通知,银保监办发[2021]120号,nfra,BOUNDARY,低,,,保险公司|保险机构|保险资产管理|保险资金|偿付能力,,[title]…中国银保监会办公厅关于保险资金投资公开募集基础设施证券投资基金有关事项的通知 各保险集团（控股）公司、保险公司、保险资产管理公司：为进一步丰…,3170,已提取-可全文
RFN-37187a0550e339b8,T1销售行为与消费者保护,关于保险兼业代理机构外设网点合规性等问题的复函,保监办函〔2003〕136号,nfra,INCLUDE,中,,保险兼业代理,,,[title]…关于保险兼业代理机构外设网点合规性等问题的复函 保监办函〔2003〕136号。上海保监办：。你办《关于如何认定兼业代理机构外设…,669,已提取-可全文
RFN-3757cab1bacff89d,T1销售行为与消费者保护,关于支持汽车企业代理保险业务专业化经营有关事项的通知,保监发〔2012〕82号,nfra,EXCLUDE,中,,保险兼业代理,保险公司|保险消费者|保险销售|分支机构,保险经纪|保险经纪公司|保险经纪机构,[body]…业经营场所设立的分支机构负责人，可以由汽车保险代理、保险经纪公司，或者其他分支机构工作人员兼任。上述经营场所原保险兼业代理业务许可证应当予以注销。每个营业场所应当至少有一名专职人员负责保险代理业务。 六、在汽车企业兼业经营保险代理业…,2825,已提取-可全文
RFN-37ef5d9afec33701,T8机构准入与组织监管,中国银保监会关于允许境外投资者来华经营保险公估业务的通知,银保监发〔2018〕29号,nfra,EXCLUDE,中,,,保险公司,保险公估|公估机构,"[title]…中国银保监会关于允许境外投资者来华经营保险公估业务的通知 银保监发〔2018〕29号。各保监局、外资保险公司:。为进一步扩大保险业对外开放,促进我国保险公估…",674,已提取-可全文
RFN-37efb918591eff7f,T2产品与精算制度,国家金融监督管理总局 人力资源社会保障部关于印发精算师职业资格规定和精算师职业资格考试实施办法的通知,金规[2023]3号,nfra,BOUNDARY,低,健康保险|健康险|寿险,,,再保险公司,[body]…理统计》《经济金融综合》《精算数学》《精算模型与数据分析》《精算风险管理》5门科目。（二）正精算师级别考试分为寿险、非寿险、健康险、社会保险与养老金计划、金融风险管理、资产管理、数据科学7个专业类别，每个专业类别包括1门公共…,7090,已提取-可全文
RFN-38174f106ad14941,T2产品与精算制度,中国保监会关于加强人身保险公司总精算师管理的通知,保监寿险〔2013〕620号,nfra,INCLUDE,高,人身保险公司|寿险,,,,[title]…中国保监会关于加强人身保险公司总精算师管理的通知 保监寿险〔2013〕620号。各人身保险公司、各保监局、中国精算师协会：。为加强总精算师任…,3027,已提取-可全文
RFN-38217405ecdde580,T9风险处置与案件合规,关于报送保险业商业贿赂案件查处情况的通知（已废止）,N/A,nfra,EXCLUDE,中,,,保险公司|保险机构,保险中介机构,[body]…新思路、新方法。 （三）加强协调，统筹安排。各单位要加强内外协调，统筹安排工作。保监局要及时汇总辖区保险机构、保险中介机构等单位的商业贿赂案件查处情况，做好统计分析和整理报送工作。 三、报送时间和方式 （一）报送时间。《商业贿赂案件…,4195,已提取-可全文
RFN-38304c4090cfd1fa,T1销售行为与消费者保护,国家金融监督管理总局关于印发《金融机构消费者权益保护监管评价办法》的通知,金规〔2025〕20号,nfra,EXCLUDE,中,,,保险公司|保险机构|保险资产管理|分支机构,再保险公司|商业银行|金融资产|银行业,[meta]…2025〕20号金规〔2025〕20号 各金融监管局，各政策性银行、大型银行、股份制银行、外资银行、直销银行、金融资产管理公司、金融资产投资公司、理财公司，各保险集团（控股）公司、保险公司、保险资产管理公司、养老金管理公司、保险…,11555,已提取-可全文
RFN-383fc385412254ec,T2产品与精算制度,关于铁路旅客意外伤害强制保险的复函,保监厅函〔2005〕227号,nfra,BOUNDARY,低,人寿保险,,,,[body]…伤害保险属于强制保险， 也未实施任何其他行政行为要求旅客必须购买铁路旅客意外伤害保险。  二、 根据我会向中国人寿保险股份有限公司和中国人民财产保险股份有限公司的调查， 上述两家公司均不存在通过铁路运输企业向旅客销售车票的方式强…,772,已提取-可全文
RFN-386a85262f814287,T4公司治理与股权关联交易,关于印发《关于规范保险公司治理结构的指导意见（试行）》的通知,保监发〔2006〕2号,nfra,BOUNDARY,低,人身保险公司,,,,[body]…现代企业制度的要求， 逐步完善董事长与总经理设置， 健全制衡机制。  （二）强化关键岗位职责 1、 总精算师 人身保险公司应当设立总精算师职位。  总精算师既向管理层负责， 也向董事会负责， 并向中国保监会及时报告公司的重大风险隐患…,7863,已提取-可全文
RFN-3892677cdf5d7ecc,T10数据治理与信息披露,中国保监会办公厅关于启动中国保险业保单登记管理信息平台第三期建设的通知,保监人身险〔2017〕209号,nfra,INCLUDE,中,人身保险|寿险,,,财产险,[body]…、 货物运输保险、 特殊风险保险、 巨灾保险、 医疗意外险以及其他财产保险等。  2.人身险登记范围扩展至全部人身保险， 在第一、 二期基础上增加下列险种：团体寿险、 团体年金保险和城乡居民大病保险。 其中， 城乡居民大病保险暂…,2938,已提取-可全文
RFN-38b8fc384bf24f02,T2产品与精算制度,关于印发《关于促进人身保险产品创新工作的指导意见》的通知,保监发〔2006〕110号,nfra,INCLUDE,高,人身保险|人身保险公司|健康保险|养老保险,,,,[title]…关于印发《关于促进人身保险产品创新工作的指导意见》的通知 保监发〔2006〕110号。各保监局，各人身保险公司，中国保险行业协会：。为积…,4742,已提取-可全文
RFN-394e4243670a7862,T10数据治理与信息披露,关于发布《保险基础数据元目录》行业标准的通知,保监发〔2007〕130号,nfra,BOUNDARY,低,,,保险公司|保险资产管理,,[meta]…关于发布《保险基础数据元目录》行业标准的通知 保监发〔2007〕130号。各保监局，保监会机关各部门，各保险公司、保险资产管理公司、保险专业中介机构，国有保险公司监事会，中国保险行业协会，中国保险学会，全国金融标准化技术委…,866,已提取-可全文
RFN-398f3a9d2fdd49b0,T3资本与偿付能力监管,关于编报年度偿付能力报告有关事项的通知,保监发〔2008〕12号,nfra,INCLUDE,中,寿险,,,再保险公司,[body]…实务指南， 我会制定了《保险公司年度偿付能力报告编报的格式要求》， 并以虚拟公司和数字为例， 设计了产险公司和寿险公司的年度偿付能力报告模板（再保险公司参照产险公司年度报告模版）。 上述文件可从保监会网站财务监管专栏下的偿付…,1868,已提取-可全文
RFN-399edab2a63677f2,T1销售行为与消费者保护,关于规范人身保险业务有关问题的通知,保监发〔2005〕22号,nfra,INCLUDE,高,人身保险|人身保险公司|健康保险,,,,[title]…关于规范人身保险业务有关问题的通知 保监发〔2005〕22号。各人身保险公司：。近期消费者对个别人身保险条款反映的意见较多。经…,1237,已提取-可全文
RFN-39bf4d81800c4f30,T3资本与偿付能力监管,关于印发《中国第二代偿付能力监管制度体系建设规划》的通知,保监发[2012]24号,supp,INCLUDE,中,人身保险,,,,[body]…制度体系的建设工作。项俊波主席任组长，陈文辉副主席任副组长，中国保监会发展改革部、财务会计部、财产保险监管部、人身保险监管部、保险资金运用监管部、国际部、法规部、统计信息部、稽查局为成员部门，办公室设在财务会计部。 三、总体目标…,2683,已提取-可全文
RFN-39c0fc086c78c90d,T1销售行为与消费者保护,中国银保监会办公厅关于做好港澳台居民居住证使用工作有关事项的通知,银保监办发[2018]83号,nfra,BOUNDARY,低,,,保险公司|保险机构|保险资产管理|分支机构,金融资产|银行业金融机构,[body]…，各保监局，各政策性银行、大型银行、股份制银行，邮储银行，外资银行，金融资产管理公司，各保险集团（控股）公司、保险公司、保险资产管理公司、保险专业中介机构，其他会管金融机构： 2018年8月6日，国务院办公厅印发了《港澳台居民居…,1975,已提取-可全文
RFN-39e70f33653e140c,T7反洗钱与反恐怖融资,中国人民银行关于进一步加强金融机构反洗钱工作的通知(银发〔2008〕391号),银发〔2008〕391号,pbc,EXCLUDE,—,,,,,,182,已提取-缺正文
RFN-39f8c53608f7b422,T10数据治理与信息披露,关于加强保险中介机构信息化建设的通知,保监发〔2007〕28号,nfra,EXCLUDE,中,,,分支机构,保险中介机构|保险公估|保险经纪机构,[title]…关于加强保险中介机构信息化建设的通知 保监发〔2007〕28号。各保监局、各保险中介机构：。为了加强保险中介机构的信息化建设，提高…,3099,已提取-可全文
RFN-3a158f66a8d6e6b6,T6养老与健康保险专项,关于完善保险业参与新型农村合作医疗试点工作的若干指导意见（已废止）,保监发〔2005〕95号,nfra,INCLUDE,中,健康保险|寿险,,,财产保险公司,[meta]…关于完善保险业参与新型农村合作医疗试点工作的若干指导意见（已废止） 保监发〔2005〕95号。各保监局、各寿险公司、各健康保险公司、中华联合财产保险公司：。近年来，保险业与各级政府合作，利用自身的风险管理、理赔技术、服务…,6037,已提取-可全文
RFN-3a38f57a4a85e2c7,T10数据治理与信息披露,中国银保监会 上海市人民政府关于印发中国（上海）自由贸易试验区临港新片区科技保险创新引领区工作方案的通知,银保监发[2022]16号,nfra,EXCLUDE,中,,,保险产品|保险公司|保险机构|保险资产管理|保险资金|分支机构,保险公估|保险经纪公司|再保险公司|银行业,[body]…响力和行业引领性的外商独资、中外合资金融机构。在依法合规前提下，鼓励国际上具有科技风险管理先进技术的保险公司、再保险公司和具有科技保险服务成熟经验的保险经纪公司、保险公估公司在临港新片区内设立机构。（十）构建国际化科技保险交易体系…,12659,已提取-可全文
RFN-3a51b4bb7cd727a3,T5资金运用与资产负债管理,国家金融监督管理总局关于调整保险资金权益类资产监管比例有关事项的通知,金规[2025]12号,nfra,BOUNDARY,低,养老保险,,,,[body]…司投资单一创业投资基金的账面余额占该基金实缴规模的比例不得高于 30%。 四、 保险公司开展个人税收递延型商业养老保险业务， 其税延养老保险普通账户与其他保险产品普通账户合并计算投资比例， 不再单独计算投资比例。 五、 原比例监…,1953,已提取-可全文
RFN-3a618cecfaf7cb06,T5资金运用与资产负债管理,中国保监会关于印发《保险公司资金运用信息披露准则第3号：举牌上市公司股票》的通知,保监发〔2015〕121号,nfra,BOUNDARY,低,,,保险公司|保险资产管理|保险资金|偿付能力,,[title]…中国保监会关于印发《保险公司资金运用信息披露准则第3号：举牌上市公司股票》的通知 保监发〔2015〕121号。各保险集团（控股）公司、保险…,3817,已提取-可全文
RFN-3a6d19f09a88aed2,T1销售行为与消费者保护,国家金融监督管理总局关于进一步提升金融服务适老化水平的指导意见,金发[2024]34号,nfra,EXCLUDE,中,,,保单|保险产品|保险公司|保险理赔|保险资产管理,商业银行|金融资产|银行业|银行业金融机构,[meta]…进一步提升金融服务适老化水平的指导意见 各金融监管局，各政策性银行、大型银行、股份制银行、外资银行、直销银行、金融资产管理公司、金融资产投资公司、理财公司，各保险集团（控股）公司、保险公司、保险资产管理公司、养老金管理公司、保险…,9196,已提取-可全文
RFN-3b40544dd49885be,T10数据治理与信息披露,关于实施分类监管信息报送有关事宜的通知（寿险公司）（已失效）,保监寿险〔2008〕1566号,nfra,INCLUDE,高,人寿保险|人寿保险公司|人身保险|健康保险|健康险|养老保险公司|寿险,,,,[title]…关于实施分类监管信息报送有关事宜的通知（寿险公司）（已失效） 保监寿险〔2008〕1566号。各人寿保险公司、养老保险公司、健康保险公司：。为贯彻落实科学…,9113,已提取-可全文
RFN-3b753562f1947ff9,T2产品与精算制度,关于调整储金性保险业务储金率的通知（已废止）,保监发[1999]239号,nfra,EXCLUDE,中,,,保险公司,再保险公司,[meta]…关于调整储金性保险业务储金率的通知（已废止） 保监发[1999]239号。中国人民保险公司、中国再保险公司、中国太平洋保险公司、中国平安保险股份有限公司、华泰财产保险股份有限公司、天安保险股份有限公司、大众保险股份有…,909,已提取-可全文
RFN-3bb7e36bdf374796,T1销售行为与消费者保护,关于明确保险营销员佣金构成的通知,保监发〔2006〕48号,nfra,INCLUDE,中,,保险营销员,保险公司|保险营销,,[title]…关于明确保险营销员佣金构成的通知 保监发〔2006〕48号。各保监局、各保险公司：。《保险营销员管理规定》发布后，一些保险公司要…,372,已提取-可全文
RFN-3c08cf471cad2545,T4公司治理与股权关联交易,中国保监会关于进一步规范保险公司关联交易有关问题的通知,保监发〔2015〕36号,nfra,BOUNDARY,低,人身保险公司,,,再保险公司|商业银行|金融资产,[body]…公司对关联方的全部投资余额，合计不得超过保险公司上季末总资产的30%，并不得超过保险公司上季末净资产。 在计算人身保险公司和再保险公司总资产时，其高现金价值产品对应的资产按50%折算。 四、保险公司重大关联交易应由董事会批准的，董事…,3393,已提取-可全文
RFN-3c3859b938b9a995,T1销售行为与消费者保护,关于进一步规范保险专业中介机构激励行为的通知,保监中介〔2012〕202号,nfra,BOUNDARY,低,,,保险产品,,[body]…钩、 夸大公司上市带来的收益等手段， 诱导公众成为销售人员， 诱导销售人员、 客户购买与其真实保险需求不匹配的保险产品。  二、 各保监局要继续坚持“抓早抓小、 从重从快”的原则， 进一步规范辖区内保险专业中介机构激励行为， 重…,907,已提取-可全文
RFN-3c5d9ffc7cd58c79,T2产品与精算制度,关于人身保险伤残程度与保险金给付比例有关事项的通知,保监发〔2013〕46号,nfra,INCLUDE,高,人身保险|健康保险,,,,[title]…关于人身保险伤残程度与保险金给付比例有关事项的通知 保监发〔2013〕46号。各保险公司，中国保险行业协会：。为进一步规范…,1746,已提取-可全文
RFN-3c6a6a09aa26c7cc,T10数据治理与信息披露,中国人民银行 工业和信息化部 中国银行业监督管理委员会 中国证券监督管理委员会 中国保险监督管理委员会关于防范比特币风险的通知（银发〔2013〕289号）,银发〔2013〕289号,pbc,EXCLUDE,中,,,,银行业,[title]…中国人民银行 工业和信息化部 中国银行业监督管理委员会 中国证券监督管理委员会 中国保险监督管理委员会关于防范比特币风险的通知（银发〔2013〕289…,334,已提取-可全文
RFN-3ca8855e25c015c3,T5资金运用与资产负债管理,保险公司投资管理能力信息披露自律管理准则(试行),,,—,—,,,,,,0,未在五源cleaned收录
RFN-3cfb650d9582deea,T8机构准入与组织监管,关于保险公司在设有特区、计划单列市的省份展业有关问题的通知（已废止）,保监厅发〔2005〕45号,nfra,BOUNDARY,低,,,保险公司,,[title]…关于保险公司在设有特区、计划单列市的省份展业有关问题的通知（已废止） 保监厅发〔2005〕45号。各保监局，各保险公司：。…,685,已提取-可全文
RFN-3d1df4b836fe1532,T9风险处置与案件合规,关于在地市及以下地区建立保险业与地方治理商业贿赂领导机构沟通协调机制的通知,保监发〔2006〕84号,nfra,BOUNDARY,低,,,保险公司|保险机构,,[meta]…在地市及以下地区建立保险业与地方治理商业贿赂领导机构沟通协调机制的通知 保监发〔2006〕84号。各保监局，各保险公司：。为进一步推进基层保险业治理商业贿赂专项工作，根据《关于保险业开展治理商业贿赂专项工作的实施意见》（保监发〔…,1133,已提取-可全文
RFN-3d2e4e77b9696c64,T1销售行为与消费者保护,保险公估机构监管规定（2015年修订）,中国保险监督管理委员会令2009年第7号,nfra,EXCLUDE,中,,,保单|保险公司|保险条款|分支机构,保险中介机构|保险公估|保险经纪机构|商业银行,[title]…保险公估机构监管规定 中国保险监督管理委员会令2009年第7号。《保险公估机构监管规定》已经2009年9月18日中国保…,21125,已提取-可全文
RFN-3dccbb28eae7bc24,T4公司治理与股权关联交易,国家金融监督管理总局关于推动绿色保险高质量发展的指导意见,金规[2024]5号,nfra,EXCLUDE,中,,,保险产品|保险公司|保险理赔|保险资产管理|保险资金|偿付能力|分支机构,再保险公司,[body]…风险管理体系。完善与客户环境、社会、治理等各类风险状况相挂钩的保险费率浮动机制，引导客户强化自身风险管理。支持再保险公司开发巨灾模型，提升行业巨灾风险定价能力。开展绿色保险产品定价回溯，提高风险定价的有效性、充足性，强化再保资源支…,9978,已提取-可全文
RFN-3e11a9f1461b8973,T5资金运用与资产负债管理,关于保险公司、保险资产管理公司投资保险公司次级定期债务的通知（已废止）,保监发〔2004〕156号,nfra,BOUNDARY,低,,,保险公司|保险公司分支机构|保险资产管理,,[title]…关于保险公司、保险资产管理公司投资保险公司次级定期债务的通知（已废止） 保监发〔2004〕156号。各保险公司、保险资产管…,1151,已提取-可全文
RFN-3e281549d769f09f,T5资金运用与资产负债管理,中国银保监会关于保险资金投资银行资本补充债券有关事项的通知,银保监发[2020]17号,nfra,EXCLUDE,中,,,保险公司|保险机构|保险资产管理|保险资金,商业银行,[body]…限资本债券。 二、 政策性银行发行的二级资本债券和无固定期限资本债券， 比照准政府债券的投资规定执行。 三、 商业银行发行的二级资本债券和无固定期限资本债券纳入无担保非金融企业（公司）债券管理。 四、 保险资金投资的商业银行二级…,1578,已提取-可全文
RFN-3f113686e748a98f,T2产品与精算制度,人身保险新型产品信息披露管理暂行办法,N/A,nfra,INCLUDE,高,人身保险,,,,[title]…人身保险新型产品信息披露管理暂行办法 保监会令（2002）6号　2001年12月6日。第一章　总则。第一条　为促进人身…,7591,已提取-可全文
RFN-3f1d5683e4f0e25b,T4公司治理与股权关联交易,保险公司董事、监事和高级管理人员任职资格管理规定,中国银行保险监督管理委员会令[2021]6号,nfra,BOUNDARY,低,人身保险公司,,,再保险公司|财产保险公司,[body]…公司，是指经银保监会批准设立，并依法登记注册的商业保险公司。本规定所称同类保险公司，是指同属财产保险公司、同属人身保险公司或者同属再保险公司。专属机构高级管理人员任职资格管理，由银保监会另行规定。第四条 本规定所称高级管理人员，是指…,15878,已提取-可全文
RFN-3f22ec04be54ee21,T5资金运用与资产负债管理,中国银保监会办公厅关于资产支持计划和保险私募基金登记有关事项的通知,银保监办发[2021]103号,nfra,BOUNDARY,低,,,保险资产管理|保险资金,,[meta]…中国银保监会办公厅关于资产支持计划和保险私募基金登记有关事项的通知 各保险资产管理机构：为持续深入落实国务院“放管服”工作部署，进一步深化保险资金运用市场化改革，提高服务实体经济质效，银保监会…,2761,已提取-可全文
RFN-3f59c927761d781f,T3资本与偿付能力监管,国家金融监督管理总局关于印发《保险公司资本保证金管理办法》的通知,金规[2025]18号,nfra,EXCLUDE,中,,,保险公司|分支机构,商业银行,[body]…规定。第五条 保险公司应遵循“足额、安全、稳定”的原则提存资本保证金。 第六条 保险公司应当选择两家（含）以上商业银行作为资本保证金的存放银行。存放银行应符合以下条件：（一）上年末净资产不少于300亿元人民币；（二）上年末资本充…,4999,已提取-可全文
RFN-3fcbe695be898a0a,T2产品与精算制度,关于继续使用《中国人寿保险业经验生命表（1990—1993）》的通知（已废止）,保监发[1999]238号,nfra,INCLUDE,高,人寿保险|人寿保险公司|寿险,,,,[title]…关于继续使用《中国人寿保险业经验生命表（1990—1993）》的通知（已废止） 保监发[1999]238号。中国人寿保险公司、中国太平洋…,1703,已提取-可全文
RFN-3ff60475d67decf3,T1销售行为与消费者保护,关于加强保险代理业务管理有关问题的通知,保监发〔2001〕158号,nfra,BOUNDARY,低,,,保单|保险公司|分支机构,,[meta]…关于加强保险代理业务管理有关问题的通知 保监发〔2001〕158号。各保险公司，各保监办：。为规范保险代理机构的市场行为，明确保险公司对保险代理机构的管理责任，强化保险公司对保险代理业务的…,1803,已提取-可全文
RFN-404b1753c48bdcd1,T2产品与精算制度,关于加快业务结构调整进一步发挥保险保障功能的指导意见,保监发〔2009〕11号,nfra,INCLUDE,中,人身保险|人身保险公司|健康保险|养老保险|寿险,,,,[meta]…关于加快业务结构调整进一步发挥保险保障功能的指导意见 保监发〔2009〕11号。各人身保险公司:。为贯彻落实国务院办公厅《关于当前金融促进经济发展的若干意见》（国办发〔2008〕126号），贯彻落实全国保…,3276,已提取-可全文
RFN-40ac1a9fcbd30967,T7反洗钱与反恐怖融资,关于加强联合国安理会制裁决议名单管理和FATF公布的高风险国家或地区客户管理的风险提示,,,—,—,,,,,,0,未在五源cleaned收录
RFN-40addb7acdc76ffe,T2产品与精算制度,关于下发《分红保险管理暂行办法》、《投资连结保险管理暂行办法》的通知,保监发[2000]26号,nfra,BOUNDARY,低,人寿保险|人寿保险公司|人身保险|寿险,,,商业银行,[meta]…关于下发《分红保险管理暂行办法》、《投资连结保险管理暂行办法》的通知 保监发[2000]26号。中国人寿保险公司、中国太平洋保险公司、中国平安保险股份有限公司、新华人寿保险股份有限公司、泰康人寿保险股份有限公司、新疆兵团保…,7611,已提取-可全文
RFN-40e020d72572dc40,T2产品与精算制度,关于印发《保险业开发针对非典新产品的指导意见》的通知（已失效）,保监发〔2003〕66号,nfra,BOUNDARY,低,健康保险|寿险,,,,[body]…新产品时应如实宣传产品的保险责任和责任免除， 不得夸大责任和误导宣传。  四、 保险公司应加强健康保险、 定期寿险、 责任保险和利润损失保险等新产品的开发。  五、 保险公司开发的健康保险产品可以为被保险人的医疗和疾病给予经…,2323,已提取-可全文
RFN-411be32ea04122d2,T4公司治理与股权关联交易,国家金融监督管理总局关于修改部分规章的决定,国家金融监督管理总局令[2025]4号,nfra,EXCLUDE,中,,,保险公司|保险机构|保险资产管理|保险资金|分支机构,信托公司|商业银行|基金管理公司|金融资产|银行业,[meta]…决定 为做好有关监管制度与《中华人民共和国公司法》的衔接，国家金融监督管理总局决定对部分规章进行修改：一、在《信托公司管理办法》第四十三条增加一款，作为第二款：“信托公司按照公司章程规定，在董事会中设置由董事组成的审计委员会行使…,64919,已提取-可全文
RFN-41a49ac31606fda6,T3资本与偿付能力监管,关于保险公司设立分支机构适用偿付能力要求有关问题的通知（已废止）,保监厅发〔2005〕88号,nfra,BOUNDARY,低,,,保险公司|保险公司分支机构|偿付能力|分支机构,,[title]…关于保险公司设立分支机构适用偿付能力要求有关问题的通知（已废止） 保监厅发〔2005〕88号。各保监局：。近来，有的保监局…,700,已提取-可全文
RFN-41cbdba31797f083,T1销售行为与消费者保护,中国银行保险监督管理委员会关于印发《保险公估基本准则》的通知,银保监发〔2018〕21号,nfra,EXCLUDE,中,,,保单|保险公司|保险条款|保险理赔,保险中介机构|保险公估|公估机构,[title]…中国银行保险监督管理委员会关于印发《保险公估基本准则》的通知 银保监发〔2018〕21号。各保监局，中国保险行业协会，各保险集团(控股)公司、保险公司、保…,11593,已提取-可全文
RFN-41f2ecdea2c8e542,T5资金运用与资产负债管理,关于股票投资有关问题的通知,保监发〔2007〕44号,nfra,BOUNDARY,低,,,万能保险|保险产品|保险公司|保险机构|保险资产管理|投资连结保险,,[meta]…关于股票投资有关问题的通知 保监发〔2007〕44号。各保险公司、保险资产管理公司：。为进一步加强股票投资管理，改善资产配置，优化资产结构，分散投资风险，根据《保险机构投资者…,2044,已提取-可全文
RFN-4227deb76c02cc07,T2产品与精算制度,关于印发《精算报告》的通知,保监寿险〔2005〕8号,nfra,INCLUDE,中,人身保险|健康保险|养老保险公司|寿险,,,,[meta]…关于印发《精算报告》的通知 保监寿险〔2005〕8号。各寿险公司、各养老保险公司、各寿险公司筹备组、各养老保险公司筹备组、各健康保险公司筹备组：。…,1153,已提取-可全文
RFN-422d80f361d23f1f,T4公司治理与股权关联交易,关于印发《保险公司独立董事管理暂行办法》的通知,保监发〔2007〕22号,nfra,BOUNDARY,低,,,保险公司|保险资产管理,,[title]…关于印发《保险公司独立董事管理暂行办法》的通知 保监发〔2007〕22号。各保险公司、保险资产管理公司，各保监局：。为健全保险公…,8483,已提取-可全文
RFN-42c717ab9f0ed93d,T2产品与精算制度,中国保监会关于《中国人身保险业重大疾病经验发生率表（2006－2010）》 用于法定责任准备金评估有关事项的通知,保监寿险〔2013〕685号,nfra,INCLUDE,高,人寿保险|人身保险|人身保险公司|寿险,,,,[title]…中国保监会关于《中国人身保险业重大疾病经验发生率表（2006－2010）》 用于法定责任准备金评估有关事项的通知 保监寿险〔2013〕68…,4112,已提取-可全文
RFN-42dc9d802f918d45,T2产品与精算制度,关于《人身保险新型产品精算规定》实施若干问题的通知（已失效）,保监发[2003]77号,nfra,INCLUDE,高,人身保险|寿险,,,,[title]…关于《人身保险新型产品精算规定》实施若干问题的通知（已失效） （保监发[2003]77号 2003年6月6日）。各保监办，各…,1129,已提取-可全文
RFN-43787614b41f70d6,T2产品与精算制度,关于印发《关于推进保险合同纠纷快速处理机制试点工作的指导意见》的通知,保监法规〔2007〕427号,nfra,INCLUDE,中,人身保险,,,,[body]…请仲裁或提起诉讼；三是不涉及保险精算标准及生命表等问题；四是纠纷所涉保险金数额，财产保险不超过人民币20万元、人身保险不超过人民币10万元(各地区可以根据情况确定具体金额)。 七、处理机制的工作程序 被保险人在理赔过程中与参与处…,6451,已提取-可全文
RFN-43cedd2b26090af4,T5资金运用与资产负债管理,关于印发《保险资金参与股指期货交易规定》的通知,保监发〔2012〕95号,nfra,BOUNDARY,低,,,保险公司|保险机构|保险资产管理|保险资金,,[title]…关于印发《保险资金参与股指期货交易规定》的通知 保监发〔2012〕95号。各保险集团（控股）公司、保险公司、保险资产管理公司：。…,4723,已提取-可全文
RFN-4419b8953b7a48c6,T2产品与精算制度,关于《人身保险产品审批和备案管理办法》若干问题的通知,保监发〔2004〕76号,nfra,INCLUDE,高,人身保险|人身保险公司|寿险,,,,[title]…关于人身保险公司定期报送产品总结报告的通知 保监寿险〔2010〕360号。各人身保险公司：。为进一步加强产品动态监管，及时全面…,3547,已提取-可全文
RFN-449377d09304d076,T1销售行为与消费者保护,关于印发《保险公司服务评价管理办法（试行）》的通知,保监发〔2015〕75号,nfra,INCLUDE,中,人身保险|人身保险公司|养老保险公司,,,财产保险公司,[body]…年开展一次。评价结果由保险监管部门对外发布。 第二章  评价范围 第五条  开业满一个会计年度的财产保险公司、人身保险公司纳入服务评价范围。养老保险公司、农业保险公司、政策性保险公司视条件成熟逐步纳入评价范围。 第六条  服务评价范…,4787,已提取-可全文
RFN-44e55e516c2288f8,T2产品与精算制度,国家金融监督管理总局关于加强万能型人身保险监管有关事项的通知,金规[2025]14号,nfra,INCLUDE,高,人身保险|人身保险公司|寿险,,,金融资产,[title]…国家金融监督管理总局关于加强万能型人身保险监管有关事项的通知 各金融监管局，各人身保险公司：为加强万能型人身保险（以下简称万能险）监管，从严规范万能险经…,8179,已提取-可全文
RFN-4519bfab6d37349a,T5资金运用与资产负债管理,中国银保监会关于印发《个人税收递延型商业养老保险资金运用管理暂行办法》的通知,的通知银保监发〔2018〕32号,nfra,INCLUDE,高,养老保险,,,基金管理公司|证券公司|金融资产,[title]…中国银保监会关于印发《个人税收递延型商业养老保险资金运用管理暂行办法》的通知 中国银保监会关于印发《个人税收递延型商业中国银保监会关于印发《个人税收递延型商业…,12240,已提取-可全文
RFN-4550d27d7367058e,T3资本与偿付能力监管,中国银保监会关于实施保险公司偿付能力监管规则（Ⅱ）有关事项的通知,银保监发[2021]52号,nfra,INCLUDE,中,人身保险公司|寿险,,,财产保险公司,[body]…分的证据显示其应纳税所得额持续为正的趋势发生根本性、长期性逆转时，方可终止确认所得税准备。所得税准备以财务报表寿险合同负债剩余边际金额的10%作为其认可价值。（二）《保险公司偿付能力监管规则第1号：实际资本》第十三条关于投资…,7829,已提取-可全文
RFN-456cbc25ed7abfd4,T1销售行为与消费者保护,关于加强自媒体营销宣传行为管理的通知,银保监发〔2018〕27号,supp,EXCLUDE,中,,,保险产品|保险公司|保险公司分支机构|保险消费者|保险营销|保险销售|分支机构,保险中介机构,[body]…险监督管理委员会关于加强自媒体保险营销宣传行为管理的通知 银保监发〔2018〕27号 各保监局，各保险公司，各保险中介机构： 为贯彻落实规范金融营销宣传行为有关要求，加强自媒体保险营销宣传行为管控，治理保险销售误导，切实维护保险消费…,5305,已提取-可全文
RFN-45b8541b770ec99e,T6养老与健康保险专项,健康保险管理办法,N/A,nfra,INCLUDE,中,人寿保险公司|健康保险,,,再保险公司,[body]…管理。 第六条 保险公司开展不承担保险风险的委托管理服务，不适用本办法。 第二章 经营管理 第七条 依法成立的人寿保险公司、健康保险公司，经中国保监会核定，可以经营健康保险业务。 前款规定以外的保险公司，经中国保监会核定，可以经营短…,11196,已提取-可全文
RFN-45c3d6b1412b3e1e,T2产品与精算制度,保险公司总精算师管理办法,保监会令〔2007〕3号,nfra,INCLUDE,中,人寿保险公司|人身保险|健康保险|养老保险公司,,,财产保险公司,[body]…。  第三十二条 本办法由中国保监会负责解释。  第三十三条 本办法自 2008 年 1 月 1 日起施行。 人寿保险公司、 养老保险公司和健康保险公司自施行之日起适用本办法； 财产保险公司适用本办法的时间和具体适用办法由中国保监会…,7136,已提取-可全文
RFN-45f087c7eb811533,T2产品与精算制度,关于人身保险公司定期报送产品总结报告的通知,保监寿险〔2010〕360号,nfra,INCLUDE,高,人身保险|人身保险公司|寿险,,,,[title]…关于人身保险公司定期报送产品总结报告的通知 保监寿险〔2010〕360号。各人身保险公司：。为进一步加强产品动态监管，及时全面…,3547,已提取-可全文
RFN-4646e0fe770893e6,T5资金运用与资产负债管理,中国银行保险监督管理委员会关于发布保险资产负债管理季度报告XBRL分类标准及启用保险资产负债管理监管信息系统模块的通知,银保监发〔2018〕28号,nfra,BOUNDARY,低,人身保险公司,,,财产保险公司,[body]…附件:1.保险资产负债管理季度报告XBRL分类标准 2.财产保险公司资产负债管理量化评估表EXCEL表样 3.人身保险公司资产负债管理量化评估表EXCEL表样 4.财产保险公司资产负债管理量化评估表填报指引补充说明 5.人身保险公司…,2810,已提取-可全文
RFN-46e6b360a0b63c9b,T1销售行为与消费者保护,中国保监会关于进一步发挥保险经纪公司促进保险创新作用的意见,保监发〔2013〕16号,nfra,EXCLUDE,中,,,保单|保险产品|保险公司|保险条款|保险消费者,保险经纪公司,[title]…中国保监会关于进一步发挥保险经纪公司促进保险创新作用的意见 保监发〔2013〕16号。各保监局，各保险公司、保险经纪公司，中国保险行业协会，中国保…,1623,已提取-可全文
RFN-46e81a258a652e4f,T2产品与精算制度,人身保险新型产品信息披露管理办法,保监会令〔2009〕3号,nfra,INCLUDE,高,人身保险|人身保险公司,保险代理人,,商业银行,[title]…人身保险新型产品信息披露管理办法 中国保险监督管理委员会令。2009年第3号。《人身保险新型产品信息披露管理办法》已经…,14385,已提取-可全文
RFN-47dbf8f341cf0db8,T5资金运用与资产负债管理,中国银保监会关于印发《保险资产负债管理监管暂行办法》的通知,的通知银保监发〔2019〕32号,nfra,INCLUDE,中,人身保险公司|养老保险公司,,,再保险公司|财产保险公司,[body]…， 根据《中华人民共和国保险法》及有关规定， 制定本办法。 第二条 本办法所称保险公司是指于中国境内依法设立的人身保险公司和财产保险公司（以下简称“保险公司”）。 第三条 本办法所称保险资产负债管理， 是指保险公司在风险偏好和其他约…,7750,已提取-可全文
RFN-486bfdb11f7dfd67,T1销售行为与消费者保护,中国保监会办公厅关于保险销售、保险经纪、保险公估从业人员资格证书和执业证书有关事项的通知,保监厅发〔2013〕30号,nfra,EXCLUDE,中,,保险营销员|保险销售从业人员,保险公司|保险营销|保险销售,保险公估|保险经纪,[meta]…人员资格证书和执业证书有关事项的通知 保监厅发〔2013〕30号。各保监局，各保险公司、保险中介公司：。根据《保险销售从业人员监管办法》（保监会令2013第2号）、《保险经纪从业人员、保险公估从业人员监管办法》（保监会令2013第3号）…,2229,已提取-可全文
RFN-487f0efea49079f1,T3资本与偿付能力监管,关于保险公司提存资本保证金有关问题的通知,保监发〔2005〕4号,nfra,BOUNDARY,低,人寿保险,,,商业银行,[body]…管理委员会备案。  甲方：中国银行上海分行（盖章） 法定代表人（或授权委托人）：(签字) 日期：年月日 乙方：人寿保险股份有限公司(盖章) 法定代表人（或授权委托人）：(签字) 日期：年月日 保监发〔2005〕4号 各保险公司：…,4285,已提取-可全文
RFN-48e456a4007ee21b,T3资本与偿付能力监管,关于2005年度偿付能力报告编报工作有关问题的通知（已失效）,保监发〔2006〕1号,nfra,INCLUDE,中,人寿保险公司|养老保险公司,,,再保险公司|商业银行|证券公司|财产保险公司,[body]…数据编报确有困难的，可以不列报比较数据。 （五）监管指标报告。该部分包括监管指标报表和计算说明，财产保险公司和人寿保险公司的监管指标报表表样分别见本通知的附件8和附件9。 在监管指标报表的“是否超标”一栏内，若指标值在正常值范围内，…,7986,已提取-可全文
RFN-48fe1fe6cd6233c3,T5资金运用与资产负债管理,中国人民银行 中国银行保险监督管理委员会 中国证券监督管理委员会 国家外汇管理局关于规范金融机构资产管理业务的指导意见（银发〔2018〕106号）,银发[2018]106号,pbc,EXCLUDE,中,,,,金融资产|银行业,[body]…所列条件的债权类资产，为非标准化债权类资产，但存款（包括大额存单）以及债券逆回购、同业拆借等形成的资产除外。 银行业理财登记托管中心有限公司的理财直接融资工具，银行业信贷资产登记流转中心有限公司的信贷资产流转和收益权转让相关产…,3870,已提取-可全文
RFN-490663777515ebff,T5资金运用与资产负债管理,保险资金间接投资基础设施项目试点管理办法,N/A,nfra,EXCLUDE,中,,,保险公司|保险机构|保险资产管理|保险资金|偿付能力,商业银行|基金管理公司,[body]…计划约定，按照委托人意愿，为受益人利益，以自己的名义投资基础设施项目的信托投资公司、保险资产管理公司、产业投资基金管理公司或者其他专业管理机构。 受托人与托管人、独立监督人不得为同一人，且不得具有关联关系。 第二十九条受托人应当符合…,34397,已提取-可全文
RFN-49149ad4cec64473,T4公司治理与股权关联交易,中国保监会关于印发《保险机构董事、监事和高级管理人员任职资格考试管理暂行办法》的通知,保监发〔2016〕6号,nfra,BOUNDARY,低,人身保险公司,,,再保险公司|财产保险公司,[body]…构董事、 监事和高级管理人员任职资格的重要依据。  第三条  保险机构类别分为保险集团公司、 财产保险公司、 人身保险公司、 资产管理公司、 再保险公司、 专属自保公司、 相互保险组织等 7 类。  第四条  岗位类别分为董事、 监…,5192,已提取-可全文
RFN-493a2f2faf9b4026,T2产品与精算制度,关于2000年末人身保险责任准备金计算有关要求的通知（已废止）,保监发[2000]229号,nfra,INCLUDE,高,人身保险|健康保险|寿险,,,,[title]…关于2000年末人身保险责任准备金计算有关要求的通知（已废止） 保监发[2000]229号。各寿险公司，中国太平洋保险公司、中国平安保…,1162,已提取-可全文
RFN-49493953265901e8,T2产品与精算制度,中国保监会关于印发《全国性保险业社团组织收费管理暂行办法》的通知,保监财会〔2018〕47号,nfra,BOUNDARY,低,,,保险资产管理,,[meta]…理暂行办法》的通知 保监财会〔2018〕47号。各保监局，中国保险行业协会、中国保险学会、中国精算师协会、中国保险资产管理业协会：。为加强全国性保险业社团组织收费管理，规范收费行为，促进其健康有序发展，根据《关于进一步规范行业协会商…,864,已提取-可全文
RFN-49745450d2099735,T7反洗钱与反恐怖融资,中国人民银行关于明确可疑交易报告制度有关执行问题的通知,银发[2010]48号,,—,—,,,,,,0,未在五源cleaned收录
RFN-499af08f2e4fdabf,T6养老与健康保险专项,中国保监会关于延长老年人住房反向抵押养老保险试点期间并扩大试点范围的通知,保监发〔2016〕55号,nfra,INCLUDE,中,人身保险公司|养老保险,,,,[meta]…国保监会关于延长老年人住房反向抵押养老保险试点期间并扩大试点范围的通知 保监发〔2016〕55号。各保监局、各人身保险公司：。为贯彻落实《国务院关于加快发展养老服务业的若干意见》（国发〔2013〕35号）、《国务院关于加快发展现代保…,1210,已提取-可全文
RFN-49d70defed73b858,T1销售行为与消费者保护,中国银保监会办公厅关于2021年进一步推动小微企业金融服务高质量发展的通知,银保监办发[2021]49号,nfra,EXCLUDE,中,,,保单|保险产品|保险公司|保险机构|分支机构,商业银行|财产险|银行业|银行业金融机构,[body]…布结构，丰富供给手段，更有力地支持小微企业在科技创新和产业结构升级中发挥作用，实现小微企业金融服务高质量发展与银行业保险业自身高质量发展的相互促进、有机统一。二、以信贷投放为抓手，确保稳定高效的增量金融供给（二）围绕“两增”目…,11642,已提取-可全文
RFN-4a9205f71876954e,T1销售行为与消费者保护,关于印发《保险中介从业人员继续教育暂行办法》的通知,保监发〔2005〕41号,nfra,BOUNDARY,低,人寿保险,,,保险中介机构|保险公估|保险经纪机构,[body]…及职业道德教育， 累计培训和教育时间不得少于 36 小时。  其中， 保险公司委托保险代理机构及其分支机构销售人寿保险新型产品的， 应当对销售人寿保险新型产品的保险代理机构及其分支机构的业务人员进行专门培训， 销售前培训时间不得…,4390,已提取-可全文
RFN-4ab1a1555817bbc8,T1销售行为与消费者保护,中国保监会关于印发《保险销售行为可回溯管理暂行办法》的通知,保监发〔2017〕54号,nfra,BOUNDARY,低,人身保险|人身保险公司|健康保险,保险兼业代理|保险销售从业人员,,保险中介机构|保险经纪,[body]…存保险销售过程关键环节，实现销售行为可回放、重要信息可查询、问题责任可确认。 第三条 本办法所称保险公司为经营人身保险业务和财产保险业务的保险公司，专业自保公司除外。 本办法所称保险中介机构是指保险专业中介机构和保险兼业代理机构…,5976,已提取-可全文
RFN-4b0ca1af5924a05a,T1销售行为与消费者保护,关于废止部分保险中介规范性文件的通知,保监发〔2009〕128号,nfra,EXCLUDE,中,,,保险公司|分支机构,保险中介机构|保险公估|保险经纪|保险经纪机构|公估机构,[meta]…关于废止部分保险中介规范性文件的通知 保监发〔2009〕128号。各保监局、各保险中介机构：。为了适应加快建设法治政府、全面推进依法行政的要求，按照《立法法》的有关规定，我会对现行有关保险专业中介机构…,2012,已提取-可全文
RFN-4b34d83a184e9f82,T5资金运用与资产负债管理,关于重新修订《保险公司投资证券投资基金管理暂行办法》的通知,保监发〔2003〕6号,nfra,BOUNDARY,低,寿险,,,,[body]…的比例投资基金。  第十条 保险公司经批准开办的投资连结保险可以设立投资基金比例为 100%的投资账户， 万能寿险可以设立投资基金比例最高为 80%的投资账户。 投资账户的设立、 合并、 撤消、 变更应符合我会的有关规定。…,4214,已提取-可全文
RFN-4c1603295100fce6,T9风险处置与案件合规,中国保险监督管理委员会、中国银行业监督管理委员会关于保险监督管理机构查询保险机构及相关单位和个人在金融机构账户有关问题的通知,保监发〔2011〕21号,nfra,EXCLUDE,中,,保险代理人,保险公司|保险机构|保险资产管理,保险经纪|信托公司|商业银行|金融资产|银行业,[body]…查阅、复制与被调查事件有关的财产权登记等资料；经国务院保险监督管理机构负责人批准，查询涉嫌违法经营的保险公司、保险代理人、保险经纪人、保险资产管理公司、外国保险机构的代表机构以及与涉嫌违法事项有关的单位和个人的银行账户。为进一步落…,4488,已提取-可全文
RFN-4c1c5c72d12fffda,T3资本与偿付能力监管,中国保监会关于印发《保险公司偿付能力监管规则（1—17号）》的通知,保监发〔2015〕22号,nfra,BOUNDARY,低,,,保险公司|保险消费者|保险资产管理|偿付能力,,[title]…中国保监会关于印发《保险公司偿付能力监管规则（1—17号）》的通知 保监发〔2015〕22号。各保监局，各保险集团（控股）公司、保险公司、…,695,已提取-可全文
RFN-4c8943024a0dad29,T4公司治理与股权关联交易,关于修改《保险公司高级管理人员任职资格管理规定》有关条文的决定,N/A,nfra,BOUNDARY,低,,,保险公司|分支机构,,[title]…关于修改《保险公司高级管理人员任职资格管理规定》有关条文的决定 保监会令（2003）2号　2003年7月23日。为适应保险业快速…,2645,已提取-可全文
RFN-4c9bf69d7d425799,T4公司治理与股权关联交易,关于保险公司高级管理人员任职资格管理有关问题的复函,保监厅函〔2004〕155号,nfra,BOUNDARY,低,,,保险公司,,[title]…关于保险公司高级管理人员任职资格管理有关问题的复函 保监厅函〔2004〕155号。宁夏保监局：。你局《关于执行〈保险公司高…,983,已提取-可全文
RFN-4cc516fe3b3639ea,T8机构准入与组织监管,保险公司非现场监管暂行办法,中国银行保险监督管理委员会令[2022]3号,nfra,INCLUDE,中,人身保险公司,,,再保险公司|财产保险公司,[body]…果、拟采取的监管措施等信息。第二十四条 机构监管部门根据保险公司的业务范围和机构层级，制定适用于财产保险公司、人身保险公司和再保险公司的风险监测和非现场监管评估指引，明确风险监测指标的定义和非现场监管评估的方法，并根据保险行业和金融…,8247,已提取-可全文
RFN-4d87ec365f1d5f20,T6养老与健康保险专项,国家金融监督管理总局关于适用商业健康保险个人所得税优惠政策产品有关事项的通知,金规[2023]2号,nfra,INCLUDE,中,人身保险|人身保险公司|健康保险,,,,[meta]…国家金融监督管理总局关于适用商业健康保险个人所得税优惠政策产品有关事项的通知 各银保监局，各人身保险公司，中国银行保险信息技术管理有限公司，中国保险行业协会、中国精算师协会：各银保监局，各人身保险公司，中国银行保险…,6001,已提取-可全文
RFN-4d9a3d92d09df0f8,T4公司治理与股权关联交易,中国保监会关于印发《保险公司董事及高级管理人员审计管理办法》的通知,保监发〔2010〕78号,nfra,BOUNDARY,低,,,保险公司|保险公司分支机构|保险机构|保险资产管理,,[title]…中国保监会关于印发《保险公司董事及高级管理人员审计管理办法》的通知 保监发〔2010〕78号。各保险公司、各保监局：。为加强对保险公司董事…,6989,已提取-可全文
RFN-4e3131787e5a2f80,T1销售行为与消费者保护,中国保监会关于保险业履行社会责任的指导意见,保监发〔2015〕123号,nfra,BOUNDARY,低,人身保险,,,保险中介机构,[body]…参与公共服务共建共享。融入社区和新农村建设，积极参与政府购买社会服务项目。推广治安保险、社区综合保险，农村小额人身保险等产品。开发针对弱势群体的创新公益保险产品，积极支持教育助学、养老医疗、孤残帮扶、疾病研究等社会事业。鼓励员工…,4763,已提取-可全文
RFN-4e9fd3784948d799,T6养老与健康保险专项,人力资源社会保障部、财政部、国家税务总局、金融监管总局、中国证监会关于全面实施个人养老金制度的通知,人社部发〔2024〕87号,supp,BOUNDARY,低,养老保险,,,商业银行,[body]…得积极成效， 制度总体运行平稳。 为深入贯彻落实党的二十大和二十届二中、 三中全会精神， 加快发展多层次多支柱养老保险体系， 经国务院同意， 现就全面实施个人养老金制度有关问题通知如下： 一、 扩大实施范围 （一）实施时间。 自…,4379,已提取-可全文
RFN-4eb8cd10ea814656,T8机构准入与组织监管,保险公司营销服务部管理办法,保监会令〔2002〕1号,nfra,BOUNDARY,低,寿险,,,,[body]…工商行政管理其他规定的，工商行政管理机关依法予以查处。 第十二条 保险公司在本办法实施以前设立的农村代办站所和寿险营销部等服务网点均应当按本办法规范。 第十三条 本办法由中国保险监督管理委员会和国家工商行政管理总局负责解释。…,2987,已提取-可全文
RFN-4ee952d21944ab4d,T5资金运用与资产负债管理,保险资产管理业从业人员职业操守和行为准则,（中国保险资产管理业协会　2023年4月）,,—,—,,,,,,0,未在五源cleaned收录
RFN-4f44d544d80ebe1b,T5资金运用与资产负债管理,关于调整保险资金投资政策有关问题的通知（已废止）,保监发〔2010〕66号,nfra,EXCLUDE,中,,,保险产品|保险公司|保险资产管理|保险资金|投资连结保险,商业银行|证券公司,[body]…将可投资有担保债券的品种，调整为有担保的企业债券、有担保的公司债券、有担保的可转换公司债券和有担保的公开发行的证券公司债券。将投资有担保企业(公司)类债券的信用等级，调整为具有国内信用评级机构评定的A级或者相当于A级以上的长期信…,4070,已提取-可全文
RFN-4f4747346d31e9d3,T1销售行为与消费者保护,中国银监会关于进一步加强商业银行代理保险业务合规销售与风险管理的通知,银监发[2010]90号,nfra,BOUNDARY,低,人身保险,,,商业银行|银行业|银行业金融机构,[body]…外的其他费用。 十八、商业银行应当督促保险公司按照监管规定在保险合同犹豫期内，对代理销售的保险期限在1年以上的人身保险新单业务进行客户电话回访，并要求保险公司妥善保存电话回访录音；视实际情况需要，可以要求保险公司对客户进行面访，…,6621,已提取-可全文
RFN-4f65ef6fbb1ae140,T6养老与健康保险专项,关于明确养老机构免征增值税等政策的通知,财税〔2019〕20号,mof,INCLUDE,中,人身保险,,,,[body]…31 日，对企业集团内单位（含企业集团）之间的资金无偿借贷行为，免征增值税。 四、保险公司开办一年期以上返还性人身保险产品，按照以下规定执行： （一）保险公司开办一年期以上返还性人身保险产品，在保险监管部门出具备案回执或批复文件…,1910,已提取-可全文
RFN-4f8ff885f0a76d12,T1销售行为与消费者保护,中国银保监会关于印发人身保险公司监管主体职责改革方案的通知,银保监发[2021]1号,nfra,INCLUDE,高,人身保险|人身保险公司,,,,[title]…中国银保监会关于印发人身保险公司监管主体职责改革方案的通知 中国银保监会关于印发人身保险公司各银保监局，各人身保险公司：为进一步强化人身保险监…,4247,已提取-可全文
RFN-4fca05f8ef6a38b8,T10数据治理与信息披露,关于发布《保险基础数据模型（JR/T 0048－2015）》行业标准的通知,保监发〔2015〕72号,nfra,EXCLUDE,中,,,保险公司|保险资产管理,保险中介机构,"[meta]…5）》行业标准的通知 保监发〔2015〕72号。机关各部门,各保监局，培训中心，各保险公司、保险资产管理公司、保险中介机构，中国保险行业协会、中国保险学会、中国精算师协会，中国保险资产管理业协会，中国保险保障基金有限责任公司、中国保…",819,已提取-可全文
RFN-4fef14fd096ba0d3,T8机构准入与组织监管,中国保监会关于印发《保险公司业务范围分级管理办法》的通知,保监发〔2013〕41号,nfra,BOUNDARY,低,人寿保险|人身保险公司|健康保险,,,财产保险公司,[body]…，包括航空航天保险、海洋开发保险、石油天然气保险、核保险； （三）信用保证保险； （四）投资型保险。 第七条 人身保险公司基础类业务包括以下五项： （一）普通型保险，包括人寿保险和年金保险； （二）健康保险； （三）意外伤害保险；…,7429,已提取-可全文
RFN-50102bafc397e42e,T9风险处置与案件合规,银行保险机构恢复和处置计划实施暂行办法,银保监发[2021]16号,nfra,BOUNDARY,低,人身保险公司,,,信托公司|再保险公司|商业银行|财产保险公司|金融资产|银行业,[body]…公众存款的金融机构以及金融资产管理公司、 金融租赁公司和保险公司。 保险公司， 是指在中华人民共和国境内设立的人身保险公司、 财产保险公司、 再保险公司等从事商业保险经营活动的公司。 第二十八条 对于全球系统重要性金融机构、 国内系…,10824,已提取-可全文
RFN-50289bcac2d1d779,T2产品与精算制度,关于印发《非寿险业务准备金评估工作底稿规范》的通知,保监发〔2010〕54号,nfra,EXCLUDE,中,,,保险公司|偿付能力,再保险公司|财产保险公司,[meta]…关于印发《非寿险业务准备金评估工作底稿规范》的通知 保监发〔2010〕54号。各财产保险公司、再保险公司：。为了规范保险公司非寿险业务准备金评估工作，加强准备金评估工作底稿编制、复核、使用的管理，根据《…,3704,已提取-可全文
RFN-50486bd5546c4c0e,T9风险处置与案件合规,关于加强协作配合共同打击保险领域违法犯罪行为的通知,保监发〔2009〕87号,nfra,BOUNDARY,低,,,保单|保险公司|保险机构|保险资产管理,,[meta]…监局，各省、自治区、直辖市公安厅、局，新疆建设兵团公安局：。近年来，保险领域的违法犯罪活动有所上升，特别是“假保险机构、假保单、假赔案”等案件时有发生，为维护保险市场正常秩序，保护保险关系人的合法权益，现就保险监管机构和公安机关…,2687,已提取-可全文
RFN-5074d178c64406e8,T5资金运用与资产负债管理,中国保监会关于保险资产管理产品参与融资融券债权收益权业务有关问题的通知,保监资金〔2015〕114号,nfra,EXCLUDE,中,,,保险资产管理,证券公司,[meta]…，切实维护投资者和投保人合法权益，现就有关事项通知如下：。保险资产管理公司通过发行保险资产管理产品募集资金，与证券公司开展融资融券债权收益权转让及回购业务，可以协商合理确定还款期限，不得单方强制要求证券公司提前还款。本通知自发布…,613,已提取-可全文
RFN-51133216754b33d3,T4公司治理与股权关联交易,中国保监会关于进一步加强保险公司关联交易信息披露工作有关问题的通知,保监发〔2016〕52号,nfra,BOUNDARY,低,,,保险公司|保险消费者|保险资产管理,,[title]…中国保监会关于进一步加强保险公司关联交易信息披露工作有关问题的通知 保监发〔2016〕52号。各保监局，各保险集团（控股）公司、保险公司、保险…,4032,已提取-可全文
RFN-51a114e2f638b70b,T1销售行为与消费者保护,中国银保监会办公厅关于印发保险中介机构信息化工作监管办法的通知,银保监办发[2021]3号,nfra,EXCLUDE,中,,保险代理人|保险兼业代理,保单|保险公司|分支机构,保险中介机构|保险公估|保险经纪,[meta]…中国银保监会办公厅关于印发保险中介机构信息化工作监管办法的通知 各银保监局，各保险公司、各保险专业中介机构、各保险兼业代理机构：各银保监局，各保险公司、各保险专业中介机构、各保险兼业代理机构：经银保监会同意，现将《保险中介机构信息化…,10482,已提取-可全文
RFN-51abefb17e408d4d,T1销售行为与消费者保护,保险代理人监管规定,中国银行保险监督管理委员会令[2020]11号,nfra,BOUNDARY,低,人身保险公司,个人保险代理人|保险代理人|保险兼业代理|保险销售从业人员|独立个人保险代理人,,保险中介机构|保险公估|保险经纪|商业银行|财产保险公司,[body]…险代理业务的，除同一保险集团内各保险子公司之间开展保险代理业务外，一家财产保险公司在一个会计年度内只能代理一家人身保险公司业务，一家人身保险公司在一个会计年度内只能代理一家财产保险公司业务。第四十三条 保险代理人从事保险代理业务不得…,36179,已提取-可全文
RFN-51c1b05ad134a148,T10数据治理与信息披露,关于启用中国保险统计信息系统的通知,保监发〔2004〕123号,nfra,INCLUDE,中,人寿保险|健康险|寿险,,,,[body]…指标附注。其中，出口信用保险公司、农业保险公司和汽车险公司报送的保险统计指标比照产险公司执行；养老金保险公司、健康险保险公司报送的保险统计指标比照寿险公司执行。 （二）除报送保险统计指标外，各保险集团公司、保险控股公司、保险公…,4796,已提取-可全文
RFN-51d17c7f606253fd,T6养老与健康保险专项,中国保监会关于印发《养老保障管理业务管理暂行办法》的通知,保监发〔2013〕43号,nfra,INCLUDE,中,养老保险公司,,,,[meta]…中国保监会关于印发《养老保障管理业务管理暂行办法》的通知 保监发〔2013〕43号。各保监局、各养老保险公司：。为促进保险业积极参与构建多层次养老保障体系，推动养老保障管理业务健康发展，我会制定了《养老保障管理业务管理…,12377,已提取-可全文
RFN-51f149a2c6b49e3f,T7反洗钱与反恐怖融资,中国人民银行关于进一步严格大额交易和可疑交易报告报送情况的通报,银发[2009]123号,,—,—,,,,,,0,未在五源cleaned收录
RFN-51f4ad8a59c748b3,T3资本与偿付能力监管,关于印发《商业保险公司绩效评价办法》的通知,财金〔2022〕72 号,mof,BOUNDARY,低,人寿保险,,,,[body]…号公布，自2022年06月16日起施行。 财政部、金融司、金融司    中国人民保险集团股份有限公司， 中国人寿保险（集团）公司， 中国太平保险集团有限责任公司， 中国再保险（集团）股份有限公司， 其他有关商业保险集团（控股）…,780,已提取-可全文
RFN-52aa9120bc5387cc,T5资金运用与资产负债管理,中国保险资产管理业协会自律评价管理办法,（中国保险资产管理业协会2023年4月）,,—,—,,,,,,0,未在五源cleaned收录
RFN-533038be2a9180be,T6养老与健康保险专项,国家金融监督管理总局关于促进专属商业养老保险发展有关事项的通知,金规[2023]7号,nfra,INCLUDE,中,人身保险|人身保险公司|养老保险|养老保险公司,,,商业银行,[meta]…国家金融监督管理总局关于促进专属商业养老保险发展有关事项的通知 各监管局、各人身保险公司：各监管局、各人身保险公司：为推动第三支柱养老保险持续规范发展，更好满足广大人民群众多样化养老需求，根据《中华…,9421,已提取-可全文
RFN-537e793f5aa9fa58,T6养老与健康保险专项,中国银保监会办公厅关于规范保险公司城市定制型商业医疗保险业务的通知,银保监办发[2021]66号,nfra,BOUNDARY,低,健康保险,,,,[meta]…险公司，中国保险行业协会：为规范保险公司城市定制型商业医疗保险（以下简称定制医疗保险）业务的开展，有效发挥商业健康保险作用，满足人民群众多层次多样化的医疗保障需求，经银保监会同意，现就有关事项通知如下：    一、发挥市场作用…,2858,已提取-可全文
RFN-538246b44e55863d,T1销售行为与消费者保护,中国银行保险监督管理委员会办公厅关于发展独立个人保险代理人有关事项的通知,银保监办发[2020]118号,supp,EXCLUDE,中,,保险代理人|保险销售从业人员|独立个人保险代理人,保险产品|保险公司|保险营销|保险销售,保险经纪机构,[title]…中国银保监会办公厅关于发展独立个人保险代理人有关事项的通知 独立个人保险代理人制度（25条，依据《保险法》《保险代理人监管规定》）：独立代理人不隶属团队、…,5345,已提取-可全文
RFN-5411f7dff8556566,T1销售行为与消费者保护,关于保险公司员工投资保险中介机构问题的批复,保监中介〔2004〕53号,nfra,EXCLUDE,中,,,保险公司,保险中介机构,[title]…关于保险公司员工投资保险中介机构问题的批复 保监中介〔2004〕53号。西安保监办：。你办《关于保险公司员工可否出资筹建保险中介机构问题的请示…,585,已提取-可全文
RFN-542be408992d9b6c,T4公司治理与股权关联交易,保险公司董事和高级管理人员任职资格管理规定,N/A,nfra,BOUNDARY,低,,,保险公司|保险公司分支机构|保险机构|保险条款|分支机构,,[title]…保险公司董事和高级管理人员任职资格管理规定 2006年第4号。《保险公司董事和高级管理人员任职资格管理规定》已经200…,12660,已提取-可全文
RFN-5483f2b473333550,T6养老与健康保险专项,中国保监会关于免征保险公司经营城乡居民大病保险业务监管费的通知,保监财会〔2013〕250号,nfra,BOUNDARY,低,,,保险公司,,[title]…中国保监会关于免征保险公司经营城乡居民大病保险业务监管费的通知 保监财会〔2013〕250号。各保监局，各保险公司：。根据《财政部 国家…,700,已提取-可全文
RFN-548f7e693ca95808,T3资本与偿付能力监管,关于印发偿付能力报告编报规则的通知,保监发〔2004〕153号,nfra,BOUNDARY,低,,,保险公司|偿付能力,,[title]…关于印发偿付能力报告编报规则的通知 保监发〔2004〕153号。各保险公司：。为加强偿付能力监管，科学评估保险公司的偿付能力，…,619,已提取-可全文
RFN-54abcf95adb8d0f7,T4公司治理与股权关联交易,关于印发《保险公司关联交易管理暂行办法》的通知,保监发〔2007〕24号,nfra,BOUNDARY,低,,,保险公司|保险资产管理,,[title]…关于印发《保险公司关联交易管理暂行办法》的通知 保监发〔2007〕24号。各保险公司、保险资产管理公司，各保监局：。为强化保险公…,6262,已提取-可全文
RFN-5502461064aefae3,T3资本与偿付能力监管,中国保监会关于印发《保险公司偿付能力报告编报规则——问题解答第22号：证券投资基金和资产管理产品》的通知,保监发〔2014〕29号,nfra,EXCLUDE,中,,,保险公司|保险机构|保险资产管理|偿付能力,商业银行|证券公司,[body]…百分之八十以上的资产投资于固定收益类产品（包括债券、存款、债权类资产等），且投资于信托计划、银行信贷支持证券、商业银行理财产品、证券公司专项资产管理计划等金融产品的比例不高于百分之二十的资产管理产品。 4.另类资产管理产品为认可…,3816,已提取-可全文
RFN-5528fa42833195c2,T9风险处置与案件合规,关于印发《保险保障基金内部管理规定（试行）》和《保险保障基金会计核算办法（试行）》的通知,保监财会〔2005〕770号,nfra,EXCLUDE,—,,,,,,478,已提取-可全文
RFN-55376202e4b80fd1,T4公司治理与股权关联交易,关于印发《保险公司董事、监事及高级管理人员培训管理暂行办法》的通知,保监发〔2008〕27号,nfra,EXCLUDE,中,,,保险公司|保险公司分支机构|保险资产管理|分支机构,保险中介机构,[meta]…司董事、监事及高级管理人员培训管理暂行办法》的通知 保监发〔2008〕27号。各保险公司、保险资产管理公司，各保险中介机构：。为加强保险公司董事、监事及高级管理人员队伍建设，规范保险公司董事、监事及高级管理人员行为，强化风险意识、创…,4907,已提取-可全文
RFN-55f91e7c0fcda473,T1销售行为与消费者保护,中国保监会关于印发《互联网保险业务监管暂行办法》的通知,保监发〔2015〕69号,nfra,BOUNDARY,低,人身保险|寿险,,,保险公估|保险经纪公司,[body]…下，可将下列险种的互联网保险业务经营区域扩展至未设立分公司的省、自治区、直辖市： （一）人身意外伤害保险、定期寿险和普通型终身寿险； （二）投保人或被保险人为个人的家庭财产保险、责任保险、信用保险和保证保险; （三）能够独立…,12470,已提取-可全文
RFN-5664287c8e0abdf3,T5资金运用与资产负债管理,保险资金境外投资管理暂行办法,人民银行令〔2004〕9号,nfra,EXCLUDE,中,,,保单|保险产品|保险公司|保险机构|保险资产管理|保险资金|偿付能力|分支机构,商业银行,[body]…监会规定条件的专业投资管理机构。 本办法所称托管人，是指在中华人民共和国境内依法设立，符合中国保监会规定条件的商业银行和其他金融机构。担任托管人的商业银行包括中资银行、中外合资银行、外商独资银行和外国银行分行。 第三条 本办法所…,19272,已提取-可全文
RFN-56bd950dc33c0751,T10数据治理与信息披露,公开发行证券的公司信息披露编报规则第4号——保险公司信息披露特别规定(2024年修订),中国证券监督管理委员会公告（〔2024〕10号）,,—,—,,,,,,0,未在五源cleaned收录
RFN-56eadda7a101a149,T1销售行为与消费者保护,关于保险中介市场发展的若干意见（已废止）,保监发〔2007〕107号,nfra,BOUNDARY,低,健康保险,保险兼业代理|保险营销员,,保险中介机构|保险公估|保险经纪|保险经纪机构,[body]…强职业道德教育，提高队伍素质，着力解决销售误导问题。 探索建立保险营销员分级分类资格管理制度，针对投资型保险、健康保险等复杂产品建立更高层次的销售资格要求，促进保险营销队伍向专业化、职业化方向发展。研究建立农村保险营销员资格管理…,10101,已提取-可全文
RFN-56ff2bec4ac3836c,T6养老与健康保险专项,国家金融监督管理总局关于推动健康保险高质量发展的指导意见,金发[2025]34号,nfra,INCLUDE,中,人寿保险|人身保险|健康保险,,,,[meta]…保险业高质量发展的若干意见》精神，进一步强监管防风险，以健康保险高质量发展服务健康中国战略，现提出以下意见。 人身保险监管司    中国银监会办公厅会议通知各金融监管局，银保信公司、保险业协会、精算师协会，各保险公司：为贯彻落实…,5345,已提取-可全文
RFN-580182301b2bbb2f,T2产品与精算制度,关于印发 《个人税收递延型商业养老保险产品开发指引 》的通知,银保监发〔2018〕20号,nfra,INCLUDE,中,人身保险公司|养老保险,,,,"[meta]…20号各保监局,各银监局,上海市、江苏省、福建省、厦门市财政厅(局)、人力资源社会保障厅(局)、地方税务局,各人身保险公司:为贯彻落实党的十九大精神,促进个人税收递延型商业养老保险试点健康发展,规范保险公司个人税收递延型商业养老保险…",8738,已提取-可全文
RFN-5816d1163e51a4b0,T8机构准入与组织监管,再保险业务管理规定,中国银行保险监督管理委员会令[2021]8号,nfra,EXCLUDE,中,寿险,,,保险经纪|保险经纪机构|再保险公司|财产保险公司|财产险,,9941,已提取-可全文
RFN-585c75a95efbf8c9,T4公司治理与股权关联交易,关于2009年保险公司合规工作要求的通知,保监发〔2009〕16号,nfra,BOUNDARY,低,,,保险产品|保险公司,,[title]…关于2009年保险公司合规工作要求的通知 保监发〔2009〕16号。各保险公司:。为了贯彻落实2008年全国保险工作会议提出的完善公…,1542,已提取-可全文
RFN-58dc072cb618f4a3,T6养老与健康保险专项,中国保监会关于印发《大病保险统计制度》的通知,保监发〔2015〕105号,nfra,INCLUDE,中,人身保险,,,,[body]…《中国保监会关于印发〈大病保险统计制度（试行）〉的通知》（保监发〔2013〕77号）自本制度施行之日起废止。 人身保险监管部联系人：张俊兴  010－66286211 创新系统管理员：孙思  010－66286832 创新系统技…,5161,已提取-可全文
RFN-591edf15c13b0112,T1销售行为与消费者保护,关于严禁违规开展学平险业务的通知（已失效）,保监发[2000]147号,nfra,INCLUDE,中,人寿保险公司|健康保险,,,,[meta]…关于严禁违规开展学平险业务的通知（已失效） 保监发[2000]147号。各人寿保险公司：。学平险业务自开办以来，为广大学生提供了保险保障，产生了良好的社会影响；但是由于一些保险机构采取不正当手段，…,1655,已提取-可全文
RFN-5941fed4f419fd6d,T4公司治理与股权关联交易,金融机构合规管理办法,国家金融监督管理总局令[2024]7号,nfra,EXCLUDE,中,,,保险公司|保险资产管理|分支机构,信托公司|再保险公司|商业银行|金融资产|银行业,[meta]…理办法 金融机构合规管理办法第一章  总  则 第一条  为提高金融机构依法合规经营能力，根据《中华人民共和国银行业监督管理法》《中华人民共和国商业银行法》《中华人民共和国保险法》《中华人民共和国信托法》等法律法规，制定本办法…,17802,已提取-可全文
RFN-595e75ea915efc19,T5资金运用与资产负债管理,国家金融监督管理总局关于保险资金未上市企业重大股权投资有关事项的通知,金规[2025]10号,nfra,BOUNDARY,低,,,保险公司|保险机构|保险资产管理|保险资金,,[title]…国家金融监督管理总局关于保险资金未上市企业重大股权投资有关事项的通知 各金融监管局，各保险集团（控股）公司、保险公司、保险资产管理公司：各金融…,4788,已提取-可全文
RFN-597cce52d6ec9560,T2产品与精算制度,关于对取得国外精算师资格的拟任总精算师进行考核的通知（已失效）,N/A,nfra,INCLUDE,中,人寿保险公司|人身保险|健康保险|养老保险公司,,,,[meta]…关于对取得国外精算师资格的拟任总精算师进行考核的通知（已失效） 各人寿保险公司、养老保险公司、健康保险公司：。根据《保险公司总精算师管理办法》，取得国外精算师资格拟担任保险公司总精算师的，…,1394,已提取-可全文
RFN-59a06d09fe240d90,T3资本与偿付能力监管,关于印发《保险公司偿付能力报告编报规则——问题解答第10号：无担保企业（公司）债券、不动产、未上市股权和保险资产管理公司创新试点投资产品》的通知,保监发〔2010〕98号,nfra,EXCLUDE,中,,,保险公司|保险资产管理|保险资金|偿付能力,保险中介机构|信托公司|商业银行,[body]…具有控制、共同控制或重大影响的未上市股权投资为认可资产，其中： （1）被投资单位为保险公司、保险资产管理公司、保险中介机构等保险类企业的，以账面价值的95％作为其认可价值； （2）被投资单位为商业银行、信托公司等非保险类金融机构的，…,6686,已提取-可全文
RFN-59ace91697b74b57,T5资金运用与资产负债管理,关于印发《保险资金股权投资信息报告监管口径》的通知,资金部函（2018）35号,,—,—,,,,,,0,未在五源cleaned收录
RFN-59b9c4fc9ad76efd,T1销售行为与消费者保护,中国银保监会办公厅关于明确保险中介市场对外开放有关措施的通知,银保监办发[2021]128号,nfra,EXCLUDE,中,,,,保险公估|保险经纪|保险经纪公司|保险经纪机构,[meta]…进保险业健康有序发展，经银保监会同意，现将有关事项通知如下：一、允许有实际业务经验并符合银保监会相关规定的境外保险经纪公司在华投资设立的保险经纪公司经营保险经纪业务。 中介部    为进一步扩大保险业对外开放， 促进保险业健康有序发…,1265,已提取-可全文
RFN-5a653ce853b6eabd,T9风险处置与案件合规,中国保监会关于印发《人身保险公司风险排查管理规定》的通知,保监发〔2013〕48号,nfra,INCLUDE,高,人寿保险公司|人身保险|人身保险公司|健康保险|养老保险公司,保险销售从业人员,,,[title]…中国保监会关于印发《人身保险公司风险排查管理规定》的通知 保监发〔2013〕48号。各人身保险公司：。为防范人身保险公司经营风险，保护保险消费…,10388,已提取-可全文
RFN-5a78e0f919a97468,T6养老与健康保险专项,中国银保监会关于保险公司开展个人养老金业务有关事项的通知,银保监规[2022]17号,nfra,INCLUDE,中,人身保险公司|养老保险|养老保险公司,,,,[meta]…中国银保监会关于保险公司开展个人养老金业务有关事项的通知 各银保监局，各人身保险公司，中国银行保险信息技术管理有限公司：各银保监局，各人身保险公司，中国银行保险信息技术管理有限公司：为推进多层次…,4617,已提取-可全文
RFN-5ac2040a2787abfa,T5资金运用与资产负债管理,中国保监会关于印发《资产支持计划业务管理暂行办法》的通知,保监发〔2015〕85号,nfra,BOUNDARY,低,,,保险公司|保险机构|保险资产管理|保险资金,,[meta]…中国保监会关于印发《资产支持计划业务管理暂行办法》的通知 保监发〔2015〕85号。各保险集团（控股）公司、保险公司、保险资产管理公司：。为促进资产支持计划业务创新，规范管理行为，加强风险控制，维护投资者合法权益，我会制定了《…,12768,已提取-可全文
RFN-5adce45a2655d6c3,T1销售行为与消费者保护,关于调整保险营销员诚信记录登记事项的通知,保监发〔2011〕27号,nfra,EXCLUDE,中,,保险营销员,保险公司|保险营销,保险中介机构,[title]…关于调整保险营销员诚信记录登记事项的通知 保监发〔2011〕27号。各保监局，各保险公司:。《保险营销员诚信记录管理办法》（保监…,1242,已提取-可全文
RFN-5afd181865011d74,T5资金运用与资产负债管理,中国保监会关于加强保险资金投资债券使用外部信用评级监管的通知,保监发〔2013〕61号,nfra,BOUNDARY,低,,,保险公司|保险机构|保险资产管理|保险资金,,[title]…中国保监会关于加强保险资金投资债券使用外部信用评级监管的通知 保监发〔2013〕61号。各保险资产管理公司、保险公司：。为进一步加强保险…,2366,已提取-可全文
RFN-5b0aaf8d4e169369,T9风险处置与案件合规,关于开展2005年整顿和规范保险市场秩序工作的通知,国办发〔2005〕19号,nfra,BOUNDARY,低,健康险,保险营销员,,保险中介机构,[body]…改，把提高理赔质量作为规范经营和提高公司竞争力的核心内容来抓。保监会将指导保险行业协会从反映最强烈的机动车险、健康险等理赔服务方面入手，明确承诺理赔服务的时间、程序、标准等，逐步制定行业服务标准，向社会公开承诺，并通过签订自律…,7957,已提取-可全文
RFN-5b2fa0008616d1cf,T2产品与精算制度,关于保险业支持文化产业发展有关工作的通知,保监发〔2010〕109号,nfra,INCLUDE,中,健康保险|寿险,,,保险中介机构,[body]…附件，试点经营期限为两年。与试点险种承保责任性质相近并符合文化企业特定需求的险种，列入试点工作支持范围。 支持寿险公司积极开发为文化企业提供人才激励配套的养老和医疗保险产品。鼓励其他保险公司积极开发适合文化企业特点和文化产业…,5387,已提取-可全文
RFN-5b3e509b9f4c368c,T8机构准入与组织监管,国家金融监督管理总局关于印发保险公司监管评级办法的通知,金规[2025]1号,nfra,INCLUDE,中,人身保险公司,,,再保险公司|财产保险公司,[body]…年新设立的保险公司进行试评级。本办法所称保险公司，是指依法在中国境内设立的保险集团（控股）公司、财产保险公司、人身保险公司、再保险公司的法人机构和外国保险公司分公司。本办法所称监管机构，是指国家金融监督管理总局（以下简称金融监管总局…,8168,已提取-可全文
RFN-5b49ba04299b1e65,T6养老与健康保险专项,中国银保监会关于印发保险公司城乡居民大病保险业务管理办法的通知,银保监发[2021]12号,nfra,BOUNDARY,低,健康保险,,,再保险公司,[body]…大病保险业务，应当符合下列条件：（一）注册资本不低于人民币20亿元或近3年内净资产均不低于人民币50亿元，专业健康保险公司除外；（二）上一年度末和最近季度末的综合偿付能力不低于150%；（三）上一年度及提交申请前连续两个季度风险…,17079,已提取-可全文
RFN-5b880a50f3d380a3,T1销售行为与消费者保护,中国银行业监督管理委员会关于香港和澳门银行内地分行从事代理保险业务的公告,N/A,nfra,EXCLUDE,中,,,,银行业,[title]…中国银行业监督管理委员会关于香港和澳门银行内地分行从事代理保险业务的公告 摘要     中国银行业监督管理委员会关于香港…,637,已提取-可全文
RFN-5c48b19fb517126a,T4公司治理与股权关联交易,关于外资保险公司关联交易范围界定问题的复函,保监厅函[2008]280号,,—,—,,,,,,0,未在五源cleaned收录
RFN-5c7e063e18d20d3e,T5资金运用与资产负债管理,中国保监会关于印发《保险资金委托投资管理暂行办法》的通知,保监发〔2012〕60号,nfra,EXCLUDE,中,,,保险产品|保险公司|保险机构|保险资产管理|保险资金,基金管理公司|证券公司,[body]…投资管理人，是指在中国境内依法设立的，符合中国保险监督管理委员会（以下简称中国保监会）规定的保险资产管理公司、证券公司、证券资产管理公司、证券投资基金管理公司及其子公司（以下简称基金管理公司）等专业投资管理机构。 第三条 保险公…,9339,已提取-可全文
RFN-5cab0874b0ade084,T7反洗钱与反恐怖融资,保险机构洗钱和恐怖融资风险评估及客户分类管理指引,保监发[2014]110号,supp,INCLUDE,中,人身保险|人身保险公司|寿险,,,保险中介机构|再保险公司|财产保险公司|财产险,[body]…会制定了《保险机构洗钱和恐怖融资风险评估及客户分类管理指引》（以下简称《指引》），现印发给你们，请遵照执行。 人身保险公司、财产保险公司应自发布之日起执行《指引》。立即执行有困难的，可于2015年3月1日前向中国保监会稽查局提交延期…,18123,已提取-可全文
RFN-5cc9c04602c81f26,T2产品与精算制度,关于印发《长期健康险法定分保条件》的通知,保监发[2000]50号,nfra,INCLUDE,高,人寿保险|人寿保险公司|人身保险|健康险,,,再保险公司,[title]…关于印发《长期健康险法定分保条件》的通知 保监发[2000]50号。中国再保险公司、中国人寿保险公司、中国太平洋保险公司、中国平安…,5410,已提取-可全文
RFN-5cd130f376ba34d9,T1销售行为与消费者保护,关于落实《保险销售行为可回溯管理暂行办法》有关事项的通知,保监消保〔2017〕265号,supp,BOUNDARY,低,人身保险|人身保险公司|健康保险,保险兼业代理|保险销售从业人员,,保险中介机构,[body]…险公司、保险中介机构： 根据《保险销售行为可回溯管理暂行办法》（保监发〔2017〕54号，以下简称《办法》），人身保险公司销售《办法》第六条规定的保险产品，应对销售过程关键环节以现场同步录音录像的方式予以记录。现就有关录音录像业务规…,4225,已提取-可全文
RFN-5dee4a762b15b1ef,T8机构准入与组织监管,《保险公司营销服务部管理办法》废止令（中国保险监督管理委员会令2009年第2号）,保监会令〔2002〕1号,nfra,BOUNDARY,低,,,保险公司,,[title]…《保险公司营销服务部管理办法》废止令（中国保险监督管理委员会令2009年第2号） 中国保险监督管理委员会令2009年第2…,654,已提取-可全文
RFN-5df67fbeabffacee,T8机构准入与组织监管,中国保监会关于印发《广西辖区保险公司分支机构市场退出管理指引》的通知,保监发〔2016〕53号,nfra,BOUNDARY,低,人身保险公司,,,财产保险公司,[body]…/T1100－2014）及其他机动车辆保险理赔服务规范组织的车辆理赔服务测评中2年内累计3次不及格的； （三）人身保险公司市级分公司、中心支公司在广西保监局或当地保险行业协会根据相关服务规范组织的服务测评中2年内累计3次不及格的，或…,13123,已提取-可全文
RFN-5e20e46825f7932a,T5资金运用与资产负债管理,关于加强保险资金股权投资事后报告监管机制有关事项的通知,资金部函〔2018〕34,,—,—,,,,,,0,未在五源cleaned收录
RFN-5e21059504818112,T5资金运用与资产负债管理,国家金融监督管理总局办公厅关于开展保险资金投资黄金业务试点的通知,金办发[2025]7号,nfra,BOUNDARY,低,人寿保险,,,商业银行,[body]…合约、黄金询价即期合约、黄金询价掉期合约和黄金租借业务。（二）试点参与主体。中国人民财产保险股份有限公司、中国人寿保险股份有限公司、太平人寿保险有限公司、中国出口信用保险公司、中国平安财产保险股份有限公司、中国平安人寿保险股份有…,3676,已提取-可全文
RFN-5e4d297bde39f562,T9风险处置与案件合规,最高人民法院最高人民检察院关于印发《关于办理商业贿赂刑事案件适用法律若干问题的意见》的通知,二OO八年十一月二十日下发,,—,—,,,,,,0,未在五源cleaned收录
RFN-5f0f7ab9a050cd56,T0上位法锚点,国务院办公厅关于加强金融消费者权益保护工作的指导意见,国办发〔2015〕81号,pbc,EXCLUDE,中,,,分支机构,信托公司|商业银行|金融资产|银行业金融机构,[body]…行为，维护公平、公正的市场环境，促进金融市场健康稳定运行，根据《中华人民共和国中国人民银行法》《中华人民共和国商业银行法》《中华人民共和国消费者权益保护法》和《国务院办公厅关于加强金融消费者权益保护工作的指导意见》（国办发〔20…,21986,已提取-可全文
RFN-5f10b0b16f3770a1,T4公司治理与股权关联交易,中国保监会关于印发《保险公司经营评价指标体系（试行）》的通知,保监发〔2015〕80号,nfra,INCLUDE,中,人身保险公司|养老保险公司|寿险,,,再保险公司|财产保险公司,[meta]…险公司经营评价指标体系（试行）》的通知 保监发〔2015〕80号。各保监局，中国保险行业协会，各财产保险公司、人身保险公司：。为综合评价保险公司经营状况，加强保险监管，促进保险公司改进经营管理、转变发展方式，我会制定了《保险公司经营…,3850,已提取-可全文
RFN-600b25ea909a0d88,T1销售行为与消费者保护,中国银监会办公厅关于商业银行开展代理销售基金和保险产品相关业务风险提示的通知,银监办发〔2008〕274号,supp,EXCLUDE,中,,,保险产品|保险公司,商业银行|基金管理公司|银行业|银行业金融机构,[title]…中国银监会办公厅关于商业银行开展代理销售基金和保险产品相关业务风险提示的通知 银监会办公厅对商业银行代理销售基金和保险产品业务的风险提示七…,1917,已提取-可全文
RFN-6025708b82d19a85,T1销售行为与消费者保护,关于印发《中国保监会关于加强保险消费者权益保护工作的意见》的通知,保监发〔2014〕89号,nfra,EXCLUDE,中,,,保险产品|保险公司|保险机构|保险条款|保险消费者|保险销售|分支机构,保险中介机构,[body]…或者互联网销售保险产品，保留与双方权利义务相关的电话录音和网络销售痕迹。完善委托合同约定，规范与其有代理关系的保险中介机构的销售行为，并对保险中介机构的违规销售行为承担相应责任。 （七）及时公允理赔给付。保险公司要建立公正透明的理赔…,10658,已提取-可全文
RFN-6028d2f72e266791,T2产品与精算制度,关于颁布《中国人寿保险业经验生命表（2000-2003）》的通知,保监发〔2005〕117号,nfra,INCLUDE,高,人寿保险|健康保险|养老保险公司|寿险,,,,[title]…关于颁布《中国人寿保险业经验生命表（2000-2003）》的通知 保监发〔2005〕117号。各寿险公司、各养老保险公司、各健康保险…,999,已提取-可全文
RFN-60747fe55af9f278,T1销售行为与消费者保护,关于贯彻依法经营依法监管原则切实维护投保人和被保险人权益的通知（已废止）,保监中介〔2012〕811号,nfra,BOUNDARY,低,,,保险公司,,[meta]…彻依法经营依法监管原则切实维护投保人和被保险人权益的通知（已废止） 保监中介〔2012〕811号。各保监局、各保险公司、各保险专业中介机构：。为贯彻依法经营、依法监管原则，切实维护投保人和被保险人合法权益，现将有关事项通知如下：…,899,已提取-可全文
RFN-60aec5122f4c8f5e,T1销售行为与消费者保护,关于改革完善保险营销员管理体制的意见,保监发〔2010〕84号,nfra,EXCLUDE,中,,保险营销员,保险公司|保险营销|保险销售,保险中介机构,[title]…关于改革完善保险营销员管理体制的意见 保监发〔2010〕84号。各保监局，各保险公司、保险中介机构：。前一时期，保险营销制度在促进保…,3637,已提取-可全文
RFN-6106eb1cfa89c082,T1销售行为与消费者保护,关于印发《保险中介机构外部审计指引》的通知,保监发〔2005〕1号,nfra,EXCLUDE,中,,,,保险中介机构|保险公估|保险经纪机构,[title]…关于印发《保险中介机构外部审计指引》的通知 保监发〔2005〕1号。各保监局、保险中介机构：。为充分发挥外部审计的作用，提高保险中介…,4812,已提取-可全文
RFN-618cdff76405c51c,T4公司治理与股权关联交易,中国保监会关于印发《保险公司合规管理办法》的通知,保监发〔2016〕116号,nfra,INCLUDE,中,,保险销售从业人员,保险产品|保险公司|保险公司分支机构|保险资产管理|保险销售|分支机构,,[body]…部、营销服务部以及各类专属机构。 本办法所称保险从业人员，是指保险公司工作人员以及其他为保险公司销售保险产品的保险销售从业人员。 第四十一条  本办法由中国保监会负责解释。 第四十二条  本办法自2017年7月1日起施行。中国保监会20…,12746,已提取-可全文
RFN-618dc2b29e8a780c,T1销售行为与消费者保护,保险经纪机构管理规定（已废止）,保监会令[2001]5号,nfra,EXCLUDE,中,,,保单|保险产品|保险公司|分支机构,保险中介机构|保险公估|保险经纪|保险经纪公司|保险经纪机构|再保险公司|商业银行,[title]…保险经纪机构管理规定（已废止） 保监会令（2004）15号　2004年12年月15日。第一章　总 则。第一条　为了规范保险…,33588,已提取-可全文
RFN-61a6d96741ffdb65,T10数据治理与信息披露,关于进一步贯彻落实新保险合同会计准则的通知,财会〔2025〕12号,mof,BOUNDARY,低,寿险,,,金融资产,[body]…要求偿还的金额，以及该金额与相关保险合同组合账面价值之间关联性的说明。企业选择不披露上述信息的，应当披露其全部寿险业务的现金价值。 （四）衔接规定。 1.首次执行新保险合同会计准则时，企业可以仅列报首次执行日前最近一个会计年…,7756,已提取-可全文
RFN-61b14ebc7f81a202,T9风险处置与案件合规,关于保险保障基金汇算清缴有关问题的通知,保监发〔2006〕18号,nfra,BOUNDARY,低,,,保险公司,,[meta]…关于保险保障基金汇算清缴有关问题的通知 保监发〔2006〕18号。各保险公司：。为了做好保险保障基金的汇算清缴工作，根据《保险保障基金管理办法》（保监会令〔2004〕16号）和《关于缴纳…,1750,已提取-可全文
RFN-61ea7667f4ed5ec2,T4公司治理与股权关联交易,关于印发《保险公司风险管理指引（试行）》的通知,保监发〔2007〕23号,nfra,BOUNDARY,低,,,保险公司|保险资产管理|偿付能力|分支机构,,[title]…关于印发《保险公司风险管理指引（试行）》的通知 保监发〔2007〕23号。各保险公司、保险资产管理公司，各保监局：。为强化保险公…,8357,已提取-可全文
RFN-626725afa3a2ecbc,T8机构准入与组织监管,保险中介行政许可及备案实施办法,中国银行保险监督管理委员会令[2021]12号,nfra,EXCLUDE,中,,保险兼业代理,保单|保险公司|分支机构,保险中介机构|保险公估|保险经纪|保险经纪公司|保险经纪机构|商业银行,[body]…公司继续存续的，应当依法办理名称、营业范围和公司章程等事项的变更登记，确保其名称中无“保险代理”字样。第二节 保险兼业代理业务许可第二十条 商业银行经营保险代理业务，应当具备下列条件：（一）具有银保监会或其派出机构颁发的金融许可证；…,30995,已提取-可全文
RFN-6299b41ed313d187,T1销售行为与消费者保护,保险经纪机构监管规定,保监会令〔2004〕15号,nfra,EXCLUDE,中,,,保单|保险产品|保险公司|分支机构,保险中介机构|保险公估|保险经纪|保险经纪公司|保险经纪机构|商业银行,[title]…保险经纪机构监管规定 保监会令2013年第6号。现发布《中国保险监督管理委员会关于修改〈保险经纪机构监管规定〉的决定》，自…,22840,已提取-可全文
RFN-62d36d708fef3329,T1销售行为与消费者保护,金融机构产品适当性管理办法,国家金融监督管理总局令[2025]7号,nfra,BOUNDARY,低,人身保险,,,保险经纪|信托公司|商业银行|银行业|银行业金融机构,[body]…基于充分了解产品信息后的自主选择。第三十九条 金融机构销售分红型、万能型、投资连结型、变额型等保单利益不确定的人身保险产品，存在以下情况之一的，应当在取得投保人签名确认的投保声明后方可承保：（一）趸交保费超过投保人家庭年收入的四…,12527,已提取-可全文
RFN-63076feefad24a6b,T9风险处置与案件合规,银行保险违法行为举报处理办法,中国保险监督管理委员会令[2019]8号,nfra,EXCLUDE,中,,,保险机构,保险中介机构|商业银行|银行业|银行业金融机构,[meta]…派出机构（以下统称银行保险监督管理机构）对银行保险违法行为举报处理工作，维护经济金融秩序，根据《中华人民共和国银行业监督管理法》《中华人民共和国商业银行法》《中华人民共和国保险法》等有关法律、行政法规，制定本办法。 法规部…,6506,已提取-可全文
RFN-631954dd3b562f8e,T6养老与健康保险专项,中国保监会关于开展老年人住房反向抵押养老保险试点的指导意见,保监发〔2014〕53号,nfra,INCLUDE,中,人身保险公司|养老保险,,,,[meta]…监会关于开展老年人住房反向抵押养老保险试点的指导意见 保监发〔2014〕53号。各保监局、中国保险行业协会、各人身保险公司：。为贯彻落实《国务院关于加快发展养老服务业的若干意见》（国发〔2013〕35号）有关要求，鼓励保险业积极参与…,8722,已提取-可全文
RFN-6320c5a67f0e4821,T3资本与偿付能力监管,关于印发《保险公司偿付能力报告编报规则第15号：再保险业务》及其实务指南的通知,保监发〔2009〕53号,nfra,EXCLUDE,中,,,保险公司|偿付能力,,,518,已提取-可全文
RFN-6327f31d98a27464,T7反洗钱与反恐怖融资,中国人民银行关于印发证券期货保险机构反洗钱执法检查数据提取接口规范的通知（银发〔2019〕63号）,银发〔2019〕63号,pbc,BOUNDARY,低,,,保险机构,,[title]…中国人民银行关于印发证券期货保险机构反洗钱执法检查数据提取接口规范的通知（银发〔2019〕63号） 中国人民银行关于印发证券期货保险机构反洗钱执法…,519,已提取-可全文
RFN-635f918856e44fe0,T9风险处置与案件合规,中国银保监会关于银行业和保险业做好扫黑除恶专项斗争有关工作的通知,中国银保监会关于银行业和保险业做好扫黑除恶专项斗争有关工作的通知银保监发〔2018〕45号,nfra,EXCLUDE,中,,,保险产品|保险公司|保险机构|保险资产管理,商业银行|金融资产|银行业|银行业金融机构,[title]…中国银保监会关于银行业和保险业做好扫黑除恶专项斗争有关工作的通知 中国银保监会关于银行业和保险业做好扫黑除恶专项斗争有关工作的通知银…,6096,已提取-可全文
RFN-64186f9a7f53563d,T9风险处置与案件合规,关于规范保险保障基金缴纳工作有关问题的通知,保监财会〔2006〕1294号,nfra,BOUNDARY,低,,,保单|保险公司,,[meta]…关于规范保险保障基金缴纳工作有关问题的通知 保监财会〔2006〕1294号。各保险公司：。为规范保险保障基金的缴纳工作，维护公平、合理的缴纳秩序，切实保护保单持有人利益，根据《中华人民共和国保险法…,3393,已提取-可全文
RFN-6424e233000b3d64,T4公司治理与股权关联交易,中国保监会关于印发《保险公司资金运用信息披露准则第1号：关联交易》的通知,保监发〔2014〕44号,nfra,BOUNDARY,低,,,保险公司|保险资产管理|保险资金,,[title]…中国保监会关于印发《保险公司资金运用信息披露准则第1号：关联交易》的通知 保监发〔2014〕44号。各保险集团（控股）公司、保险公司、保险…,3622,已提取-可全文
RFN-6426ad077b34a3ca,T8机构准入与组织监管,关于明确外国保险机构驻华代表机构申请材料报送程序的通知,保监发〔2004〕21号,nfra,BOUNDARY,低,,,保险机构,,[title]…关于明确外国保险机构驻华代表机构申请材料报送程序的通知 保监发〔2004〕21号。各保监局，各外国保险机构驻华代表机构，各港、台保…,648,已提取-可全文
RFN-644d4514ce318d75,T4公司治理与股权关联交易,国家金融监督管理总局办公厅关于印发《保险集团集中度风险监管指引》的通知,金办发[2025]10号,nfra,BOUNDARY,低,,,偿付能力,,[body]…管理职责分工、应急管理程序、风险缓释工具等规范要求。在各类集中度风险已经或预计发生重大风险，可能对集团流动性、偿付能力、声誉等产生重大冲击时，保险集团公司须制定应急管理与风险缓释方案并严格执行，有效控制和缓释风险。保险集团应针对…,7631,已提取-可全文
RFN-64690958a54d9cf9,T6养老与健康保险专项,关于养老保险公司经营企业年金业务有关问题的通知（已失效）,保监发〔2007〕101号,nfra,INCLUDE,高,养老保险公司,,,,[title]…关于养老保险公司经营企业年金业务有关问题的通知（已失效） 保监发〔2007〕101号。各养老保险公司：。为了改善保险公司在企业…,591,已提取-可全文
RFN-646dc8a542fbd107,T10数据治理与信息披露,银行保险监管统计管理办法,N/A,nfra,EXCLUDE,中,,,保险公司|保险机构|保险资产管理|分支机构,商业银行|金融资产|银行业,[meta]…银行保险监管统计管理办法 总  则  第一章  总  则 第一条  为加强银行业保险业监管统计管理，规范监管统计行为，提升监管统计质效，落实统计监督职能，促进科学监管和行业平稳健康发展，根据…,8395,已提取-可全文
RFN-653abeee8eb81ec9,T10数据治理与信息披露,关于在年度决算报中增加资本属性统计指标的通知,保监统信〔2008〕1570号,nfra,BOUNDARY,低,,,保险公司|保险资产管理,,[meta]…关于在年度决算报中增加资本属性统计指标的通知 保监统信〔2008〕1570号。各保险公司、保险资产管理公司：。为全面掌握保险业资本属性情况，根据第二次全国经济普查方案的要求，我会决定在年度决算报中增…,1109,已提取-可全文
RFN-6556e0d430a80454,T1销售行为与消费者保护,关于保险公司代理销售企业年金有关问题的函,保监中介〔2005〕1035号,nfra,INCLUDE,中,人寿保险|养老保险,,,,[meta]…代理许可证的请示》（平保养发〔2005〕9号）收悉。经研究，批复如下：。中国平安财产保险股份有限公司、中国平安人寿保险股份有限公司为你公司代理销售企业年金，不适用我会有关保险代理业务管理的规定，无须使用保险中介服务统一发票进行手…,582,已提取-可全文
RFN-659c7d5a7f3a42d0,T4公司治理与股权关联交易,银行保险机构操作风险管理办法,国家金融监督管理总局令[2023]5号,nfra,EXCLUDE,中,,,保险公司|保险机构|保险资产管理|偿付能力|分支机构,信托公司|再保险公司|商业银行|金融资产|银行业,[meta]…险机构操作风险管理办法 第一章  总  则 第一条  为提高银行保险机构操作风险管理水平，根据《中华人民共和国银行业监督管理法》《中华人民共和国商业银行法》《中华人民共和国保险法》等法律法规，制定本办法。第二条  本办法所称操…,21957,已提取-可全文
RFN-65dc77bb8b5ce629,T8机构准入与组织监管,保险公司设立境外保险类机构管理办法,中国保险监督管理委员会令[2006]7号,nfra,EXCLUDE,中,,,保单|保险公司|偿付能力|分支机构,保险中介机构|保险公估|保险经纪机构,[body]…，并依法登记注册的商业保险公司。 第三条 本办法所称境外保险类机构，是指保险公司的境外分支机构、境外保险公司和保险中介机构。 本办法所称保险中介机构，是指保险代理机构、保险经纪机构和保险公估机构。 第四条 本办法所称设立境外保险类机…,9098,已提取-可全文
RFN-6607550074f51efa,T8机构准入与组织监管,保险公司管理规定（2015修订）,中国保险监督管理委员会令2015年第3号,,—,—,,,,,,0,未在五源cleaned收录
RFN-6616d2844d8ef7c0,T3资本与偿付能力监管,中国保监会关于印发《保险公司偿付能力报告编报规则——问题解答第23号：历史存量高利率保单资金投资的蓝筹股》的通知,保监发〔2014〕57号,nfra,BOUNDARY,低,人寿保险|寿险,,,,[meta]…力报告编报规则——问题解答第23号：历史存量高利率保单资金投资的蓝筹股》的通知 保监发〔2014〕57号。中国人寿保险（集团）公司，中国太平洋人寿保险股份有限公司，中国平安人寿保险股份有限公司，新华人寿保险股份有限公司，泰康人寿…,2427,已提取-可全文
RFN-66248391c74d74e7,T2产品与精算制度,关于印发《人身险法定分保条件实施细则》的通知,保监发[2000]29号,nfra,INCLUDE,中,人寿保险|人寿保险公司|健康险|寿险,,,再保险公司,[meta]…关于印发《人身险法定分保条件实施细则》的通知 保监发[2000]29号。中国再保险公司、中国人寿保险公司、中国太平洋保险公司、中国平安保险股份有限公司、新华人寿保险股份有限公司、泰康人寿保险股份有限公司、新疆兵团保…,9105,已提取-可全文
RFN-66289856debdc68b,T9风险处置与案件合规,关于开展案件责任追究清理工作的通知,保监稽查〔2010〕192号,nfra,BOUNDARY,低,,,保险公司|保险机构|保险资产管理|分支机构,,[meta]…关于开展案件责任追究清理工作的通知 保监稽查〔2010〕192号。各保险集团公司、保险公司、保险资产管理公司、保险中介公司：。为认真贯彻落实《保险机构案件责任追究指导意见》（以下简称《指导意见》），严…,4387,已提取-可全文
RFN-66768782981b1368,T5资金运用与资产负债管理,国家金融监督管理总局关于印发保险资产风险分类暂行办法的通知,金规[2024]19号,nfra,EXCLUDE,中,,,保险公司|保险资产管理|保险资金|偿付能力,商业银行|金融资产,[body]…知存款、货币市场基金、货币市场类组合类保险资产管理产品、现金管理类理财产品、短期融资券、超短期融资券、买入返售金融资产、央行票据、商业银行票据、商业票据、大额可转让存单、同业存单、拆出资金、存放在中国证券登记结算公司和中央国债登…,17867,已提取-可全文
RFN-6686a0522d059661,T5资金运用与资产负债管理,保险资产管理公司管理规定,中国银行保险监督管理委员会令[2022]2号,nfra,BOUNDARY,低,养老保险,,,商业银行|金融资产,[body]…专业服务；（六）银保监会批准的其他业务；（七）国务院其他部门批准的业务。前款第（二）项所述“其他资金”包括基本养老保险基金、社会保障基金、企业年金基金、职业年金基金等资金及其他具备相应风险识别和风险承受能力的境内外合格投资者的资…,24834,已提取-可全文
RFN-66eb1d9a4ca88d86,T5资金运用与资产负债管理,中国保监会关于设立保险私募基金有关事项的通知,保监发〔2015〕89号,nfra,BOUNDARY,低,,,保险公司|保险机构|保险资产管理|保险资金,,[meta]…中国保监会关于设立保险私募基金有关事项的通知 保监发〔2015〕89号。各保险集团（控股）公司、保险公司、保险资产管理公司：。为进一步发挥保险资金长期投资的独特优势，支持实体经济发展，防范相关风险，现就规范设立保险…,4868,已提取-可全文
RFN-67ac2e8454da492e,T5资金运用与资产负债管理,关于规范保险公司公布资金运用收益信息行为的通知,保监发〔2002〕127号,nfra,BOUNDARY,低,,,保单|保险公司,,[title]…关于规范保险公司公布资金运用收益信息行为的通知 保监发〔2002〕127号。各保险公司：。近年来，保险公司为加强宣传，提升公司…,2212,已提取-可全文
RFN-67cdd17ae99cde3c,T4公司治理与股权关联交易,关于印发《保险公司财会工作规范》的通知,保监发〔2012〕8号,nfra,BOUNDARY,低,寿险,保险销售从业人员,,再保险公司|商业银行|金融资产|银行业金融机构,[body]…等因素，及时调整投资策略和投资资产结构。 第四十九条 保险公司应当加强银行存款的管理。总资产在100亿元以上的寿险公司、总资产在20亿元以上的产险公司和再保险公司的银行存款应当符合下列要求： （一）在一家非全国性商业银行的存…,19266,已提取-可全文
RFN-67f0bc1e1e452b7c,T8机构准入与组织监管,国家金融监督管理总局关于印发人身保险公司监管评级办法的通知,金规[2024]4号,nfra,INCLUDE,高,人身保险|人身保险公司,,,,[title]…国家金融监督管理总局关于印发人身保险公司监管评级办法的通知 各监管局，各人身保险公司：为强化人身保险公司分类监管，推动人身保险业高质量发展，现将《人身…,8393,已提取-可全文
RFN-6818d5f0094ae98c,T5资金运用与资产负债管理,中国保监会关于保险机构投资风险责任人有关事项的通知,保监发〔2013〕28号,nfra,BOUNDARY,低,,,保险公司|保险机构|保险资产管理|保险资金,,[title]…中国保监会关于保险机构投资风险责任人有关事项的通知 保监发〔2013〕28号。各保险公司、保险资产管理公司：。根据《关于加强和改进保…,3385,已提取-可全文
RFN-68b73ae547042524,T4公司治理与股权关联交易,关于《保险公司董事和高级管理人员任职资格管理规定》具体适用问题的通知（已失效）,保监发〔2006〕93号,nfra,BOUNDARY,低,,,保险公司|保险机构,,[title]…关于《保险公司董事和高级管理人员任职资格管理规定》具体适用问题的通知（已失效） 保监发〔2006〕93号。各保险公司、各保监…,2617,已提取-可全文
RFN-68d83278af759a5e,T10数据治理与信息披露,国家金融监督管理总局关于印发银行保险机构数据安全管理办法的通知,金规[2024]24号,nfra,EXCLUDE,中,,,保险公司|保险机构|保险资产管理,信托公司|商业银行|金融资产|银行业|银行业金融机构,[meta]…管理总局关于印发金规〔2024〕24号 各金融监管局，各政策性银行、大型银行、股份制银行、外资银行、直销银行、金融资产管理公司、金融资产投资公司、理财公司，各保险集团（控股）公司、保险公司、保险资产管理公司、养老金管理公司、保险…,24096,已提取-可全文
RFN-68e1e129c7c14a36,T5资金运用与资产负债管理,关于推动中长期资金入市的指导意见,,supp,BOUNDARY,低,养老保险,,,,[body]…险公司优化长周期考核机制，促进保险机构做坚定的价值投资者，为资本市场提供稳定的长期投资。完善全国社保基金、基本养老保险基金投资政策制度，支持具备条件的用人单位放开企业年金个人投资选择，鼓励企业年金基金管理人探索开展差异化投资。鼓…,2475,已提取-可全文
RFN-69f975886ec7bfb5,T4公司治理与股权关联交易,中国银保监会关于印发银行保险机构公司治理准则的通知,银保监发[2021]14号,nfra,BOUNDARY,低,人身保险公司,,,再保险公司|商业银行|财产保险公司|银行业,[body]…份制商业银行、城市商业银行、民营银行、农村商业银行、外资银行、保险集团（控股）公司、财产保险公司、再保险公司、人身保险公司。本准则所称“主要股东”，是指持有或控制银行保险机构百分之五以上股份或表决权，或持有资本总额或股份总额不足百分…,31942,已提取-可全文
RFN-6a0d0d49ed5659f6,T9风险处置与案件合规,关于保险业对不正当交易行为自查自纠工作进行检查评估的通知（已失效）,保监发〔2007〕30号,nfra,EXCLUDE,中,,,保险公司|保险资产管理,保险中介机构,[body]…，向中国保监会治理商业贿赂领导小组上报自查自纠检查评估专题报告；保险公司省、自治区、直辖市、计划单列市分公司和保险中介机构，要根据当地保监局和总公司的要求，及时将自查自纠检查评估情况上报该保监局和总公司。 （三）认真组织核查。各保监…,5141,已提取-可全文
RFN-6a8af52972fe9707,T5资金运用与资产负债管理,中国保监会关于进一步加强保险资金股票投资监管有关事项的通知,保监发〔2017〕9号,nfra,EXCLUDE,中,,,保险公司|保险机构|保险资产管理|保险资金|偿付能力,商业银行|银行业|银行业金融机构,[body]…非保险一致行动人共同开展重大股票投资，经备案后继续投资该上市公司股票的，新增投资部分应当使用自有资金。 国务院银行业监管机构对保险机构投资银行业金融机构另有规定的，从其规定。 四、保险机构开展一般股票投资发生举牌行为的，应当按…,5981,已提取-可全文
RFN-6aa6f799422b1e57,T3资本与偿付能力监管,关于保监局履行偿付能力监管职责有关事项的通知,保监发〔2009〕124号,nfra,BOUNDARY,低,,,保险公司|保险公司分支机构|偿付能力|分支机构,,[title]…关于保监局履行偿付能力监管职责有关事项的通知 保监发〔2009〕124号。各保监局：。根据《保险公司偿付能力管理规定》（保监会令〔2…,2955,已提取-可全文
RFN-6b2021a7fa36fd58,T9风险处置与案件合规,中国保监会关于启动保险业地震应急三级响应程序的通知（已废止）,保监发〔2013〕35号,nfra,BOUNDARY,低,寿险,,,,[body]…）建立应急指挥机构。保监会成立应急工作小组，王祖继副主席任组长，李劲夫、黄洪主席助理任副组长，办公厅、产险部、寿险部、四川保监局为成员，工作小组办公室设在办公厅，统一组织领导保险业抗震救灾工作。 有关保监局和各保险公司要及时…,3594,已提取-可全文
RFN-6b37aa0d001c6f92,T9风险处置与案件合规,防范和处置非法集资条例,中华人民共和国国务院令第737号,gov,BOUNDARY,低,,,保险产品|分支机构,,[body]…府应当明确防范和处置非法集资工作机制的牵头部门（以下简称处置非法集资牵头部门），有关部门以及国务院金融管理部门分支机构、派出机构等单位参加工作机制；乡镇人民政府应当明确牵头负责防范和处置非法集资工作的人员。上级地方人民政府应当督…,24075,已提取-可全文
RFN-6b6e402425c7f946,T5资金运用与资产负债管理,中国保监会关于加强和改进保险资金运用比例监管的通知,保监发〔2014〕13号,nfra,BOUNDARY,低,寿险,,,信托公司|商业银行|证券公司|财产保险公司|金融资产|银行业金融机构,[body]…调整。 七、说明事项 （一）本通知所称总资产应当扣除债券回购融入资金余额和独立账户资产金额。 独立账户资产包括寿险投资连结保险产品、变额年金产品、健康保障委托管理产品、养老保障委托管理产品和非寿险非预定收益投资型保险产品等资…,7295,已提取-可全文
RFN-6c7d2ac10152570c,T2产品与精算制度,中国银保监会办公厅关于规范两全保险产品有关问题的通知,银保监办发[2019]228号,nfra,INCLUDE,中,人身保险|人身保险公司,,,,[meta]…规范两全保险产品有关问题的通知 中国银保监会办公厅关于中国银保监会办公厅关于规范两全保险产品有关问题的通知 各人身保险公司：为加快推进保险业供给侧结构性改革，进一步丰富保险产品供给，规范保险产品开发设计行为，保护保险消费者合法权益，…,3823,已提取-可全文
RFN-6d0383e12b98c551,T2产品与精算制度,关于停止以撕票方式经营短期意外伤害保险的通知（已失效）,保监发〔2009〕7号,nfra,EXCLUDE,中,,,保单|保险产品|保险公司,保险中介机构,[body]…式。 二、自本通知下发之日起，各保险公司必须限期清收和销毁已发放的以撕票方式经营的短期意外伤害保险单证，及时与保险中介机构结清保险费、手续费等，防止因清收不力、回销不及时出现空白保单流失而引发的风险。 三、中国保监会鼓励各保险公司开…,1140,已提取-可全文
RFN-6d1414017a5fe7d6,T2产品与精算制度,关于对人身保险条款及费率进行自查自纠的通知（已失效）,保监发〔2006〕36号,nfra,INCLUDE,高,人身保险|人身保险公司,,,,[title]…关于对人身保险条款及费率进行自查自纠的通知（已失效） 保监发〔2006〕36号。各人身保险公司：。为贯彻落实全保会精神，促进…,1484,已提取-可全文
RFN-6d375356b1fc52a3,T10数据治理与信息披露,中国保监会关于印发《保险养老社区统计制度》的通知,保监发〔2014〕107号,nfra,BOUNDARY,低,人寿保险,,,,[body]…如项目第一期的期数号为01，第二期的期数号为02；如果各期项目可以汇总统计，则项目的期数号应为00。例如，泰康人寿保险股份有限公司在北京昌平的“燕园”分期开发、分别核算，则项目第一期可编为00002000101。如果“燕园”项目…,12604,已提取-可全文
RFN-6d5fe958d8be4cc1,T1销售行为与消费者保护,关于进一步规范人身保险电话营销和电话约访行为的通知,保监发〔2010〕99号,nfra,INCLUDE,高,人身保险|人身保险公司|健康险公司|养老险公司|寿险,保险营销员,,,[title]…关于进一步规范人身保险电话营销和电话约访行为的通知 保监发〔2010〕99号。各保监局，各寿险公司、养老险公司、健康险公司：。为规范…,2254,已提取-可全文
RFN-6d60dc2df66d2260,T5资金运用与资产负债管理,中华人民共和国证券法,N/A,pbc,EXCLUDE,—,,,,,,17,已提取-缺正文
RFN-6ddcdb7ddcef4f2c,T7反洗钱与反恐怖融资,金融机构大额交易和可疑交易报告管理办法,中国人民银行令〔2016〕第3号,pbc,EXCLUDE,中,,,保险公司|保险资产管理|分支机构,保险经纪|信托公司|商业银行|基金管理公司|证券公司|金融资产,[body]…二条修改为：“在境内设立的下列机构，履行本办法规定的金融机构大额交易和可疑交易报告义务： “（一）政策性银行、商业银行、农村合作银行、农村信用合作社、村镇银行； “（二）证券公司、期货公司、证券投资基金管理公司； “（三）保险公…,9682,已提取-可全文
RFN-6e384e54b9892ea1,T2产品与精算制度,中国银保监会办公厅关于强化人身保险精算监管有关事项的通知,银保监办发[2020]6号,nfra,INCLUDE,高,人身保险|人身保险公司,,,,"[title]…中国银保监会办公厅关于强化人身保险精算监管有关事项的通知 为进一步强化人身保险精算监管，完善人身保险监管指标体系,更好保护保险消费者合法权益，推…",1800,已提取-可全文
RFN-6e4930b6f52a0afa,T4公司治理与股权关联交易,中国银保监会关于印发保险公司关联交易管理办法的通知,银保监发〔2019〕35号,supp,BOUNDARY,低,,,保险公司|保险公司分支机构|保险消费者|保险资产管理|保险资金|偿付能力,金融资产,[title]…中国银保监会关于印发保险公司关联交易管理办法的通知 印发《保险公司关联交易管理办法》，规范保险公司关联交易行为，防范利益输送风险。 中国银…,19554,已提取-可全文
RFN-6e9200fcf5b23b77,T5资金运用与资产负债管理,中国保监会 国家外汇管理局关于规范保险机构开展内保外贷业务有关事项的通知,保监发[2018]5号,supp,BOUNDARY,低,,,保险公司|保险机构|保险资产管理|保险资金|偿付能力,,[title]…中国保监会 国家外汇管理局关于规范保险机构开展内保外贷业务有关事项的通知 规范保险机构内保外贷业务，明确定义、资质、比例限制与禁止行为。 中国保监会、国…,6903,已提取-可全文
RFN-6ea73d00894ffb08,T10数据治理与信息披露,关于发布《寿险柜面服务规范》行业标准的通知,保监发〔2009〕32号,nfra,INCLUDE,高,寿险,,,,[title]…关于发布《寿险柜面服务规范》行业标准的通知 保监发〔2009〕32号。各保监局，保监会机关各部门，各保险公司、保险资产管理公…,772,已提取-可全文
RFN-6eeed0a021f16641,T10数据治理与信息披露,关于提前报送2005年保险公司主要指标快报的通知,保监厅函〔2005〕216号,nfra,EXCLUDE,中,,,保险公司,再保险公司,[body]…5年12月临时报表（具体表格见附表）。 三、各保险公司报送的临时报表和季报中相同指标统计口径应保持一致。 四、再保险公司仅填报《保险公司资金运用情况临时报表》。 五、各保险公司通过《中国保险统计信息系统》公告板下载临时报表电子版，…,1291,已提取-可全文
RFN-6f1433327170757c,T5资金运用与资产负债管理,中国保监会关于印发《保险公司资金运用信息披露准则第4号：大额未上市股权和大额不动产投资》的通知,保监发〔2016〕36号,nfra,BOUNDARY,低,,,保险公司|保险资产管理|保险资金|偿付能力,,[title]…中国保监会关于印发《保险公司资金运用信息披露准则第4号：大额未上市股权和大额不动产投资》的通知 保监发〔2016〕36号。各保险集团（控股…,8917,已提取-可全文
RFN-6f569cc29f16a71b,T2产品与精算制度,中国银保监会办公厅关于完善人身保险业责任准备金评估利率形成机制及调整责任准备金评估利率有关事项的通知,银保监办发〔2019〕182号,nfra,INCLUDE,高,人身保险|人身保险公司,,,,[title]…中国银保监会办公厅关于完善人身保险业责任准备金评估利率形成机制及调整责任准备金评估利率有关事项的通知 中国银保监会办公厅关于完善中国银保监会办公…,2962,已提取-可全文
RFN-7051e29093ff54dc,T2产品与精算制度,关于报送精算报告电子文本有关事项的通知（已废止）,保监厅函〔2006〕50号,nfra,INCLUDE,中,健康保险|养老保险公司|寿险,,,,[meta]…关于报送精算报告电子文本有关事项的通知（已废止） 保监厅函〔2006〕50号。各寿险公司、各养老保险公司、各健康保险公司：。为加强对精算报告的管理，现就报送精算报告电子文本事宜通知如下：。一、各…,862,已提取-可全文
RFN-70560b5acf8d17f8,T10数据治理与信息披露,关于发布《保险机构投诉处理规范（JR/T 0127－2015）》行业标准的通知,保监发〔2015〕70号,nfra,EXCLUDE,中,,,保险公司|保险机构|保险资产管理,保险中介机构,[meta]…5）》行业标准的通知 保监发〔2015〕70号。机关各部门，各保监局，培训中心，各保险公司、保险资产管理公司、保险中介机构，中国保险行业协会、中国保险学会、中国精算师协会，中国保险资产管理业协会，中国保险保障基金有限责任公司、中国保…,825,已提取-可全文
RFN-70ba4bc78d6148b7,T10数据治理与信息披露,关于人寿保险公司报送人身保险业务季度分析有关情况的通知,保监发[2001]83号,nfra,INCLUDE,高,人寿保险|人寿保险公司|人身保险|人身保险公司|健康保险|养老保险|寿险,,,,[title]…关于人寿保险公司报送人身保险业务季度分析有关情况的通知 保监发[2001]83号。     保监发[2001]83号 中国人寿…,2323,已提取-可全文
RFN-70c43b7d3cf54999,T10数据治理与信息披露,国家金融监督管理总局办公厅关于银行保险机构侵害个人信息权益乱象专项整治发现主要问题的通报,金办发[2024]25号,,—,—,,,,,,0,未在五源cleaned收录
RFN-70c6d2f88efc9684,T9风险处置与案件合规,关于禁止商业贿赂行为的暂行规定,国家工商行政管理局令第60号,,—,—,,,,,,0,未在五源cleaned收录
RFN-716a2ec78544f772,T1销售行为与消费者保护,保险销售从业人员监管办法,保监会令〔2013〕2号,nfra,INCLUDE,中,,保险营销员|保险销售从业人员,保险产品|保险公司|保险营销|保险销售,再保险公司,[title]…保险销售从业人员监管办法 保监会令2013年第2号。《保险销售从业人员监管办法》已经2012年12月21日中国保险监督管理委员…,8302,已提取-可全文
RFN-721b88fa2b47265c,T9风险处置与案件合规,关于贯彻落实《保险机构案件责任追究指导意见》的通知,保监发〔2010〕21号,nfra,BOUNDARY,低,,,保险公司|保险机构|保险资产管理|分支机构,,[title]…关于贯彻落实《保险机构案件责任追究指导意见》的通知 保监发〔2010〕21号。各保监局，各保险集团公司、保险公司、保险资产管理公司，…,5367,已提取-可全文
RFN-723ff41eb9823b54,T4公司治理与股权关联交易,中国银保监会关于印发《保险机构独立董事管理办法》的通知,的通知银保监发〔2018〕35号,nfra,BOUNDARY,低,,,保险公司|保险机构|保险消费者|保险资产管理,,[title]…中国银保监会关于印发《保险机构独立董事管理办法》的通知 中国银保监会关于印发《保险机构中国银保监会关于印发《保险机构独立董事管理办法》的通知…,19577,已提取-可全文
RFN-726acac621ac4209,T9风险处置与案件合规,关于加强保险业抗灾救灾应急处置工作的通知（已失效）,保监厅发〔2008〕4号,nfra,BOUNDARY,低,人寿保险|健康保险,,,,[body]…有限公司、安邦财产保险股份有限公司、渤海财产保险股份有限公司、都邦财产保险股份有限公司、中银保险有限公司；中国人寿保险股份有限公司、太平人寿保险有限公司、民生人寿保险股份有限公司、中国平安人寿保险股份有限公司、中国太平洋人寿保险…,4863,已提取-可全文
RFN-729498e73f46623f,T2产品与精算制度,关于印发《保险公司非寿险业务准备金管理办法实施细则（试行）》的通知,保监发〔2005〕10号,nfra,BOUNDARY,低,人寿保险|健康保险,,,再保险公司|财产保险公司,[body]…2004〕13号）（以下简称“《试行办法》”），制定本实施细则。 第二条  《试行办法》所称非寿险业务，是指除人寿保险业务以外的保险业务，包括以下保险业务及其再保险业务： （一）   企业财产保险 （二）   家庭财产保险 （三…,16436,已提取-可全文
RFN-73249657e6d19c65,T10数据治理与信息披露,关于发布“机构数”等统计指标填报标准的通知,保监厅发〔2005〕79号,nfra,EXCLUDE,中,,,保险公司,财产险,[body]…债券－企业债券]+[应收利息－债券－其他]+[应收利息－债券－次级债]。 三、指标代码调整 “分出保费－境外－财产险”指标代码61220066调整为61220067。 四、统计指标调整时间 本通知自下发之日起执行，统计指标和校…,2816,已提取-可全文
RFN-73253ae1a83ce441,T1销售行为与消费者保护,中国银保监会关于银行保险机构加强消费者权益保护工作体制机制建设的指导意见,银保监发〔2019〕38号,nfra,BOUNDARY,低,,,保险公司|保险机构|分支机构,银行业,[title]…中国银保监会关于银行保险机构加强消费者权益保护工作体制机制建设的指导意见 各银保监局，各大型银行、股份制银行，邮储银行，外资银行，各保险集…,11054,已提取-可全文
RFN-7360a14851a40d69,T2产品与精算制度,关于印发《人身意外伤害保险业务经营标准》的通知,保监发〔2009〕91号,nfra,INCLUDE,中,人身保险|寿险,保险代理人,,保险中介机构,[body]…务。 六、各保监局要结合当地市场情况，把规范意外险业务作为规范市场秩序、保护投保人利益的一项重点工作，统一对产寿险公司的监管尺度，统筹监管资源，实行产、寿、中介监管联动，督促辖内分支机构严格执行《标准》有关要求。 七、保监会…,6032,已提取-可全文
RFN-73a271f381feb48f,T1销售行为与消费者保护,关于加强航空意外保险规范管理的补充通知（已废止）,保监发〔2003〕23号,nfra,INCLUDE,中,,保险代理人,保单|保险产品|保险公司,,[body]…励航空意外保险产品的多样性和电脑联网方式的多样性， 禁止保险公司以不正当手段阻扰其他保险公司跟网络服务供应商及保险代理人之间的正常商业合作形成技术垄断或者市场垄断。  四、 各保险公司应当加强航空意外保险的保单管理和保单防伪工作，…,1769,已提取-可全文
RFN-73a29788b6ddf06c,T7反洗钱与反恐怖融资,银行业金融机构反洗钱和反恐怖融资管理办法,银保监会令[2019]1号,nfra,EXCLUDE,中,,,分支机构,信托公司|商业银行|金融资产|银行业|银行业金融机构,[title]…银行业金融机构反洗钱和反恐怖融资管理办法 第一章 总则第一章 总则第一条  为预防洗钱和恐怖融资活动，做好银行业金融机构反洗…,12632,已提取-可全文
RFN-7401ccdf3b72c1be,T10数据治理与信息披露,中国银保监会办公厅关于银行业保险业数字化转型的指导意见,银保监办发[2022]2号,nfra,BOUNDARY,低,,,保险公司|保险机构|保险资产管理,金融资产|银行业,[meta]…型银行、股份制银行、外资银行、直销银行、金融资产管理公司、金融资产投资公司、理财公司，各保险集团（控股）公司、保险公司、保险资产管理公司、养老金管理公司：各银保监局，各政策性银行、大型银行、股份制银行、外资银行、直销银行、金融资…,11119,已提取-可全文
RFN-745152701d454b21,T9风险处置与案件合规,银行保险机构应对突发事件金融服务管理办法,中国银行保险监督管理委员会令[2020]10号,nfra,EXCLUDE,中,,,保单|保险产品|保险公司|保险机构|保险资产管理,保险中介机构|信托公司|商业银行|金融资产|银行业|银行业金融机构,[meta]…则第一条 为规范银行保险机构应对突发事件的经营活动和金融服务，保护客户的合法权利，增强监管工作的针对性，维护银行业保险业安全稳健运行，根据《中华人民共和国银行业监督管理法》《中华人民共和国商业银行法》《中华人民共和国保险法》…,11543,已提取-可全文
RFN-74a3e0f2c57f7302,T0上位法锚点,中华人民共和国广告法,,supp,BOUNDARY,低,,,保险营销,,[meta]…中华人民共和国广告法 广告行为规范法律：虚假广告禁止、金融广告特殊规制（第十四条）、广告内容真实合法；保险营销宣传直接上位法（正文待获取，_sources 就绪后重跑摄取自动回填）。 全国人民代表大会常务委员会   广告…,22270,已提取-可全文
RFN-74b1a1c1af6fe254,T2产品与精算制度,关于推荐使用《人身保险产品条款部分条目示范写法》的通知,中保协发[2009]161号,,—,—,,,,,,0,未在五源cleaned收录
RFN-7513caa410e286c5,T1销售行为与消费者保护,关于规范银行代理保险业务的通知,国税发〔2004〕51号,nfra,INCLUDE,中,人身保险,保险兼业代理,,商业银行|银行业,[body]…应包括法律法规、业务知识、销售技能及职业道德等，每年培训时间不得少于监管部门规定时数。保险公司委托代理机构销售人身保险新型产品的，还应按照有关规定对销售人员进行专门培训。（三）保险公司应积极引导银行代理销售人员参加销售人员资格考…,4744,已提取-可全文
RFN-752423551e5257fe,T1销售行为与消费者保护,关于印发《保险代理、经纪公司互联网保险业务监管办法（试行）》的通知,保监发〔2011〕53号,nfra,EXCLUDE,中,,,保险产品|保险公司|保险条款,保险经纪公司|保险经纪机构,[meta]…理、经纪公司互联网保险业务监管办法（试行）》的通知 保监发〔2011〕53号。各保监局，各保险专业代理公司、各保险经纪公司：。为了促进保险代理、经纪公司互联网保险业务的规范健康有序发展，切实保护投保人、被保险人和受益人的合法权益，我…,6035,已提取-可全文
RFN-759baacb49543829,T10数据治理与信息披露,关于报送保险信息系统基本情况及安全状况等有关情况的函,保监厅函〔2005〕24号,nfra,BOUNDARY,低,,,保险公司|保险机构,银行业,[body]…高了保险业的整体竞争能力和现代化水平。 一、保险信息系统基本情况 保险信息系统包括保险监管信息系统及信息网络，保险机构业务、财务信息系统及信息网络。 保险监管信息系统及网络：主要用于中国保监会系统（包括保监会机关和35家地方派出…,5299,已提取-可全文
RFN-75acf6c38b7b62b6,T4公司治理与股权关联交易,关于开展保险公司治理结构专项自查活动的通知（已废止）,保监发〔2007〕113号,nfra,EXCLUDE,中,,,保险公司|保险资产管理|偿付能力|分支机构,信托公司,[body]…股或具有其它控制关系的自然人，国有股东应上溯至最终控股的财政部门或国有资产监管部门，外资股东上溯至其控股股东，信托公司以信托计划募集的资金投资保险公司的，应当报告该信托计划的购买人； 3、保险公司与其投资设立的子公司之间的股权关…,9269,已提取-可全文
RFN-75e5969942c63ba7,T2产品与精算制度,关于调整人身保险产品监管方式的通知（已失效）,保监发〔2003〕46号,nfra,INCLUDE,高,人身保险|人身保险公司,,,,[title]…关于调整人身保险产品监管方式的通知（已失效） 保监发〔2003〕46号。各保监办、各保险公司：。根据《国务院关于取消第二批行政…,958,已提取-可全文
RFN-75f5ada513870132,T1销售行为与消费者保护,中国银保监会办公厅关于深化银行业保险业“放管服”改革 优化营商环境的通知,银保监办发[2020]129号,nfra,EXCLUDE,中,,,保险公司|保险机构|保险资产管理,商业银行|金融资产|银行业,[title]…中国银保监会办公厅关于深化银行业保险业“放管服”改革 优化营商环境的通知 中国银保监会办公厅关于深化银行业保险业“放管服”改革优化营商环境的通…,5519,已提取-可全文
RFN-763780caf95292c6,T1销售行为与消费者保护,中国银保监会关于切实加强和改进保险服务的通知,银保监发〔2018〕40号,nfra,EXCLUDE,中,,,保险产品|保险公司|保险消费者|保险理赔|保险营销|保险销售|分支机构,保险中介机构,[meta]…务的通知 中国银保监会关于中国银保监会关于切实加强和改进保险服务的通知银保监发〔2018〕40号各保险公司、各保险中介机构：加强和改进保险服务是保险业落实“以人民为中心”发展思想和服务实体经济的必然要求。近年来，各保险公司、各保险中…,3485,已提取-可全文
RFN-7684dfbe8a46b362,T1销售行为与消费者保护,中国银保监会办公厅关于进一步规范保险机构互联网人身保险业务有关事项的通知,银保监办发[2021]108号,nfra,INCLUDE,高,人寿保险|人身保险|健康保险|健康险|寿险,保险兼业代理,,保险中介机构,[title]…中国银保监会办公厅关于进一步规范保险机构互联网人身保险业务有关事项的通知 中国银保监会办公厅关于进一步规范保险机构互联网人身保险业务有关事项的通知各银保监局，各保险…,16743,已提取-可全文
RFN-76cc011d21ed3195,T4公司治理与股权关联交易,财政部 证监会 审计署 银监会 保监会关于印发《企业内部控制基本规范》的通知,N/A,nfra,EXCLUDE,—,,,,,,45,已提取-缺正文
RFN-76da31e921fcdf4a,T10数据治理与信息披露,国家金融监督管理总局办公厅关于加强银行业保险业移动互联网应用程序管理的通知,金办发[2024]99号,nfra,BOUNDARY,低,,,保险公司|保险资产管理|分支机构,金融资产|银行业|银行业金融机构,[meta]…型银行、股份制银行、外资银行、直销银行、金融资产管理公司、金融资产投资公司、理财公司，各保险集团（控股）公司、保险公司、保险资产管理公司、养老金管理公司，各金融控股公司：为指导银行业金融机构、保险业金融机构和金融控股公司（以下统…,5726,已提取-可全文
RFN-77730ccf342b7096,T9风险处置与案件合规,关于印发《关于保险业开展治理商业贿赂专项工作的实施意见》的通知（已废止）,保监发〔2006〕26号,nfra,BOUNDARY,低,人身保险,保险营销员,,保险中介机构|公估机构,[body]…取得了显著成绩。同时也要看到，我国保险业还处在初级阶段，影响保险业发展的因素比较复杂，商业贿赂现象在财产保险、人身保险、保险中介、资金运用等业务领域均不同程度有所存在，有的还比较严重。 商业贿赂违背社会主义市场经济基本原则，扰乱…,10532,已提取-可全文
RFN-778619b33b988a39,T1销售行为与消费者保护,关于规范保险经纪、公估机构法人许可证期满换发流程的通知,保监厅发〔2006〕48号,nfra,EXCLUDE,中,,,,保险公估|保险经纪|保险经纪机构|公估机构,[title]…关于规范保险经纪、公估机构法人许可证期满换发流程的通知 保监厅发〔2006〕48号。各保监局：。许可证是保险专业中介机构开展保…,1872,已提取-可全文
RFN-78018e2fadcbcd24,T2产品与精算制度,关于印发《推进人身保险条款通俗化工作指导意见》的通知（已废止）,保监发〔2004〕33号,nfra,INCLUDE,高,人身保险|寿险,,,,[title]…关于印发《推进人身保险条款通俗化工作指导意见》的通知（已废止） 保监发〔2004〕33号。各寿险公司：。为贯彻全保会精神，切实推进人…,2231,已提取-可全文
RFN-7880a66a86c2f3f2,T3资本与偿付能力监管,关于2004年度偿付能力报告编报工作有关问题的通知（已失效）,保监财会〔2005〕109号,nfra,INCLUDE,中,人寿保险公司|健康险|寿险,,,再保险公司|商业银行|证券公司|财产保险公司,[body]…目，反映保险公司为报告期末尚未终止的保险责任而提取的准备金。未到期责任准备金包括非寿险业务的未到期责任准备金、寿险业务的未到期责任准备金和长期健康险业务的未到期责任准备金，其中，非寿险业务的未到期责任准备金是保险公司对产险（…,5237,已提取-可全文
RFN-78973110e538451c,T2产品与精算制度,关于人身保险产品宣传有关问题的通知（已失效）,保监发[1999]57号,nfra,INCLUDE,高,人寿保险|人寿保险公司|人身保险|寿险,,,,[title]…关于人身保险产品宣传有关问题的通知（已失效） 保监发[1999]57号。中国人寿保险公司、中国太平洋保险公司、中国平安保险…,1675,已提取-可全文
RFN-78ca09639f806539,T5资金运用与资产负债管理,关于印发《保险机构投资者债券投资管理暂行办法》的通知（已废止）,保监发〔2005〕72号,nfra,BOUNDARY,低,寿险,,,商业银行|银行业,[body]…，投资商业银行金融债券、次级债券和企业（公司）债券的比例，可以为该账户上季末总资产的100%； 保险机构为万能寿险产品设立的投资账户，投资商业银行金融债券、次级债券和企业（公司）债券的比例，不得超过该账户上季末总资产的80%…,16710,已提取-可全文
RFN-78d47fac28a8319e,T1销售行为与消费者保护,关于保险公司中介业务检查中代理人、经纪人佣金监管有关问题的通知,保监中介〔2010〕507号,nfra,BOUNDARY,低,,,保险公司|保险机构,保险经纪机构,[title]…关于保险公司中介业务检查中代理人、经纪人佣金监管有关问题的通知 保监中介〔2010〕507号。各保监局：。为进一步明确保险…,1093,已提取-可全文
RFN-78e7878746afaafd,T1销售行为与消费者保护,中国银保监会办公厅关于切实加强保险专业中介机构从业人员管理的通知,银保监办发[2020]42号,nfra,EXCLUDE,中,,,保险产品|保险销售|分支机构,保险公估|保险经纪,[meta]…业人员管理的通知 2019年，银保监会部署开展了保险专业中介机构从业人员（包括保险专业代理机构的代理从业人员、保险经纪人的经纪从业人员、保险公估人的公估从业人员，以下统称从业人员）执业登记清核工作。 中介部    2019年，银…,5183,已提取-可全文
RFN-796af192693bc064,T10数据治理与信息披露,关于保险公司委托会计师事务所开展审计业务有关问题的通知,保监发[1999]235号,nfra,BOUNDARY,低,,,保险公司,,[title]…关于保险公司委托会计师事务所开展审计业务有关问题的通知 保监发[1999]235号。各保险公司：。为加强对保险公司资本金、…,1912,已提取-可全文
RFN-797de304b1174246,T1销售行为与消费者保护,中国保监会办公厅关于进一步加强保险业信访工作的指导意见,保监厅发〔2016〕24号,nfra,BOUNDARY,低,,,保险公司,,[meta]…中国保监会办公厅关于进一步加强保险业信访工作的指导意见 保监厅发〔2016〕24号。各保监局，各保险公司：。为进一步加强保险业信访工作，切实维护好群众合法权益，促进保险业健康发展，维护社会和谐稳定，现提出以下指导意…,3873,已提取-可全文
RFN-799c0c56335d722d,T5资金运用与资产负债管理,中国银保监会办公厅关于报送保险资产负债管理能力自评估结果有关事项的通知,银保监办发[2018]78号,nfra,BOUNDARY,低,人身保险公司,,,财产保险公司,[body]…系人：余诚 熊迎  010－66288832 附件：1.财产保险公司资产负债管理能力评估表EXCEL表样 2.人身保险公司资产负债管理能力评估表EXCEL表样 3.制度健全性和遵循有效性填报说明 4.保险资产负债管理能力自评估报告签…,2209,已提取-可全文
RFN-79d528d0366d0068,T1销售行为与消费者保护,关于做好保险消费者权益保护工作的通知,保监发〔2012〕9号,nfra,INCLUDE,中,人身保险|人身保险公司|寿险,,,财产保险公司,[body]…，使消费者能够客观评价各保险公司经营状况和理赔服务水平。 （四）保险公司要按照《保险公司信息披露管理办法》、《人身保险新型产品信息披露管理办法》等规章制度的要求，切实做好与保险消费者权益相关的信息披露工作，使消费者直观了解保险合…,6080,已提取-可全文
RFN-79dc56c0dec3a960,T1销售行为与消费者保护,中国银保监会关于进一步加强金融服务民营企业有关工作的通知,银保监发〔2019〕8号,nfra,EXCLUDE,中,,,保险机构|保险资金|分支机构,商业银行|银行业金融机构,[meta]…融资贵问题，切实提高民营企业金融服务的获得感，现就有关工作通知如下：一、持续优化金融服务体系（一）国有控股大型商业银行要继续加强普惠金融事业部建设， 办公厅    中国银保监会关于进一步加强金融服务民营企业有关工作的通知中国银保…,6720,已提取-可全文
RFN-79ee1919cdfd991e,T10数据治理与信息披露,中国银保监会关于发布《保险业车联网基础数据元目录(JR/T0165-2018)》行业标准的通知,银保监发〔2018〕44号,nfra,BOUNDARY,低,,,保险公司|保险资产管理,,"[meta]…司、上海保险交易所股份有限公司、中国保险报业股份有限公司,中国保险行业协会、中国保险学会、中国精算师协会、中国保险资产管理业协会,各保险公司、保险资产管理公司,各保险专业中介机构:。     银保监发〔2018〕44 号 各保监局,…",760,已提取-可全文
RFN-7a0f0ea3e1ef2595,T10数据治理与信息披露,关于调整现金流量类统计指标报送内容有关事项的通知,保监发〔2009〕15号,nfra,BOUNDARY,低,,,保险公司,金融资产,[meta]…关于调整现金流量类统计指标报送内容有关事项的通知 保监发〔2009〕15号。各保险公司:。根据保险监管工作的需要，为及时观测行业风险，我会对各公司向《中国保险统计信息系统》中报送的有关现金流量类统…,1757,已提取-可全文
RFN-7a5d67f0c297bd89,T8机构准入与组织监管,中国保监会关于印发《相互保险组织监管试行办法》的通知,保监发〔2015〕11号,nfra,BOUNDARY,低,,,保险公司|保险条款|保险消费者|保险资产管理|偿付能力|分支机构,,[meta]…保监发〔2015〕11号。机关各部门，各保监局，培训中心，中国保险行业协会，中国保险学会，中国精算师协会，中国保险资产管理业协会，中国保险保障基金有限责任公司，中国保险信息技术管理有限责任公司：。为加强对相互保险组织的监督管理，促进…,9388,已提取-可全文
RFN-7b2738a04086507f,T2产品与精算制度,关于人身保险新型产品销售区域有关问题的通知（已失效）,保监发〔2004〕66号,nfra,INCLUDE,高,人身保险|寿险,,,,[title]…关于人身保险新型产品销售区域有关问题的通知（已失效） 保监发〔2004〕66号。各寿险公司、各保监局：。为促进人身保险发展…,1038,已提取-可全文
RFN-7b748ed64f5b01d8,T10数据治理与信息披露,关于修订保险中介监管报表有关事宜的通知,保监发〔2003〕143号,nfra,EXCLUDE,中,,,分支机构,保险中介机构,[meta]…管报表有关事宜的通知 保监发〔2003〕143号。各保监办：。为进一步加强保险中介非现场监管工作，中国保监会对保险中介机构监管报表进行了修订，现就有关问题通知如下：。一、各保监办负责辖区内各保险中介机构业务的统计汇总工作。二、修订后…,1433,已提取-可全文
RFN-7b83962c7eddc55d,T5资金运用与资产负债管理,关于加强和改进保险机构投资管理能力建设有关事项的通知,保监发〔2013〕10号,nfra,BOUNDARY,低,,,保险公司|保险机构|保险资产管理|保险资金,,[title]…关于加强和改进保险机构投资管理能力建设有关事项的通知 保监发〔2013〕10号。各保险集团（控股）公司、保险公司、保险资产管理公司：…,2294,已提取-可全文
RFN-7ba085be0c1fabb8,T9风险处置与案件合规,国家金融监督管理总局关于印发《反保险欺诈工作办法》的通知,金规[2024]10号,nfra,EXCLUDE,中,,,保险公司|保险机构|分支机构,保险中介机构|再保险公司,[body]…系统安全可控运行。第六条 保险机构应将消费者权益保护作为反欺诈工作的出发点和落脚点，不断提升保险服务质效，引导保险中介机构、第三方外包服务商、消费者等依法合规、诚实守信参与保险活动，营造良好保险市场秩序，切实保护消费者合法权益。 第…,10681,已提取-可全文
RFN-7c332846273ed3ae,T8机构准入与组织监管,保险公司管理规定（已失效）,保监发[2000]2号,nfra,BOUNDARY,低,人寿保险|人寿保险公司|人身保险|健康保险,保险代理人,,保险经纪|再保险公司|财产保险公司,[body]…险业务； （七）短期健康保险和意外伤害保险； （八）上述保险业务的再保险业务。 第四十八条 经中国保监会核定，人寿保险公司可以经营下列全部或者部分保险业务： （一）意外伤害保险； （二）健康保险； （三）传统人寿保险； （四）人寿保…,20125,已提取-可全文
RFN-7ca9431975f9d3dc,T10数据治理与信息披露,信息安全等级保护管理办法[全文],公通字[2007]43号,supp,EXCLUDE,—,,,,,,15783,已提取-可全文
RFN-7caadd410cf2edcf,T1销售行为与消费者保护,关于印发《保险中介服务集团公司监管办法（试行）》的通知,保监发〔2011〕54号,nfra,EXCLUDE,中,,,保险销售,保险公估|保险经纪|保险经纪公司,[body]…家子公司为保险专业中介机构且保险中介业务为该企业集合的主要业务。 本办法所称保险专业中介机构是指保险代理公司、保险经纪公司、保险公估公司。 第三条 保险中介服务集团公司名称中应含有“集团”或者“控股”字样。如：“保险代理集团（控股）…,5916,已提取-可全文
RFN-7cb63d6e3267a100,T6养老与健康保险专项,中国银保监会办公厅关于规范保险公司参与长期护理保险制度试点服务的通知,银保监办发[2021]65号,nfra,BOUNDARY,低,健康保险,,,,[body]…提升公共服务运营效率，降低制度运行成本，增强参保群众的获得感和幸福感。二、提升专业服务能力。保险公司应按照长期健康保险的经营要求完善组织架构、健全制度体系、加强专业人员配备，具有经办基本医保或承办大病保险的经验和为项目所在地提供…,2709,已提取-可全文
RFN-7cccd232fc36550e,T5资金运用与资产负债管理,中国银保监会办公厅关于保险资金投资集合信托有关事项的通知,银保监办发〔2019〕144号,nfra,EXCLUDE,中,,,保险公司|保险机构|保险资产管理|保险资金,信托公司,[body]…进行监管，对其资质条件、权利义务和风险责任等要求，执行保险机构投资风险责任人的相关规定。 三、保险机构应当明确信托公司选择标准，完善持续评价机制，并将执行情况纳入年度内控审计。担任受托人的信托公司应当具备以下条件： （一）具有完…,6348,已提取-可全文
RFN-7d135291f3b77fcd,T2产品与精算制度,关于保险业实施新会计准则有关事项的通知,保监发〔2006〕96号,nfra,INCLUDE,中,人寿保险,,,,[body]…学 保监会财务会计部副主任 裴光 保监会统计信息部副主任 高艳 保监会资金运用监管部副主任 成员：庄作瑾 中国人寿保险（集团）公司副总裁 王银成 中国人民财产保险股份有限公司副总裁 沈喜忠 中国再保险（集团）公司副总经理 汤大生…,3844,已提取-可全文
RFN-7d1732f0c76c9e72,T7反洗钱与反恐怖融资,关于加强保险业反洗钱工作的通知,保监发〔2010〕70号,nfra,EXCLUDE,中,,,保险公司|保险机构|保险消费者|保险资产管理|分支机构,保险中介机构|保险公估|保险经纪机构,[meta]…关于加强保险业反洗钱工作的通知 保监发〔2010〕70号。各保监局，各保险公司、保险资产管理公司、保险中介机构：。为加强保险业反洗钱工作，防范保险洗钱风险，现就反洗钱工作的有关事项通知如下：。一、投资入股和股权变更时的投…,6669,已提取-可全文
RFN-7d3684c4a1ea4c21,T10数据治理与信息披露,中国保监会关于印发《深化保险标准化工作改革方案》的通知,保监发〔2016〕15号,nfra,BOUNDARY,低,,,保险公司|保险机构|保险资产管理,,[meta]…股份有限公司、中保投资有限责任公司、上海保险交易所筹备组，中国保险行业协会、中国保险学会、中国精算师协会、中国保险资产管理业协会，各保险公司、保险资产管理公司，各保险专业中介机构：。     保监发〔2016〕15号 机关各部门，各…,1466,已提取-可全文
RFN-7d50757a099c2c05,T1销售行为与消费者保护,保险经纪从业人员、保险公估从业人员监管办法,保监会令〔2013〕3号,nfra,EXCLUDE,中,,,,保险公估|保险经纪|保险经纪机构,[title]…保险经纪从业人员、保险公估从业人员监管办法 保监会令2013年第3号。《保险经纪从业人员、保险公估从业人员监管办法》已…,8300,已提取-可全文
RFN-7d624c238dda0552,T9风险处置与案件合规,关于保险业突发事件应急处置工作有关问题的通知（已废止）,保监厅发〔2005〕114号,nfra,EXCLUDE,—,,,,,,964,已提取-可全文
RFN-7df79dfa0ca9273d,T5资金运用与资产负债管理,保险资产管理公司管理暂行规定,N/A,nfra,BOUNDARY,低,人寿保险,,,商业银行,[body]…受到行政处罚； （三）净资产不低于10亿元人民币；总资产不低于50亿元人民币，其中保险控股（集团）公司和经营有人寿保险业务的保险公司总资产不低于100亿元人民币； （四）符合中国保监会规定的偿付能力要求； （五）具有完善的法人治…,11125,已提取-可全文
RFN-7e33cdb0dc08ada8,T10数据治理与信息披露,中国银保监会关于银行业保险业支持城市建设和治理的指导意见,银保监发[2022]10号,nfra,BOUNDARY,低,养老保险,,,商业银行|银行业,[body]…养老服务网络、依托基层和社区卫生服务网络开展的老年养护服务项目等养老服务体系发展提供助力。继续规范发展第三支柱养老保险，鼓励开发具备较强养老功能的金融产品，满足差异化养老需求。（三）加强金融消费者合法权益保护，促进城市和谐发展。…,10349,已提取-可全文
RFN-7e94bb9d116a324b,T2产品与精算制度,中国保监会关于进一步完善人身保险精算制度有关事项的通知,保监发〔2016〕76号,nfra,INCLUDE,高,人身保险|人身保险公司|寿险,,,,[title]…中国保监会关于进一步完善人身保险精算制度有关事项的通知 保监发〔2016〕76号。各人身保险公司：。为进一步完善人身保险精算制度，发挥保险保障…,4599,已提取-可全文
RFN-7ec32a236e309d62,T7反洗钱与反恐怖融资,中国人民银行关于印发《保险业大额交易和可疑交易报告要素释义》和《保险业大额交易和可疑交易报告数据报送接口规范[试行]》的通知,银发[2007]34号,,—,—,,,,,,0,未在五源cleaned收录
RFN-7efc9ab76809e0d3,T6养老与健康保险专项,中国保监会关于印发《保险公司城乡居民大病保险业务管理暂行办法》的通知,保监发〔2013〕19号,nfra,INCLUDE,中,人身保险|健康保险,,,,[body]…当符合下列格式： “保险公司名称”＋“说明性文字”＋“城乡居民大病团体医疗保险” 大病保险专属产品报中国保监会人身保险监管部备案。 保险公司不得以其他产品承保大病保险。 第十七条 大病保险保险期间为一年。保险公司每年按照大病保险…,12758,已提取-可全文
RFN-7f16772184818047,T1销售行为与消费者保护,关于规范人身保险业务经营有关问题的通知,保监发〔2011〕36号,nfra,INCLUDE,高,人身保险|健康险|寿险,,,财产保险公司,[title]…关于规范人身保险业务经营有关问题的通知 保监发〔2011〕36号。各保监局、各保险公司：。为规范人身保险业务经营，维护投保人、…,3238,已提取-可全文
RFN-7f43eecb5fb0cab5,T2产品与精算制度,中国银保监会办公厅关于长期医疗保险产品费率调整有关问题的通知,银保监办发[2020]27号,nfra,INCLUDE,中,人身保险公司|健康保险,,,,[meta]…中国银保监会办公厅关于长期医疗保险产品费率调整有关问题的通知 各人身保险公司，中国保险行业协会：为进一步满足人民群众日益增长的健康保障需求，丰富医疗保险产品供给，鼓励保险公司开发销售长期…,5151,已提取-可全文
RFN-7f4d5c1609742630,T5资金运用与资产负债管理,中国银保监会关于精简保险资金运用监管报告事项的通知,银保监规[2022]1号,nfra,BOUNDARY,低,,,保险公司|保险资金,,[title]…中国银保监会关于精简保险资金运用监管报告事项的通知 银保监规〔2022〕1号各保险集团（控股）公司、保险公司：为进一步落实国务院“放管服”…,967,已提取-可全文
RFN-7f93b2baccc05369,T4公司治理与股权关联交易,中国保监会关于全面推进保险法治建设的指导意见,保监发〔2016〕7号,nfra,BOUNDARY,低,健康保险|养老保险,,,,[body]…施等方面的制度建设。着眼于保险服务国家治理现代化，加强在巨灾保险、农业保险、责任保险、信用保证保险、大病保险、养老保险、健康保险等方面的制度建设。依法保护保险消费者合法权益，努力构建权利义务明确、救济渠道畅通的保险消费者权益保护…,10775,已提取-可全文
RFN-801959f225db4a1f,T2产品与精算制度,中国银保监会办公厅关于印发普通型人身保险精算规定的通知,银保监办发[2020]7号,nfra,INCLUDE,高,人寿保险|人身保险|健康保险|寿险,,,,[title]…中国银保监会办公厅关于印发普通型人身保险精算规定的通知 为进一步完善人身保险精算制度体系，保护保险消费者合法权益，推动人身保险市场高质量发展，银保监会…,11555,已提取-可全文
RFN-807c3c0c1abb9939,T6养老与健康保险专项,中国银保监会办公厅关于规范短期健康保险业务有关问题的通知,银保监办发[2021]7号,nfra,INCLUDE,中,人身保险|健康保险|健康险|寿险,,,,[body]…费×（1-m/n），其中，m为已生效天数，n为保险期间的天数，经过日期不足一日的按一日计算。七、保险公司将短期健康险开发设计成主险产品的，不得强制要求保险消费者在购买主险产品的同时，购买该公司其他产品。保险公司将短期健康险开发…,4942,已提取-可全文
RFN-808e4d5936f1598e,T1销售行为与消费者保护,关于保险营销员工商登记有关问题的通知（已废止）,保监办发〔2003〕90号,nfra,EXCLUDE,中,,个人保险代理人|保险代理人|保险营销员,保险产品|保险公司|保险营销,保险经纪,[title]…关于保险营销员工商登记有关问题的通知（已废止） 保监办发〔2003〕90号。各保监办：。近期我会陆续接到沈阳、武汉、南京等保…,988,已提取-可全文
RFN-80bd420e4ec03c17,T5资金运用与资产负债管理,中国保监会办公厅关于保险资金运用属地监管试点工作有关事项的通知,保监厅发〔2014〕76号,nfra,BOUNDARY,低,,,保险公司|保险机构|保险资产管理|保险资金,,[title]…中国保监会办公厅关于保险资金运用属地监管试点工作有关事项的通知 保监厅发〔2014〕76号。各保险集团（控股）公司，各保险公司，各保险资产…,1055,已提取-可全文
RFN-81886b60a0a2cd6a,T2产品与精算制度,中国保监会关于规范人身保险公司产品开发设计行为的通知,保监人身险〔2017]134号,supp,INCLUDE,高,人身保险|人身保险公司|健康保险|寿险,,,,[title]…中国保监会关于规范人身保险公司产品开发设计行为的通知 规范人身保险公司产品开发设计行为，强化保险保障功能，叫停快速返还及以附加险形式设计万能…,2935,已提取-可全文
RFN-81935050acb430e5,T6养老与健康保险专项,关于保险公司开展个人养老金业务有关工作提示,,,—,—,,,,,,0,未在五源cleaned收录
RFN-8211e4f257d246b7,T4公司治理与股权关联交易,中国保监会关于印发《人身保险公司全面风险管理实施指引》的通知,保监发〔2010〕89号,nfra,INCLUDE,高,人寿保险公司|人身保险|人身保险公司|健康保险|健康险公司|养老保险公司|寿险,,,,[title]…中国保监会关于印发《人身保险公司全面风险管理实施指引》的通知 保监发〔2010〕89号。各寿险公司、健康保险公司、养老保险公司：。为加强人身保…,19898,已提取-可全文
RFN-82cf9ed851220c74,T10数据治理与信息披露,关于印发《中国保监会保险统计现场检查工作规程》的通知,保监发〔2005〕101号,nfra,BOUNDARY,低,,,保险公司|保险机构|保险资产管理,,[meta]…关于印发《中国保监会保险统计现场检查工作规程》的通知 保监发〔2005〕101号。各保监局、各保险公司、保险资产管理公司：。为使保险统计现场检查工作规范化、制度化，确保保险统计信息质量，充分发挥保险统计服务保险监…,774,已提取-可全文
RFN-82d573787fb5915b,T10数据治理与信息披露,中国人民银行 中国银行业监督管理委员会 中国证券监督管理委员会 中国保险监督管理委员会 国家统计局关于印发《金融业企业划型标准规定》的通知（银发〔2015〕309号）,银发〔2015〕309号,pbc,EXCLUDE,中,,,,银行业,[title]…中国人民银行 中国银行业监督管理委员会 中国证券监督管理委员会 中国保险监督管理委员会 国家统计局关于印发《金融业企业划型标准规定》的…,358,已提取-可全文
RFN-82e986d9b63dd5ee,T3资本与偿付能力监管,关于做好2002年度偿付能力报告编报工作的通知（已失效）,保监发〔2003〕40号,nfra,INCLUDE,中,人寿保险公司|寿险,,,财产保险公司,[body]…债表时所采取的会计政策以及报表项目的明细内容。 九、监管指标报告部分包括监管指标报表和计算说明，财产保险公司和人寿保险公司的监管指标报表表样分别见本通知的附件1和附件2。 在监管指标报表的“是否超标”一栏内，若指标值在正常值范围内，…,5087,已提取-可全文
RFN-82f29702d5b1ab6d,T5资金运用与资产负债管理,关于印发《保险资金参与金融衍生产品交易暂行办法》的通知,保监发〔2012〕94号,nfra,BOUNDARY,低,,,保险公司|保险机构|保险资产管理|保险资金,,[title]…关于印发《保险资金参与金融衍生产品交易暂行办法》的通知 保监发〔2012〕94号。各保险集团（控股）公司、保险公司、保险资产管理…,8633,已提取-可全文
RFN-832642ca77d43ed9,T1销售行为与消费者保护,关于印发《保险业对外宣传管理暂行规定》的通知（已废止）,保监发[1999]18号,nfra,BOUNDARY,低,,,保险公司|保险机构|分支机构,,[meta]…关于印发《保险业对外宣传管理暂行规定》的通知（已废止） 保监发[1999]18号。各保险公司：。为了坚持正确的保险舆论导向，创造保险改革和发展的良好舆论环境，加强保险对外宣传管理，增强保险工作人员在对外…,2767,已提取-可全文
RFN-83b739eb62cef7fc,T5资金运用与资产负债管理,保险资金运用管理暂行办法,N/A,nfra,EXCLUDE,中,,,保单|保险产品|保险公司|保险资产管理|保险资金|偿付能力|分支机构|投资连结保险,保险经纪机构|商业银行,[body]…险资金从事境外投资的，应当符合中国保监会有关监管规定。 第七条 保险资金办理银行存款的，应当选择符合下列条件的商业银行作为存款银行： （一）资本充足率、净资产和拨备覆盖率等符合监管要求； （二）治理结构规范、内控体系健全、经营业…,18344,已提取-可全文
RFN-84daea421e7dcede,T1销售行为与消费者保护,中国保监会关于修改《中国保监会关于严格规范非保险金融产品销售的通知》的通知,保监发〔2015〕100号,nfra,BOUNDARY,低,,,保险公司|保险资金|保险销售|分支机构,,[meta]…监会关于修改《中国保监会关于严格规范非保险金融产品销售的通知》的通知 保监发〔2015〕100号。各保监局，各保险公司，各保险专业中介机构：。为了切实防范化解风险，现对《中国保监会关于严格规范非保险金融产品销售的通知》（保监发〔…,6449,已提取-可全文
RFN-850a12e5449e849e,T4公司治理与股权关联交易,中国保监会关于印发《关于规范保险机构董事、监事和高级管理人员任职资格考试工作的实施方案》的通知,保监发〔2015〕122号,nfra,BOUNDARY,低,人身保险公司,,,再保险公司|财产保险公司,[body]…监会对拟任职务的资格条件有特别规定的除外。  根据经营性质， 保险机构类别分为保险集团公司、 财产保险公司、 人身保险公司、 资产管理公司、 再保险公司、 专属自保公司、 相互保险组织等 7 类； 根据工作性质， 岗位类别分为董事、…,6181,已提取-可全文
RFN-8524c44509f7af89,T5资金运用与资产负债管理,保险资金间接投资基础设施项目管理办法,N/A,nfra,EXCLUDE,中,,,保险公司|保险机构|保险资产管理|保险资金|偿付能力,信托公司|商业银行|基金管理公司,[body]…十五条  本办法所称受托人，是指根据投资计划约定，按照委托人意愿，为受益人利益，以自己的名义投资基础设施项目的信托公司、保险资产管理公司、产业投资基金管理公司或者其他专业管理机构。 受托人与托管人、独立监督人、融资主体不得为同一…,25563,已提取-可全文
RFN-852c15ce86dd9c4d,T2产品与精算制度,《重大疾病保险的疾病定义使用规范（2020年修订版）》,,,—,—,,,,,,0,未在五源cleaned收录
RFN-855bfc08f72b5e80,T10数据治理与信息披露,中国保监会关于印发《保险公司资金运用统计制度》的通知,保监发〔2010〕86号,nfra,INCLUDE,高,人身保险|人身保险公司|寿险,,,,[title]…中国保监会关于强化人身保险产品监管工作的通知 保监寿险〔2016〕199号。各人身保险公司：。为做好新形势下人身保险产品监管工作，充分发…,4668,已提取-可全文
RFN-85a6030f8bc7cc5e,T3资本与偿付能力监管,关于报送偿付能力季度报告的通知,保监发〔2004〕95号,nfra,INCLUDE,中,人寿保险公司,,,再保险公司|财产保险公司,[body]…EXCEL表格文件报送。 四、报送时间 （一）资产总额在10亿元以下的财产保险公司和资产总额在100亿元以下的人寿保险公司应在第一、二、三季度结束后20日内向中国保监会报送季报。资产总额在10亿元（含10亿元）以上的财产保险公司和资…,3375,已提取-可全文
RFN-85c3f92ede073430,T1销售行为与消费者保护,中国人民银行办公厅 保监会办公厅关于投保人与被保险人、受益人关系确认有关事项的通知(银办发〔2016〕270号),〔2016〕270号,pbc,EXCLUDE,—,,,,,,251,已提取-可全文
RFN-8615ad49a2a4ff13,T8机构准入与组织监管,中国保监会关于第五批取消行政审批项目的通知,保监发〔2010〕75号,nfra,BOUNDARY,低,人寿保险|人身保险,,,保险中介机构|保险公估|保险经纪机构|财产保险公司,[body]…单独的行政审批项目，我会按照《保险法》规定，保留“关系社会公众利益的保险险种、依法实行强制保险的险种和新开发的人寿保险险种的保险条款审批”项目。保险公司的保险条款、费率审批及备案管理措施以《财产保险公司保险条款和保险费率管理办法…,2319,已提取-可全文
RFN-8633658d5623a32e,T5资金运用与资产负债管理,中国保监会关于调整保险资金境外投资有关政策的通知,保监发〔2015〕33号,nfra,BOUNDARY,低,,,保险公司|保险机构|保险资产管理|保险资金,,[title]…中国保监会关于调整保险资金境外投资有关政策的通知 保监发〔2015〕33号。各保险集团（控股）公司、保险公司、保险资产管理公司：。为加强…,1896,已提取-可全文
RFN-864eb2c88b0a5def,T4公司治理与股权关联交易,中国银保监会关于加强保险机构资金运用关联交易监管工作的通知,银保监规〔2022〕11号,nfra,BOUNDARY,低,,,保险公司|保险机构|保险资产管理|保险资金,,[title]…中国银保监会关于加强保险机构资金运用关联交易监管工作的通知 各银保监局，各保险集团（控股）公司、保险公司、保险资产管理公司，保险业协会、保…,6936,已提取-可全文
RFN-86c997f8e8e3fffd,T8机构准入与组织监管,中国银保监会关于银行业保险业支持高水平科技自立自强的指导意见,银保监发〔2021〕46号,nfra,EXCLUDE,中,,,保单|保险产品|保险公司|保险机构|保险资金,保险经纪机构|信托公司|商业银行|金融资产|银行业,[title]…中国银保监会关于银行业保险业支持高水平科技自立自强的指导意见 为深入贯彻党中央、国务院关于完善金融支持创新体系的决策部署，推动银行业…,8484,已提取-可全文
RFN-86ec87f527d3713d,T4公司治理与股权关联交易,关于印发《保险集团公司管理办法（试行）》的通知,保监发〔2010〕29号,nfra,BOUNDARY,低,人寿保险,,,保险公估|保险经纪机构|商业银行,[meta]…关于印发《保险集团公司管理办法（试行）》的通知 保监发〔2010〕29号。中国人民保险集团股份有限公司、中国人寿保险（集团）公司、中国再保险（集团）股份有限公司、中国太平保险集团公司、中国平安保险（集团）股份有限公司、中国太平…,13546,已提取-可全文
RFN-87790fc16becf971,T10数据治理与信息披露,关于加强保险统计数据信息管理的通知,保监厅发〔2005〕112号,nfra,BOUNDARY,低,,,保险公司|保险机构,,[meta]…会统计数据信息报送、汇总的及时性、完整性和准确性，为促进保险监管工作发挥了积极的作用。但最近有部分保监局、部分保险公司反映存在快报数据信息被泄露给部分保险机构的现象，给当地监管工作和保险公司经营活动造成一定的被动。     保监…,1667,已提取-可全文
RFN-88040bc662487e3b,T6养老与健康保险专项,国家金融监督管理总局关于印发养老保险公司监督管理暂行办法的通知,金规[2023]13号,nfra,INCLUDE,高,人寿保险|人身保险|人身保险公司|健康保险|养老保险|养老保险公司,,,商业银行|金融资产,[title]…国家金融监督管理总局关于印发养老保险公司监督管理暂行办法的通知 各监管局，平安养老保险股份有限公司、太平养老保险股份有限公司、中国人寿养老保险股份有限…,13462,已提取-可全文
RFN-880a34fa8a87cd4a,T10数据治理与信息披露,中国银保监会关于印发保险业标准化“十四五”规划的通知,银保监发[2022]11号,nfra,BOUNDARY,低,人身保险|健康保险|养老保险,,,保险中介机构,[body]…部沟通和外部交流的规范性、通用性语言，对保险业稳健发展具有重要意义。《产险单证》《财产保险业务要素数据规范》《人身保险业务要素数据规范》等标准对财产保险、人身保险的条款、格式、数据作出通用约定，增强了保险业务的规范性，促进了保险…,16575,已提取-可全文
RFN-882e866449a723bd,T8机构准入与组织监管,关于外资保险公司在华分公司开立证券账户有关问题的通知,保监厅发〔2004〕85号,nfra,BOUNDARY,低,,,保险公司,,[title]…关于外资保险公司在华分公司开立证券账户有关问题的通知 保监厅发〔2004〕85号。各外资保险公司在华分公司：。经我会与中国证监…,617,已提取-可全文
RFN-88426bc7bf3c8268,T7反洗钱与反恐怖融资,中国银保监会办公厅关于进一步做好银行业保险业反洗钱和反恐怖融资工作的通知,银保监办发[2019]238号,supp,BOUNDARY,低,,,保险公司|保险机构|保险资产管理|分支机构,金融资产|银行业|银行业金融机构,"[body]…38 号 各银保监局， 各政策性银行、 大型银行、 股份制银行， 邮储银行， 外资银行， 金融资产管理公司， 保险公司， 保险资产管理公司: 为加强银行业保险业反洗钱和反恐怖融资工作, 提升银行保险机构反洗钱和反恐怖融资工作水平…",3175,已提取-可全文
RFN-8858a4a6a7519c69,T9风险处置与案件合规,国家金融监督管理总局关于印发金融机构涉刑案件管理办法的通知,金规[2024]12号,nfra,BOUNDARY,低,人身保险公司,个人保险代理人,,保险公估|保险经纪|信托公司|再保险公司|商业银行|财产保险公司|金融资产|银行业|银行业金融机构,[body]…业集团财务公司、金融租赁公司、汽车金融公司、消费金融公司、货币经纪公司、信托公司、理财公司、金融资产投资公司、人身保险公司、财产保险公司、保险资产管理公司、保险集团（控股）公司、再保险公司、政策性保险公司、相互保险组织、保险专业代理…,13849,已提取-可全文
RFN-885d0dc2e2c8dca7,T5资金运用与资产负债管理,关于印发《保险资金境外投资管理暂行办法实施细则》的通知,保监发〔2012〕93号,nfra,EXCLUDE,中,,,保险公司|保险机构|保险资产管理|保险资金|偿付能力,商业银行,[body]…率、核心资本充足率、信用级别按其母（总）公司计算； （四）从事保险资产托管业务的专业人员不少于6人。 第九条 商业银行与委托人有下列关系之一的，不得担任该委托人的托管人或托管代理人： （一）一方直接或者间接持有另一方股份超过10…,11427,已提取-可全文
RFN-88a77c8e05338809,T2产品与精算制度,中国银保监会关于印发保险公司非寿险业务准备金管理办法实施细则（1—7号）的通知,银保监规[2022]6号,nfra,BOUNDARY,低,健康保险,,,,[body]…、 《关于编报保险公司非寿险业务准备金评估报告有关事项的通知》（保监产险〔2012〕651 号）同时废止。 《健康保险管理办法》（中国银行保险监督管理委员会令 2019 年第 3 号）和《意外伤害保险业务监管办法》（银保监办发〔…,1055,已提取-可全文
RFN-88ca7d111533e829,T10数据治理与信息披露,关于开展保险业信息系统安全等级保护定级工作的通知,保监厅发〔2007〕45号,nfra,BOUNDARY,低,人寿保险,,,,[body]…业内分步分批实施。 保险行业第一批定级单位包括：保监会及各保监局，中国保险行业协会，中国人民保险集团公司、中国人寿保险（集团）公司、中国再保险（集团）公司、中国出口信用保险公司、民生人寿保险股份有限公司、阳光保险控股股份有限公司…,4340,已提取-可全文
RFN-890f174b20c5bdf7,T5资金运用与资产负债管理,关于保险资产管理公司年度财务报告有关问题的通知,保监发〔2008〕31号,nfra,BOUNDARY,低,,,保险资产管理|保险资金,,[title]…关于保险资产管理公司年度财务报告有关问题的通知 保监发〔2008〕31号。各保险资产管理公司：。近期，财政部发布《关于印发保险…,1914,已提取-可全文
RFN-8924608a7e543b00,T5资金运用与资产负债管理,关于保险资金投资集合资金信托计划有关事项的通知,保监发〔2014〕38号,nfra,EXCLUDE,中,,,保险公司|保险机构|保险资产管理|保险资金|偿付能力,信托公司,[body]…务和风险责任等要求，执行《中国保监会关于保险机构投资风险责任人有关事项的通知》相关规定。 三、保险机构应当明确信托公司选择标准，完善持续评价机制，并将执行情况纳入年度内控审计。 担任受托人的信托公司应当具备以下条件： （一）近三…,3375,已提取-可全文
RFN-8947647c4bfa7363,T10数据治理与信息披露,关于《关于在寿险业建立标准保费行业标准的通知》的补充通知,保监发〔2005〕25号,nfra,INCLUDE,高,人寿保险公司|人身险公司|寿险,,,,[title]…关于《关于在寿险业建立标准保费行业标准的通知》的补充通知 保监发〔2005〕25号。各人寿保险公司：。为贯彻落实《关于在寿险业…,2457,已提取-可全文
RFN-8956cecc20380d22,T1销售行为与消费者保护,中国银保监会关于规范互联网保险销售行为可回溯管理的通知,银保监发[2020]26号,nfra,BOUNDARY,低,人身保险|健康保险|养老保险,保险兼业代理,,保险中介机构,[body]…构销售以下保险产品时，应当按照要求展示可能影响保单效力以及可能免除保险公司责任的内容，包括但不限于：（一）销售人身保险新型产品，应当增加保单利益不确定性风险提示内容；（二）销售健康保险产品，应当增加保险责任等待期的起算时间、期限…,5264,已提取-可全文
RFN-89617aa386e8aaf9,T2产品与精算制度,关于投资连结型团体年金保险、万能型团体年金保险风险保额有关问题的批复,保监寿险〔2005〕867号,nfra,BOUNDARY,低,人寿保险|人身保险|寿险,,,,[meta]…关于投资连结型团体年金保险、万能型团体年金保险风险保额有关问题的批复 保监寿险〔2005〕867号。瑞泰人寿保险有限公司：。你公司《关于申请瑞泰团体投资连结保险产品备案的请示》（瑞泰人寿〔…,864,已提取-可全文
RFN-899102dad2cc5cec,T5资金运用与资产负债管理,中国保监会关于印发《保险资金投资债券暂行办法》的通知,保监发〔2012〕58号,nfra,EXCLUDE,中,,,保险产品|保险公司|保险机构|保险资产管理|保险资金|偿付能力|投资连结保险,商业银行|证券公司|银行业,[body]…，且不具备政府信用的债券，包括金融企业（公司）债券和非金融企业（公司）债券。 第九条 金融企业（公司）债券包括商业银行可转换债券、混合资本债券、次级债券以及金融债券，证券公司债券，保险公司可转换债券、混合资本债券、次级定期债券和…,12360,已提取-可全文
RFN-899ce5272693a573,T8机构准入与组织监管,关于贯彻实施《保险公司管理规定》有关问题的通知,保监发〔2010〕26号,nfra,BOUNDARY,低,,,保险公司|保险公司分支机构|分支机构,,[title]…关于贯彻实施《保险公司管理规定》有关问题的通知 保监发〔2010〕26号。各保险公司、各保监局、机关各部门：。《保险公司管理规定》（…,4652,已提取-可全文
RFN-8a8ac6b0f395d59d,T10数据治理与信息披露,关于发布《2009版保险术语》行业标准的通知,保监发〔2009〕29号,nfra,BOUNDARY,低,,,保险公司|保险资产管理,,[meta]…关于发布《2009版保险术语》行业标准的通知 保监发〔2009〕29号。各保监局，保监会机关各部门，各保险公司、保险资产管理公司、保险专业中介机构，国有保险公司监事会，中国保险行业协会、中国保险学会，全国金融标准化技术委…,772,已提取-可全文
RFN-8a98eed7f23b0c5d,T10数据治理与信息披露,关于发布《保险基础数据模型》行业标准的通知,保监发〔2009〕31号,nfra,BOUNDARY,低,,,保险公司|保险资产管理,,[meta]…关于发布《保险基础数据模型》行业标准的通知 保监发〔2009〕31号。各保监局，保监会机关各部门，各保险公司、保险资产管理公司、保险专业中介机构，国有保险公司监事会，中国保险行业协会、中国保险学会，全国金融标准化技术委…,768,已提取-可全文
RFN-8ad9ae930359b260,T7反洗钱与反恐怖融资,中国人民银行令〔2021〕第3号（金融机构反洗钱和反恐怖融资监督管理办法）,中国人民银行令〔2021〕第3号,pbc,EXCLUDE,—,,,,,,62,已提取-缺正文
RFN-8af8d940827e0344,T8机构准入与组织监管,关于保险公司经营区域有关问题的通知,保监发[2003]120号,supp,EXCLUDE,中,,保险兼业代理,保险公司|保险公司分支机构|分支机构,保险中介机构|保险公估|保险经纪公司,[body]…者设立营销服务部的方式在该省、 自治区或直辖市的行政辖区内开展业务。 保险公司及其分支机构不得委托注册地以外的保险兼业代理机构开展异地业务。 二、 保险公司分支机构变更经营区域范围的， 应凭总公司书面授权书到当地保监办变更许可证经营…,1551,已提取-可全文
RFN-8b17476e653926b8,T1销售行为与消费者保护,中国保监会关于保险中介从业人员管理有关问题的通知,保监中介〔2015〕139号,supp,EXCLUDE,中,,,保单|保险公司|保险销售,保险中介机构|保险公估|保险经纪,[meta]…关问题的通知 保险中介从业人员资格核准审批制度改革：2015年4月24日保险法修改取消保险销售（含保险代理）、保险经纪从业人员资格核准审批事项；各保监局不得受理相关审批；废止《关于保险公估从业人员资格考试有关工作的通知》（保监中…,1684,已提取-可全文
RFN-8b8a8d5a0cf8dbb0,T9风险处置与案件合规,中华人民共和国反不正当竞争法,N/A,,—,—,,,,,,0,未在五源cleaned收录
RFN-8bf234c5a0474448,T9风险处置与案件合规,关于印发《保险机构案件责任追究指导意见》的通知,保监发〔2010〕12号,nfra,INCLUDE,中,,保险营销员,保险公司|保险机构|保险营销|保险资产管理|分支机构,,[body]…及合规负责人等其他高级管理人员和部门负责人。 本指导意见所称保险机构从业人员，包括保险机构员工和为其代理业务的保险营销员等。 第五条 保险机构案件责任追究应当遵循“事实清楚、证据确凿、责任明确、程序合法、权责对等、逐级追究、公平公…,14573,已提取-可全文
RFN-8c54a4db80812c50,T1销售行为与消费者保护,关于强化管理促进人身险业务平稳健康发展的通知,人身险部函【2023】428号,supp,INCLUDE,中,人身保险|人身保险公司,,,,[body]…监督管理委员会人身险部 人身险部函〔2023] 428 号 关于强化管理 促进人身辽业务平稳健康发展的通知 各人身保险公司: 近期，部分人身保险公司启动了 2024 年度业务计划制定及营 销工作，为保护保险消费者合法权益，促进人身保…,2578,已提取-可全文
RFN-8d034d52a8baa74e,T10数据治理与信息披露,中国保监会关于印发《中国保险业发展“十三五”规划纲要》的通知,保监发〔2016〕74号,nfra,BOUNDARY,低,人身保险|健康保险|养老保险|寿险,,,保险中介机构|再保险公司,[body]…现上市，自保、相互、互联网等新型主体创新发展，统一开放、协调发展、充满活力的现代保险市场体系日益完善。全面实施寿险产品费率市场化改革，稳步推进商业车险条款费率管理制度改革，市场配置资源的决定性作用得到有效发挥。保险资金运用体…,33237,已提取-可全文
RFN-8d08e4069595e6da,T1销售行为与消费者保护,中国银保监会办公厅关于开展银行保险机构侵害消费者权益乱象整治工作的通知,中国银保监会办公厅关于开展银行保险机构侵害消费者权益乱象整治工作的通知银保监办发〔2019〕194号,nfra,BOUNDARY,低,,,保险公司|保险机构|保险消费者,银行业,[title]…中国银保监会办公厅关于开展银行保险机构侵害消费者权益乱象整治工作的通知 中国银保监会办公厅关于开展银行保险机构侵害消费者权益乱象整治工作的通知银保监…,3461,已提取-可全文
RFN-8d1c22b57e567cc6,T5资金运用与资产负债管理,关于保险资金投资有关金融产品的通知,保监发〔2012〕91号,nfra,EXCLUDE,中,,,保险公司|保险机构|保险资产管理|保险资金|偿付能力,信托公司|商业银行|证券公司|银行业金融机构,[body]…暂行办法》及相关规定，现就保险资金投资理财产品等类证券化金融产品通知如下： 一、保险资金可以投资境内依法发行的商业银行理财产品、银行业金融机构信贷资产支持证券、信托公司集合资金信托计划、证券公司专项资产管理计划、保险资产管理公司…,6581,已提取-可全文
RFN-8d22034994f0e5bb,T10数据治理与信息披露,中国保监会关于印发《保险资产管理公司统计制度》的通知,保监发〔2010〕85号,nfra,BOUNDARY,低,,,保险公司|保险资产管理|保险资金,,[title]…中国保监会关于印发《保险资产管理公司统计制度》的通知 保监发〔2010〕85号。保险资产管理公司：。为进一步加强保险资产管理公司统计工作，全面…,1914,已提取-可全文
RFN-8d905c2a008fc11a,T4公司治理与股权关联交易,银行保险机构董事监事履职评价办法（试行）,中国银行保险监督管理委员会令[2021]5号,nfra,BOUNDARY,低,人身保险公司,,,再保险公司|商业银行|财产保险公司|银行业,[body]…份制商业银行、城市商业银行、民营银行、农村商业银行、外资银行、保险集团（控股）公司、财产保险公司、再保险公司、人身保险公司。未设立监事会的银行保险机构，以及中国银保监会负责监管的其他金融机构参照适用本办法。法律、行政法规或规章对外资…,17865,已提取-可全文
RFN-8d93a321dad29046,T10数据治理与信息披露,中国银保监会办公厅关于2022年银行业保险业服务全面推进乡村振兴重点工作的通知,银保监办发[2022]35号,nfra,BOUNDARY,低,人身保险|人身险公司|健康保险|养老保险|寿险,,,商业银行|银行业,[body]…小农户农业保险投保率。加快发展应对台风、地震、洪涝等重大自然灾害的保险业务，提高农业农村自然灾害保险保障水平。人身险公司要针对农村居民需求，特别是脱贫地区群众需求，扩大意外伤害险、定期寿险、健康保险、养老保险等人身保险产品供给。切…,9311,已提取-可全文
RFN-8ddaa2d599ece982,T3资本与偿付能力监管,保险公司偿付能力额度及监管指标管理规定,保监发[2001]53号,nfra,INCLUDE,中,人寿保险|人寿保险公司|人身保险|健康险|寿险,,,再保险公司|财产保险公司|财产险,[body]…和减去摊回分保赔款和追偿款收入。 经营不满三个完整会计年度的保险公司，采用本条第（一）项规定的标准。 第五条 人寿保险公司最低偿付能力额度为长期人身险业务最低偿付能力额度和短期人身险业务最低偿付能力额度之和。 长期人身险业务是指保险…,13171,已提取-可全文
RFN-8df4c7ae09bb4d52,T5资金运用与资产负债管理,中国保监会关于印发《保险资金运用内部控制指引》及应用指引的通知,保监发〔2015〕114号,nfra,BOUNDARY,低,,,保险公司|保险机构|保险资产管理|保险资金,,[title]…中国保监会关于印发《保险资金运用内部控制指引》及应用指引的通知 保监发〔2015〕114号。各保险集团（控股）公司、保险公司、保险资产管理…,1755,已提取-可全文
RFN-8e299b6db7fca20e,T6养老与健康保险专项,关于印发《加快发展养老保险的若干指导意见》的通知（已废止）,保监发〔2004〕152号,nfra,INCLUDE,中,人身保险|养老保险|养老保险公司|寿险,,,,[meta]…关于印发《加快发展养老保险的若干指导意见》的通知（已废止） 保监发〔2004〕152号。各寿险公司、各专业养老保险公司、各保监局：。为大力推进保险业加快发展养老保险，充分发挥保险业在企业年金市场中的作用，…,4693,已提取-可全文
RFN-8e37d767096e33ab,T2产品与精算制度,关于印发《精算报告》编报规则的通知,保监发〔2009〕121号,nfra,INCLUDE,中,人身保险|健康保险|养老保险公司|寿险,,,,"[meta]…关于印发精算报告编报规则的通知 保监发〔2007〕119号。各寿险公司、养老保险公司、健康保险公司：。为适应人身保险业的新发展和新会计准则的要求,全面客观地反映保险公司的业务状…",805,已提取-可全文
RFN-8e37d9471a591f1d,T8机构准入与组织监管,关于违规受处罚的保险公司申请设立营销服务部有关问题的批复,保监法规〔2005〕318号,nfra,BOUNDARY,低,,,保险公司|分支机构,,[title]…关于违规受处罚的保险公司申请设立营销服务部有关问题的批复 保监法规〔2005〕318号。福建保监局：。你局《关于对违规受处罚保险公司申…,959,已提取-可全文
RFN-8e553b1417bf38ce,T2产品与精算制度,关于印发《人身保险内含价值报告编制指引》的通知,保监发〔2005〕83号,nfra,INCLUDE,高,人寿保险公司|人身保险|健康保险|养老保险公司|寿险,,,,[title]…关于印发《人身保险内含价值报告编制指引》的通知 保监发〔2005〕83号。各寿险公司，各养老保险公司，各健康保险公司，健康保险公…,928,已提取-可全文
RFN-8e6afa271b0e491d,T2产品与精算制度,中国银保监会办公厅关于加快推进意外险改革的意见,银保监办发[2020]4号,nfra,BOUNDARY,低,,,保单|保险消费者,,[body]…贯彻落实党中央、国务院关于金融工作的决策部署，服务金融供给侧结构性改革，建立意外险费率市场化形成机制，更好保护保险消费者合法权益，推动意外险市场高质量发展，现就加快推进意外险改革提出以下意见。 一、总体要求（一）指导思想坚持以人民…,5848,已提取-可全文
RFN-8ea5ba2763e1a220,T7反洗钱与反恐怖融资,中华人民共和国反洗钱法,N/A,nfra,BOUNDARY,低,人身保险,,,银行业,[body]…一条 客户由他人代理办理业务的，金融机构应当按照规定核实代理关系，识别并核实代理人的身份。 金融机构与客户订立人身保险、信托等合同，合同的受益人不是客户本人的，金融机构应当识别并核实受益人的身份。 第三十二条 金融机构依托第三方…,22820,已提取-可全文
RFN-8eafe702c42eacb6,T2产品与精算制度,关于《保险公司总精算师管理办法》实施有关问题的通知（已废止）,保监寿险〔2008〕57号,nfra,INCLUDE,中,健康保险|养老保险公司|寿险,,,,[meta]…关于《保险公司总精算师管理办法》实施有关问题的通知（已废止） 保监寿险〔2008〕57号。各寿险公司、养老保险公司、健康保险公司：。为保证《保险公司总精算师管理办法》的顺利实施，现…,832,已提取-可全文
RFN-8ed55859167aa292,T9风险处置与案件合规,关于印发《中国保险保障基金有限责任公司业务监管办法》的通知,保监厅发〔2015〕79号,nfra,INCLUDE,中,人身保险|人身保险公司,,,商业银行|财产保险公司|银行业,[body]…清缴后，向保险公司出具合法的收款凭证。 第十三条  保障基金公司应为财产保险保障基金（以下简称“财险基金”）和人身保险保障基金（以下简称“人身险基金”）各开立一个基本账户，专门用于保险保障基金的收缴和资金划拨。 保障基金公司如变…,9008,已提取-可全文
RFN-8ed8cef777049089,T6养老与健康保险专项,关于《健康保险管理办法》实施中有关问题的通知,保监发〔2006〕95号,nfra,INCLUDE,高,健康保险,,,,[title]…关于《健康保险管理办法》实施中有关问题的通知 保监发〔2006〕95号。各保监局，各保险公司：。为了促进健康保险稳定、持续、…,2383,已提取-可全文
RFN-8ee61389c515f324,T5资金运用与资产负债管理,中国保监会关于保险资金投资优先股有关事项的通知,保监发〔2014〕80号,nfra,BOUNDARY,低,,,保险产品|保险公司|保险机构|保险资产管理|保险资金,,[title]…中国保监会关于保险资金投资优先股有关事项的通知 保监发〔2014〕80号。各保险集团（控股）公司、保险公司、保险资产管理公司：。为进…,3222,已提取-可全文
RFN-8f9f85b9f19a4003,T2产品与精算制度,关于开展教育保险有关事项的通知（已废止）,保监发[1999]91号,nfra,INCLUDE,中,人寿保险|人寿保险公司|寿险,,,,[meta]…关于开展教育保险有关事项的通知（已废止） 保监发[1999]91号。中国人寿保险公司、中国平安保险股份有限公司、中国太平洋保险公司、新华人寿保险股份有限公司、泰康人寿保险股份有限公司、新疆兵团保…,17190,已提取-可全文
RFN-8faaef0d177f0833,T2产品与精算制度,国家金融监督管理总局办公厅关于平稳有序做好人身保险产品切换有关工作的通知,金办便函〔2024〕1001号,,—,—,,,,,,0,未在五源cleaned收录
RFN-8fdbd77cf70c2a36,T4公司治理与股权关联交易,关于印发《2011年保险业“小金库”专项治理工作实施方案》的通知,保监发〔2011〕15号,nfra,EXCLUDE,中,,,保险公司|保险机构|保险资产管理|分支机构,保险公估|保险经纪公司,[meta]…施方案》的通知 保监发〔2011〕15号。各保监局，各国有及国有控股保险集团公司、保险公司、保险资产管理公司、保险经纪公司、保险公估公司，中国保险行业协会、中国保险学会、中国精算师协会:。根据中央治理“小金库”工作领导小组《关于印发…,11761,已提取-可全文
RFN-90253ef97fd4f33e,T10数据治理与信息披露,中国保监会 天津市人民政府关于加强保险业服务天津自贸试验区建设和京津冀协同发展等重大国家战略的意见,保监发〔2015〕65号,nfra,BOUNDARY,低,人身保险|健康保险|养老保险,,,保险经纪,[body]…券发行模式。主动适应现代农业发展新常态，积极探索“三农”保险新模式、新机制，开展互助合作保险，大力发展农村小额人身保险、农村小额信贷保险、农房保险、农机保险和种业保险等普惠保险业务。 四、加大支持“走出去”力度，护航“一带一路”…,5747,已提取-可全文
RFN-903014c1644dab9b,T5资金运用与资产负债管理,中国银保监会办公厅关于保险资金投资债转股投资计划有关事项的通知,银保监办发[2020]82号,nfra,BOUNDARY,低,,,保险公司|保险资产管理|保险资金,金融资产,[title]…中国银保监会办公厅关于保险资金投资债转股投资计划有关事项的通知 各保险集团（控股）公司、保险公司、保险资产管理公司： 各保险集团（控股）公司…,1523,已提取-可全文
RFN-9049baa41cac759b,T7反洗钱与反恐怖融资,金融机构客户身份识别和客户身份资料及交易记录保存管理办法,N/A,nfra,EXCLUDE,中,,,,银行业,[meta]…客户身份识别和客户身份资料及交易记录保存管理办法 根据《中华人民共和国反洗钱法》等法律规定，中国人民银行、中国银行业监督管理委员会、中国证券监督管理委员会、中国保险监督管理委员会制定了《金融机构客户身份识别和客户身份资料及交易…,643,已提取-可全文
RFN-905dd958d5b846cb,T4公司治理与股权关联交易,保险公司资金运用关联交易管理制度标准,中国保险行业协会　2024年1月,,—,—,,,,,,0,未在五源cleaned收录
RFN-90ec65df04036cdd,T4公司治理与股权关联交易,中国保监会关于保险公司在全国中小企业股份转让系统挂牌有关事项的通知,保监发〔2016〕71号,nfra,EXCLUDE,中,,,保险公司|保险资产管理|偿付能力,证券公司,[body]…照适用上市保险公司监管要求，允许自然人等合格投资者投资挂牌保险公司股份。 九、本通知第七、八条所称做市，是指由证券公司担任做市商的做市交易方式。 十、本办法所称保险公司，包括保险集团（控股）公司、保险公司和保险资产管理公司。中国…,2526,已提取-可全文
RFN-91195a573dffc274,T6养老与健康保险专项,中国银保监会办公厅关于规范和促进养老保险机构发展的通知,银保监办发[2021]134号,supp,BOUNDARY,低,养老保险|养老保险公司,,,,[body]…力。 建立健全与养老金融业务特点和发展要求相适应的内部管理机制制度， 强化投资管理和风险管控能力。 三、 鼓励养老保险公司发展安全性高、 保障性强、 满足长期或终身领取需求的商业养老年金保险以及其他具有一定长期积累养老金功能的商业保…,2808,已提取-可全文
RFN-91d31bd4dfbf5bed,T3资本与偿付能力监管,关于编报季度偿付能力报告有关事项的通知,保监财会〔2007〕1301号,nfra,BOUNDARY,低,寿险,,,再保险公司,[meta]…的信息质量，现将有关事项通知如下：。一、关于季度偿付能力报告的内容。（一）对目前尚无法按季度评估公司内含价值的寿险公司，在季报中可暂不披露内含价值指标。     保监财会〔2007〕1301号 各保险公司、各保险资产管理公司…,1333,已提取-可全文
RFN-9241d7927ce170a6,T1销售行为与消费者保护,国家金融监督管理总局关于商业银行代理保险业务有关事项的通知,金规[2024]8号,nfra,INCLUDE,中,人身保险,,,商业银行,[meta]…业务和其他保险业务，各级分支行及网点均不限制合作保险公司数量。保险公司应当确保在合作区域内具备线下服务能力。 人身保险监管司    各监管局，各保险公司，各政策性银行、大型银行、股份制银行、外资银行：一、保险公司和商业银行开展保…,1202,已提取-可全文
RFN-929e6fea8ab894c4,T4公司治理与股权关联交易,关于“关联交易”范围界定的复函,保监厅函〔2005〕173号,nfra,BOUNDARY,低,,,保险公司,,[meta]…定的复函 保监厅函〔2005〕173号。三星火灾海上保险（中国）有限公司：。你公司《关于对<中华人民共和国外资保险公司管理条例>第二十条范围界定的请示》（三星保发〔2005〕13号）收悉。经研究，函复如下：。母、子公司间的交易属…,606,已提取-可全文
RFN-92b37ba95eb0c95c,T9风险处置与案件合规,保险保障基金管理办法,中国银行保险监督管理委员会令[2022]7号,nfra,INCLUDE,中,人寿保险|人身保险|人身保险公司|健康保险,,,财产保险公司,[body]…有人，是指对保单利益依法享有请求权的主体，包括投保人、被保险人或者受益人。 本办法所称保单受让公司，是指经营有人寿保险等长期人身保险业务的保险公司被依法撤销或者依法实施破产的，接受该保险公司依法转让长期人身保险合同的有相应资质的…,10672,已提取-可全文
RFN-92c99673ce60aa3c,T2产品与精算制度,关于调整终身年金生命表有关事项的通知,保监发〔2004〕31号,nfra,INCLUDE,中,人寿保险|寿险,,,,[meta]…关于调整终身年金生命表有关事项的通知 保监发〔2004〕31号。各寿险公司：。为了解决终身年金定价生命表与准备金评估生命表不一致的问题，防范和化解寿险公司经营终身年金业务的风险，现…,708,已提取-可全文
RFN-92f92ee8a480d2c6,T9风险处置与案件合规,关于印发《保险业重大上访事件处理办法》的通知（已废止）,保监发〔2003〕116号,nfra,BOUNDARY,低,,,保险公司|保险公司分支机构|分支机构,,[meta]…关于印发《保险业重大上访事件处理办法》的通知（已废止） 保监发〔2003〕116号。各保险公司、各保监办：。为妥善处理保险业内的重大上访投诉事件，切实保护被保险人的合法权益，促进保险业发展，维护社会安定，…,3278,已提取-可全文
RFN-9334fdf16b283e1a,T9风险处置与案件合规,保险保障基金管理办法（已失效）,N/A,nfra,BOUNDARY,低,人寿保险|人寿保险公司|健康保险,,,再保险公司|财产保险公司,[body]…人、被保险人或者受益人。 本办法所称保单受让公司，是指在保险公司被撤销或者被宣告破产的情形下，接受其依法转让的人寿保险合同的人寿保险公司。 第三条 保险保障基金分为财产保险公司保障基金和人寿保险公司保障基金。 财产保险公司保障基…,5857,已提取-可全文
RFN-935ddd95dd623e33,T1销售行为与消费者保护,保险公估机构监管规定,保监会令〔2001〕3号,nfra,EXCLUDE,中,,,保单|保险公司|保险条款|分支机构,保险中介机构|保险公估|保险经纪机构|商业银行,[title]…保险公估机构监管规定 中国保险监督管理委员会令2009年第7号。《保险公估机构监管规定》已经2009年9月18日中国保…,21125,已提取-可全文
RFN-936a1959c84fb2c5,T0上位法锚点,中华人民共和国公司法,N/A,pbc,EXCLUDE,—,,,,,,17,已提取-缺正文
RFN-9375b225151c1676,T9风险处置与案件合规,国家金融监督管理总局关于印发《银行保险机构涉刑案件风险防控管理办法》的通知,金规[2023]10号,nfra,EXCLUDE,中,,,保险公司|保险机构|保险理赔|保险资产管理|保险销售|分支机构,信托公司|再保险公司|商业银行|金融资产|银行业|银行业金融机构,[meta]…控管理办法》的通知 国家金融监督管理总局文件各监管局，各政策性银行、大型银行、股份制银行、外资银行、直销银行、金融资产管理公司、金融资产投资公司、理财公司，各保险集团（控股）公司、保险公司、保险资产管理公司、养老金管理公司、保险…,11337,已提取-可全文
RFN-9377e5986668cec6,T5资金运用与资产负债管理,中国保监会 财政部关于加强保险资金运用管理 支持防范化解地方政府债务风险的指导意见,保监发〔2018〕6号,nfra,BOUNDARY,低,,,保险公司|保险机构|保险资产管理|保险资金,,[title]…中国保监会 财政部关于加强保险资金运用管理 支持防范化解地方政府债务风险的指导意见 保监发〔2018〕6号。各保险集团（控股）公司、保险公司、保…,4395,已提取-可全文
RFN-939ddf8251eee315,T2产品与精算制度,关于加强非寿险精算工作有关问题的通知,保监发〔2010〕58号,nfra,EXCLUDE,中,,,保险公司,再保险公司|财产保险公司,[meta]…关于编报保险公司非寿险业务准备金评估报告有关事项的通知 保监产险〔2012〕651号。各财产保险公司、再保险公司：。为规范保险公司非寿险业务准备金评估报告编报工作，提高非寿险业务准备金评估报告编报质量，我会决定…,7124,已提取-可全文
RFN-93cf24eecccf929b,T1销售行为与消费者保护,关于加强保险中介从业人员继续教育管理工作的通知（已废止）,保监发〔2005〕107号,nfra,BOUNDARY,低,人身保险|健康保险,保险代理人,,保险中介机构|保险公估|保险经纪|保险经纪机构,[body]…、 保险合同； 3、 《保险法》； 4、 《保险中介相关法规汇编》； 5、 《保险职业道德教育读本》； 6、 人身保险的主要种类和人身保险合同； 7、 财产保险的主要种类和财产保险合同； 8、 意外伤害保险和健康保险； 9、 保…,3619,已提取-可全文
RFN-93d4a56bc228f26e,T9风险处置与案件合规,关于建立保险司法案件报告制度的通知,保监发[2009]81号,supp,BOUNDARY,低,,,保险公司|保险机构|保险营销|保险资产管理|保险资金|分支机构,,[body]…报的报告方式、时限与内容。 中国保险监督管理委员会    保监发〔2009〕81号 各保监局，各保险集团公司、保险公司、保险资产管理公司、保险中介公司： 为加强对保险业违法行为的监管，有效防范行业风险，经研究，我会决定建立保险司…,6644,已提取-可全文
RFN-93edca63e3171e89,T5资金运用与资产负债管理,关于保险公司投资中央银行票据的通知（已废止）,保监发〔2003〕91号,nfra,BOUNDARY,低,,,保险公司,,[title]…关于保险公司投资中央银行票据的通知（已废止） 保监发〔2003〕91号。各保险公司：。最近，有保险公司咨询是否可以投资人民…,604,已提取-可全文
RFN-93f51bde3c1d9108,T10数据治理与信息披露,中国保监会关于印发《保险标准化工作管理办法》的通知,保监发〔2017〕94号,nfra,BOUNDARY,低,,,保险公司|保险机构|保险资产管理,,[meta]…司、上海保险交易所股份有限公司、中国保险报业股份有限公司，中国保险行业协会、中国保险学会、中国精算师协会、中国保险资产管理业协会，各保险集团（控股）公司、保险公司、保险资产管理公司、相互保险社、保险专业中介机构：。     保监发〔…,6807,已提取-可全文
RFN-9437a7b679fdc64e,T2产品与精算制度,关于修订《精算报告——分红保险业务报告》编报规则的通知（已废止）,保监发〔2009〕21号,nfra,INCLUDE,中,健康保险|养老保险公司|寿险,,,,[meta]…关于修订《精算报告——分红保险业务报告》编报规则的通知（已废止） 保监发〔2009〕21号。各寿险公司、养老保险公司、健康保险公司:。为全面客观地反映保险公司分红保险的业务状况，进一步规范和明确分红保险业务在…,830,已提取-可全文
RFN-946238a80cf9fab2,T1销售行为与消费者保护,保险销售行为管理办法,国家金融监督管理总局令[2023]2号,nfra,INCLUDE,中,人身保险,个人保险代理人,,保险中介机构|保险经纪|再保险公司,[body]…保险产品类型和等级范围，委派合格保险销售人员销售该等级范围内的保险产品。第二十二条 保险公司、保险中介机构销售人身保险新型产品的，应当向投保人提示保单利益的不确定性，并准确、全面地提示相关风险；法律、行政法规和监管制度规定要求对…,16815,已提取-可全文
RFN-949ffc4890a853bb,T1销售行为与消费者保护,中国保监会关于严格规范非保险金融产品销售的通知,保监发〔2014〕90号,nfra,BOUNDARY,低,,,保险公司|保险资金|保险销售|分支机构,,[meta]…中国保监会关于严格规范非保险金融产品销售的通知 保监发〔2014〕90号。各保监局，各保险公司，各保险专业中介机构：。近年来，一些保险公司、保险专业中介机构及其保险销售（经纪）从业人员向客户直接推介销售包…,3530,已提取-可全文
RFN-94a1e55c54595567,T1销售行为与消费者保护,保险经纪人监管规定,保监会令〔2018〕3号,nfra,EXCLUDE,中,,保险兼业代理,保单|保险产品|保险公司|分支机构,保险中介机构|保险公估|保险经纪|保险经纪公司|保险经纪机构|商业银行,[body]…称保险专业中介机构是指保险专业代理机构、保险经纪人和保险公估人。 本规定所称保险中介机构是指保险专业中介机构和保险兼业代理机构。 第一百零五条 经中国保监会批准经营保险经纪业务的外资保险经纪人适用本规定，我国参加的有关国际条约和中国…,28653,已提取-可全文
RFN-94a88c9dbc802546,T4公司治理与股权关联交易,关于实施《保险公司财务负责人任职资格管理规定》有关事项的通知,保监发〔2009〕23号,nfra,BOUNDARY,低,,,保险公司|保险资产管理,,[title]…关于实施《保险公司财务负责人任职资格管理规定》有关事项的通知 保监发〔2009〕23号。各保险公司、保险资产管理公司:。《保险公…,2656,已提取-可全文
RFN-94d21d2115d42c83,T5资金运用与资产负债管理,中国保监会关于试行《保险资产风险五级分类指引》的通知,保监发〔2014〕82号,nfra,EXCLUDE,中,,,保险公司|保险机构|保险资产管理|保险资金,商业银行|证券公司|金融资产,[body]…存续时间、按照预定的利率和形式偿付利息和本金等特征的资产，以及主要价值依赖于上述资产价值变动的资产，并包括其他金融资产中具有固定收益属性的资产。 第七条  固定收益类资产主要形式包括：基础设施债权投资计划、不动产债权投资计划、持…,17047,已提取-可全文
RFN-950d630b983fa780,T10数据治理与信息披露,关于开展第二次保险业经济普查的通知（已失效）,国经普办字〔2008〕16号,nfra,EXCLUDE,中,,,保险公司|保险机构|保险资产管理|分支机构,保险中介机构,[meta]…关于开展第二次保险业经济普查的通知（已失效） 各保监局，各保险公司、保险资产管理公司、保险中介机构、外国及港澳台地区保险机构在华代表处：。根据《全国经济普查条例》的规定，国务院决定于2008年开展第二次全国经…,5669,已提取-可全文
RFN-9510822956113cd9,T1销售行为与消费者保护,关于单位能否为员工投保个人保险产品的复函,保监厅函[2010]111号,supp,BOUNDARY,低,人寿保险|人身保险|寿险,,,,[meta]…理委员会关于单位能否为员工投保个人保险产品的复函 答复中国人民人寿：依据保监发〔2000〕133号第六条，个人人身保险只能由个人投保，单位不得作为投保人；新《保险法》施行不影响该条效力（条款级引用：保监发〔2000〕133号第六…,560,已提取-可全文
RFN-9518188060f8032f,T3资本与偿付能力监管,关于动态偿付能力测试有关事项的通知,保监发〔2011〕3号,nfra,BOUNDARY,低,人寿保险公司|健康保险,,,财产保险公司,[meta]…行。为做好保险公司的动态偿付能力测试工作，我会研究制定了财产保险公司动态偿付能力测试的必测不利情景，同时调整了人寿保险公司（包括健康保险公司，下同）动态偿付能力测试的必测不利情景。现将有关事项通知如下：。     保监发〔2011〕…,1964,已提取-可全文
RFN-9518bd88f7bb8ae5,T1销售行为与消费者保护,关于加强银行代理人身保险业务管理的通知（已废止）,保监发〔2003〕25号,nfra,INCLUDE,高,人身保险,,,商业银行,[title]…关于加强银行代理人身保险业务管理的通知（已废止） 保监发〔2003〕25号。各保监办，人民银行各分行、营业管理部、分行监管办、省会（首…,3218,已提取-可全文
RFN-955e2d85ba32511d,T1销售行为与消费者保护,保险公估机构管理规定 ,保监会令〔2001〕3号,nfra,EXCLUDE,中,,,保险公司,保险公估|商业银行,[title]…保险公估机构管理规定  保监会令（2001）3号　2001年11月16日。第一章　总则。第一条 为保护投保人、被保险人…,14708,已提取-可全文
RFN-957ee521cd708e26,T5资金运用与资产负债管理,中国银保监会办公厅关于境内保险公司在香港市场发行巨灾债券有关事项的通知,银保监办发[2021]102号,nfra,EXCLUDE,中,,,保险公司,再保险公司|财产保险公司,[meta]…中国银保监会办公厅关于境内保险公司在香港市场发行巨灾债券有关事项的通知 各财产保险公司、再保险公司：各财产保险公司、再保险公司：为落实《<内地与香港关于建立更紧密经贸关系的安排>服务贸易协议》有关…,1815,已提取-可全文
RFN-959a399a557cae65,T4公司治理与股权关联交易,银行保险机构声誉风险管理办法（试行）,银保监发[2021]4号,nfra,EXCLUDE,中,,,保险公司|保险机构|分支机构,信托公司|商业银行|银行业,[body]…第一条 为提高银行保险机构声誉风险管理水平，有效防范化解声誉风险，维护金融稳定和市场信心，根据《中华人民共和国银行业监督管理法》《中华人民共和国商业银行法》《中华人民共和国保险法》《中华人民共和国信托法》等法律法规，制定本办法…,8940,已提取-可全文
RFN-95cbe708c5480faa,T0上位法锚点,最高人民法院关于适用《中华人民共和国保险法》若干问题的解释（三）,N/A,,—,—,,,,,,0,未在五源cleaned收录
RFN-95f1d09ecebd3704,T8机构准入与组织监管,中国保险监督管理委员会派出机构监管职责规定,保监会令〔2004〕7号,nfra,EXCLUDE,中,,保险兼业代理,保险产品|保险公司|保险公司分支机构|保险机构|保险条款|分支机构,保险中介机构|保险公估|保险经纪机构,[body]…、营销服务部。 本规定所称保险中介机构，是指保险经纪机构、保险公估机构、保险代理机构和上述机构的分支机构，以及保险兼业代理机构。 第二章 机构管理 第六条 派出机构负责辖区内下列中资保险公司分支机构的机构管理工作： （一）核准保险公…,6692,已提取-可全文
RFN-96408816bb15f4cd,T5资金运用与资产负债管理,中国银保监会办公厅关于印发组合类保险资产管理产品实施细则等三个文件的通知,银保监办发[2020]85号,nfra,EXCLUDE,中,,,保险公司|保险资产管理|保险资金,商业银行|金融资产,[body]…类产品所投资资产的集中度应当符合《指导意见》相关规定。第六条 保险资产管理机构对组合类产品应当实行净值化管理。金融资产的估值和产品净值的生成应当符合《企业会计准则》《指导意见》等相关规定。货币市场类组合类产品在严格监管的前提下，…,16121,已提取-可全文
RFN-9661dd2d093dfcfe,T5资金运用与资产负债管理,中国银保监会办公厅关于精简保险资产管理公司监管报告事项的通知,银保监发[2021]131号,nfra,BOUNDARY,低,,,保险公司|保险机构|保险资产管理,,[title]…中国银保监会办公厅关于精简保险资产管理公司监管报告事项的通知 各保险资产管理公司：为进一步落实国务院“放管服”改革要求，聚焦风险监管，提高监管质效，…,1014,已提取-可全文
RFN-96ac98a56e401cdd,T1销售行为与消费者保护,关于贯彻落实《保险专业代理机构监管规定》、《保险经纪机构监管规定》、《保险公估机构监管规定》有关事宜的通知,保监发〔2009〕130号,nfra,EXCLUDE,中,,,,保险公估|保险经纪机构,[title]…关于贯彻落实《保险专业代理机构监管规定》、《保险经纪机构监管规定》、《保险公估机构监管规定》有关事宜的通知 保监发〔2009〕130号。各保监局，各保险专业中介机构：…,3278,已提取-可全文
RFN-96b765bc4ce98ec5,T1销售行为与消费者保护,关于保险企业手续费及佣金支出税前扣除政策的公告,财政部、税务总局公告2019年第72号,mof,EXCLUDE,—,,,,,,905,已提取-可全文
RFN-970309c80fd69a0f,T5资金运用与资产负债管理,关于加强保险资金风险管理的意见,N/A,nfra,EXCLUDE,中,,,保险产品|保险公司|保险机构|保险资产管理|保险资金,商业银行,[body]…运用、全程监控的资金归集管理制度，切实履行资产的战略配置、投资监控和绩效评估等职责。要按照国家有关规定，与有关商业银行签定托管协议，明确双方职责，委托银行办理托管资产存管、清算交割、资产估值、投资监督等事务，稳步实施保险资产的第…,8661,已提取-可全文
RFN-97512733c733dbc0,T5资金运用与资产负债管理,关于做好保险业国际收支平衡表和国际投资头寸表编制准备工作的通知（已失效）,保监厅发〔2005〕117号,nfra,BOUNDARY,低,,,保险公司|保险资产管理,金融资产,[meta]…业国际收支平衡表和国际投资头寸表编制准备工作的通知（已失效） 保监厅发〔2005〕117号。各保险集团公司、各保险公司、各保险资产管理公司：。根据国家外汇管理局的要求，我会将研究编制保险业国际收支平衡表、国际投资头寸表。为做好报…,3487,已提取-可全文
RFN-97581ae487f77a94,T10数据治理与信息披露,关于印发《保险外币统计币种及折算汇率管理办法》的通知,保监发〔2006〕126号,nfra,BOUNDARY,低,,,保险公司|保险机构|保险资产管理,,[meta]…关于印发《保险外币统计币种及折算汇率管理办法》的通知 保监发〔2006〕126号。各保监局、保险公司、保险资产管理公司：。为了加强保险机构外币业务的统计管理，提高外币业务统计信息的质量和可比性，我会制定了《保险…,2160,已提取-可全文
RFN-979909a99a339372,T1销售行为与消费者保护,关于银行类保险兼业代理机构行政许可有关事项的通知,保监中介〔2016〕44号,nfra,BOUNDARY,低,人身保险公司,保险兼业代理|保险销售从业人员,,财产保险公司|银行业,[body]…公告。 十五、拟开展相互代理保险业务的保险公司参照银行类机构管理。一家财产保险公司在一个会计年度内只能代理一家人身保险公司业务。一家人身保险公司在一个会计年度内只能代理一家财产保险公司业务。 保险集团内各保险子公司间开展保险代理业务…,4673,已提取-可全文
RFN-97dd365b27c0157a,T8机构准入与组织监管,中国银保监会关于允许境外投资者来华经营保险代理业务的通知,银保监发〔2018〕30号,nfra,BOUNDARY,低,,,保险公司,,"[meta]…中国银保监会关于允许境外投资者来华经营保险代理业务的通知 银保监发〔2018〕30号。各保监局、外资保险公司:。为进一步扩大保险业对外开放,促进我国保险代理行业发展,现将有关事项通知如下:。一、经营保险代理业务3年以上…",692,已提取-可全文
RFN-97e04219a84d6523,T9风险处置与案件合规,关于印发《国有保险机构重大案件领导责任追究试行办法》的通知,保监发〔2006〕11号,nfra,BOUNDARY,低,,,保险公司|保险机构|保险资产管理|保险资金|分支机构,,[title]…关于印发《国有保险机构重大案件领导责任追究试行办法》的通知 保监发〔2006〕11号。各保险公司，各保监局，机关各部门：。为有效遏制…,6706,已提取-可全文
RFN-97ed5b70a6aee3b1,T1销售行为与消费者保护,关于规范保险营销团队管理的通知,保监发〔2007〕93号,nfra,EXCLUDE,中,,保险营销员,保险产品|保险公司|保险营销,保险经纪公司|保险经纪机构,[body]…纪公司、保险代理公司：。     保监发〔2007〕93号 各保险公司，各保险经纪公司、保险代理公司： 根据《保险营销员管理规定》、《保险专业代理机构监管规定》、《保险经纪机构监管规定》、《保险中介从业人员继续教育管理暂行办法》等…,2411,已提取-可全文
RFN-980f4673ed196dd3,T4公司治理与股权关联交易,关于贯彻实施《保险公司薪酬管理规范指引（试行）》有关事项的通知,保监发〔2012〕101号,nfra,EXCLUDE,中,,,保险公司|保险资产管理,再保险公司,[body]…”是指保监会每年第4季度对保险公司法人机构进行的分类评价结果。 （二）保险集团（控股）公司、保险资产管理公司和再保险公司不适用于《指引》第19条的有关规定，可以由公司根据自身情况和风险考核结果对相关人员薪酬进行调整。 六、关于薪酬…,2487,已提取-可全文
RFN-982b10b931bbf439,T5资金运用与资产负债管理,关于印发《保险机构债券投资信用评级指引（试行）》的通知,N/A,nfra,EXCLUDE,中,,,保险公司|保险机构|保险资产管理|偿付能力,商业银行|银行业,[body]…确反映发债主体的财务状况。 第二十七条 发债主体为一般工商企业的，应当重点考察其经营风险和财务风险。发债主体为商业银行的，应当重点考察影响其信用的外部环境、运营因素、内部管理风险和财务实力等。（一般工商企业和商业银行主要评估方法…,13797,已提取-可全文
RFN-98ddf35e6ed9da61,T9风险处置与案件合规,关于保险公司缴纳罚款等有关问题的通知,保监发〔2003〕41号,nfra,BOUNDARY,低,人寿保险公司,,,财产保险公司,[body]…、 请各保监办按《关于做好财产保险公司行政处罚档案管理工作的通知》（保监办发[2002]44 号）及《关于报送人寿保险公司行政处罚统计表的通知》（保监发[2003]17 号）的要求， 汇总辖区内的保险公司分支机构受处罚情况， 并于每…,1135,已提取-可全文
RFN-9917ff1e2892c493,T9风险处置与案件合规,中国银保监会办公厅关于预防银行业保险业从业人员金融违法犯罪的指导意见,银保监办发[2020]18号,nfra,BOUNDARY,低,,,保单|保险产品|保险公司|保险机构|保险资产管理|保险资金|分支机构,金融资产|银行业|银行业金融机构,[meta]…指导意见 各银保监局，各政策性银行、大型银行、股份制银行，外资银行，金融资产管理公司，各保险集团（控股）公司、保险公司、保险资产管理公司，各会管单位：各银保监局，各政策性银行、大型银行、股份制银行，外资银行，金融资产管理公司，各…,9941,已提取-可全文
RFN-99215fb01c89cc51,T2产品与精算制度,关于父母为其未成年子女投保死亡人身保险限额的通知,保监发[1999]43号,nfra,INCLUDE,高,人寿保险|人身保险,,,,[title]…关于父母为其未成年子女投保死亡人身保险限额的通知 保监发[1999]43号。中保人寿保险有限公司、中国太平洋保险公司、中国平安保险股份有限公司、新华…,810,已提取-可全文
RFN-9924f4571c35d789,T9风险处置与案件合规,关于遏制保险中介机构挪用侵占保费违法违规行为的通知,保监发〔2008〕117号,nfra,EXCLUDE,中,,,保险公司|保险消费者,保险中介机构,[title]…关于遏制保险中介机构挪用侵占保费违法违规行为的通知 保监发〔2008〕117号。各保监局、各保险公司、保险中介机构：。近年来，各地…,1514,已提取-可全文
RFN-993e71a24a57ac0a,T10数据治理与信息披露,国家金融监督管理总局办公厅关于印发保险公司县域机构统计制度的通知,金办发[2024]94号,nfra,INCLUDE,中,人寿保险|人身保险公司|健康保险,,,财产保险公司,[body]…县域机构监管和风险防控，特制定本制度。一、统计内容保险公司县域机构统计报表包括《财产保险公司县域机构统计表》《人身保险公司县域机构统计表》（详见附件），具体内容有：各行政区域的原保险保费收入、赔付支出；有关险种的保险金额、签单数量、…,3840,已提取-可全文
RFN-99c3f00fed1bfa87,T10数据治理与信息披露,关于发布《农业保险数据规范（JR/T 0128－2015）》行业标准的通知,保监发〔2015〕77号,nfra,EXCLUDE,中,,,保险公司|保险资产管理,保险中介机构,[meta]…5）》行业标准的通知 保监发〔2015〕77号。机关各部门，各保监局，培训中心，各保险公司、保险资产管理公司、保险中介机构，中国保险行业协会、中国保险学会、中国精算师协会，中国保险资产管理业协会，中国保险保障基金有限责任公司、中国保…,819,已提取-可全文
RFN-9a761bc98d8dfe08,T5资金运用与资产负债管理,关于印发《保险公司投资企业债券管理暂行办法》的通知（已废止）,保监发〔2003〕74号,nfra,BOUNDARY,低,寿险,,,,[body]…第七条 保险公司经批准开办的投资连结保险可以设立投资企业债券比例最高为该账户总资产 100%的投资账户， 万能寿险可以设立投资企业债券比例最高为该账户总资产 80%的投资账户。 投资账户的设立、 合并、 撤消、 变更应符合我…,2392,已提取-可全文
RFN-9b1a16df167c1bb7,T10数据治理与信息披露,中国保监会关于成立第二次保险业经济普查领导小组的通知（已失效）,保监发〔2008〕84号,nfra,INCLUDE,中,人身保险,,,保险中介机构,[body]…斌（保监会发展改革部副主任） 王新棣（保监会财务会计部主任） 李劲夫（保监会财产保险监管部主任） 梁涛（保监会人身保险监管部主任） 孟龙（保监会保险中介监管部主任） 孙建勇（保监会保险资金运用监管部主任） 孟昭亿（保监会国际部主…,1541,已提取-可全文
RFN-9b5d48235a21a6cf,T8机构准入与组织监管,中国保监会关于取消和调整一批行政审批项目等事项的通知,保监发〔2015〕35号,nfra,EXCLUDE,中,,,保险公司|保险公司分支机构|保险机构|保险资产管理|分支机构|投资连结保险,保险中介机构,[body]…为后置审批的工商登记前置审批事项的后续管理措施。 四、请各保监局收到本通知后，及时转发辖内各保险公司分支机构、保险中介机构及其分支机构、国外保险机构驻华代表机构、保险行业协会、保险学会，并按照《中国保监会行政审批事项目录》（附件3）…,1302,已提取-可全文
RFN-9b74f07a1333096a,T5资金运用与资产负债管理,企业境外投资管理办法,发改委（2017）11号,supp,EXCLUDE,—,,,,,,16016,已提取-可全文
RFN-9b7cdfc6e7be106b,T4公司治理与股权关联交易,中国保监会关于进一步加强保险公司关联交易管理有关事项的通知,保监发〔2017〕52号,nfra,BOUNDARY,低,,,保险公司|保险机构|保险消费者|保险资产管理|保险资金,,[title]…中国保监会关于进一步加强保险公司关联交易管理有关事项的通知 保监发〔2017〕52号   各保险集团（控股）公司、保险公司、保险资产管理公司、…,3979,已提取-可全文
RFN-9c05fe4a81dd1270,T8机构准入与组织监管,中国保险监督管理委员会行政许可实施办法,N/A,nfra,BOUNDARY,低,,,保险机构,,[body]…员会（以下简称中国保监会）及中国保监会派出机构（以下简称派出机构）行政许可的实施，提高保险监管效率，维护公民、保险机构、其他法人和组织的合法权益，根据《中华人民共和国行政许可法》、《中华人民共和国保险法》，制定本办法。 第二条…,9319,已提取-可全文
RFN-9c51b2b68524b536,T10数据治理与信息披露,中国保监会关于保险业服务京津冀协同发展的指导意见,保监发〔2015〕106号,nfra,BOUNDARY,低,健康保险|养老保险,独立个人保险代理人,,,[body]…保险产品，更好服务京津都市现代农业和河北高产高效生态农业发展。 （四）支持京津冀公共服务一体化。 大力发展商业养老保险和健康保险，积极争取将京津冀三省市共同纳入个人税收递延型养老保险试点和个人税收优惠型健康保险试点区域范围，推动…,8348,已提取-可全文
RFN-9c7558e2640f5f38,T10数据治理与信息披露,中国保监会关于印发《保险扶贫统计制度（试行）》的通知,保监统信〔2017〕274号,nfra,BOUNDARY,低,人身保险|健康保险,,,财产险,[body]…8.其他保险 指与贫困人口生产、生活密切相关的其他保险扶贫业务，如：小额信贷保证保险、助学贷款保证保险、小额人身保险、涉农保险等。 （二）表2《保险扶贫分项目统计表》 本表统计政府相关部门以统保形式推动的保险扶贫项目，逐项目进…,7944,已提取-可全文
RFN-9c75fa95d274936c,T6养老与健康保险专项,国家金融监督管理总局办公厅关于大力发展商业保险年金有关事项的通知,金办发[2024]110号,nfra,INCLUDE,中,人身保险|人身保险公司|养老保险|养老保险公司,,,商业银行,[meta]…国家金融监督管理总局办公厅关于大力发展商业保险年金有关事项的通知 各金融监管局，各人身保险公司，相关商业银行：为深入贯彻落实中央金融工作会议关于做好养老金融大文章的决策部署，加快补齐第三支柱短板，进一步满…,4199,已提取-可全文
RFN-9c83cfa72ffc76b8,T2产品与精算制度,关于印发《全面推广小额人身保险方案》的通知,保监发〔2012〕53号,nfra,INCLUDE,高,人身保险|人身保险公司|健康保险|寿险,,,,[title]…关于印发《全面推广小额人身保险方案》的通知 保监发〔2012〕53号。各人身保险公司、各保监局：。为积极响应中央服务三农的号召，推进人身保险…,6463,已提取-可全文
RFN-9cdb36a3c85c494b,T2产品与精算制度,关于继续使用《人身保险残疾程度与保险金给付比例表》的通知,保监发[1999]237号,nfra,INCLUDE,高,人寿保险|人寿保险公司|人身保险,,,,[title]…关于继续使用《人身保险残疾程度与保险金给付比例表》的通知 保监发[1999]237号。中国人寿保险公司、中国太平洋保险公司、中国平安…,968,已提取-可全文
RFN-9ce8ec282f0526f8,T4公司治理与股权关联交易,关于规范报送《保险公司治理报告》的通知,保监发改〔2010〕169号,nfra,BOUNDARY,低,,,保险公司|保险资产管理,,[title]…关于规范报送《保险公司治理报告》的通知 保监发改〔2010〕169号。各保险公司、保险资产管理公司：。为进一步完善公司治理结构，规范…,836,已提取-可全文
RFN-9cf7ceade4f13ea1,T6养老与健康保险专项,中国保监会关于印发《保险公司城乡居民大病保险投标管理暂行办法》等制度的通知,保监发〔2016〕86号,nfra,INCLUDE,中,健康险公司,,,,[body]…出大病保险业务的监督和管理。 保监局负责辖区内保险公司分支机构退出大病保险业务的监督和管理。 第五条  除专业健康险公司外，保险公司有下列情形之一的，保险监管机构暂不再将该总公司及其分支机构列入大病保险资质名单： （一）注册资本低…,25823,已提取-可全文
RFN-9cf88306f033a503,T5资金运用与资产负债管理,关于印发《保险公司股票资产托管指引（试行）》的通知,保监发〔2005〕16号,nfra,EXCLUDE,中,,,保险公司|保险机构|保险资产管理|保险资金,商业银行|银行业,[meta]…于印发《保险公司股票资产托管指引（试行）》的通知 保监发〔2005〕16号。各保险公司、保险资产管理公司，国有商业银行、股份制商业银行、外资银行、各银监局：。为落实《保险机构投资者股票投资管理暂行办法》，规范保险公司股票资产托管…,7298,已提取-可全文
RFN-9d0c6e9a62b81cae,T10数据治理与信息披露,中国银保监会关于印发监管数据安全管理办法（试行）的通知,银保监发[2020]43号,nfra,EXCLUDE,中,,,,银行业,[body]…安全管理工作，提高监管数据安全保护能力，防范监管数据安全风险，依据《中华人民共和国网络安全法》《中华人民共和国银行业监督管理法》《中华人民共和国保险法》《工作秘密管理暂行办法》等法律法规及有关规定，制定本办法。 第二条 本办法…,6907,已提取-可全文
RFN-9d16004cb5c41e51,T6养老与健康保险专项,中国银行保险监督管理委员会关于印发《个人税收递延型商业养老保险业务管理暂行办法》的通知,的通知银保监发〔2018〕23号,nfra,INCLUDE,中,人身保险公司|养老保险|养老保险公司,,,商业银行,[meta]…管理委员会关于印发《个人税收递延型商业养老保险业务管理暂行办法》的通知银保监发〔2018〕23号 各保监局，各人身保险公司:为贯彻落实党的十九大精神，促进个人税收递延型商业养老保险试点健康发展，服务多层次养老保障体系建设，根据《财政…,41659,已提取-可全文
RFN-9d59496ff1f52318,T2产品与精算制度,关于保险业新会计准则培训有关事项的通知（已失效）,保监财会〔2006〕1142号,nfra,BOUNDARY,低,,,保险公司|保险公司分支机构|保险资产管理|分支机构,,[meta]…关于保险业新会计准则培训有关事项的通知（已失效） 保监财会〔2006〕1142号。各保监局，各保险公司、保险资产管理公司：。根据《关于保险业实施新会计准则有关事项的通知》（保监发〔2006〕96号）的要求，全行业…,4277,已提取-可全文
RFN-9d6751177b26d220,T5资金运用与资产负债管理,国家金融监督管理总局办公厅关于进一步扩大金融资产投资公司股权投资试点的通知,金办发〔2025】19号,supp,EXCLUDE,中,,,保险公司|保险资产管理|保险资金,商业银行|金融资产,[title]…国家金融监督管理总局办公厅关于进一步扩大金融资产投资公司股权投资试点的通知 扩大金融资产投资公司股权投资试点范围至试点城市所在省份，支持险资等依法合规参与。…,1637,已提取-可全文
RFN-9d9f7ec2e42666a8,T2产品与精算制度,关于做好分红保险专题财务报告编报工作的通知,保监发〔2002〕8号,nfra,INCLUDE,中,寿险,,,,[meta]…关于做好分红保险专题财务报告编报工作的通知 保监发〔2002〕8号。各寿险公司：。为进一步规范分红保险专题财务报告（以下简称专题财务报告）的编报行为，现就有关事项通知如下：。一、公司的…,4368,已提取-可全文
RFN-9dfc298601544310,T2产品与精算制度,中国保监会关于发布《人身保险伤残评定标准及代码》行业标准的通知,保监发〔2014〕6号,nfra,INCLUDE,高,人身保险,,,,[title]…中国保监会关于发布《人身保险伤残评定标准及代码》行业标准的通知 保监发〔2014〕6号。机关各部门、各保监局，各保险公司、保险资产管理公司…,996,已提取-可全文
RFN-9e05d39470849861,T3资本与偿付能力监管,关于印发偿付能力报告编报规则实务指南的通知,保监发〔2004〕154号,nfra,BOUNDARY,低,,,保险公司|偿付能力,,[title]…关于印发偿付能力报告编报规则实务指南的通知 保监发〔2004〕154号。各保险公司：。为有助于保险公司贯彻执行偿付能力报告编报…,705,已提取-可全文
RFN-9e622ad84f805d10,T4公司治理与股权关联交易,中国保险行业协会关于印发《保险公司股东权利义务手册》的通知,中保协发〔2022〕12号,,—,—,,,,,,0,未在五源cleaned收录
RFN-9e69f7092e7568b9,T1销售行为与消费者保护,中国保监会关于印发《人身保险客户信息真实性管理暂行办法》的通知,保监发〔2013〕82号,nfra,INCLUDE,高,人身保险|人身保险公司,保险兼业代理|保险销售从业人员,,保险中介机构|保险经纪机构,[title]…中国保监会关于印发《人身保险客户信息真实性管理暂行办法》的通知 保监发〔2013〕82号。各保监局、各人身保险公司、各保险中介机构：。为加…,10570,已提取-可全文
RFN-9e856ea0f51d4ba2,T10数据治理与信息披露,关于印发《保险公司分支机构开业统计与信息化建设验收指引》的通知,保监发〔2005〕44号,nfra,BOUNDARY,低,,,保险公司|保险公司分支机构|分支机构,,[title]…关于印发《保险公司分支机构开业统计与信息化建设验收指引》的通知 保监发〔2005〕44号。各保监局、各保险公司：。为规范保险公司分支机构…,3884,已提取-可全文
RFN-9eaa3396df6f7385,T4公司治理与股权关联交易,中国银保监会关于印发银行保险机构大股东行为监管办法（试行）的通知,银保监发[2021]43号,nfra,EXCLUDE,中,,,保险公司|保险机构|保险资产管理|偿付能力,信托公司|商业银行|金融资产|银行业,[body]…司治理监管，规范大股东行为，保护银行保险机构及利益相关者合法权益，根据《中华人民共和国公司法》《中华人民共和国银行业监督管理法》《中华人民共和国商业银行法》《中华人民共和国保险法》等法律法规及其他相关规定，制定本办法。第二条…,14987,已提取-可全文
RFN-9f0d85aa746cbe1d,T1销售行为与消费者保护,关于实施农村保险营销员资格授予制度有关问题的通知（已废止）,保监发〔2006〕40号,nfra,INCLUDE,中,,保险营销员,保险产品|保险公司|保险机构|保险营销|保险销售,,[title]…关于实施农村保险营销员资格授予制度有关问题的通知（已废止） 保监发〔2006〕40号。各保监局：。完善农村保险营销体系是促进农村保险…,4169,已提取-可全文
RFN-9f118d8b4f935440,T1销售行为与消费者保护,关于尽快遏制电销扰民有关事项的通知,保监消保〔2012〕1436号,nfra,BOUNDARY,低,,,保单|保险产品|保险公司|保险消费者,,[meta]…关于尽快遏制电销扰民有关事项的通知 保监消保〔2012〕1436号。各保监局，各保险公司，中国保险行业协会：。近期，我会受理的电话销售投诉急剧上升。投诉主要反映电销人员不分时段拨打、违背消费者意愿反…,3190,已提取-可全文
RFN-9fc6edfd17d7c304,T4公司治理与股权关联交易,保险集团公司监督管理办法,中国银行保险监督管理委员会令[2021]13号,nfra,EXCLUDE,中,,,保单|保险公司|保险机构|保险消费者|保险资产管理|保险资金|偿付能力|分支机构,保险公估|保险经纪机构|商业银行,[body]…条 保险集团公司可以投资下列保险类企业： （一）保险公司； （二）保险资产管理机构； （三）保险专业代理机构、保险经纪机构和保险公估机构； （四）银保监会批准设立的其他保险类企业。 第十六条 保险集团公司可以投资非保险类金融企业。…,27498,已提取-可全文
RFN-a0259cf4cfd30d55,T9风险处置与案件合规,中华人民共和国刑法,N/A,,—,—,,,,,,0,未在五源cleaned收录
RFN-a0b5d56bfe2b37fc,T1销售行为与消费者保护,关于规范人身保险公司银行代理渠道业务有关事项的通知,金办便函〔2024〕66号,supp,INCLUDE,高,人身保险|人身保险公司,,,,[title]…关于规范人身保险公司银行代理渠道业务有关事项的通知 银保渠道报行合一执行细则五方面：①科学设计和备案产品（附加费用率含佣金率上限并…,3151,已提取-可全文
RFN-a0dea92c7cb3e043,T1销售行为与消费者保护,关于调整保险经纪、保险公估法人许可证换发和高级管理人员任职资格核准工作流程有关事宜的通知,保监发〔2008〕119号,nfra,EXCLUDE,中,,,分支机构,保险中介机构|保险公估|保险经纪|保险经纪机构|公估机构,[title]…关于调整保险经纪、保险公估法人许可证换发和高级管理人员任职资格核准工作流程有关事宜的通知 保监发〔2008〕119号。各保监局…,1827,已提取-可全文
RFN-a0df782531548881,T10数据治理与信息披露,关于做好2002年年度报告编报工作的通知,保监发〔2002〕138号,nfra,INCLUDE,中,人寿保险公司|健康险|养老保险|寿险,,,再保险公司|财产保险公司|财产险,[body]…年度内重大事项（包括重大的投资、关联交易、再保险安排、赔付、合同、诉讼等）、财务报告、审计报告、其他事项。鼓励寿险公司在年报中披露内在价值（Embedded Value）有关信息。 四、财务报告至少应包括财务报表及其附注。财…,6058,已提取-可全文
RFN-a1164d47f2059174,T8机构准入与组织监管,再保险公司设立规定,N/A,nfra,EXCLUDE,中,,,保险公司,再保险公司,[title]…再保险公司设立规定 保监会令（2002）4号　2002年9月17日。第一条 为促进再保险市场的发展，规范再保险公司的设立…,1718,已提取-可全文
RFN-a1844f2b8b9b2470,T4公司治理与股权关联交易,中国保监会关于印发《保险机构内部审计工作规范》的通知,保监发〔2015〕113号,nfra,EXCLUDE,中,,,保险公司|保险机构|保险资产管理|分支机构,再保险公司,[body]…二条  本规范所称保险机构是指在中华人民共和国境内依法设立的保险集团（控股）公司、保险公司、保险资产管理公司、再保险公司及其分支机构等。 经保险监督管理部门批准设立的其他保险机构可参照执行本规范。 保险监督管理部门有IT审计专门规…,13591,已提取-可全文
RFN-a34feee980218d0d,T8机构准入与组织监管,中国保险监督管理委员会关于修改《保险公司设立境外保险类机构管理办法》等八部规章的决定,N/A,nfra,BOUNDARY,低,人身保险公司,,,保险公估|保险经纪|保险经纪公司|保险经纪机构,[body]…务管理规定》作出修改 （一）删去第二十三条。 （二）将第二十四条改为第二十三条，并删去“经批准的”。 八、对《人身保险公司保险条款和保险费率管理办法》作出修改 （一）将第三十四条第三项中“有《保险法》第一百三十七条规定情形的”修改为…,16092,已提取-可全文
RFN-a38358ef731da863,T10数据治理与信息披露,保险公司信息披露管理办法（中国银行保险监督管理委员会令2018年第2号),保监统信〔2010〕604号,nfra,BOUNDARY,低,人身保险|人身保险公司,,,再保险公司|财产保险公司,[body]…设置情况。第十一条 保险公司披露的产品基本信息应当包括下列内容：（一）审批或者备案的保险产品目录、条款；（二）人身保险新型产品说明书；（三）中国银行保险监督管理委员会规定的其他产品基本信息。第十二条 保险公司披露的上一年度财务会…,10504,已提取-可全文
RFN-a3abd303e6febeca,T8机构准入与组织监管,中国银保监会办公厅关于延长保险公司跨京津冀区域经营备案管理试点有效期的通知,银保监办发[2019]105号,nfra,BOUNDARY,低,,,保险公司,,[title]…中国银保监会办公厅关于延长保险公司跨京津冀区域经营备案管理试点有效期的通知 中国银保监会办公厅关于延长保险公司跨京津冀区域经营备案管理试点有效期…,1000,已提取-可全文
RFN-a3cd627cf001d29f,T1销售行为与消费者保护,中国银保监会2022年规章立法工作计划,N/A,nfra,BOUNDARY,低,人身保险,,,商业银行,[meta]…行服务价格管理办法》修订6《商业银行托管业务监督管理办法》制定7《政策性金融机构行政许可事项实施办法》制定8《人身保险产品信息披露管理办法》制定9《保险销售行为管理办法》制定10《保险保障 法规部    中国银保监会2022年规…,903,已提取-可全文
RFN-a416e99a11f00300,T7反洗钱与反恐怖融资,中国人民银行 国家金融监督管理总局 中国证券监督管理委员会令〔2025〕第11号（金融机构客户尽职调查和客户身份资料及交易记录保存管理办法）,中国保险监督管理委员会令〔2007〕第2号,pbc,BOUNDARY,低,人寿保险|人身保险|健康保险,,,保险经纪|信托公司|商业银行|基金管理公司|证券公司|金融资产|银行业|银行业金融机构,[body]…中国人民银行和中国证券监督管理委员会规定的应当开展客户尽职调查的其他证券业务。 第十二条 保险公司在与客户订立人寿保险合同和其他具有投资性质的保险合同时，应当开展客户尽职调查，确认投保人和被保险人之间的关系，以及被保险人和受益人…,27219,已提取-可全文
RFN-a429aecda05abca9,T1销售行为与消费者保护,中国保监会关于印发《人身保险销售误导行为认定指引》的通知,保监发〔2012〕87号,nfra,INCLUDE,高,人身保险|人身保险公司,,,保险经纪|保险经纪机构,[title]…中国保监会关于印发《人身保险销售误导行为认定指引》的通知 保监发〔2012〕87号。各保监局，机关各部门，各人身保险公司、保险代理机构、保…,5613,已提取-可全文
RFN-a52685b078eca2c9,T4公司治理与股权关联交易,关于印发《保险公司内部控制基本准则》的通知,保监发〔2010〕69号,nfra,EXCLUDE,中,,,保单|保险产品|保险公司|保险公司分支机构|保险资产管理|保险资金|偿付能力|分支机构,再保险公司,[body]…的，应当追究其责任。 第五章 附则 第五十九条 本准则适用于在中华人民共和国境内成立的保险公司。保险集团公司、再保险公司和保险资产管理公司的内部控制，参照本准则执行。 第六十条 中国保监会依据本准则的规定制定控制活动的应用规范。…,25654,已提取-可全文
RFN-a5f9f13913394cd6,T8机构准入与组织监管,关于调整非税收入执收单位和管理办法的通知,保监发〔2007〕88号,nfra,EXCLUDE,中,,保险代理人|保险兼业代理,保险公司|保险机构|分支机构,保险中介机构|保险公估|保险经纪,[body]…外国保险机构代表处保险业务监管费、中国精算师资格考试费和部分罚没收入的收缴。 （二）各保监局负责保险中介机构、保险兼业代理机构的保险业务监管费、保险中介人（保险代理人、保险经纪人和保险公估人）资格考试费、保险从业人员基本资格证书工本…,7935,已提取-可全文
RFN-a62e18ba957ab6d7,T2产品与精算制度,关于银行代理销售投资连结和万能保险产品的通知（已废止）,保监发〔2004〕22号,nfra,INCLUDE,中,人身保险|寿险,,,,[meta]…关于银行代理销售投资连结和万能保险产品的通知（已废止） 保监发〔2004〕22号。各寿险公司、各保监局：。为了促进银行代理人身保险业务的发展，拓展人身保险新型产品的销售渠道，经研究，现将有关事项通知…,1226,已提取-可全文
RFN-a63c24c77745c181,T4公司治理与股权关联交易,中国银保监会关于印发健全银行业保险业公司治理三年行动方案（2020—2022年）的通知,银保监办发〔2020〕40号,nfra,EXCLUDE,中,,,保险公司|保险机构|偿付能力|分支机构,商业银行|银行业,[title]…中国银保监会关于印发健全银行业保险业公司治理三年行动方案（2020—2022年）的通知 为进一步加强银行保险机构公司治理监管，切实提升公司治…,14096,已提取-可全文
RFN-a65927d08c1a124a,T10数据治理与信息披露,中国保险监督管理委员会 国务院第二次全国经济普查领导小组办公室 关于印发《第二次保险业经济普查实施方案》的通知（已失效）,保监发〔2008〕91号,nfra,EXCLUDE,中,,,保险公司|保险公司分支机构|保险机构|保险资产管理|分支机构,保险中介机构|证券公司,[meta]…次保险业经济普查实施方案》的通知（已失效） 保监发〔2008〕91号。各保监局，各保险公司、保险资产管理公司、保险中介机构、外国及港澳台地区保险机构在华代表处，各省、自治区、直辖市、计划单列市及新疆生产建设兵团经济普查办公室：。根据…,9967,已提取-可全文
RFN-a69e5b203b206290,T7反洗钱与反恐怖融资,中国人民银行 中国银行保险监督管理委员会 中国证券监督管理委员会关于印发《互联网金融从业机构反洗钱和反恐怖融资管理办法（试行）》的通知（银发〔2018〕230号）,银发[2018]230号,pbc,EXCLUDE,—,,,,,,350,已提取-可全文
RFN-a6e37a016be69c55,T9风险处置与案件合规,关于对保险公司有关责任人予以处罚相关问题的复函,保监办函〔2003〕118号,nfra,BOUNDARY,低,,,保险公司,,[title]…关于对保险公司有关责任人予以处罚相关问题的复函 保监办函〔2003〕118号。南昌保监办：。你办《关于对保险公司有关责任人予…,896,已提取-可全文
RFN-a6eb9af1df4f666b,T3资本与偿付能力监管,关于进一步加强偿付能力管理工作有关问题的通知（已失效）,保监发〔2007〕48号,nfra,BOUNDARY,低,,,保险公司|偿付能力|分支机构,,[title]…关于进一步加强偿付能力管理工作有关问题的通知（已失效） 保监发〔2007〕48号。各产险公司：。偿付能力是保险公司支付所有到期债务和…,1933,已提取-可全文
RFN-a7368ce63f54a8ed,T6养老与健康保险专项,中国保监会关于发布《保险公司参与社会医疗保险服务数据交换规范（JR/T 0147-2016）》行业标准的通知,保监发〔2016〕70号,nfra,EXCLUDE,中,,,保险公司|保险资产管理,,,981,已提取-可全文
RFN-a77da0310454e26c,T0上位法锚点,社会保险经办条例,中华人民共和国国务院令第765号,gov,BOUNDARY,低,养老保险,,,,[meta]…，维护用人单位和个人的合法权益，促进社会公平，根据《中华人民共和国社会保险法》，制定本条例。 第二条 经办基本养老保险、基本医疗保险、工伤保险、失业保险、生育 中华人民共和国国务院    社会保险经办条例 (2023年7月21日…,27560,已提取-可全文
RFN-a79d07f6acb16143,T2产品与精算制度,中国银保监会 财政部 生态环境部关于印发核保险巨灾责任准备金管理办法的通知,银保监发[2020]47号,nfra,EXCLUDE,中,,,保险公司|保险资金,保险中介机构|再保险公司|财产保险公司,[meta]…计划单列市、新疆生产建设兵团财政厅（局），各省、自治区、直辖市生态环境厅（局），新疆生产建设兵团生态环境局，各财产保险公司、再保险公司：各银保监局，各省、自治区、直辖市、计划单列市、新疆生产建设兵团财政厅（局），各省、自治区、直辖市…,5304,已提取-可全文
RFN-a7b50b34e5b91456,T10数据治理与信息披露,关于发布《寿险单证》行业标准的通知,保监发〔2009〕33号,nfra,INCLUDE,高,寿险,,,,[title]…关于发布《寿险单证》行业标准的通知 保监发〔2009〕33号。各保监局，保监会机关各部门，各保险公司、保险资产管理公司、保险…,756,已提取-可全文
RFN-a7ba384041a4e177,T10数据治理与信息披露,关于保险公司2004年年度报告编报工作有关问题的通知（已失效）,保监财会〔2005〕94号,nfra,BOUNDARY,低,健康险|寿险,,,保险经纪|再保险公司|财产保险公司|财产险,[body]…年度内重大事项（包括重大的投资、关联交易、再保险安排、赔付、合同、诉讼等）、财务报告、审计意见、其他事项。鼓励寿险公司在年度报告中披露内含价值（Embedded Value）有关信息。     四、财务报告至少应包括财务报表…,7122,已提取-可全文
RFN-a7c3b3863a4a088a,T5资金运用与资产负债管理,保险资金参与国债期货交易规定,银保监办发〔2020〕59号,nfra,BOUNDARY,低,,,保险公司|保险资产管理|保险资金,,[title]…中国银保监会办公厅关于印发保险资金参与金融衍生产品交易办法等三个文件的通知 各保险集团（控股）公司、保险公司、保险资产管理公司：各保险集团（控股…,782,已提取-可全文
RFN-a886b72c2e0c765d,T8机构准入与组织监管,保险许可证管理办法,N/A,nfra,EXCLUDE,中,,保险兼业代理,保险公司|保险公司分支机构|保险营销|保险资产管理|分支机构,保险公估|保险经纪|保险经纪机构,[body]…； （三）保险资产管理公司及其分支机构； （四）保险代理机构、保险经纪机构、保险公估机构及其分支机构； （五）保险兼业代理机构； （六）中国保监会规定的其他保险类机构。 第五条本办法所称保险许可证包括下列几种类型： （一）保险公司法…,6376,已提取-可全文
RFN-a9234f3e51470cc0,T3资本与偿付能力监管,国家金融监督管理总局关于优化保险公司偿付能力监管标准的通知,金规[2023]5号,nfra,BOUNDARY,低,人身险公司,,,再保险公司|财产险,[body]…； 总资产 100 亿元以下公司的最低资本按照 90%计算偿付能力充足率， 即特征系数为-0.1。 （二）对于人身险公司， 总资产 500 亿元以上、 5000 亿元以下公司的最低资本按照 95%计算偿付能力充足率， 即特征系数为…,2998,已提取-可全文
RFN-a99332dbded1b652,T4公司治理与股权关联交易,国家金融监督管理总局关于印发《保险集团并表监督管理办法》的通知,金规[2025]11号,nfra,BOUNDARY,低,,,偿付能力,,[body]…并定期对金融子公司开展资本充足评估，确保保险集团资本能充分抵御风险，满足业务发展需要。保险集团资本计量应当按照偿付能力监管规则要求，避免资本重复计算，减少过度杠杆风险。第二十三条 保险集团公司应当充分考虑集团整体层面资产与负债的…,10173,已提取-可全文
RFN-a9eec58c9eea2a67,T2产品与精算制度,关于修订精算规定中生命表使用有关事项的通知,保监发〔2005〕118号,nfra,INCLUDE,中,人寿保险|人身保险|健康保险|养老保险公司|寿险,,,,[meta]…关于修订精算规定中生命表使用有关事项的通知 保监发〔2005〕118号。各寿险公司、各养老保险公司、各健康保险公司：。为了更好地使用《中国人寿保险业经验生命表(2000-2003)》，现对…,2422,已提取-可全文
RFN-a9fedb44d9d78bda,T5资金运用与资产负债管理,转发中国人民银行关于商业银行对外资保险公司办理人民币协议存款业务的利率等相关问题的通知,保监发[2005]23号,,—,—,,,,,,0,未在五源cleaned收录
RFN-aa06db05ffcc03bb,T10数据治理与信息披露,关于进一步做好保险业参与社会治安综合治理工作的通知（已废止）,保监厅发〔2009〕39号,nfra,BOUNDARY,低,健康保险,,,,[body]…”保险服务网络。加强与气象、水利、畜牧等部门合作，运用现代技术手段，提升农业防灾防损水平。 大力发展商业养老和健康保险。结合社会保障体制改革，大力发展个人、团体养老等保险业务。积极探索保险业参与和服务医疗卫生体制改革的新途径和有…,5048,已提取-可全文
RFN-aa19f65da57e5ec1,T1销售行为与消费者保护,关于深入开展人身保险市场乱象治理专项工作的通知,银保监办便函〔2021〕477号,supp,INCLUDE,高,人身保险|人身保险公司,,,,[title]…中国银保监会办公厅关于深入开展人身保险市场乱象治理专项工作的通知 人身保险市场乱象治理专项（2021年4-11月）：治理重点四大领域——①销售行为（…,6443,已提取-可全文
RFN-aa25448f04553219,T1销售行为与消费者保护,关于2005年下半年保险代理从业人员资格考试有关事项的通知,保监发〔2005〕46号,nfra,INCLUDE,中,人身保险,,,,[body]…一书的第一章至第五章。  （二）财产保险知识占 10 分。 命题范围是《保险基础知识》一书的第六章。  （三）人身保险知识占 20 分。 命题范围是《保险基础知识》一书的第七章。  （四）职业道德和执业行为规范占 10 分。 命…,1654,已提取-可全文
RFN-aa5bd3e45957da3f,T4公司治理与股权关联交易,关于开展对保险业资本构成等情况调查的通知（已失效）,保监厅发〔2006〕22号,nfra,BOUNDARY,低,,,保险公司|保险机构|保险资产管理,,[meta]…关于开展对保险业资本构成等情况调查的通知（已失效） 保监厅发〔2006〕22号。各保险集团公司、保险公司、保险资产管理公司：。为进一步分析各类资本在我国保险业发展中的地位、作用和影响，我会决定对各保险机构的资本构成…,1146,已提取-可全文
RFN-ab0da5bfe3db7779,T2产品与精算制度,关于处理有关保险合同纠纷问题的意见,保监发[2001]74号,nfra,BOUNDARY,低,,,保险公司|保险条款,,[body]…讼事宜。 为进一步明确保险监管职能， 提高监管工作效率， 现提出处理此类问题的有关意见： 一、 对于被保险人与保险公司之间的保险合同争议， 保监会及其派出机构不负责裁定， 因此引起的投诉案件， 保监会可以督促保险公司积极与被保险…,1370,已提取-可全文
RFN-ab555a753eb70714,T9风险处置与案件合规,关于防范利用保险进行诈骗的通知（已废止）,保监发〔2006〕20号,nfra,INCLUDE,中,健康保险|养老保险公司|寿险,,,,[meta]…关于防范利用保险进行诈骗的通知（已废止） 保监发〔2006〕20号。各寿险公司、各养老保险公司、各健康保险公司：。一个时期以来，各地出现了多起以办理保险为名骗取客户资金的恶性事件，严重…,2709,已提取-可全文
RFN-ab5d72dded585bfd,T1销售行为与消费者保护,关于进一步落实保险营销员持证上岗制度的通知（已失效）,保监发〔2004〕49号,nfra,INCLUDE,中,,保险营销员|保险销售从业人员,保险公司|保险机构|保险营销|保险销售|分支机构,,[title]…关于进一步落实保险营销员持证上岗制度的通知（已失效） 保监发〔2004〕49号。各保监局、各保险公司：。今年以来，一些地方的保险代理从…,4323,已提取-可全文
RFN-ab5de0fe07865503,T6养老与健康保险专项,中国银保监会办公厅关于做好短期健康保险业务客户服务工作的通知,银保监办便函〔2021〕673号,supp,INCLUDE,高,健康保险,,,,[title]…中国银保监会办公厅关于做好短期健康保险业务客户服务工作的通知 短期健康保险客户服务（落实银保监办发〔2021〕7号）：落实主体责任、总分联动机制；维…,5530,已提取-可全文
RFN-ab869de108360048,T10数据治理与信息披露,关于印发《人身保险保单标准化工作指引（试行）》的通知,保监发〔2005〕108号,nfra,INCLUDE,高,人身保险|人身保险公司,,,,[title]…关于印发《人身保险保单标准化工作指引（试行）》的通知 保监发〔2005〕108号。各人身保险公司：。为提升全行业服务水平，规范人…,436,已提取-可全文
RFN-ab8b77719a0bd5d3,T9风险处置与案件合规,中国保监会关于进一步做好保险业防范和处置非法集资工作的通知,保监稽查〔2015〕263号,nfra,EXCLUDE,中,,,保单|保险公司|保险机构|保险资产管理|分支机构,保险中介机构,[body]…据保险业防范和处置非法集资工作视频会的要求做好以下工作： （一）各保监局应于2015年12月31日前，召开辖内保险中介机构防范和处置非法集资工作会，传达落实保险业防范和处置非法集资工作视频会的会议精神和工作要求。 （二）各保监局、各…,4872,已提取-可全文
RFN-abe0b8e7f6398399,T1销售行为与消费者保护,关于人身保险业务有关问题的通知（已废止）,保监发[1999]15号,nfra,INCLUDE,高,人寿保险|人寿保险公司|人身保险|寿险,保险代理人,,,[title]…关于人身保险业务有关问题的通知（已废止） 保监发[1999]15号。中保人寿保险有限公司、中国太平洋保险公司、中国平安保险…,3828,已提取-可全文
RFN-ac0ab71db17598fe,T9风险处置与案件合规,中国保监会关于印发《反保险欺诈指引》的通知,保监发〔2018〕24号,nfra,EXCLUDE,中,,,保险公司|保险机构|保险消费者|偿付能力|分支机构,再保险公司,[body]…监会）及其派出机构（以下简称派出机构）批准设立的保险集团（控股）公司、保险公司及其分支机构。保险专业中介机构、再保险公司和其他具有反保险欺诈职能的机构参照本指引开展反欺诈相关工作。 第三条 保险欺诈（以下简称欺诈）是指假借保险名义…,14715,已提取-可全文
RFN-acd93c63e93e8743,T3资本与偿付能力监管,关于印发《人身保险公司年度全面风险管理报告框架》及风险监测指标的通知,保监寿险〔2012〕193号,nfra,INCLUDE,高,人身保险公司|健康保险|养老保险公司|寿险,,,,[title]…关于印发《人身保险公司年度全面风险管理报告框架》及风险监测指标的通知 保监寿险〔2012〕193号。各寿险公司、健康保险公司、养老保…,4576,已提取-可全文
RFN-ad1d22dc64f02096,T1销售行为与消费者保护,中国银保监会办公厅关于取消部分证明材料的通知,银保监办发〔2019〕181号,nfra,EXCLUDE,中,,保险兼业代理,保险公司|保险机构,保险中介机构,[body]…2019 年 8 月 27 日 （此件发至银保监分局和地方法人银行保险机构， 并请各银保监局转发至辖内保险兼业代理机构） 中国银保监会办公厅关于取消部分证明材料的通知中国银保监会办公厅关于取消部分证明材料的通知 银保监办发〔…,1092,已提取-可全文
RFN-ad41bc09e1aa94d1,T10数据治理与信息披露,关于开展保险数据真实性抽查工作的通知（已失效）,保监发〔2009〕62号,nfra,INCLUDE,中,寿险,,,保险中介机构,[body]…查工作组织领导不到位、不够深入、对整改工作存在畏难情绪、持观望态度的保险机构要作为重点检查对象。各保监局对产、寿险公司至少要各选取3家，既可以抽查省级分公司，也可以抽查地市中支公司。 （三）抽查工作安排 年初保监会安排了这次…,4621,已提取-可全文
RFN-ad4dd121386851e0,T4公司治理与股权关联交易,中国保监会关于印发《保险法人机构公司治理评价办法（试行）》的通知,保监发〔2015〕112号,nfra,BOUNDARY,低,,,保险公司|保险消费者|保险资产管理,,[meta]…会关于印发《保险法人机构公司治理评价办法（试行）》的通知 保监发〔2015〕112号。各保险集团（控股）公司、保险公司、保险资产管理公司：。为综合评价保险公司治理状况，进一步完善保险法人机构治理结构，提升行业公司治理水平，我会制…,5938,已提取-可全文
RFN-ad5242f3e1520bfb,T9风险处置与案件合规,关于明确保险机构案件责任追究管理有关问题的通知,保监稽查〔2011〕1539号,nfra,BOUNDARY,低,,,保险公司|保险机构|保险资产管理|分支机构,,[title]…关于明确保险机构案件责任追究管理有关问题的通知 保监稽查〔2011〕1539号。各保监局，各保险集团公司、保险公司、保险资产管…,7410,已提取-可全文
RFN-adec00b96bdb096e,T10数据治理与信息披露,中国银行保险监督管理委员会关于发布《保险电子签名技术应用规范(JRT0161-2018)》行业标准的通知,银保监发〔2018〕17号,nfra,BOUNDARY,低,,,保险公司|保险资产管理,,"[meta]…司、上海保险交易所股份有限公司、中国保险报业股份有限公司,中国保险行业协会、中国保险学会、中国精算师协会、中国保险资产管理业协会,各保险公司、保险资产管理公司、保险专业中介机构: 全国金融标准化技术委员会保险分技术委员会制定了《保险…",838,已提取-可全文
RFN-ae0c66a57b03979f,T0上位法锚点,中华人民共和国保险法,N/A,nfra,INCLUDE,中,人寿保险|人身保险|健康保险|养老保险,个人保险代理人|保险代理人|保险兼业代理,,保险公估|保险经纪|银行业,[body]…民共和国计量法〉等五部法律的决定》第三次修正） 目 录第一章 总则第二章 保险合同 第一节 一般规定 第二节 人身保险合同 第三节 财产保险合同第三章 保险公司第四章 保险经营规则第五章 保险代理人和保险经纪人第六章 保险业监督…,43372,已提取-可全文
RFN-ae3b7c8be94e1f51,T6养老与健康保险专项,民政部、国家发展改革委、公安部、财政部、中国人民银行、市场监管总局、金融监管总局关于加强养老机构预收费监管的指导意见,民发〔2024〕19号,supp,EXCLUDE,中,,,分支机构,商业银行,[body]…、仲裁、诉讼等方式解决。 三、强化多元监督管理 （九）实行银行存管和风险保证金方式管理。押金、会员费，应当采取商业银行第三方存管和风险保证金等方式管理，确保资金安全。民政部门要会同当地金融监管部门制定存管的具体要求、办理程序、养…,10890,已提取-可全文
RFN-ae5ca497f51d0e32,T5资金运用与资产负债管理,关于保险机构投资者股票投资交易有关问题的通知,保监发〔2005〕13号,nfra,BOUNDARY,低,,,万能保险|保险产品|保险公司|保险机构|保险资产管理|保险资金|分红保险|投资连结保险,,[title]…关于保险机构投资者股票投资交易有关问题的通知 保监发〔2005〕13号。各保险公司、保险资产管理公司，上海、深圳证券交易所…,9248,已提取-可全文
RFN-ae962547a450c4cb,T3资本与偿付能力监管,中国保监会关于建立分类监管评价结果通报制度的通知,保监财会〔2013〕619号,nfra,INCLUDE,中,寿险,,,,[body]…事项通知如下： 一、 每季度完成保险公司法人机构分类监管评价后， 保监会向保险公司通报以下信息： （一）产险或寿险行业的分类监管评价类别总体情况； （二）该公司分类监管评价结果； （三）被评为 C、 D 类公司的主要风险。…,1892,已提取-可全文
RFN-aec59f8622f251a3,T8机构准入与组织监管,关于印发《保险公司开业验收指引》的通知,保监发〔2011〕14号,nfra,EXCLUDE,中,,,保单|保险公司|保险机构|保险资产管理|偿付能力|分支机构,商业银行,[body]…管理部门负责人等关键岗位负责人相关材料。 （九）公司组织机构、部门设置及人员基本构成情况。 （十）与符合条件的商业银行签订的资产托管协议或合作意向书。 （十一）营业场所所有权或者使用权的证明文件及消防安全证明。 （十二）信息化建…,6888,已提取-可全文
RFN-aedbf0e9b08f138f,T1销售行为与消费者保护,中国保监会关于印发《人身保险电话销售业务管理办法》的通知,保监发〔2013〕40号,nfra,INCLUDE,高,人寿保险公司|人身保险|人身保险公司|健康保险|养老保险公司|寿险,保险销售从业人员,,,[title]…中国保监会关于印发《人身保险电话销售业务管理办法》的通知 保监发〔2013〕40号。各保监局，各人寿保险公司、健康保险公司、养老保险公司：…,15004,已提取-可全文
RFN-af0ff71774687610,T8机构准入与组织监管,关于明确保险公司分支机构管理有关问题的通知,保监发〔2010〕49号,nfra,BOUNDARY,低,,,保险公司|保险公司分支机构|保险机构|保险营销|偿付能力|分支机构,,[title]…关于明确保险公司分支机构管理有关问题的通知 保监发〔2010〕49号。各保险公司、各保监局、机关各部门：。为了加强机构监管，统一执法标…,5527,已提取-可全文
RFN-af8219392e2fe4c6,T4公司治理与股权关联交易,保险公司股权管理办法,保监会令〔2018〕5号,nfra,BOUNDARY,低,,,保险公司|保险机构|保险资产管理|保险资金|偿付能力,,[title]…保险公司股权管理办法 保监会令〔2018〕5号。《保险公司股权管理办法》已经2018年2月7日中国保险监督管理委员会主…,25222,已提取-可全文
RFN-afb646fee1fa0c25,T2产品与精算制度,国家税务总局 财政部 中国人民银行 银监会 证监会 保监会关于发布《非居民金融账户涉税信息尽职调查管理办法》的公告,N/A,nfra,BOUNDARY,低,人寿保险,,,信托公司|商业银行|基金管理公司|证券公司|金融资产|银行业,[body]…； 3.取款应当与账户设立的目的相关，包括医疗等； 4.每年缴款不超过五万美元。 （三）同时符合下列条件的定期人寿保险合同： 1.在合同存续期内或者在被保险人年满九十岁之前（以较短者为准），至少按年度支付保费，且保费不随时间递减…,21366,已提取-可全文
RFN-afe4f139484908f1,T8机构准入与组织监管,关于规范保险公司相互代理业务有关事项的通知,保监中介〔2010〕325号,nfra,BOUNDARY,低,,,保险公司|分支机构,,[title]…关于规范保险公司相互代理业务有关事项的通知 保监中介〔2010〕325号。各保监局、各保险公司：。为了规范保险公司相互代理保险…,814,已提取-可全文
RFN-b09313ce7d503d34,T10数据治理与信息披露,关于印发《中国保险业发展“十一五”规划纲要》的通知,保监发〔2006〕97号,nfra,INCLUDE,中,人身保险|健康保险|养老保险|养老保险公司|寿险,保险营销员,,保险中介机构|公估机构|再保险公司|商业银行|基金管理公司|财产险|银行业,[body]…管理公司5家，专业保险中介机构达1800家，兼业代理机构达12万家，保险营销员达152万人。一批农业保险公司、养老保险公司、健康保险公司、汽车保险公司、相互制保险公司和保险资产管理公司相继设立，专业性保险机构从无到有，再保险市场主体…,31773,已提取-可全文
RFN-b0f7df910c31db95,T3资本与偿付能力监管,关于提取资本保证金的批复,保监财会〔2005〕877号,nfra,BOUNDARY,低,人寿保险,,,,[meta]…关于提取资本保证金的批复 保监财会〔2005〕1173号。国信人寿保险股份有限公司：。你公司《关于解冻资本保证金的申请报告（三）》（国信人寿〔2005〕41号）收悉。经研究，同意你…,1181,已提取-可全文
RFN-b113c8287c005c98,T5资金运用与资产负债管理,关于保险机构投资商业银行股权的通知（已废止）,保监发[2006]98号,nfra,EXCLUDE,中,,,万能保险|保险产品|保险公司|保险机构|保险资产管理|保险资金|偿付能力|投资连结保险,商业银行|银行业,[title]…关于保险机构投资商业银行股权的通知（已废止） 保监发[2006]98号。各保险公司、保险资产管理公司：。为进一步拓宽保险资金投资渠道，…,9199,已提取-可全文
RFN-b17bcf0df16484b9,T5资金运用与资产负债管理,中国保监会关于提高保险资金投资蓝筹股票监管比例有关事项的通知,保监发〔2015〕64号,nfra,BOUNDARY,低,,,保险公司|保险资产管理|保险资金|偿付能力,,[title]…中国保监会关于提高保险资金投资蓝筹股票监管比例有关事项的通知 保监发〔2015〕64号。各保险集团（控股）公司、保险公司、保险资产管理公…,1307,已提取-可全文
RFN-b18747233ab0f7a3,T2产品与精算制度,中国银保监会办公厅关于印发意外伤害保险业务监管办法的通知,银保监办发[2021]106号,nfra,INCLUDE,中,人身保险|人身保险公司|寿险,保险代理人,,保险中介机构|保险经纪|财产保险公司,[body]…险（以下简称意外险），是以被保险人因遭受意外伤害造成死亡、伤残或者发生保险合同约定的其他事故为给付保险金条件的人身保险。本办法所称保险公司，是指依法设立的人身保险公司和财产保险公司。第三条 保险公司开展意外险业务，应严格遵守法律…,10704,已提取-可全文
RFN-b1af28983b0e5cc7,T4公司治理与股权关联交易,关于执行《保险公司董事和高级管理人员任职资格管理规定》若干问题的通知（已失效）,保监发〔2008〕83号,nfra,BOUNDARY,低,,,保险公司|保险机构,,[title]…关于执行《保险公司董事和高级管理人员任职资格管理规定》若干问题的通知（已失效） 保监发〔2008〕83号。各保险公司，各保监局，…,3567,已提取-可全文
RFN-b1c08c3785a08395,T1销售行为与消费者保护,关于加强银行代理寿险业务结构调整促进银行代理寿险业务健康发展的通知（已废止）,保监发〔2010〕4号,nfra,INCLUDE,高,人身保险|健康险公司|养老险公司|寿险,保险兼业代理,,商业银行|金融资产|银行业,[title]…关于加强银行代理寿险业务结构调整促进银行代理寿险业务健康发展的通知（已废止） 保监发〔2010〕4号。各保监局，各银监局，各寿险公…,6519,已提取-可全文
RFN-b1cbe84836cab870,T2产品与精算制度,《关于分红险分红水平监管意见的函》,金寿险函〔2025〕374号,,—,—,,,,,,0,未在五源cleaned收录
RFN-b1da8f220ff6beb8,T1销售行为与消费者保护,保险消费投诉处理管理办法,保监会令〔2013〕8号,nfra,EXCLUDE,中,,保险兼业代理|保险销售从业人员,保险产品|保险公司|保险公司分支机构|保险机构|保险消费者|保险销售|分支机构,保险中介机构|保险公估|保险经纪公司,[body]…受益人。 本办法所称保险从业人员，是指保险机构工作人员、保险中介机构从业人员，以及其他为保险机构销售保险产品的保险销售从业人员。 第四十四条 本办法所称保险机构，是指保险公司及其分支机构。 本办法所称保险中介机构，是指保险专业代理公司及…,15364,已提取-可全文
RFN-b216553d0a86de92,T3资本与偿付能力监管,中国保监会关于在偿二代过渡期内开展保险公司偿付能力风险管理能力试评估有关事项的通知,保监财会〔2015〕125号,nfra,INCLUDE,中,人身保险公司|寿险,,,再保险公司|财产保险公司,[body]…险最低资本的依据。偿二代正式实施后的偿付能力风险管理评估方案另行发布。 二、评估范围 评估对象为财产保险公司、人身保险公司和再保险公司。评估内容为保险公司的偿付能力风险管理能力，具体包括：偿付能力风险管理的基础与环境、偿付能力风险管…,6510,已提取-可全文
RFN-b2aa69abdc44dd7a,T1销售行为与消费者保护,关于妥善处理人身保险新型产品客户投诉有关问题的通知（已失效）,保监办发〔2003〕24号,nfra,INCLUDE,高,人身保险|寿险,,,,[title]…关于妥善处理人身保险新型产品客户投诉有关问题的通知（已失效） 保监办发〔2003〕24号。各保监办，各寿险公司：。近两年来，由于资…,1884,已提取-可全文
RFN-b2dc070aae6d7995,T1销售行为与消费者保护,保险经纪机构监管规定（2015年修订）,中国保险监督管理委员会令2009年第6号,nfra,EXCLUDE,中,,,保单|保险产品|保险公司|分支机构,保险中介机构|保险公估|保险经纪|保险经纪公司|保险经纪机构|商业银行,[title]…保险经纪机构监管规定 中国保险监督管理委员会令。2009年第6号。《保险经纪机构监管规定》已经2009年9月18日中国保险…,22616,已提取-可全文
RFN-b34fbb60ffbcad24,T7反洗钱与反恐怖融资,中国人民反洗钱局关于印发《法人金融机构洗钱和恐怖融资风险管理指引（试行）》的通知,银反洗发[2018]19号,,—,—,,,,,,0,未在五源cleaned收录
RFN-b37fedf7a00a8e8c,T2产品与精算制度,关于加强新型产品销售管理工作的紧急通知（已失效）,保监发〔2002〕35号,nfra,INCLUDE,中,人身保险|寿险,,,,[meta]…关于加强新型产品销售管理工作的紧急通知（已失效） 保监发〔2002〕35号。各寿险公司：。为适应市场发展需要，各寿险公司相继推出分红产品、投资连结产品以及万能产品等新型产品，对促进寿险业的发展…,1280,已提取-可全文
RFN-b3b1e590d7066a6a,T6养老与健康保险专项,关于印发加快健康保险发展的指导意见的通知（已废止）,保监发〔2002〕130号,nfra,BOUNDARY,低,健康保险|健康险,,,,[body]…业化发展的关键。 各保险公司应制定健康保险专业人才的培养规划， 加快健康保险专业人才的培养。 采取多种途径培养健康险专业人才， 特别是要重点培养高级管理人员和精算、 核保、 核赔、 健康管理等专业人才， 并充分发挥其作用。…,3102,已提取-可全文
RFN-b47c7bcfe15fd611,T7反洗钱与反恐怖融资,关于贯彻落实《反洗钱法》防范保险业洗钱风险的通知,保监发[2007]11号,nfra,BOUNDARY,低,,,保险公司|保险资产管理|分支机构,,[meta]…关于贯彻落实《反洗钱法》防范保险业洗钱风险的通知 保监发[2007]11号。各保险公司、保险资产管理公司、保险公司筹备组：。《反洗钱法》已于 2007年1月1日施行。为贯彻落实《反洗钱法》，防止洗…,3568,已提取-可全文
RFN-b49620ff58101c1f,T4公司治理与股权关联交易,关于重大关联交易认定有关事宜的复函,保监发改[2010]1199号,,—,—,,,,,,0,未在五源cleaned收录
RFN-b4cdf56e50c9be98,T10数据治理与信息披露,中国保监会关于调整“保险金额”“签单数量”等保险监管统计指标报送频率的通知,保监统信〔2018〕7号,nfra,BOUNDARY,低,,,保单|保险公司,,[meta]…整“保险金额”“签单数量”等保险监管统计指标报送频率的通知 保监统信〔2018〕7号。各保险集团（控股）公司、保险公司：。为进一步提升监管效能，更好的发挥保险业服务实体经济作用，我会决定将“保险金额”“签单数量”等监管统计指标由…,1856,已提取-可全文
RFN-b4d289dc1654e895,T10数据治理与信息披露,关于发布《保险公司统计分析指标体系规范》行业标准的通知,保监发〔2009〕30号,nfra,BOUNDARY,低,,,保险公司|保险资产管理,,[title]…关于发布《保险公司统计分析指标体系规范》行业标准的通知 保监发〔2009〕30号。各保监局，保监会机关各部门，各保险公司、保险资…,769,已提取-可全文
RFN-b53296b4adf450b5,T8机构准入与组织监管,中华人民共和国外资保险公司管理条例实施细则,中国银行保险监督管理委员会令[2019]4号,nfra,BOUNDARY,低,人身保险|寿险,,,再保险公司|商业银行|财产保险公司,[meta]…公司，是指在中国境外注册、经营保险业务的保险公司。第三条　外国保险公司与中国的公司、企业合资在中国境内设立经营人身保险业务的合资保险公司（以下简称合资寿险公司），其中外资比例不得超过公司总股本的50％。     保监会令（200…,11582,已提取-可全文
RFN-b56ccd1ba6ce6c7b,T8机构准入与组织监管,国家金融监督管理总局办公厅印发《关于银行业保险业支持福建建设两岸融合发展示范区的若干措施》的通知,金办发[2025]71号,nfra,EXCLUDE,中,,,保险公司|保险机构|保险资产管理|分支机构,信托公司|金融资产|银行业,[title]…国家金融监督管理总局办公厅印发《关于银行业保险业支持福建建设两岸融合发展示范区的若干措施》的通知 000001各金融监管局，各政策性银行、大型银行、股份…,4063,已提取-可全文
RFN-b589e0692561ef42,T1销售行为与消费者保护,中国保监会 国家发展改革委关于印发《中国保险业信用体系建设规划（2015－2020年）》的通知,保监发〔2015〕16号,nfra,EXCLUDE,中,,保险营销员,保单|保险产品|保险公司|保险机构|保险消费者|保险理赔|保险营销|保险资金|保险销售,保险中介机构|保险公估|保险经纪|财产险,[body]…，保险业高度重视信用体系建设并取得积极进展和成效。实施了《保险从业人员行为准则》、《保险监管人员行为准则》、《保险营销员诚信记录管理办法》等监管规定和办法，保险业信用建设制度体系基本形成。建立了保险机构和高管人员管理系统、保险中介…,20547,已提取-可全文
RFN-b5ae42d7f786b9cf,T5资金运用与资产负债管理,关于保险资金投资股权和不动产有关问题的通知,保监发〔2012〕59号,nfra,BOUNDARY,低,,,保险公司|保险机构|保险资产管理|保险资金|偿付能力,,[title]…关于保险资金投资股权和不动产有关问题的通知 保监发〔2012〕59号。各保险集团（控股）公司、保险公司、保险资产管理公司：…,5843,已提取-可全文
RFN-b5c74b5ed4a79ad3,T2产品与精算制度,中国保监会关于规范中短存续期人身保险产品有关事项的通知,保监发〔2016〕22号,nfra,INCLUDE,高,人身保险|人身保险公司,,,,[title]…中国保监会关于规范中短存续期人身保险产品有关事项的通知 保监发〔2016〕22号。各人身保险公司：。为防范风险，促进中短存续期人身保险产品（以下简…,4295,已提取-可全文
RFN-b605bd8ecf30c4ad,T3资本与偿付能力监管,关于编报保险集团偿付能力报告有关事项的通知,保监发〔2008〕55号,nfra,BOUNDARY,低,人寿保险,,,,[body]…告外， 其他符合保险集团编报规则定义的保险集团暂不用编报偿付能力报告： 1、 中国人民保险集团公司 2、 中国人寿保险（集团）公司 3、 中国再保险（集团）股份有限公司 4、 中国保险（控股）有限公司 5、 中国平安保险（集团）…,2883,已提取-可全文
RFN-b685bd52fd76a267,T3资本与偿付能力监管,中国保监会关于印发《保险公司偿付能力报告编报规则——问题解答第21号：次级可转换债券》的通知,保监发〔2014〕27号,nfra,BOUNDARY,低,,,保险公司|偿付能力,,[title]…中国保监会关于印发《保险公司偿付能力报告编报规则——问题解答第21号：次级可转换债券》的通知 保监发〔2014〕27号。各保险公司、保险集…,1348,已提取-可全文
RFN-b6b275c8d59f1fbd,T2产品与精算制度,关于印发人身保险新型产品精算规定的通知,保监发〔2003〕67号,nfra,INCLUDE,高,人寿保险|人身保险|寿险,,,,[title]…关于印发人身保险新型产品精算规定的通知 保监发〔2003〕67号。各保监办，各寿险公司：。为加强对人身保险新型产品的监管，规范…,16672,已提取-可全文
RFN-b6cf2a0a0700111c,T10数据治理与信息披露,中国保监会关于发布《保险术语（JR/T 0032－2015》行业标准的通知,保监发〔2015〕125号,nfra,BOUNDARY,低,,,保险公司|保险资产管理,,[meta]…的通知 保监发〔2015〕125号。机关各部门，各保监局，中国保险行业协会、中国保险学会、中国精算师协会、中国保险资产管理业协会，中国保险保障基金有限责任公司、中国保险信息技术管理有限责任公司，各保险公司、保险资产管理公司，各保险专…,891,已提取-可全文
RFN-b6ea01e31f1e9bb4,T4公司治理与股权关联交易,关于印发《保险公司薪酬管理规范指引（试行）》的通知,保监发〔2012〕63号,nfra,EXCLUDE,中,,,保险公司|保险资产管理|偿付能力,再保险公司,[body]…（七）财务风险指标。 每类风险指标的构成参照中国保监会有关分类监管的规定确定。保险集团公司、保险资产管理公司和再保险公司风险合规指标由公司根据自身情况和有关监管规定确定。 第十八条  保险公司应当制定规范的考核流程，按照“层层负责…,9831,已提取-可全文
RFN-b6f2e3de87f56668,T1销售行为与消费者保护,中国银保监会办公厅关于落实保险公司主体责任 加强保险销售人员管理的通知,银保监办发[2020]41号,nfra,INCLUDE,中,,个人保险代理人,保险产品|保险公司|保险机构|保险消费者|保险销售|分支机构,,[meta]…公厅关于落实保险公司主体责任 加强保险销售人员管理的通知 2019年银保监会部署开展了保险公司销售从业人员（含个人保险代理人、从事保险销售的员工以及其他用工关系人员，以下简称销售人员）执业登记清核工作。从清核情况看，由于保险公司主体管…,7338,已提取-可全文
RFN-b7257d89ba777dcf,T1销售行为与消费者保护,关于进一步加强投资连结保险销售管理的通知,保监发〔2009〕10号,nfra,INCLUDE,中,健康险公司|养老险公司|寿险,,,,[meta]…关于进一步加强投资连结保险销售管理的通知 保监发〔2009〕10号。各保监局，各寿险公司、健康险公司、养老险公司:。为加强风险防范，完善投资连结保险销售管理，切实保护投保人和被保险人的利益，现就…,2102,已提取-可全文
RFN-b775856858a03547,T3资本与偿付能力监管,中国银保监会关于修订《保险公司偿付能力监管规则——问题解答第1号：偿付能力监管等效框架协议过渡期内的香港地区再保险交易对手违约风险因子》的通知,银保监发[2021]30号,nfra,EXCLUDE,中,,,保险公司|保险机构|偿付能力,,,1187,已提取-可全文
RFN-b79fa64e25fb0507,T10数据治理与信息披露,中国保监会关于保险业服务“一带一路”建设的指导意见,保监发〔2017〕38号,nfra,BOUNDARY,低,人身保险|养老保险,,,保险中介机构,[body]…通”重要产业、重点企业和重大建设项目提供风险保障。大力发展建筑工程、交通、恐怖事件等意外伤害保险和流行性疾病等人身保险产品，完善海外急难救助等附加服务措施。加快特种保险业务国际化进程，服务航空航天、核能及新能源等高新领域的国际合…,8783,已提取-可全文
RFN-b7c9a94d4eb64cf7,T9风险处置与案件合规,中国保险监督管理委员会行政处罚程序规定（2015年修订）,N/A,nfra,EXCLUDE,中,,保险兼业代理,保险公司|保险公司分支机构|保险机构|保险营销|保险资产管理|分支机构,保险中介机构|保险公估|保险经纪|保险经纪机构,[body]…本规定所称业务许可证，是指保险公司法人许可证、经营保险业务许可证、保险营销服务许可证、经营保险代理业务许可证、保险兼业代理业务许可证、经营保险经纪业务许可证、经营保险公估业务许可证、保险资产管理公司法人许可证和经营保险资产管理业务许…,17047,已提取-可全文
RFN-b7dcd83a9c1815b5,T10数据治理与信息披露,关于保险资产管理公司编报2003年年度报告有关问题的通知（已失效）,保监财会[2004]59号,nfra,BOUNDARY,低,寿险,,,,[body]…润表、受托资金来源与运用表、受托资金投资收益表的格式以及《企业会计制度》中的现金流量表格式编制财务报表。对接受寿险公司委托投资的分红保险资金、投资连结保险资金及其他寿险资金，资产管理公司应分别进行投资和核算。 六、现对有关报…,3607,已提取-可全文
RFN-b7e988dc5da7eff4,T2产品与精算制度,人身保险产品信息披露管理办法,中国银行保险监督管理委员会令[2022]8号,nfra,INCLUDE,高,人寿保险|人身保险|健康保险|寿险,,,保险中介机构,[title]…人身保险产品信息披露管理办法 第一章  总  则第一章  总 则 第一条  为规范人身保险产品信息披露行为，促进行业健…,7985,已提取-可全文
RFN-b85b6d91e55aa2cb,T8机构准入与组织监管,关于保险许可证采用新编码规则的通知,保监厅发〔2009〕18号,nfra,BOUNDARY,低,,,保险公司|保险机构|保险资产管理,,[meta]…关于保险许可证采用新编码规则的通知 保监厅发〔2009〕18号。各保监局，各保险公司、保险资产管理公司：。为加强保险许可证管理，我会将对非中介类保险许可证启用新的编码规则。现将有关事宜通知如下：…,1263,已提取-可全文
RFN-b878d6635ecfc0d8,T10数据治理与信息披露,关于印发《保险公司第二次经济普查工作方案》的通知（已失效）,保监厅发〔2009〕22号,nfra,BOUNDARY,低,,,保险公司|保险机构|保险资产管理|分支机构,,[title]…关于印发《保险公司第二次经济普查工作方案》的通知（已失效） 保监厅发〔2009〕22号。各保险公司、保险资产管理公司：。为进一步…,5082,已提取-可全文
RFN-b879cf95ce425985,T1销售行为与消费者保护,国家金融监督管理总局关于推进普惠保险高质量发展的指导意见,金发[2024]13号,nfra,INCLUDE,中,人身保险|健康保险|健康险|养老保险|养老保险公司|寿险,,,保险中介机构|再保险公司,[meta]…和社会稳定器功能，更好满足人民群众和实体经济普惠性的保险需求，进一步推进普惠保险高质量发展，现提出以下意见。 人身保险监管司    各监管局，各保险集团（控股）公司、保险公司，银保信公司、上海保交所、保险业协会、保险学会：为深入…,8595,已提取-可全文
RFN-b9383b393cc34ff5,T9风险处置与案件合规,关于严厉打击境外保险机构在境内非法保险活动及保险诈骗活动的通知（已废止）,保监发〔2004〕52号,nfra,INCLUDE,中,,保险代理人,保单|保险公司|保险机构,,[body]…已构成犯罪， 并被依法追究刑事责任的， 保监局不再予以行政处罚。  （二）境内保险机构或保险机构的工作人员、 保险代理人协助境外保险机构在境内非法从事保险活动， 或协助不法分子假冒境外保险机构在境内从事保险诈骗活动的， 对负有责任…,2362,已提取-可全文
RFN-b9704a30ab4640f6,T10数据治理与信息披露,中国保监会 国务院扶贫开发领导小组办公室关于做好保险业助推脱贫攻坚工作的意见,保监发〔2016〕44号,nfra,BOUNDARY,低,人身保险|健康保险,,,,[body]…接民生保险服务需求。保险机构要针对建档立卡贫困人口，积极开发推广贫困户主要劳动力意外伤害、疾病和医疗等扶贫小额人身保险产品。重点开发针对留守儿童、留守妇女、留守老人、失独老人、残疾人等人群的保险产品，对农村外出务工人员开辟异地理…,10320,已提取-可全文
RFN-b99f3e470b7d541f,T8机构准入与组织监管,关于印发《保险公司开业验收指引（试行）》的通知（已废止）,保监发改〔2005〕272号,nfra,BOUNDARY,低,,,保险公司|保险机构|偿付能力,,[title]…关于印发《保险公司开业验收指引（试行）》的通知（已废止） 保监发改〔2005〕272号。各中资保险公司筹备组：。为规范和指导保险…,4532,已提取-可全文
RFN-b9b9df17265cea39,T3资本与偿付能力监管,关于印发《保险公司偿付能力报告编报规则——问题解答第1号》的通知,保监发〔2003〕121号,nfra,BOUNDARY,低,,,保单|保险产品|保险公司|保险资金|偿付能力,,[title]…关于印发《保险公司偿付能力报告编报规则——问题解答第1号》的通知 保监发〔2003〕121号。各保险公司：。随着保险业的快速发展…,2637,已提取-可全文
RFN-b9e94212a13f4880,T1销售行为与消费者保护,关于提示人身保险银邮代理业务风险的通知,保监寿险〔2008〕576号,nfra,INCLUDE,高,人身保险|健康保险|养老保险公司|寿险,,,,[title]…关于提示人身保险银邮代理业务风险的通知 保监寿险〔2008〕576号。各寿险公司，各养老保险公司，各健康保险公司：。2008年…,1042,已提取-可全文
RFN-b9f342fc87f344e4,T3资本与偿付能力监管,中国保监会关于印发《保险公司偿付能力报告编报规则——问题解答第15号：信用风险评估方法和信用评级》等5项问题解答的通知,保监发〔2013〕24号,nfra,EXCLUDE,中,,,保险公司|保险资产管理|保险资金|偿付能力,信托公司|商业银行|基金管理公司|证券公司|银行业金融机构,[body]…础设施债权投资计划 问：保险公司根据《关于保险资金投资有关金融产品的通知》等有关规定，投资的保险资产管理公司、信托公司等专业投资机构发行的基础设施债权投资计划，在偿付能力报告中如何认可和披露？ 答：保险公司投资的保险资产管理公司…,14519,已提取-可全文
RFN-ba0d34f984fa5ebb,T4公司治理与股权关联交易,关于印发《保险公司内部控制制度建设指导原则》的通知（已废止）,保监发[1999]131号,nfra,BOUNDARY,低,人寿保险公司,保险代理人,,,[body]…制 第十八条保险公司应制定关于保险产品开发的管理制度，定期对保险条款、保险费率及其实施办法进行清理。 第十九条人寿保险公司应建立规范的精算制度，配备合格的精算人员。 第二十条保险公司条款、费率、保险凭证格式以及业务宣传材料的设计、开…,10104,已提取-可全文
RFN-ba99e1d3cdba2d2f,T7反洗钱与反恐怖融资,银行业金融机构反洗钱和反恐怖融资管理办法（中国银行保险监督管理委员会令2019年第1号）,N/A,nfra,EXCLUDE,中,,,分支机构,信托公司|商业银行|金融资产|银行业|银行业金融机构,[title]…银行业金融机构反洗钱和反恐怖融资管理办法（中国银行保险监督管理委员会令2019年第1号） 《银行业金融机构反洗钱和反恐怖融资…,13641,已提取-可全文
RFN-baaf0465f25ad2db,T6养老与健康保险专项,个人养老金实施办法,人力资源社会保障部 财政部 国家税务总局 银保监会 证监会令2022年第1号（人社部发〔2022〕70号）,,—,—,,,,,,0,未在五源cleaned收录
RFN-bab6f1d840e8764e,T10数据治理与信息披露,中国保监会关于保险业对口支援江西省赣州市定南县等原中央苏区振兴发展的指导意见,保监发〔2014〕23号,nfra,BOUNDARY,低,人身保险|健康保险|养老保险,,,,[body]…利工程等农业基础设施保险业务，增强定南农业生产抗风险能力。支持保险公司积极开办农民养老保险和健康保险、农村小额人身保险等业务，探索参与新型农村合作医疗管理，为定南人民生活提供全面风险保障。支持保险公司探索开办涉农金融领域的贷款保…,5724,已提取-可全文
RFN-bac68062f80d3053,T1销售行为与消费者保护,关于加强和完善保险营销员管理工作有关事项的通知,保监发〔2009〕98号,nfra,BOUNDARY,低,寿险,保险营销员,,,[meta]…有关事项的通知 保监发〔2009〕98号。各保险公司、各保险中介公司：。多年来，保险营销为促进我国保险业特别是寿险业的发展发挥了积极作用。但是，也应当看到，在当前我国保险业发展站在新的起点、进入新的阶段的新形势下，现行保险营…,5301,已提取-可全文
RFN-bafb544c4ac586e1,T10数据治理与信息披露,中国保险监督管理委员会、中央社会治安综合治理委员会办公室关于保险业参与平安建设的意见,保监发〔2006〕44号,nfra,BOUNDARY,低,养老保险,,,,[body]…矛盾纠纷，是构建社会主义和谐社会的客观要求，也是平安建设的重要内容。商业保险是社会保障体系的重要支柱。通过商业养老保险和医疗保险，可以满足人民群众“老有所养、病有所医”的需要，稳定人民群众生活预期，解除后顾之忧，从根本上消除社会…,5988,已提取-可全文
RFN-bb9863080574cf5f,T2产品与精算制度,人身保险公司保险条款和保险费率管理办法（2015年修订）,保监会令2011年第3号（2015年修订）,nfra,INCLUDE,高,人寿保险|人身保险|人身保险公司|健康保险|寿险,,,,[title]…人身保险公司保险条款和保险费率管理办法（2015年修订） (2011年12月30日中国保险监督管理委员会令2011年第3号…,14617,已提取-可全文
RFN-bb9ed4da49e5a932,T4公司治理与股权关联交易,中国银保监会关于印发全国银行业保险业开展法治宣传教育的第八个五年规划（2021-2025年）的通知,银保监发[2021]38号,nfra,EXCLUDE,中,,,保险机构,商业银行|银行业,[title]…中国银保监会关于印发全国银行业保险业开展法治宣传教育的第八个五年规划（2021-2025年）的通知 中国银保监会关于印发《全国银行业保险业开…,9511,已提取-可全文
RFN-bbbd6847d4ffa6e5,T2产品与精算制度,中国保监会关于规范高现金价值产品有关事项的通知,保监发〔2014〕12号,nfra,INCLUDE,中,人身保险公司,,,,[meta]…中国保监会关于规范高现金价值产品有关事项的通知 保监发〔2014〕12号。各人身保险公司：。为防范风险，促进高现金价值产品健康发展，现就有关事项通知如下：。一、本通知所称高现金价值产品是指第二保单年…,2962,已提取-可全文
RFN-bc833e59561e17f2,T5资金运用与资产负债管理,中国保监会关于加强组合类保险资产管理产品业务监管的通知,保监资金〔2016〕104号,nfra,INCLUDE,中,养老保险公司,,,,[meta]…中国保监会关于加强组合类保险资产管理产品业务监管的通知 保监资金〔2016〕104号。各保险资产管理公司、养老保险公司：。为加强保险资产管理产品业务监管，规范市场行为，强化风险管控，根据《保险资金运用管理暂行办法》《关于保险资产…,4758,已提取-可全文
RFN-bcc821eac1f4f5bf,T3资本与偿付能力监管,中国银保监会关于印发《保险公司偿付能力监管规则——问题解答第2号：无固定期限资本债券》的通知,银保监发〔2019〕22号,nfra,EXCLUDE,中,,,保险公司|保险机构|保险资产管理|保险资金|偿付能力,商业银行,[body]…用风险最低资本》， 计量交易对手违约风险的最低资本。 其中， 风险暴露为其账面价值； 政策性银行和国有控股大型商业银行的基础风险因子为 0.20， 全国性股份制商业银行的基础风险因子为 0.23。 中国银保监会关于印发中国银保监…,1556,已提取-可全文
RFN-bcd5795407b8d858,T5资金运用与资产负债管理,中国银保监会办公厅关于调整保险资金投资债券信用评级要求等有关事项的通知,银保监办发[2021]118号,nfra,BOUNDARY,低,,,保险公司|保险机构|保险资产管理|保险资金|偿付能力,,[title]…中国银保监会办公厅关于调整保险资金投资债券信用评级要求等有关事项的通知 各银保监局，各保险集团（控股）公司、保险公司、保险资产管理公司：为规范保…,2585,已提取-可全文
RFN-bcf550a83afb76e6,T5资金运用与资产负债管理,关于调整保险公司投资银行次级债券、银行次级定期债务和企业债券比例的通知（已废止）,保监发〔2004〕77号,nfra,EXCLUDE,中,,,保险公司|保险资产管理|保险资金,商业银行|银行业,[body]…券、 银行次级定期债务和企业债券比例问题通知如下： 一、 保险公司投资的银行次级债券应当是经中国人民银行和中国银行业监督管理委员会批准发行， 符合《商业银行次级债券发行管理办法》规定的银行次级债券（以下简称“次级债券”）， 并…,1380,已提取-可全文
RFN-bcf6a94098450808,T5资金运用与资产负债管理,关于允许保险公司购买电信通讯类企业债券的通知（已废止）,保监发[2001]85号,nfra,BOUNDARY,低,,,保险公司,,[title]…关于允许保险公司购买电信通讯类企业债券的通知（已废止） 保监发[2001]85号。各保险公司：。经国务院批准，保险公司可以购买…,322,已提取-可全文
RFN-bcfc514b94391a98,T1销售行为与消费者保护,中国保监会关于印发《人身保险公司销售误导责任追究指导意见》的通知,保监发〔2012〕99号,nfra,INCLUDE,高,人身保险|人身保险公司,,,,[title]…中国保监会关于印发《人身保险公司销售误导责任追究指导意见》的通知 保监发〔2012〕99号。各保监局，各人身保险公司：。为进一步强化各人身保险…,8390,已提取-可全文
RFN-bd2dc00378b68047,T5资金运用与资产负债管理,国家金融监督管理总局办公厅关于印发《保险资金运用内部控制应用指引（第4号—第6号）》的通知,金办发[2024]122号,nfra,BOUNDARY,低,,,保险公司|保险机构|保险资产管理|保险资金|偿付能力,,[title]…国家金融监督管理总局办公厅关于印发《保险资金运用内部控制应用指引（第4号—第6号）》的通知 国家金融监督管理总局办公厅各金融监管局，各保险集团（控股）公司…,28188,已提取-可全文
RFN-bdcf2e6288ea2d45,T1销售行为与消费者保护,关于加强投资连结保险销售管理有关事项的通知,保监发〔2007〕76号,nfra,INCLUDE,中,人身保险|人身保险公司,,,,[meta]…关于加强投资连结保险销售管理有关事项的通知 保监发〔2007〕76号。各人身保险公司，各保监局：。2007年以来，我国人身保险市场投资连结保险销售增长较快，对人身保险业的发展起到了重要的推动作用…,4776,已提取-可全文
RFN-bf24da36b5532f5a,T3资本与偿付能力监管,关于印发《保险公司资本保证金管理办法》的通知,保监发〔2011〕39号,nfra,EXCLUDE,中,,,保险公司|分支机构,商业银行|银行业,[body]…五条 保险公司应遵循“足额、安全、稳定”的原则提存资本保证金。第二章 存 放 第六条 保险公司应当选择两家以上商业银行作为资本保证金的存放银行。存放银行应符合以下条件： （一）全国性中资商业银行； （二）上年末净资产不少于200…,6555,已提取-可全文
RFN-bfa7525047bb4233,T3资本与偿付能力监管,关于招商信诺人寿保险有限公司资本保证金处置的批复,保监财会〔2005〕868号,nfra,INCLUDE,高,人寿保险,,,,[title]…关于招商信诺人寿保险有限公司资本保证金处置的批复 保监财会〔2005〕868号。招商信诺人寿保险有限公司：。你公司《关于转存资本保…,640,已提取-可全文
RFN-bfb23e326cb3010c,T8机构准入与组织监管,关于建立人身险公司专管员联系机制的通知（已废止）,保监厅发〔2010〕52号,nfra,INCLUDE,高,人身保险|人身险公司,,,,[title]…关于建立人身险公司专管员联系机制的通知（已废止） 保监厅发〔2010〕52号。各保监局：。为加强监管信息的上传下达，推动监管工作…,2170,已提取-可全文
RFN-bfd71798c8acfe26,T6养老与健康保险专项,健康保险管理办法（中国银行保险监督管理委员会令2019年第3号）,N/A,nfra,BOUNDARY,低,人寿保险公司|健康保险|养老保险公司,,,保险中介机构|再保险公司,[body]…行。保险公司开展不承担保险风险的委托管理服务不适用本办法。 第二章 经营管理 第八条 依法成立的健康保险公司、人寿保险公司、养老保险公司，经银保监会批准，可以经营健康保险业务。 前款规定以外的保险公司，经银保监会批准，可以经营短期健…,15389,已提取-可全文
RFN-bfe9fc4e05784a46,T9风险处置与案件合规,关于印发《关于保险业依法查处商业贿赂案件的实施意见》的通知（已废止）,保监发〔2006〕64号,nfra,EXCLUDE,中,,,保险公司|保险资产管理,保险中介机构,[meta]…查处商业贿赂案件的实施意见》的通知（已废止） 保监发〔2006〕64号。各保监局、保险公司、保险资产管理公司、保险中介机构，中国保险行业协会：。现将《关于保险业依法查处商业贿赂案件的实施意见》印发给你们，请结合实际遵照执行。二○○六…,5825,已提取-可全文
RFN-c0276de758b9f668,T5资金运用与资产负债管理,中国保险资产管理业协会自律监督检查工作暂行办法,（中国保险资产管理业协会2023年4月）,,—,—,,,,,,0,未在五源cleaned收录
RFN-c056c6f9e940201b,T8机构准入与组织监管,中国保险监督管理委员会行政复议办法,中国保险监督管理委员会令[2010]1号,nfra,EXCLUDE,—,,,,,,13163,已提取-可全文
RFN-c0b231b9385a1bd2,T6养老与健康保险专项,关于进一步加强结构调整 转变发展方式 促进寿险业平稳健康发展的通知（已废止）,保监发〔2009〕84号,nfra,INCLUDE,高,人身保险公司|健康保险|养老保险|养老险|寿险,,,,[title]…关于进一步加强结构调整 转变发展方式 促进寿险业平稳健康发展的通知（已废止） 保监发〔2009〕84号。各保监局，各人身保险公司：。2009年以来，寿险业认…,5645,已提取-可全文
RFN-c1e81c43bf01ca6f,T5资金运用与资产负债管理,关于规范保险机构股票投资业务的通知,保监发〔2009〕45号,nfra,BOUNDARY,低,,,保险产品|保险公司|保险机构|保险资产管理|保险资金|偿付能力,,[title]…关于规范保险机构股票投资业务的通知 保监发〔2009〕45号。各保险公司、保险资产管理公司:。为支持资本市场改革发展，提高保险…,2782,已提取-可全文
RFN-c1ef5512ad05a651,T8机构准入与组织监管,中国银保监会办公厅关于授权派出机构实施部分行政许可事项的通知,N/A,nfra,BOUNDARY,低,健康保险|养老保险公司,,,再保险公司,[body]…述保险公司不包括政策性保险公司、 再保险公司、 相互保险组织、 自保公司、 互联网保险公司、 健康保险公司、 养老保险公司及其他银保监会认定的保险公司。 二、 授权派出机构实施的行政许可事项， 由保险公司或拟设省级分公司所在地银保监…,1185,已提取-可全文
RFN-c32d310682f19c37,T8机构准入与组织监管,关于印发中国保监会派出机构内设处室及主要职责的通知,保监发〔2004〕25号,nfra,INCLUDE,中,人寿保险|人寿保险公司|人身保险|健康险,保险兼业代理,,保险中介机构|再保险公司|财产保险公司,[body]…构高级管理人员任职资格；负责财产保险条款及费率的有关管理工作；研究财产保险市场运行情况，提出政策建议。 （三）人身保险监管处 承办对辖区内人寿保险市场的监管工作。根据国家法律法规及中国保监会规章，拟订和落实辖区内人寿保险市场监管…,5375,已提取-可全文
RFN-c34308e830ead05b,T6养老与健康保险专项,中国银保监会关于规范和促进商业养老金融业务发展的通知,银保监规[2022]8号,nfra,INCLUDE,中,人身保险公司|养老保险,,,,[meta]…中国银保监会关于规范和促进商业养老金融业务发展的通知 各银保监局，各大型银行、股份制银行、理财公司、人身保险公司，建信养老金管理有限责任公司：各银保监局，各大型银行、股份制银行、理财公司、人身保险公司，建信养老金管理有限责…,3007,已提取-可全文
RFN-c344b55959d562f8,T6养老与健康保险专项,关于印发《养老保险公司企业年金业务统计制度（试行）》的通知,保监统信〔2006〕1457号,nfra,INCLUDE,高,人寿保险|健康险|养老保险|养老保险公司,,,,[title]…关于印发《养老保险公司企业年金业务统计制度（试行）》的通知 保监统信〔2006〕1457号。中国人寿保险（集团）公司、中国人寿保险股…,1880,已提取-可全文
RFN-c376b40dc174f080,T1销售行为与消费者保护,中华人民共和国消费者权益保护法实施条例,中华人民共和国国务院令第778号,gov,EXCLUDE,—,,,,,,29181,已提取-可全文
RFN-c3b1a27c9eccbe8e,T2产品与精算制度,关于开展变额年金保险试点的通知,保监寿险〔2011〕624号,nfra,INCLUDE,中,人身保险|养老保险公司|寿险,保险营销员,,,[meta]…关于开展变额年金保险试点的通知 保监寿险〔2011〕624号。北京、上海、广东、深圳、厦门保监局，各寿险公司、养老保险公司：。为促进产品创新，满足人们…,3412,已提取-可全文
RFN-c48b382c5eefebeb,T2产品与精算制度,中国保监会关于发布《中国人身保险业重大疾病经验发生率表（2006－2010）》的通知,保监发〔2013〕81号,nfra,INCLUDE,高,人身保险|人身保险公司,,,,[title]…中国保监会关于发布《中国人身保险业重大疾病经验发生率表（2006－2010）》的通知 保监发〔2013〕81号。各人身保险公司：。现发布《中国…,1411,已提取-可全文
RFN-c497a8d9d2e8134e,T5资金运用与资产负债管理,中国银行保险监督管理委员会关于保险资金参与长租市场有关事项的通知,银保监发〔2018〕26号,nfra,BOUNDARY,低,,,保险公司|保险机构|保险资产管理|保险资金|偿付能力,,[title]…中国银行保险监督管理委员会关于保险资金参与长租市场有关事项的通知 中国银行保险监督管理委员会关于保险资金中国银行保险监督管理委员会关于保险资金参与长…,2688,已提取-可全文
RFN-c52c03ee0ac9f135,T1销售行为与消费者保护,中国银保监会关于推动银行业和保险业高质量发展的指导意见,银保监发[2019]52号,nfra,BOUNDARY,低,健康保险|养老保险,,,信托公司|再保险公司|商业银行|金融资产|银行业|银行业金融机构,[body]…挥经济“减震器”和社会“稳定器”作用，更好地为经济社会发展提供风险保障和长期稳定资金。支持发展相互保险、健康和养老保险等机构。推动构建新型保险中介市场体系。完善农业保险大灾风险分散机制，加快设立中国农业再保险公司。增强出口信用保…,15253,已提取-可全文
RFN-c534c41e49d25c85,T5资金运用与资产负债管理,中国银保监会关于保险资金财务性股权投资有关事项的通知,银保监发[2020]54号,nfra,BOUNDARY,低,,,保险公司|保险机构|保险资产管理|保险资金|偿付能力,,[title]…中国银保监会关于保险资金财务性股权投资有关事项的通知 各保险集团（控股）公司、保险公司、保险资产管理公司：各保险集团（控股）公司、保险…,3357,已提取-可全文
RFN-c537e12b987a537e,T5资金运用与资产负债管理,关于增加保险机构债券投资品种的通知,保监发〔2009〕42号,nfra,BOUNDARY,低,,,保险公司|保险机构|保险资产管理|偿付能力,,[title]…关于增加保险机构债券投资品种的通知 保监发〔2009〕42号。各保险公司、保险资产管理公司：。为促进保险业务持续健康发展，根据…,2942,已提取-可全文
RFN-c5f6136678718632,T3资本与偿付能力监管,关于提取资本保证金的批复,保监财会〔2005〕1173号,nfra,BOUNDARY,低,人寿保险,,,,[meta]…关于提取资本保证金的批复 保监财会〔2005〕1173号。国信人寿保险股份有限公司：。你公司《关于解冻资本保证金的申请报告（三）》（国信人寿〔2005〕41号）收悉。经研究，同意你…,1181,已提取-可全文
RFN-c616b2b4ff8e65be,T1销售行为与消费者保护,中国银行保险监督管理委员会关于放开外资保险经纪公司经营范围的通知,银保监发〔2018〕19号,nfra,EXCLUDE,中,,,,保险经纪|保险经纪公司|保险经纪机构|银行业,[title]…中国银行保险监督管理委员会关于放开外资保险经纪公司经营范围的通知 中国银行保险监督管理委员会中国银行保险监督管理委员会关于放开外资保险经纪公司经营范围的通知…,1326,已提取-可全文
RFN-c650f183a84e2a71,T9风险处置与案件合规,中国保监会关于调整上报开展治理商业贿赂专项工作情况的通知,保监监察[2014]20号,supp,BOUNDARY,低,,,保险公司|保险资产管理,,[meta]…上报开展治理商业贿赂专项工作情况的通知 将保险业治理商业贿赂专项工作由集中治理转为常态化报送，明确保监局每年、保险公司每半年报送相关报表。 中国保险监督管理委员会    保监监察〔2014〕20号 各保监局，各保险公司、保险资产…,836,已提取-可全文
RFN-c6521cc354fb98c3,T7反洗钱与反恐怖融资,中国人民银行办公厅关于进一步加强金融机构和支付机构反恐怖融资工作的通知,银办发[2014]62号,,—,—,,,,,,0,未在五源cleaned收录
RFN-c6efe53cbf661297,T1销售行为与消费者保护,中国银保监会办公厅关于开展银行保险机构侵害个人信息权益乱象专项整治工作的通知,银保监办发[2022]80号,supp,BOUNDARY,低,,,保险机构,,[title]…中国银保监会办公厅关于开展银行保险机构侵害个人信息权益乱象专项整治工作的通知 侵害个人信息权益乱象专项整治：全面摸排2021年以来个人信息处理相关经…,639,已提取-可全文
RFN-c713aeb2a0b708b5,T2产品与精算制度,关于界定责任保险和人身意外伤害保险的通知,保监发[1999]245号,nfra,BOUNDARY,低,人寿保险公司|人身保险,,,财产保险公司,[meta]…据《中华人民共和国保险法》第九十一条的规定，责任保险属于财产保险业务，由财产保险公司经营；人身意外伤害保险属于人身保险业务，由人寿保险公司经营。以由于被保险人的侵权行为造成他人人身伤害依法应承担的民事赔偿责任为保险标的的保险，属…,2124,已提取-可全文
RFN-c741eef01a9f96d2,T8机构准入与组织监管,关于《保险许可证管理办法》实施有关事宜的通知,保监发〔2007〕70号,nfra,EXCLUDE,中,,,保险公司|保险机构|保险资产管理,保险中介机构|保险公估|保险经纪公司,[meta]…管理办法》实施有关事宜的通知 保监发〔2007〕70号。各保监局，各保险公司、保险资产管理公司、保险代理公司、保险经纪公司、保险公估公司：。我会已于2007年6月22日以保监会令的形式对外发布《保险许可证管理办法》（以下称《办法》）…,2047,已提取-可全文
RFN-c7be83617d6fc9e6,T5资金运用与资产负债管理,中国保监会关于印发《保险资产负债管理监管规则（1－5号）》及开展试运行有关事项的通知,保监发〔2018〕27号,nfra,INCLUDE,中,人身保险公司,,,再保险公司|财产保险公司,[body]…照《保险资产负债管理监管规则第1号：财产保险公司资产负债管理能力评估规则》或《保险资产负债管理监管规则第3号：人身保险公司资产负债管理能力评估规则》的要求，对资产负债管理能力进行自评估，评估依据为截至2018年6月30日的制度健全情…,3603,已提取-可全文
RFN-c7c500d0edd62248,T3资本与偿付能力监管,关于印发《保险公司资本保证金管理暂行办法》的通知,保监发〔2007〕66号,nfra,EXCLUDE,中,,,保险公司,商业银行|银行业,[body]…公司应遵循“足额、安全、稳定”的原则提存资本保证金。 第二章存放银行 第六条 保险公司可选择一至三家全国性中资商业银行作为资本保证金的存放银行。存放银行应符合以下条件： 1、注册资本不少于40亿元人民币，上年末资本充足率、不良资…,5613,已提取-可全文
RFN-c7ee30cfb4e294d6,T1销售行为与消费者保护,关于促进寿险公司电话营销业务规范发展的通知,保监发〔2008〕38号,nfra,INCLUDE,高,人身保险|健康保险|养老保险公司|寿险,,,,[title]…关于促进寿险公司电话营销业务规范发展的通知 保监发〔2008〕38号。各保监局，各寿险公司：。为促进寿险公司电话营销业务规…,4599,已提取-可全文
RFN-c80e1ebc19b1b605,T1销售行为与消费者保护,关于分红保险销售人员从业年限条件的通知（已废止）,保监发[2000]252号,nfra,INCLUDE,中,人寿保险|人寿保险公司|寿险,,,,[body]…销售人员从业年限条件的通知（已废止） 保监发[2000]252号。     保监发[2000]252 号 中国人寿保险公司、 中国太平洋保险公司、 中国平安保险股份有限公司、 新华人寿保险股份有限公司、 泰康人寿保险股份有限公司、…,742,已提取-可全文
RFN-c83199dcc16c369d,T10数据治理与信息披露,中国保监会关于印发《大病保险统计制度（试行）》的通知,保监发〔2013〕77号,nfra,BOUNDARY,低,,,保单|保险公司|保险条款|保险资金,,[meta]…中国保监会关于印发《大病保险统计制度（试行）》的通知 保监发〔2013〕77号。各保险公司、各保监局：。为掌握保险公司大病保险业务开办情况，科学制定相关政策措施，我会研究制定了《大病保险统计制度（试行…,4862,已提取-可全文
RFN-c845291d924f0b48,T1销售行为与消费者保护,中国人民银行 中国银行保险监督管理委员会 中国证券监督管理委员会 国家外汇管理局关于进一步规范金融营销宣传行为的通知（银发〔2019〕316号）,银发〔2019〕316号,pbc,EXCLUDE,—,,,,,,314,已提取-可全文
RFN-c8bb43e3d0cc918d,T2产品与精算制度,中国保监会关于规范人身保险公司赠送保险有关行为的通知,保监发〔2015〕12号,nfra,INCLUDE,高,人身保险|人身保险公司|健康保险|寿险,,,,[title]…中国保监会关于规范人身保险公司赠送保险有关行为的通知 保监发〔2015〕12号。各人身保险公司：。为规范人身保险公司赠送保险的行为，维护人身…,1755,已提取-可全文
RFN-c8cf8b8feb8be070,T4公司治理与股权关联交易,国家金融监督管理总局关于香港、澳门金融机构入股保险公司有关事项的通知,金发[2025]9号,nfra,BOUNDARY,低,,,保险公司|保险机构|保险资产管理,,[title]…国家金融监督管理总局关于香港、澳门金融机构入股保险公司有关事项的通知 各金融监管局，各保险集团（控股）公司、保险公司、保险资产管理公司：2024年10月，内地与香港…,873,已提取-可全文
RFN-c906d3c0876f1680,T4公司治理与股权关联交易,关于印发《中国保险业发展“十二五”规划纲要》的通知,保监发〔2011〕47号,nfra,BOUNDARY,低,人身保险|健康保险|养老保险|寿险,保险营销员,,保险中介机构|公估机构|银行业,[body]…的支持力度。 （五）推动业务结构持续优化。鼓励发展满足消费者需求、体现保险核心优势、提高公司价值和效益的业务。人身保险要大力发展长期储蓄型和风险保障型业务，稳步发展投资型业务。财产保险要优化车险业务，积极开拓非车险业务，加大服务…,31605,已提取-可全文
RFN-c923da73935a62fa,T1销售行为与消费者保护,关于公布保险理赔（给付）程序 进一步做好理赔服务工作的通知,保监发〔2008〕100号,nfra,BOUNDARY,低,,,保险公司|保险机构|保险消费者|保险理赔|分支机构,,[title]…关于公布保险理赔（给付）程序 进一步做好理赔服务工作的通知 保监发〔2008〕100号。各保监局，各保险公司：。为了方便客户索…,2537,已提取-可全文
RFN-c942d80963902535,T3资本与偿付能力监管,关于严禁利用部分公司偿付能力不足信息诋毁同业的紧急通知（已失效）,保监厅发〔2004〕83号,nfra,INCLUDE,中,寿险,,,,[meta]…关于严禁利用部分公司偿付能力不足信息诋毁同业的紧急通知（已失效） 保监厅发〔2004〕83号。各寿险公司、各保监局：。近期，我会对一些偿付能力不足的寿险公司下发了监管意见书，并采取了相应的监管措施。为防止其他公…,650,已提取-可全文
RFN-c9b8d1198d70029a,T3资本与偿付能力监管,关于印发《保险公司偿付能力报告编报规则——问题解答第14号：城乡居民大病保险最低资本》的通知,保监发〔2013〕5号,nfra,BOUNDARY,低,,,保险公司|偿付能力,,[title]…关于印发《保险公司偿付能力报告编报规则——问题解答第14号：城乡居民大病保险最低资本》的通知 保监发〔2013〕5号。各保险公司…,612,已提取-可全文
RFN-c9e5cb26b9b26f14,T1销售行为与消费者保护,国家金融监督管理总局关于推动深化人身保险行业个人营销体制改革的通知,金规[2025]13号,nfra,INCLUDE,高,人身保险|人身保险公司,独立个人保险代理人,,保险经纪,[title]…国家金融监督管理总局关于推动深化人身保险行业个人营销体制改革的通知 各金融监管局，保险业协会，各人身保险公司：为贯彻落实《国务院关于加强监管防范风险推…,5250,已提取-可全文
RFN-ca5ea9313202f162,T5资金运用与资产负债管理,中国银保监会关于优化保险机构投资管理能力监管有关事项的通知,银保监发[2020]45号,nfra,BOUNDARY,低,,,保险公司|保险机构|保险资产管理|保险资金,,[title]…中国银保监会关于优化保险机构投资管理能力监管有关事项的通知 为持续推进简政放权，进一步深化保险资金运用市场化改革，根据《保险资金运用管理办…,5796,已提取-可全文
RFN-ca71dd7839504069,T9风险处置与案件合规,关于新保险法实施后行政处罚案件中法律适用有关问题的通知,保监厅发〔2009〕66号,nfra,EXCLUDE,—,,,,,,1147,已提取-可全文
RFN-caaf3ecc1123e4be,T7反洗钱与反恐怖融资,国务院办公厅关于完善反洗钱、反恐怖融资、反逃税监管体制机制的意见,国办函[2017]84号,supp,BOUNDARY,低,,,分支机构,银行业,[body]…构要加强反洗钱监管，以促进反洗钱义务机构自我管理、自主管理风险为目标，逐步建立健全法人监管框架。围绕法人机构和分支机构、集团公司和子公司在风险管理中的不同定位和功能，对反洗钱监管政策适度分层分类。加强反洗钱义务机构总部内控机制要…,12920,已提取-可全文
RFN-cabfd3ca0b94c211,T5资金运用与资产负债管理,关于印发《机关事业单位职业年金基金相关业务会计处理规定》的通知,财会〔2021〕19号,mof,EXCLUDE,—,,,,,,648,已提取-可全文
RFN-cb9c47c7e07b7034,T2产品与精算制度,中国银保监会关于使用《中国人身保险业重大疾病经验发生率表（2020）》有关事项的通知,银保监发[2020]51号,nfra,INCLUDE,高,人身保险|人身保险公司|寿险,,,,[title]…中国银保监会关于使用《中国人身保险业重大疾病经验发生率表（2020）》有关事项的通知 各人身保险公司：各人身保险公司：为规范重大疾病保险业务法定…,7588,已提取-可全文
RFN-cbab6f767d0dd52e,T1销售行为与消费者保护,保险营销员管理规定,保监会令〔2006〕3号,nfra,BOUNDARY,低,人身保险|健康保险,保险营销员,,保险中介机构|保险公估|保险经纪,[body]…营销员的条件。 第四十六条 保险公司应当组织保险营销员参加岗前培训和后续教育培训。 保险公司委托保险营销员销售人身保险新型产品的，应当对保险营销员进行专门培训。 第四十七条 保险公司应当建立健全保险营销员管理制度和保险营销员管理…,12603,已提取-可全文
RFN-cc1d85de95635408,T10数据治理与信息披露,关于在寿险业建立标准保费行业标准的通知,保监发〔2004〕102号,nfra,INCLUDE,高,人身保险|寿险,,,,[title]…关于在寿险业建立标准保费行业标准的通知 保监发〔2004〕102号。各保监局、各寿险公司、中国保险行业协会、中国保险学会…,1716,已提取-可全文
RFN-cc2102aa4fcac489,T6养老与健康保险专项,中国保监会办公厅关于开展个人税收优惠型健康保险业务有关事项的通知,保监厅发〔2016〕1号,nfra,INCLUDE,中,人身保险|人身保险公司|健康保险,,,,[meta]…税收优惠型健康保险业务有关事项的通知 保监厅发〔2016〕1号。各保监局，中国保险信息技术管理有限责任公司，各人身保险公司：。     保监厅发〔2016〕1 号 各保监局， 中国保险信息技术管理有限责任公司， 各人身保险公司： 为…,2672,已提取-可全文
RFN-cc72e22499129058,T8机构准入与组织监管,保险公司管理规定,保监会令〔2004〕3号,nfra,INCLUDE,中,,保险代理人,保单|保险公司|保险公司分支机构|保险机构|保险条款|保险销售|偿付能力|分支机构,再保险公司,[body]…公开咨询投诉电话。 保险机构对保险投诉应当认真处理，并将处理意见及时告知投诉人。 第五十三条 保险机构应当建立保险代理人的登记管理制度，加强对保险代理人的培训和管理，不得唆使、诱导保险代理人进行违背诚信义务的活动。 第五十四条 保…,18864,已提取-可全文
RFN-cce379e189638296,T10数据治理与信息披露,关于贯彻落实保险行业标准的通知,保监发〔2008〕14号,nfra,BOUNDARY,低,,,保险公司|保险资产管理,,[meta]…关于贯彻落实保险行业标准的通知 保监发〔2008〕14号。各保监局，保监会机关各部门，各保险公司、保险资产管理公司、保险专业中介机构，国有保险公司监事会，中国保险行业协会，中国保险学会，全国金融标准化技术委…,1268,已提取-可全文
RFN-cd079bdcc667f2ad,T1销售行为与消费者保护,关于进一步做好突发事件的保险新闻宣传工作的通知,保监厅发〔2005〕104号,nfra,BOUNDARY,低,,,保险公司|保险理赔,,[meta]…关于进一步做好突发事件的保险新闻宣传工作的通知 保监厅发〔2005〕104号。各保监局、各保险公司：。近一段时期以来，自然灾害、突发事件频繁发生，引起了党中央、国务院的高度重视和社会公众的广泛关注。各保险公司…,1666,已提取-可全文
RFN-cd2607bcb3975e8c,T10数据治理与信息披露,国家金融监督管理总局关于部分规范性文件废止和宣布失效的通知,金规[2025]22号,nfra,BOUNDARY,低,人身保险公司,,,商业银行|金融资产|银行业|银行业金融机构,[body]…关于印发《关于加强反保险欺诈工作的指导意见》的通知保监发〔2012〕69号37中国保险监督管理委员会关于印发《人身保险公司风险排查管理规定》的通知保监发〔2013〕48号38中国保险监督管理委员会办公厅关于跨境人民币结算再保险业务有…,6169,已提取-可全文
RFN-cd3687883bfc8c55,T2产品与精算制度,中国银保监会办公厅关于进一步丰富人身保险产品供给的指导意见,银保监办发[2021]107号,nfra,INCLUDE,高,人身保险|健康保险|养老保险,,,,[title]…中国银保监会办公厅关于进一步丰富人身保险产品供给的指导意见 银保监办发〔2021〕107号为深化保险业供给侧结构性改革，促进人身保险扩面提质稳健发展，…,4921,已提取-可全文
RFN-cd3c8da678aa0a31,T7反洗钱与反恐怖融资,中国人民银行关于进一步做好受益所有人身份识别工作有关问题的通知（银发〔2018〕164号）,银发[2018]164号,pbc,EXCLUDE,—,,,,,,206,已提取-可全文
RFN-cd7d64530d5dca1d,T2产品与精算制度,关于印发《分红保险专题财务报告编报规则问题解答第1号》的通知,保监财会〔2009〕399号,nfra,INCLUDE,中,健康保险|养老保险公司|寿险,,,金融资产,[meta]…关于印发《分红保险专题财务报告编报规则问题解答第1号》的通知 保监财会〔2009〕399号。各寿险公司、养老保险公司、健康保险公司：。为便于各公司做好分红保险专题财务报告的编报工作，我会制定了《分红保险专题财…,5176,已提取-可全文
RFN-ce7a37583a65d386,T7反洗钱与反恐怖融资,中国人民银行办公厅关于进一步加强银行卡业务反洗钱工作的通知,银办发[2009]151号,,—,—,,,,,,0,未在五源cleaned收录
RFN-cea7ce522c5ff728,T3资本与偿付能力监管,关于保险公司偿付能力报告编报工作有关问题的通知,保监发〔2007〕15号,nfra,INCLUDE,中,人寿保险公司|健康险公司|寿险,,,,[meta]…5号。各保险公司：。由于2007年1月1日起全行业施行新会计准则，以及2007年将陆续实施《动态偿付能力测试（人寿保险公司）》、《投资资产》、《子公司、合营企业和联营企业》、《年度报告的内容与格式》、《季度报告》等5项偿付能力报告编…,4466,已提取-可全文
RFN-ceb12aa3ca8c3a6f,T10数据治理与信息披露,中国人民银行 中国银行业监督管理委员会 中国证券监督管理委员会 中国保险监督管理委员会关于全面推进农村金融产品和服务方式创新的指导意见,银发〔2010〕198号,nfra,EXCLUDE,中,,,保单|保险公司|分支机构,商业银行|银行业|银行业金融机构,[title]…中国人民银行 中国银行业监督管理委员会 中国证券监督管理委员会 中国保险监督管理委员会关于全面推进农村金融产品和服务方式创新的指导意见…,9641,已提取-可全文
RFN-cf2b8f2b5b03b772,T9风险处置与案件合规,中国银保监会现场检查办法（试行）(中国银行保险监督管理委员会令2019年第7号),中国银行保险监督管理委员会令2019年第7号,nfra,EXCLUDE,中,,,保险公司|保险机构|保险资产管理|偿付能力,保险中介机构|商业银行|金融资产|银行业,[body]…国银保监会现场检查办法（试行） 第一章 总则 第一条 为全面贯彻落实党中央、国务院对金融工作的决策部署，加强对银行业和保险业的监督管理，规范现场检查行为，提升现场检查质效，促进行业健康发展，根据《中华人民共和国银行业监督管理法…,16211,已提取-可全文
RFN-cf2d61151e8cfa01,T3资本与偿付能力监管,中国保监会关于印发《保险公司偿付能力报告编报规则——问题解答第24号：信托计划》的通知,保监发〔2014〕77号,nfra,EXCLUDE,中,,,保险公司|保险资产管理|偿付能力,信托公司,[body]…14 年 9 月 23 日 保险公司偿付能力报告编报规则 ——问题解答第 24 号：信托计划 问：保险公司投资信托公司发行的信托计划， 在编制偿付能力报告时如何认可？  答：保险公司在本问题解答发布前投资的信托计划， 按照《保险…,1411,已提取-可全文
RFN-cf37a691dab2c2a0,T1销售行为与消费者保护,中国银保监会关于清理规章规范性文件的决定,中国银行保险监督管理委员会令[2021]7号,nfra,INCLUDE,中,人身保险|人身保险公司|健康保险|养老保险|寿险,保险营销员|保险销售从业人员,,保险中介机构|保险公估|保险经纪|保险经纪机构|商业银行|财产保险公司|银行业|银行业金融机构,[body]…004〕86号10关于印发《中国保监会保险统计现场检查工作规程》的通知保监发〔2005〕101号11关于印发《人身保险保单标准化工作指引（试行）》的通知保监发〔2005〕108号12关于印发《寿险公司非现场监管规程（试行）》的通…,14633,已提取-可全文
RFN-cf85f0dc63c22f2f,T1销售行为与消费者保护,关于在兼业代理网点销售人身保险新型产品的批复,保监函〔2002〕119号,nfra,INCLUDE,高,人身保险,,,,[title]…关于在兼业代理网点销售人身保险新型产品的批复 保监函〔2002〕119号。广州保监办：。你办《关于在兼业代理网点销售人身保险新型产品有关问题…,713,已提取-可全文
RFN-cf9bf8df3fefb087,T1销售行为与消费者保护,银行业保险业消费投诉处理管理办法,中国银行保险监督管理委员会令[2020]3号,nfra,EXCLUDE,中,,,保险产品|保险机构|分支机构,保险中介机构|商业银行|银行业|银行业金融机构,[title]…银行业保险业消费投诉处理管理办法 第一章 总 则 第一条 为了规范银行业保险业消费投诉处理工作，保护消费者合法权益，…,10186,已提取-可全文
RFN-cfaaba2b946ea10a,T9风险处置与案件合规,行政处罚法、行政许可法、治安管理处罚法,,,—,—,,,,,,0,未在五源cleaned收录
RFN-cfae5b810141d4ef,T7反洗钱与反恐怖融资,中国人民银行关于印发《金融机构洗钱和恐怖融资风险评估及客户分类管理指引》的通知(银发〔2013〕2号),银发〔2013〕2号,pbc,EXCLUDE,—,,,,,,230,已提取-可全文
RFN-cffcb1587680188c,T1销售行为与消费者保护,关于开展保险合同纠纷处理机制试点工作的通知,保监厅发〔2005〕53号,nfra,BOUNDARY,低,,,保险机构,,[body]…机制试点工作。现将有关问题通知如下： 一、试点方式 在试点地区保监局的组织指导下，由省级保险行业协会牵头，当地保险机构参加，共同制定试点工作方案，对有关组织框架、运转机制、协调办法等进行探索，取得成熟经验后在全国推开。 二、试点…,1743,已提取-可全文
RFN-cffdc0fb0ba21a2c,T9风险处置与案件合规,中华人民共和国反垄断法,N/A,,—,—,,,,,,0,未在五源cleaned收录
RFN-d00641798692b299,T9风险处置与案件合规,保险公司中介业务违法行为处罚办法,中国保险监督管理委员会令2009年第4号,nfra,EXCLUDE,中,,个人保险代理人|保险代理人,保单|保险公司|保险销售,保险中介机构|保险公估|保险经纪,[body]…进保险业健康发展， 根据《中华人民共和国保险法》等有关法律、 行政法规， 制定本办法。  第二条 保险公司通过保险代理人、 保险经纪人、 保险公估机构进行销售、 理赔等活动的， 应当遵守法律、 行政法规和中国保险监督管理委员会（以…,5168,已提取-可全文
RFN-d08eab811bdb7d63,T3资本与偿付能力监管,关于非寿险业务保费收入确认的通知,保监发〔2002〕79号,nfra,BOUNDARY,低,,,保险公司|偿付能力,,[meta]…关于非寿险业务保费收入确认的通知 保监发〔2002〕79号。各保险公司：。近年来，一些保险公司对应收保费不入财务账进行核算的行为屡见不鲜，这不仅违反了《保险公司会计制度》，使保险公…,734,已提取-可全文
RFN-d0c1746c53b0665a,T8机构准入与组织监管,保险代理机构管理规定（已废止）,保监会令[2001]4号,nfra,BOUNDARY,低,人寿保险,,,保险中介机构|保险公估|保险经纪机构|商业银行,[body]…支机构及其业务人员进行保险法律和业务知识培训及职业道德教育。 保险公司委托保险代理机构或者保险代理分支机构销售人寿保险新型产品的，应当按照中国保监会的有关规定，对销售人寿保险新型产品的保险代理机构或者保险代理分支机构的业务人员进…,35799,已提取-可全文
RFN-d13e858182803995,T1销售行为与消费者保护,中国保监会关于印发《保险小额理赔服务指引（试行）》的通知,保监消保〔2015〕201号,nfra,BOUNDARY,低,,,保单|保险公司|保险机构|保险消费者|保险理赔,,[meta]…试行）》的通知 保监消保〔2015〕201号。各保监局、中国保险行业协会、中国保险信息技术管理有限责任公司、各保险公司：。为深入贯彻落实《国务院关于加快发展现代保险服务业的若干意见》和《中国保监会关于加强保险消费者权益保护工作的…,6404,已提取-可全文
RFN-d14cffc28f570faa,T2产品与精算制度,关于整改人身保险条款存在问题的通知（已废止）,保监寿险〔2006〕318号,nfra,INCLUDE,高,人身保险|人身保险公司|寿险,,,,[title]…关于整改人身保险条款存在问题的通知（已废止） 保监寿险〔2006〕318号。各人身保险公司：。针对浙江省工商局对部分保险条款的…,956,已提取-可全文
RFN-d1e9c4ec9864d827,T9风险处置与案件合规,保险业重大突发事件应急处理规定,N/A,nfra,INCLUDE,中,,保险营销员,保险公司|保险公司分支机构|保险营销|偿付能力|分支机构,,[body]…致破产的； （四）保险公司计算机系统发生系统性故障，造成大量客户数据资料丢失； （五）100名以上的投保人或者保险营销员集体上访、静坐或者采取其他过激行为，或者虽然不足100人但影响恶劣的； （六）100名以上投保人集体退保或者起…,9680,已提取-可全文
RFN-d233b88708815eeb,T2产品与精算制度,关于修订分红保险专题财务报告编报规则的通知,保监发〔2009〕5号,nfra,INCLUDE,中,健康保险|养老保险公司|寿险,,,,[meta]…关于修订分红保险专题财务报告编报规则的通知 保监发〔2009〕5号。各寿险公司、养老保险公司、健康保险公司：。     保监发〔2009〕5 号 各寿险公司、 养老保险公司、 健康保险…,1832,已提取-可全文
RFN-d24ca0aac708a923,T10数据治理与信息披露,关于印发《保险业信息系统灾难恢复管理指引》的通知,保监发〔2008〕20号,nfra,BOUNDARY,低,,,保险公司|保险机构|保险资产管理,,[meta]…关于印发《保险业信息系统灾难恢复管理指引》的通知 保监发〔2008〕20号。各保险公司、保险资产管理公司：。为加强保险信息安全基础设施建设，推进信息系统灾难恢复工作，根据《中华人民共和国保险法》和…,14226,已提取-可全文
RFN-d28d3f2a239e52f1,T8机构准入与组织监管,中国保监会关于印发《保险公司分支机构市场准入管理办法》的通知,保监发〔2013〕20号,nfra,BOUNDARY,低,,,保险公司|保险公司分支机构|保险机构|偿付能力|分支机构,,[title]…中国保监会关于印发《保险公司分支机构市场准入管理办法》的通知 保监发〔2013〕20号。各保险公司，各保监局，机关各部门：。为统一规范保险公司分支…,10356,已提取-可全文
RFN-d28ebe1b85b8d7ce,T2产品与精算制度,关于印发《保险公司非寿险业务准备金基础数据、评估与核算内部控制规范》的通知,保监发〔2012〕19号,nfra,EXCLUDE,中,,,保单|保险公司|保险公司分支机构|偿付能力|分支机构,再保险公司|财产保险公司,[meta]…印发《保险公司非寿险业务准备金基础数据、评估与核算内部控制规范》的通知 保监发〔2012〕19号。各保监局，各财产保险公司、再保险公司:。为规范保险公司对非寿险业务准备金的管理，督促公司加强准备金评估的内部控制，提高准备金计提的充足…,28619,已提取-可全文
RFN-d2c2f7ab8d9f3dd3,T1销售行为与消费者保护,关于规范“中小学生平安保险”代办业务有关问题的通知（已废止）,保监发[1999]118号,nfra,INCLUDE,中,人寿保险公司,保险兼业代理,,,[meta]…关于规范“中小学生平安保险”代办业务有关问题的通知（已废止） 保监发[1999]118号。各人寿保险公司、中国太平洋保险公司、中国平安保险股份有限公司、新疆兵团保险公司：。“中小学生平安保险”（以下简称“学平险”）…,1152,已提取-可全文
RFN-d2d25895a3b8ee1b,T2产品与精算制度,关于人身保险新型产品信息披露有关问题的通知,保监发〔2002〕77号,nfra,INCLUDE,高,人身保险|寿险,,,,[title]…关于人身保险新型产品信息披露有关问题的通知 保监发〔2002〕77号。各保监办，各寿险公司：。为规范各寿险公司人身保险新型…,2587,已提取-可全文
RFN-d2e7a82477f02321,T1销售行为与消费者保护,中国保监会关于进一步加强人身保险公司销售管理工作的通知,保监人身险〔2017〕136号,nfra,INCLUDE,高,人身保险|人身保险公司|健康险,,,,[title]…中国保监会关于进一步加强人身保险公司销售管理工作的通知 保监人身险〔2017〕136号   各保监局、各人身保险公司：   为进一步规范人身保险市…,3894,已提取-可全文
RFN-d320bd69e72d49ab,T5资金运用与资产负债管理,关于保险公司投资银行次级定期债务有关事项的通知（已废止）,保监发〔2004〕23号,nfra,EXCLUDE,中,,,保险公司|保险公司分支机构|保险资产管理|保险资金,商业银行|银行业,[meta]…行次级定期债务（以下简称“次级债”）。为加强管理，现就有关事项通知如下：。一、保险公司投资的次级债应当是经中国银行业监督管理委员会批准发行，符合《关于将次级定期债务计入附属资本的通知》（银监发〔2003〕25号）规定的银行定期…,1448,已提取-可全文
RFN-d4197cda0a439d6c,T3资本与偿付能力监管,国家金融监督管理总局关于延长保险公司偿付能力监管规则（Ⅱ）实施过渡期有关事项的通知,金规[2024]22号,nfra,BOUNDARY,低,,,保险公司|偿付能力,,[title]…国家金融监督管理总局关于延长保险公司偿付能力监管规则（Ⅱ）实施过渡期有关事项的通知 国家金融监督管理总局关于各金融监管局，各保险集团（控股）公司、…,1399,已提取-可全文
RFN-d42f587bc9f5ec61,T2产品与精算制度,中国保监会关于废止《关于印发〈人身保险内含价值报告编制指引〉的通知》的通知,保监发〔2016〕98号,nfra,INCLUDE,高,人身保险|人身保险公司,,,,[title]…中国保监会关于废止《关于印发〈人身保险内含价值报告编制指引〉的通知》的通知 保监发〔2016〕98号。中国精算师协会、各人身保险公司：。为进一步简政…,1278,已提取-可全文
RFN-d43da9b6a301b602,T5资金运用与资产负债管理,关于清理规范保险公司投资性房地产评估增值有关事项的通知,保监财会〔2014〕81号,nfra,BOUNDARY,低,,,保险公司|偿付能力,,[title]…关于清理规范保险公司投资性房地产评估增值有关事项的通知 保监财会〔2014〕81号。各保险公司：。为加强偿付能力监管，防范房地产投…,1779,已提取-可全文
RFN-d440356514113d3d,T8机构准入与组织监管,关于报送保险机构和高管人员类行政许可申请事项电子化文档的通知,保监统信〔2009〕222号,nfra,BOUNDARY,低,,,保险公司|保险机构|保险资产管理|分支机构,,[title]…关于报送保险机构和高管人员类行政许可申请事项电子化文档的通知 保监统信〔2009〕222号。各保险公司、保险资产管理公司、保险…,1289,已提取-可全文
RFN-d4e2caad90cfed0b,T10数据治理与信息披露,关于印发保险外币统计制度的通知,保监发〔2006〕130号,nfra,BOUNDARY,低,,,保险公司|保险资产管理,,[meta]…关于印发保险外币统计制度的通知 保监发〔2006〕130号。各保险公司、保险资产管理公司：。为全面掌握保险业外币资产负债及外币业务情况，我会制定了保险外币统计制度。现印发给你们，并…,1695,已提取-可全文
RFN-d52050b6c6e05e6b,T10数据治理与信息披露,关于规范保险机构向保监会行文的通知（已废止）,保监办发[2000]3号,nfra,EXCLUDE,中,,,保险公司|保险公司分支机构|保险机构|保险条款,保险中介机构,[meta]…关于规范保险机构向保监会行文的通知（已废止） 保监办发[2000]3号。各保险公司，各保险中介机构，各保险学会，各保险行业协会，各外资保险机构驻华代表处：。为理顺保险机构与保监会之间的行文关系，规范保险机构向…,2324,已提取-可全文
RFN-d5384f3d65e2f083,T4公司治理与股权关联交易,关于《保险公司合规管理指引》具体适用有关事宜的通知,保监发〔2008〕29号,nfra,BOUNDARY,低,,,保险公司|保险公司分支机构|保险资产管理|分支机构,,[title]…关于《保险公司合规管理指引》具体适用有关事宜的通知 保监发〔2008〕29号。各保险公司、保险资产管理公司，各保监局，机关各…,4677,已提取-可全文
RFN-d54da4b489cc13c6,T1销售行为与消费者保护,关于保险公司员工非正常购买保险行为定性问题的复函,保监厅函〔2005〕199号,nfra,INCLUDE,中,人寿保险,,,,[meta]…保监局：。你局《关于对保险公司员工非正常购买保险如何定性的请示》（苏保监发〔2005〕459号）和《关于对中国人寿保险股份有限公司徐州市分公司员工非正常购买保险有关问题的补充报告》（苏保监发〔2005〕529号）收悉。经研究，函…,690,已提取-可全文
RFN-d57b46072751dc21,T4公司治理与股权关联交易,中国人民银行 国家金融监督管理总局关于印发《系统重要性保险公司评估办法》的通知,国家金融监督管理总局关于银发〔2023〕208号,nfra,INCLUDE,中,人身保险公司,,,再保险公司|财产保险公司|金融资产,[body]…监管，以降低其发生重大风险的可能性，防范系统性金融风险。 （二）适用范围。本办法适用于依法设立的保险集团公司、人身保险公司、财产保险公司和再保险公司。2家或2家以上保险公司组成保险集团公司的，以保险集团公司作为参评主体。 评估使用的…,6146,已提取-可全文
RFN-d58cf05febbb90b9,T5资金运用与资产负债管理,中国保监会关于印发《保险资产配置管理暂行办法》的通知,保监发〔2012〕61号,nfra,BOUNDARY,低,寿险,,,,[body]…送经营管理层和专业委员会审议，并由专业委员会提交董事会审定。 第五章独立账户配置管理 第二十六条 保险公司开发寿险投资连结保险产品、变额年金产品、养老保障委托管理产品和非寿险非预定收益投资型保险产品等，应当根据中国保监会有关…,9205,已提取-可全文
RFN-d6174ff6a464bc23,T1销售行为与消费者保护,关于做好新《保险法》宣传工作的通知（已失效）,保监厅发〔2009〕31号,nfra,BOUNDARY,低,,,保险公司|保险机构|保险理赔,,[meta]…关于做好新《保险法》宣传工作的通知（已失效） 保监厅发〔2009〕31号。各保监局，各保险公司，中国保险行业协会，中国保险学会：。2009年2月28日，十一届全国人大常委会第七次会议通过了《中华人民共和国…,5691,已提取-可全文
RFN-d63780aab73653cc,T8机构准入与组织监管,关于印发《中国保监会关于加强保险行业协会建设的指导意见》的通知（已废止）,保监发〔2004〕17号,nfra,INCLUDE,中,人寿保险|人身保险,保险兼业代理,,保险中介机构|公估机构,[body]…组织，包括中国保险行业协会、各地方保险行业协会以及保险行业联合会。保险行业联合会是指由同一地方的财产保险协会、人寿保险协会和保险中介协会等组成的联合体。联合会为法人机构，所属各协会为联合会的分支机构，在联合会的统一领导下相对独立…,15209,已提取-可全文
RFN-d6387e203f6e7801,T3资本与偿付能力监管,关于印发《保险公司偿付能力报告编报规则——问题解答第9号：偿付能力报告编报规则与〈企业会计准则解释第2号〉的衔接》的通知,保监发〔2010〕7号,nfra,INCLUDE,中,寿险,,,财产保险公司,[body]…债。 保险公司应当自2009年年度偿付能力报告开始，按照本问题解答附件规定的最低资本表编报偿付能力报告。 问：寿险公司偿付能力报告在新旧政策转换期如何衔接过渡？ 答：为了保持寿险公司有关监管报告的前后衔接和监管信息的平稳过渡…,3533,已提取-可全文
RFN-d638f279529ea78c,T7反洗钱与反恐怖融资,中国人民银行关于加强反洗钱客户身份识别有关工作的通知（银发〔2017〕235号）,银发〔2017〕235号,pbc,EXCLUDE,—,,,,,,186,已提取-缺正文
RFN-d718617c6d4baa91,T5资金运用与资产负债管理,关于授权北京等保监局开展保险资金运用监管试点工作的通知,保监资金〔2014〕17号,nfra,BOUNDARY,低,,,保险公司|保险机构|保险资金,,[title]…关于授权北京等保监局开展保险资金运用监管试点工作的通知 保监资金〔2014〕17号。北京、上海、江苏、湖北、广东、深圳保监局：。为防范保险资金…,1168,已提取-可全文
RFN-d7aba191c5f21118,T4公司治理与股权关联交易,关于印发《国有保险公司监事会检查报告报送程序规定》的通知（已废止）,保监发〔2003〕113号,nfra,BOUNDARY,低,人寿保险,,,,[meta]…公司监事会检查报告报送程序规定》的通知（已废止） 保监发〔2003〕113号。中国人保（控股）公司监事会、中国人寿保险（集团）公司监事会、中国再保险（集团）公司监事会、中国出口信用险公司监事会：。为规范国务院派驻国有保险公司监事…,1632,已提取-可全文
RFN-d87f91e80a21f732,T1销售行为与消费者保护,中国银保监会关于开展银行业保险业市场乱象整治“回头看”工作的通知,银保监发[2020]27号,nfra,EXCLUDE,中,,,保单|保险产品|保险公司|保险机构|保险条款|保险消费者|保险资产管理|保险资金|保险销售|偿付能力|分支机构,信托公司|金融资产|银行业|银行业金融机构,[title]…中国银保监会关于开展银行业保险业市场乱象整治“回头看”工作的通知 中国银保监会关于开展各银保监局，机关各部门，各政策性银行、大型银行、股…,21029,已提取-可全文
RFN-d8b9fdbcdea821fd,T9风险处置与案件合规,关于印发《保险资产管理重大突发事件应急管理指引》的通知,保监发〔2007〕42号,nfra,BOUNDARY,低,,,保险公司|保险机构|保险资产管理|保险资金|偿付能力|分支机构,,[title]…关于印发《保险资产管理重大突发事件应急管理指引》的通知 保监发〔2007〕42号。各保险公司、保险资产管理公司：。为加强保险资产管理…,8676,已提取-可全文
RFN-d959ae842e987fd2,T5资金运用与资产负债管理,关于印发《保险资金运用风险控制指引（试行）》的通知,保监发〔2004〕43号,nfra,BOUNDARY,低,,,保险公司|保险公司分支机构|保险资产管理|保险资金|偿付能力,,[title]…关于印发《保险资金运用风险控制指引（试行）》的通知 保监发〔2004〕43号。各保险公司、各保险资产管理公司：。为规范保险资金运…,18185,已提取-可全文
RFN-d9a725afed1a974b,T1销售行为与消费者保护,中国银保监会 国家互联网信息办公室工业和信息化部 市场监管总局关于规范“银行”字样使用有关事项的通知,银保监规[2022]18号,nfra,EXCLUDE,中,,,保险公司|保险机构,商业银行|银行业金融机构,[meta]…），各政策性银行、大型银行、股份制银行、外资银行，各保险集团（控股）公司、保险公司：为严格落实《中华人民共和国商业银行法》等法律法规要求，进一步规范“银行”字样使用，现就有关事项通知如下：一、未经银保监会及其派出机构批准，任何法…,3396,已提取-可全文
RFN-d9c806f538c7459e,T10数据治理与信息披露,关于增值税法施行后增值税优惠政策衔接事项的公告,财政部 税务总局公告2026年第10号,mof,INCLUDE,中,人寿保险|人身保险|健康保险|养老保险|养老保险公司,,,信托公司|商业银行|基金管理公司|证券公司|金融资产|银行业|银行业金融机构,[body]…中国人民银行、金融监管总局、中国证监会批准成立且经营金融保险业务的金融机构等。 19.保险公司开办的一年期以上人身保险产品取得的保费收入。 一年期以上人身保险，是指保险期间为一年期及以上返还本利的人寿保险、养老年金保险和其他年金…,39011,已提取-可全文
RFN-d9e570ad3732a7a1,T5资金运用与资产负债管理,非保险机构投资境外保险类企业管理办法（保监会令2013年第4号）,N/A,nfra,BOUNDARY,低,,,保险机构,,[title]…非保险机构投资境外保险类企业管理办法（保监会令2013年第4号） 非保险机构投资境外保险类企业管理办法（保监会令2013…,438,已提取-可全文
RFN-da7b60172d217569,T4公司治理与股权关联交易,关于印发《关于规范保险公司章程的意见》的通知,保监发〔2008〕57号,nfra,BOUNDARY,低,人寿保险,,,,[body]…内控合规管理、内部审计等制度作出原则规定。 3、保险公司章程应当对公司的分立、合并、解散及清算作出规定。经营有人寿保险业务的保险公司章程不得规定法定情形以外的解散事由。 4、保险公司章程应当规定公司的通知和公告办法。 二、章程的…,9543,已提取-可全文
RFN-da88f2269feb36fe,T3资本与偿付能力监管,中国保监会关于印发《保险公司偿付能力报告编报规则——问题解答第25号：中国铁路发展基金股份有限公司的优先股》的通知,保监发〔2015〕1号,nfra,BOUNDARY,低,,,保险公司|保险资产管理|偿付能力,,[title]…中国保监会关于印发《保险公司偿付能力报告编报规则——问题解答第25号：中国铁路发展基金股份有限公司的优先股》的通知 保监发〔2015〕1号…,1197,已提取-可全文
RFN-db229545ea3af41c,T2产品与精算制度,中国银行保险监督管理委员会人身保险监管部关于印发人身保险产品“负面清单”（2021版）的通知,人身险部函〔2021〕31号,,—,—,,,,,,0,未在五源cleaned收录
RFN-db2a82ff84de69dd,T10数据治理与信息披露,中国保监会关于发布《保险业务代码集（JR/T 0034－2015）》行业标准的通知,保监发〔2015〕124号,nfra,BOUNDARY,低,,,保险公司|保险资产管理,,[meta]…的通知 保监发〔2015〕124号。机关各部门，各保监局，中国保险行业协会、中国保险学会、中国精算师协会、中国保险资产管理业协会，中国保险保障基金有限责任公司、中国保险信息技术管理有限责任公司，各保险公司、保险资产管理公司、保险专业…,905,已提取-可全文
RFN-db44d241271e6fe2,T3资本与偿付能力监管,国家金融监督管理总局关于调整保险公司相关业务风险因子的通知,金规[2025]24号,nfra,BOUNDARY,低,,,保险公司|偿付能力,,[title]…国家金融监督管理总局关于调整保险公司相关业务风险因子的通知 国家金融监督管理总局文件各金融监管局，各保险集团（控股）公司、保险公司：经研究，现就保…,1317,已提取-可全文
RFN-db5013179a2ae3be,T2产品与精算制度,关于加强航空意外保险规范管理有关问题的通知（已废止）,保监发〔2002〕134号,nfra,BOUNDARY,低,人身保险,,,,[body]…理委员会（以下简称中国保监会）核准经营人身意外伤害保险后， 方可经营航空意外保险。  二、 保险公司必须按照《人身保险产品备案管理暂行办法》（保监发[2000]20 号）向中国保监会办理航空意外保险条款、 费率的备案手续后方可经…,3241,已提取-可全文
RFN-db6909510692f430,T1销售行为与消费者保护,关于加强万能保险销售管理有关事项的通知,保监发〔2005〕94号,nfra,INCLUDE,中,人身保险公司,,,,[meta]…关于加强万能保险销售管理有关事项的通知 保监发〔2005〕94号。各保监局、各人身保险公司：。为加强万能保险销售管理，保护消费者权益，现将有关事项通知如下：。一、严格管理宣传材料。各公司应切实加强对万…,2774,已提取-可全文
RFN-db8d146a4c8fb677,T10数据治理与信息披露,中国保监会办公厅关于进一步做好保险公司公开信息披露工作的通知,保监厅发〔2013〕15号,nfra,INCLUDE,中,人寿保险|人身保险公司,,,财产保险公司,[meta]…中国保监会办公厅关于进一步做好保险公司公开信息披露工作的通知 保监厅发〔2013〕15号。中国人寿保险（集团）公司，各财产保险公司、各人身保险公司：。为进一步贯彻落实《保险公司信息披露管理办法》（保监会令〔201…,2920,已提取-可全文
RFN-dbacd268f2e2a3ab,T1销售行为与消费者保护,互联网保险业务监管办法,中国银行保险监督管理委员会令[2020]13号,nfra,INCLUDE,中,人身保险,个人保险代理人|保险代理人|保险兼业代理,,保险中介机构|保险公估|保险经纪|商业银行|银行业,[body]…，以及保险合同中的犹豫期、等待期、费用扣除、退保损失、保单现金价值等重点内容。（三）保险产品为投连险、万能险等人身保险新型产品的，应按照银保监会关于新型产品信息披露的相关规定，清晰标明相关信息，用不小于产品名称字号的黑体字标注保…,27835,已提取-可全文
RFN-dc3d3bc52b3c5889,T1销售行为与消费者保护,关于加强人身保险收付费相关环节风险管理的通知,保监发〔2008〕97号,nfra,INCLUDE,高,人寿保险公司|人身保险|人身保险公司|健康保险|养老保险公司,保险营销员,,保险中介机构,[title]…关于加强人身保险收付费相关环节风险管理的通知 保监发〔2008〕97号。各人寿保险公司、健康保险公司、养老保险公司：。为切实保…,3047,已提取-可全文
RFN-dcdc09f305205cdb,T10数据治理与信息披露,中国保监会关于印发《保险业功能服务指标体系》的通知,保监发〔2015〕129号,nfra,EXCLUDE,—,,,,,,969,已提取-可全文
RFN-dcf8ffb8f9bc1eee,T5资金运用与资产负债管理,中国银保监会办公厅关于保险资金参与信用风险缓释工具和信用保护工具业务的通知,中国银保监会办公厅关于保险资金参与信用风险缓释工具和信用保护工具业务的通知银保监办发〔2019〕121号,nfra,BOUNDARY,低,,,保险公司|保险机构|保险资产管理|保险资金,,[title]…中国银保监会办公厅关于保险资金参与信用风险缓释工具和信用保护工具业务的通知 中国银保监会办公厅关于保险资金参与信用风险缓释工具和信用保护工具…,2016,已提取-可全文
RFN-dcff50c66c932098,T1销售行为与消费者保护,关于规范团体保险经营行为有关问题的通知,保监发〔2005〕62号,nfra,INCLUDE,中,人身保险|健康保险|寿险,,,,[meta]…是指投保人为其5人以上特定团体成员（可包括成员配偶、子女和父母）投保，由保险人用一份保险合同提供保险保障的一种人身保险。     保监发〔2005〕62号 各保险公司： 为规范保险公司经营团体保险业务的行为，维护团体保险市场的正…,2066,已提取-可全文
RFN-dd555e05f0334109,T4公司治理与股权关联交易,关于执行《保险公司关联交易管理暂行办法》有关问题的通知,保监发〔2008〕88号,nfra,BOUNDARY,低,,,保险公司|保险资产管理|保险资金,,[title]…关于执行《保险公司关联交易管理暂行办法》有关问题的通知 保监发〔2008〕88号。各保险公司、保险资产管理公司：。为进一步加强关…,2001,已提取-可全文
RFN-ddb2c9cf3445983d,T2产品与精算制度,关于加强航空意外保险管理有关事项的通知,保监发〔2007〕94号,nfra,INCLUDE,中,人身保险,保险代理人,,财产保险公司,[body]…号）。 各保险公司不得以航空旅客意外伤害保险行业指导性条款名义销售航空意外保险。  二、 各保险公司应按照《人身保险产品审批和备案管理办法》、 《财产保险公司保险条款和保险费率管理办法》及其相关规定向中国保监会办理航空意外保险…,1520,已提取-可全文
RFN-dddd4931464533fa,T3资本与偿付能力监管,中国人民银行 中国银行保险监督管理委员会关于保险公司发行无固定期限资本债券有关事项的通知,关于保险公司发行无固定期限资本债券银发〔2022〕175号,nfra,BOUNDARY,低,,,保险公司|偿付能力,,[title]…中国人民银行 中国银行保险监督管理委员会关于保险公司发行无固定期限资本债券有关事项的通知 关于保险公司发行无固定期限资本债券银发〔2022〕175号 各保险公司：…,3305,已提取-可全文
RFN-ddef688f33867b98,T6养老与健康保险专项,关于印发《天津滨海新区补充养老保险试点实施细则》的通知,保监厅发〔2008〕32号,nfra,EXCLUDE,中,人寿保险|人寿保险公司|人身保险|养老保险|养老保险公司|寿险,,,,,10145,已提取-可全文
RFN-ddf8280065cda015,T1销售行为与消费者保护,中国银保监会办公厅关于推广人身保险电子化回访工作的通知,,supp,INCLUDE,高,人身保险,,,,[title]…中国银保监会办公厅关于推广人身保险电子化回访工作的通知 推广人身保险电子化回访（依据《保险法》及人身保险服务相关监管规定）：电子化回访=保单犹豫…,3541,已提取-可全文
RFN-ddfffd5a5aa8bb42,T9风险处置与案件合规,关于依法严肃处理保险公司中介业务违法违规机构和责任人员有关问题的通知,保监中介〔2010〕248号,nfra,EXCLUDE,中,,,保险公司|保险机构,保险中介机构,[body]…对照本通知精神， 结合辖内实际， 具体把握处罚尺度。  七、 查处辖内保险公司中介业务违法违规行为， 需要追究保险中介机构相关人员责任的， 参照本通知执行。  在执行本通知中有何新情况、 新问题， 请及时反映。  中国保险监督管理委…,1936,已提取-可全文
RFN-de6540d3191cfce5,T1销售行为与消费者保护,中国银保监会关于开展“巩固治乱象成果 促进合规建设”工作的通知,银保监发[2019]23号,nfra,EXCLUDE,中,,,保险公司|保险机构|保险资产管理|保险资金|保险销售|偿付能力|分支机构,商业银行|金融资产|银行业|银行业金融机构,[meta]…的通知。（银保监发〔2019〕23号）。各银保监局，各政策性银行、大型银行、股份制银行，邮储银行，外资银行，各金融资产管理公司，各保险集团（控股）公司、保险公司、保险资产管理公司：。 现场检查局    中国银保监会关于 中国银保…,19560,已提取-可全文
RFN-df26d096b13a54d4,T4公司治理与股权关联交易,关于印发《中共中国保监会委员会贯彻落实中共中央〈建立健全惩治和预防腐败体系2013－2017年工作规划〉实施办法》的通知,保监党委发〔2014〕23号,nfra,INCLUDE,中,人寿保险|人身保险,,,,[meta]…013－2017年工作规划〉实施办法》的通知 保监党委发〔2014〕23号。各保监局党委，保监会机关党委，民生人寿保险股份有限公司、中国保险行业协会、中国保险学会、中国保险保障基金有限责任公司、中国保险信息技术管理有限责任公司党…,10245,已提取-可全文
RFN-df2ad88fbaa24dee,T4公司治理与股权关联交易,中国保监会关于印发《保险公司发展规划管理指引》的通知,保监发〔2013〕18号,nfra,BOUNDARY,低,,,保险公司|保险资产管理|偿付能力|分支机构,,[title]…中国保监会关于印发《保险公司发展规划管理指引》的通知 保监发〔2013〕18号。各保险集团（控股）公司、各保险公司：。为规范保险公司发展规…,6523,已提取-可全文
RFN-dfa1f1cbb084b933,T1销售行为与消费者保护,关于做好2009年保险消费者教育工作的通知（已失效）,保监厅发〔2009〕30号,nfra,BOUNDARY,低,,,保险公司|保险消费者,,[title]…关于做好2009年保险消费者教育工作的通知（已失效） 保监厅发〔2009〕30号。各保监局、各保险公司、中国保险行业协会、中国保险学会：。…,1653,已提取-可全文
RFN-dfb8fd4c91ecf924,T8机构准入与组织监管,保险公司保险业务转让管理暂行办法,N/A,nfra,BOUNDARY,低,人身保险,,,,[body]…息、 转让方案概要及责任承担等相关事宜书面告知相关投保人、 被保险人， 并征得相关投保人、 被保险人的同意； 人身保险合同的被保险人死亡的， 转让方保险公司应当书面告知受益人并征得其同意。  保险业务转让双方应当合理实施业务转让…,3738,已提取-可全文
RFN-dfd287d5f2f0c127,T5资金运用与资产负债管理,中国银保监会办公厅关于明确保险资产负债管理报告报送要求的通知,银保监办发〔2019〕98号,nfra,EXCLUDE,中,,,保险公司|保险资金,再保险公司|财产险,[body]…表和量化评估表中没有相关信息的， 在数字框中应填“0”， 文本框中应填“无”。  3.保险集团（控股）公司、 再保险公司年度报告和季度报告只需填报财产险公司量化评估表中的表 1－1 和 1－2， 填报公司整体信息， 不区分大类账户…,2321,已提取-可全文
RFN-dfda2ce04a67ec7a,T2产品与精算制度,关于父母为其未成年子女投保以死亡为给付保险金条件人身保险有关问题的通知,保监发〔2010〕95号,nfra,INCLUDE,高,人身保险,,,,[title]…关于父母为其未成年子女投保以死亡为给付保险金条件人身保险有关问题的通知 保监发〔2010〕95号。各保险公司：。为保护未成年人的合法权益，根据《中华人民共和国保险法》…,2052,已提取-可全文
RFN-e00894a2b33837ec,T1销售行为与消费者保护,关于印发《商业银行代理保险业务监管指引》的通知,保监发〔2011〕10号,nfra,BOUNDARY,低,人身保险,保险销售从业人员,,商业银行|金融资产|银行业|银行业金融机构,[body]…形式向投保人提供保险监管部门要求的投保提示书、产品说明书，应当引导投保人在投保单上填写真实完整的客户信息，并在人身保险新型产品投保书上抄录有关声明，不得代抄录有关声明或代投保人或被保险人签名；对投资连结保险产品投保人还应当进行风…,13825,已提取-可全文
RFN-e01a5780ae8bae3d,T2产品与精算制度,关于做好分红保险专题财务报告编报工作的补充通知,保监发〔2003〕19号,nfra,INCLUDE,中,健康险|寿险,,,,[meta]…关于做好分红保险专题财务报告编报工作的补充通知 保监发〔2003〕19号。各寿险公司：。《中国保监会关于做好分红保险专题财务报告编报工作的通知》（保监发[2002]8号）下发以后，对规范和提…,4236,已提取-可全文
RFN-e146828784b8125c,T1销售行为与消费者保护,关于印发《保险监管人员行为准则》和《保险从业人员行为准则》的通知,保监发〔2009〕24号,nfra,BOUNDARY,低,,,保险产品|保险公司|保险机构|保险资产管理|保险销售,,[meta]…险监管人员行为准则》和《保险从业人员行为准则》的通知 保监发〔2009〕24号。各保监局，保监会机关各部门，各保险公司、保险资产管理公司、保险中介公司，中国保险行业协会:。现将《保险监管人员行为准则》和《保险从业人员行为准则》印…,3749,已提取-可全文
RFN-e148bbd7c66d00bf,T9风险处置与案件合规,关于加强保险中介业务管理防范保险诈骗的通知（已失效）,保监发〔2007〕92号,nfra,INCLUDE,中,健康保险|养老保险公司|寿险,,,,[meta]…关于加强保险中介业务管理防范保险诈骗的通知（已失效） 保监发〔2007〕92号。各寿险公司、养老保险公司、健康保险公司：。近期，我会发现因保险公司内部管理不善导致个别保险代理机构在代理合同终止后，…,1941,已提取-可全文
RFN-e1c4d0b0f6058062,T8机构准入与组织监管,中国银保监会办公厅关于加强保险公司省级分公司以下分支机构负责人管理的通知,银保监办发[2021]74号,nfra,BOUNDARY,低,,,保险公司|分支机构,,[title]…中国银保监会办公厅关于加强保险公司省级分公司以下分支机构负责人管理的通知 为配合《保险公司董事、监事和高级管理人员任职资格管理规定》（中国银行保…,2048,已提取-可全文
RFN-e1d0f34066dc3646,T3资本与偿付能力监管,关于保险公司资本保证金存放商业银行有关规定的通知,保监发[2001]6号,nfra,EXCLUDE,中,,,保险公司,商业银行,[title]…关于保险公司资本保证金存放商业银行有关规定的通知 保监发[2001]6号。各保险公司：。根据《保险公司管理规定》第七十五条规定，我会允许保险公司…,1288,已提取-可全文
RFN-e2c2f74df4286e2d,T2产品与精算制度,关于健康保险产品提供健康管理服务有关事项的通知,保监发〔2012〕73号,nfra,INCLUDE,中,人身保险公司|健康保险,,,,[meta]…关于健康保险产品提供健康管理服务有关事项的通知 保监发〔2012〕73号。各保监局、各人身保险公司：。为促进健康保险领域产品创新，充分发挥商业健康保险在构建多层次医疗保障体系中的重要作用，现将有关事项通知如下…,1402,已提取-可全文
RFN-e2c5cd1ddca78420,T6养老与健康保险专项,保险公司养老保险业务管理办法,N/A,nfra,INCLUDE,中,人寿保险|人寿保险公司|养老保险|养老保险公司,,,,[body]…保险公司养老保险业务进行监督管理。 第四条 本办法所称保险公司，是指经保险监督管理机构批准设立并依法登记注册的人寿保险公司、养老保险公司。 第五条 本办法所称养老保险业务，包括个人养老年金保险业务、团体养老年金保险业务和企业年金管理…,8185,已提取-可全文
RFN-e2c9508cb1532948,T1销售行为与消费者保护,关于印发《保险专业中介机构分类监管暂行办法》的通知,保监发〔2008〕122号,nfra,EXCLUDE,中,,,保险公司|分支机构,保险公估|保险经纪机构,[body]…类属，并采取针对性监管措施的方法。 第三条 本办法所称保险专业中介机构是指依据《保险专业代理机构监管规定》、《保险经纪机构监管规定》、《保险公估机构监管规定》依法设立的保险专业代理机构、保险经纪机构、保险公估机构及其分支机构。 第四…,9850,已提取-可全文
RFN-e334d8cce1f13776,T1销售行为与消费者保护,中国保监会关于深化保险中介市场改革的意见,保监发〔2015〕91号,nfra,EXCLUDE,中,,,保单|保险产品|保险公司|保险消费者|保险资产管理|保险销售,保险中介机构|保险经纪|公估机构|财产险,[meta]…师协会，中国保险资产管理业协会，中国保险保障基金有限责任公司，中国保险信息技术管理有限责任公司，各保险公司，各保险中介机构：。     保监发〔2015〕91号 机关各部门，各保监局，培训中心，中国保险行业协会，中国保险学会，中国精…,7999,已提取-可全文
RFN-e346b01e2d21392b,T3资本与偿付能力监管,中国人民银行 中国银行保险监督管理委员会关于保险公司发行无固定期限资本债券有关事项的通知（银发〔2022〕175号）,中国人民银行令〔2005〕第1号,pbc,EXCLUDE,中,,,,商业银行,[body]…的金融机构法人在全国银行间债券市场发行的、按约定还本付息的有价证券。 本办法所称金融机构法人，包括政策性银行、商业银行、企业集团财务公司及其他金融机构。 第三条 中国人民银行依法对金融债券的发行进行监督管理。未经中国人民银行核准…,9168,已提取-可全文
RFN-e35701827004cf91,T9风险处置与案件合规,关于缴纳保险保障基金有关问题的通知,保监发〔2005〕26号,nfra,BOUNDARY,低,人寿保险公司|健康保险|寿险,,,再保险公司|财产保险公司,[meta]…法》），现将有关事项通知如下：。一、保险保障基金专门帐户。中国保监会在中国工商银行开立了财产保险公司保障基金和人寿保险公司保障基金两个专户。     保监发〔2005〕26 号 各保险公司： 为了做好保险保障基金的缴纳工作， 根据《…,2348,已提取-可全文
RFN-e3d01cc01869fafc,T5资金运用与资产负债管理,保险资金运用管理办法,保险资金运用管理办法保监会令〔2018〕1号,nfra,EXCLUDE,中,,,保单|保险产品|保险公司|保险机构|保险资产管理|保险资金|偿付能力|分支机构|投资连结保险,保险公估|保险经纪机构|信托公司|商业银行|基金管理公司|证券公司,[body]…符合中国保监会、中国人民银行和国家外汇管理局的相关规定。第七条 保险资金办理银行存款的，应当选择符合下列条件的商业银行作为存款银行：（一）资本充足率、净资产和拨备覆盖率等符合监管要求；（二）治理结构规范、内控体系健全、经营业绩良…,19515,已提取-可全文
RFN-e42e3cf5ecbe4d9e,T4公司治理与股权关联交易,关于加强保险公司对持有上市公司股份和法人股集中管理的通知关于加强保险公司对持有上市公司股份和法人股集中管理的通知（已废止）,保监发[2000]90号,nfra,BOUNDARY,低,,,保险公司|分支机构,,[title]…关于加强保险公司对持有上市公司股份和法人股集中管理的通知关于加强保险公司对持有上市公司股份和法人股集中管理的通知（已废止） 保…,690,已提取-可全文
RFN-e43348556a56e4c5,T3资本与偿付能力监管,中国人民银行 中国保险监督管理委员会公告〔2015〕第3号（保险公司发行资本补充债券有关事宜）,公告〔2015〕第3号,pbc,BOUNDARY,低,,,保险公司,,[title]…中国人民银行 中国保险监督管理委员会公告〔2015〕第3号（保险公司发行资本补充债券有关事宜） 中国人民银行 中国保险监督管理委员会公告〔2015〕第3号（保险公司发行资本补充债…,310,已提取-可全文
RFN-e4a6af87b87531a5,T10数据治理与信息披露,关于加强保险业信息化工作重大事项管理的通知,保监厅发〔2007〕8号,nfra,BOUNDARY,低,,,保险公司|保险资产管理,,[meta]…关于加强保险业信息化工作重大事项管理的通知 保监厅发〔2007〕8号。各保险集团（控股）公司、保险公司、保险资产管理公司：。为贯彻落实《中国保险业发展“十一五”规划信息化重点专项规划》，防范化解信息技术风险，进一…,1936,已提取-可全文
RFN-e4ad445337272c70,T5资金运用与资产负债管理,中国银保监会关于保险资产管理公司设立专项产品有关事项的通知,银保监发〔2018〕65号,nfra,BOUNDARY,低,养老保险公司,,,商业银行|金融资产,[body]…产管理公司应当及时向银保监会报告， 并在事件发生后的 2 个工作日内向投资者披露相关信息。 十四、 符合条件的养老保险公司设立专项产品参照本通知执行。…,2917,已提取-可全文
RFN-e4fa67e6508db993,T5资金运用与资产负债管理,中国人民银行公开市场业务公告〔2024〕第6号—关于接受符合条件的证券、基金、保险公司申报的公告,中国人民银行公开市场业务公告（〔2024〕第6号）,,—,—,,,,,,0,未在五源cleaned收录
RFN-e5a60d918465f9ee,T1销售行为与消费者保护,中国银保监会办公厅关于印发《商业银行代理保险业务管理办法》的通知,银保监办发〔2019〕179号,nfra,BOUNDARY,低,人身保险|健康保险|寿险,保险兼业代理|保险销售从业人员,,商业银行|财产保险公司|银行业|银行业金融机构,[body]…户无继续投保意愿等问题的不得承保。（二）销售保单利益不确定的保险产品，包括分红型、万能型、投资连结型、变额型等人身保险产品和财产保险公司非预定收益型投资保险产品等，存在以下情况的，应当在取得投保人签名确认的投保声明后方可承保：1…,21898,已提取-可全文
RFN-e5c9143ec2516746,T8机构准入与组织监管,关于执行《保险公司营销服务部管理办法》有关事项的通知,保监发〔2002〕25号,nfra,INCLUDE,中,寿险,,,,[meta]…格按照《办法》审批保险公司新设立的营销服务部。二、各保监办要责成各保险公司对《办法》颁布前设立的农村代办站所、寿险营销部、营销员管理处等保险营销服务网点进行清理。     保监发〔2002〕25 号 各保监办： 为认真贯彻执…,1259,已提取-可全文
RFN-e5f6438ee020d740,T2产品与精算制度,关于规范激活注册式意外险业务经营行为的通知,保监寿险〔2010〕921号,nfra,INCLUDE,中,寿险,,,,[meta]…关于规范激活注册式意外险业务经营行为的通知 保监寿险〔2010〕921号。各保险公司、各保监局：。根据全国保险监管工作会议精神，从2010年3月份开始，保监会在全…,1101,已提取-可全文
RFN-e5f9f24abd40c795,T10数据治理与信息披露,关于报送保险公司分类监管信息的通知,保监发〔2008〕113号,nfra,INCLUDE,中,人寿保险公司|人身保险|健康保险|养老保险公司|寿险,,,财产保险公司,[meta]…，增强保险监管的科学性、针对性和有效性，切实防范化解风险，根据《关于实施分类监管信息报送有关事宜的通知》（保监寿险〔2008〕1566号、保监产险〔2008〕1567号）要求，现就有关分类监管信息报送事项通知如下：。一、适用…,2884,已提取-可全文
RFN-e606f42bed9a08df,T3资本与偿付能力监管,财政部 国家税务总局关于人寿保险业务免征营业税若干问题的通知（部分失效）,财税[2001]118号,,—,—,,,,,,0,未在五源cleaned收录
RFN-e6617caf260fb45e,T3资本与偿付能力监管,中国银保监会关于印发保险公司偿付能力监管规则（Ⅱ）的通知,银保监发[2021]51号,nfra,BOUNDARY,低,,,保险公司|保险消费者|保险资产管理|偿付能力,,[title]…中国银保监会关于印发保险公司偿付能力监管规则（Ⅱ）的通知 各银保监局，各保险集团（控股）公司、保险公司、保险资产管理公司：各银保监局，各保…,652,已提取-可全文
RFN-e66b61bef8b5b765,T1销售行为与消费者保护,关于促进农村人身保险健康规范发展的通知（已废止）,保监发〔2006〕105号,nfra,INCLUDE,高,人身保险,保险营销员,,保险中介机构,[title]…关于促进农村人身保险健康规范发展的通知（已废止） 保监发〔2006〕105号。各保监局，各保险公司：。为有效促进农村人身保险市场健…,1669,已提取-可全文
RFN-e682a1097d0ec9d5,T9风险处置与案件合规,国家金融监督管理总局 公安部印发《关于加强银行业保险业涉嫌犯罪案件移送工作的规定》的通知,金规[2025]7号,nfra,EXCLUDE,中,,,保险机构,商业银行|银行业,[title]…国家金融监督管理总局 公安部印发《关于加强银行业保险业涉嫌犯罪案件移送工作的规定》的通知 各金融监管局，各省、自治区、直辖市公安厅（局），新疆生产建设兵团公安…,8896,已提取-可全文
RFN-e6bde4bd4b9b74a5,T2产品与精算制度,关于在保险条款中设立仲裁条款的通知（已废止）,保监发[1999]147号,nfra,BOUNDARY,低,,,保险公司|保险条款,,[title]…关于在保险条款中设立仲裁条款的通知（已废止） 保监发[1999]147号。各保险公司：。《中华人民共和国仲裁法》颁布实施后，…,1459,已提取-可全文
RFN-e7461206ed46d072,T10数据治理与信息披露,关于印发《保险公司信息系统安全管理指引（试行）》的通知,保监发〔2011〕68号,nfra,BOUNDARY,低,,,保险公司|保险资产管理,,[title]…关于印发《保险公司信息系统安全管理指引（试行）》的通知 保监发〔2011〕68号。各保险公司、保险资产管理公司：。为防范化解保险…,11558,已提取-可全文
RFN-e7d637e1e33fa849,T6养老与健康保险专项,中国保监会关于印发《个人税收优惠型健康保险业务管理暂行办法》的通知,保监发〔2015〕82号,nfra,INCLUDE,中,人身保险公司|健康保险,,,,[meta]…中国保监会关于印发《个人税收优惠型健康保险业务管理暂行办法》的通知 保监发〔2015〕82号。各保监局，各人身保险公司：。为贯彻落实财政部、国家税务总局、保监会《关于开展商业健康保险个人所得税政策试点工作的通知》（财税〔2015…,6883,已提取-可全文
RFN-e7f16ef940e67852,T1销售行为与消费者保护,银行保险机构消费者权益保护管理办法,中国银行保险监督管理委员会令2022年第9号,nfra,EXCLUDE,中,,,保险公司|保险机构|分支机构,信托公司|再保险公司|商业银行|银行业|银行业金融机构,[meta]…权益保护管理办法 中国银监会办公厅会议通知第一章  总  则 第一条  为维护公平公正的金融市场环境，切实保护银行业保险业消费者合法权益，促进行业高质量健康发展，根据《中华人民共和国银行业监督管理法》《中华人民共和国商业银行法…,12282,已提取-可全文
RFN-e83b6be5635b5f16,T2产品与精算制度,中国保监会关于推进分红型人身保险费率政策改革有关事项的通知,保监发〔2015〕93号,nfra,INCLUDE,高,人身保险|人身保险公司,,,,[title]…中国保监会关于推进分红型人身保险费率政策改革有关事项的通知 保监发〔2015〕93号。各人身保险公司：。为进一步发挥市场在保险资源配置中的决定…,2370,已提取-可全文
RFN-e85247e670b4cf47,T1销售行为与消费者保护,关于调整投资连结保险销售人员资格限制的通知（已失效）,保监发〔2001〕137号,nfra,INCLUDE,中,寿险,,,,[meta]…关于调整投资连结保险销售人员资格限制的通知（已失效） 保监发〔2001〕137号。各保监办、各寿险公司：。为了促进投资连结保险市场的进一步发展，经研究，我会决定取消《投资连结保险管理暂行办法》中对投资连结保险…,585,已提取-可全文
RFN-e8773609446b8fdd,T2产品与精算制度,关于调整寿险保单预定利率的紧急通知,保监发[1999]93号,nfra,INCLUDE,高,人寿保险|人寿保险公司|健康险|寿险,,,,[title]…关于调整寿险保单预定利率的紧急通知 保监发[1999]93号。中国人寿保险公司、中国太平洋保险公司、中国平安保险股份有限公…,1428,已提取-可全文
RFN-e8bea8508e4c5f61,T2产品与精算制度,关于编报保险公司非寿险业务准备金评估报告有关事项的通知,保监产险〔2012〕651号,nfra,EXCLUDE,中,,,保险公司,再保险公司|财产保险公司,[meta]…关于编报保险公司非寿险业务准备金评估报告有关事项的通知 保监产险〔2012〕651号。各财产保险公司、再保险公司：。为规范保险公司非寿险业务准备金评估报告编报工作，提高非寿险业务准备金评估报告编报质量，我会决定…,7124,已提取-可全文
RFN-e8c0d6c9e201231a,T1销售行为与消费者保护,关于规范寿险公司赠送保险有关行为的通知,保监发〔2005〕98号,nfra,INCLUDE,高,人身保险|寿险,,,,[title]…关于规范寿险公司赠送保险有关行为的通知 保监发〔2005〕98号。各寿险公司，各保监局：。近来，部分寿险公司开展了多种形式…,1599,已提取-可全文
RFN-e8e1d145eacd96af,T6养老与健康保险专项,中国保监会关于印发《养老年金保险业务统计制度》的通知,保监发〔2015〕108号,nfra,INCLUDE,中,人身保险|人身保险公司|健康险|寿险,,,,[body]…监会 2015年11月20日 养老年金保险业务统计制度 一、总体说明 （一）统计内容 本制度的统计内容主要是各人身保险公司开展的养老年金保险业务。根据《人身保险公司保险条款和保险费率管理办法》（保监会令2011年第3号），养老年金保…,38248,已提取-可全文
RFN-e933f5a085bc2f65,T2产品与精算制度,关于下发有关精算规定的通知,保监发[1999]90号,nfra,INCLUDE,中,人寿保险|人寿保险公司|人身保险|健康保险|健康险|寿险,,,再保险公司,[meta]…关于下发有关精算规定的通知 保监发[1999]90号。中国人寿保险公司、中国太平洋保险公司、中国平安保险股份有限公司、新华人寿保险股份有限公司、泰康人寿保险股份有限公司、新疆兵团保…,11760,已提取-可全文
RFN-e988cc692a930c06,T9风险处置与案件合规,关于缴纳保险保障基金有关事项的通知,保监发〔2008〕116号,nfra,INCLUDE,中,人寿保险公司|人身保险|健康保险|养老保险公司,,,再保险公司|财产保险公司,[body]…式，现将有关事项通知如下： 一、保险保障基金的汇缴专户 保险保障基金公司在中国工商银行开立了财产保险保障基金和人身保险保障基金两个专户。财产保险公司应将保险保障基金缴入中国保险保障基金有限责任公司财产保险保障基金专户（以下简称“…,5111,已提取-可全文
RFN-ea0b8b543675e41c,T4公司治理与股权关联交易,保险公司财务负责人任职资格管理规定,N/A,nfra,BOUNDARY,低,,,保险公司|保险资产管理|偿付能力,,[title]…保险公司财务负责人任职资格管理规定 保监会令2008年第4号。《保险公司财务负责人任职资格管理规定》已经2008年12…,7717,已提取-可全文
RFN-ea87b9c442d27464,T10数据治理与信息披露,关于规范保险机构向中国保险监督管理委员会报送文件的通知,保监厅发〔2013〕20号,nfra,BOUNDARY,低,,,保险公司|保险机构|保险资产管理|分支机构,,[title]…关于规范保险机构向中国保险监督管理委员会报送文件的通知 保监厅发〔2013〕20号。各保险公司、保险资产管理公司、保险专业中介…,2819,已提取-可全文
RFN-ea942d651ac62a70,T10数据治理与信息披露,关于开展保险业（第二批）信息系统安全等级保护定级工作的通知,保监厅发〔2007〕80号,nfra,BOUNDARY,低,人寿保险,,,,[body]…一、第二批开展定级工作的单位范围 除第一批单位(保监会及各保监局，中国保险行业协会，中国人民保险集团公司、中国人寿保险（集团）公司、中国再保险（集团）股份有限公司、中国出口信用保险公司、民生人寿保险股份有限公司、阳光保险控股股份…,3359,已提取-可全文
RFN-eaba3583544d0cff,T1销售行为与消费者保护,中国保监会办公厅关于贯彻实施《中国保险业信用体系建设规划（2015-2020年）》的通知,保监厅发〔2015〕19号,nfra,BOUNDARY,低,,,保险机构|保险消费者|保险资产管理,,[meta]…）》的通知 保监厅发〔2015〕19号。机关各部门，各保监局，培训中心，中国保险行业协会，中国精算师协会，中国保险资产管理业协会，中国保险信息技术管理有限责任公司：。为贯彻落实《中国保险业信用体系建设规划（2015－2020年）》（…,1734,已提取-可全文
RFN-eb50909f70be5f39,T1销售行为与消费者保护,关于加强保险公估机构管理的通知,保监中介〔2005〕619号,nfra,EXCLUDE,中,,,保险公司|分支机构,保险公估|商业银行,[title]…关于加强保险公估机构管理的通知 保监中介〔2005〕619号。各保监局、保险公估机构：。为加强对保险公估机构及其分支机构的管理…,7097,已提取-可全文
RFN-eb8790959742975f,T10数据治理与信息披露,中国保监会关于报送年度信息披露报告的通知,保监厅发〔2012〕65号,nfra,INCLUDE,中,人寿保险|人身保险公司,,,财产保险公司,[meta]…中国保监会关于报送年度信息披露报告的通知 保监厅发〔2012〕65号。中国人寿保险（集团）公司，各人身保险公司、财产保险公司：。为进一步做好保险公司信息披露工作，方便保险消费者查询保险公司相关…,1408,已提取-可全文
RFN-ebac4dce58085b83,T2产品与精算制度,关于在北京等试点城市放宽未成年人死亡保险金额通知,保监发〔2002〕34号,nfra,INCLUDE,中,人身保险|寿险,,,,[meta]…关于在北京等试点城市放宽未成年人死亡保险金额通知 保监发〔2002〕34号。各寿险公司：。为了适应保险市场发展的需要，根据《中华人民共和国保险法》的有关规定，现通知如下：。一、自本通知发布之日…,664,已提取-可全文
RFN-ebccb5447ebc9b87,T4公司治理与股权关联交易,国家金融监督管理总局关于公司治理监管规定与公司法衔接有关事项的通知,金规[2024]23号,nfra,BOUNDARY,低,,,保险公司|保险资产管理,金融资产|银行业金融机构,[meta]…型银行、股份制银行、外资银行、直销银行、金融资产管理公司、金融资产投资公司、理财公司，各保险集团（控股）公司、保险公司、保险资产管理公司、养老金管理公司、保险专业中介机构，各金融控股公司：为做好公司治理监管规定与《中华人民共和国…,1373,已提取-可全文
RFN-ec13776526cf0ac1,T7反洗钱与反恐怖融资,关于报送保险业反洗钱工作信息的通知,保监稽查〔2011〕1919号,nfra,BOUNDARY,低,,,保险公司|保险公司分支机构|保险机构|保险资产管理|分支机构,,[meta]…关于报送保险业反洗钱工作信息的通知 保监稽查〔2011〕1919号。各保监局，各保险公司、保险资产管理公司：。为贯彻落实《保险业反洗钱工作管理办法》，全面掌握行业反洗钱情况，现就保险业反洗钱工作信息…,3019,已提取-可全文
RFN-ed0821042af9e6c2,T3资本与偿付能力监管,关于印发《保险公司偿付能力报告编报规则——问题解答第2号：次级债、可转换债券、股票和境外外汇投资资产》的通知,保监发〔2004〕155号,nfra,BOUNDARY,低,,,保险公司|偿付能力,,[title]…关于印发《保险公司偿付能力报告编报规则——问题解答第2号：次级债、可转换债券、股票和境外外汇投资资产》的通知 保监发〔2004〕…,701,已提取-可全文
RFN-ed1f65fb07bac8ea,T10数据治理与信息披露,关于印发《保险机构开业信息化建设验收指引》的通知（已废止）,保监发[2004]137号,nfra,BOUNDARY,低,,,保险公司|保险机构|保险资产管理,,[title]…关于印发《保险机构开业信息化建设验收指引》的通知（已废止） 保监发[2004]137号。各保险公司筹备组、保险资产管理公司筹备组…,3514,已提取-可全文
RFN-ed7c4707dd0292a6,T3资本与偿付能力监管,中国保监会关于印发《保险公司偿付能力报告编报规则——问题解答第20号：高现金价值产品最低资本》的通知,保监发〔2014〕34号,nfra,BOUNDARY,低,,,保险公司|偿付能力,,[title]…中国保监会关于印发《保险公司偿付能力报告编报规则——问题解答第20号：高现金价值产品最低资本》的通知 保监发〔2014〕34号。各保险公司…,1632,已提取-可全文
RFN-edaadbb037824cf0,T4公司治理与股权关联交易,中国保监会关于加强保险公司再保险关联交易信息披露工作的通知,保监发〔2015〕44号,nfra,EXCLUDE,中,,,保险公司,,,1197,已提取-可全文
RFN-edc11e64a539499c,T9风险处置与案件合规,关于保险保障基金有关税收政策的通知,财税〔2023〕44号,mof,BOUNDARY,低,,,保险公司,,[body]…有限责任公司（以下简称保险保障基金公司）根据《保险保障基金管理办法》取得的下列收入，免征企业所得税： 1.境内保险公司依法缴纳的保险保障基金； 2.依法从撤销或破产保险公司清算财产中获得的受偿收入和向有关责任方追偿所得，以及依法…,1175,已提取-可全文
RFN-eddfdcf713ef5e47,T1销售行为与消费者保护,中国保监会关于印发《人身保险业综合治理销售误导评价办法（试行）》的通知,保监发〔2012〕105号,nfra,INCLUDE,高,人身保险|人身保险公司|养老保险公司,,,,[title]…中国保监会关于印发《人身保险业综合治理销售误导评价办法（试行）》的通知 保监发〔2012〕105号。各保监局，各人身保险公司：。为规范人身…,5838,已提取-可全文
RFN-ede89d168c2c1a56,T10数据治理与信息披露,保险统计管理规定,保监会令2013年第1号,supp,EXCLUDE,中,,,保险公司|保险机构|保险资产管理|分支机构,保险中介机构,[body]…本规定： （一）保险集团公司； （二）保险控股公司； （三）政策性保险公司； （四）保险资产管理公司； （五）保险中介机构。 第四十一条 境外保险公司分公司的保险统计工作，适用保险公司的有关规定。 第四十二条 中国保监会派出机构可以…,8580,已提取-可全文
RFN-ee2a85429237e4b1,T1销售行为与消费者保护,关于意外险出单管理有关问题的复函,保监寿险[2010]1066号,supp,BOUNDARY,低,养老保险,保险代理人,,,[body]…保险人同意并认可保险金额（条款级引用）。 中国保险监督管理委员会   意外险出单/身份信息/保险法34条 平安养老保险股份有限公司：你公司《关于意外险投保采用新技术方案的请示》（平保养发〔2010〕140号）收悉。经研究，现函复…,782,已提取-可全文
RFN-eef0843d6f96e953,T10数据治理与信息披露,关于开展保险公司财务业务数据真实性自查工作的通知（已失效）,保监发〔2009〕9号,nfra,BOUNDARY,低,,,保单|保险公司|分支机构,,[title]…关于开展保险公司财务业务数据真实性自查工作的通知（已失效） 保监发〔2009〕9号。各保险公司:。为贯彻落实全国保险工作会议和…,4712,已提取-可全文
RFN-ef2c42022d280346,T5资金运用与资产负债管理,中国保监会关于规范保险资金银行存款业务的通知,保监发〔2014〕18号,nfra,EXCLUDE,中,,,保险公司|保险资产管理|保险资金,商业银行,[body]…级要求达到 A 级或者相当于 A 级以上。  三、 保险公司办理银行存款业务， 应当选择取得保险资金托管资质的商业银行或者其他专业金融机构实施第三方托管， 防范资金挪用风险。 托管职责至少包括单证保管、 结息支取、 会计核算、…,1876,已提取-可全文
RFN-ef2f0c3ef2a0a822,T4公司治理与股权关联交易,中国保监会关于《保险公司股权管理办法》第四条有关问题的通知,保监发〔2013〕29号,nfra,BOUNDARY,低,,,保险公司|保险资产管理,,[title]…中国保监会关于《保险公司股权管理办法》第四条有关问题的通知 保监发〔2013〕29号。各保险公司、保险资产管理公司，各保监局：。为优化…,1925,已提取-可全文
RFN-ef9310eb02f3379f,T3资本与偿付能力监管,中国保监会关于印发《中国第二代偿付能力监管制度体系整体框架》的通知,保监发〔2013〕42号,nfra,BOUNDARY,低,,,保险公司|保险资产管理|偿付能力,,[title]…中国保监会关于印发《中国第二代偿付能力监管制度体系整体框架》的通知 保监发〔2013〕42号。各保监局，机关各部门，各保险集团（控股）公司、保险公司…,670,已提取-可全文
RFN-efa0f809bf932c9e,T6养老与健康保险专项,中国银保监会 发展改革委 教育部 民政部 司法部 财政部 人力资源社会保障部 自然资源部 住房城乡建设部 商务部 卫生健康委 税务总局 医保局关于促进社会服务领域商业保险发展的意见,银保监发[2020]4号,nfra,BOUNDARY,低,人身保险|健康保险|养老保险|寿险,,,,[body]…究开发适合居家护理、社区护理及机构护理等多样化护理需求的产品，探索将商业长期护理保险与护理服务相结合。研究建立寿险赔付责任与护理支付责任转换机制，支持被保险人在失能时提前获得保险金给付，用于护理费用支出。四、促进健康服务业发…,5892,已提取-可全文
RFN-efac5b23e7de4de8,T3资本与偿付能力监管,保险公司偿付能力管理规定,中国银行保险监督管理委员会令[2021]1号,nfra,BOUNDARY,低,,,保险公司|保险公司分支机构|偿付能力|分支机构,,[title]…保险公司偿付能力管理规定 中国保险监督管理委员会令。2008年第1号。《保险公司偿付能力管理规定》已经2008年6月3…,9013,已提取-可全文
RFN-f016ac399473a884,T1销售行为与消费者保护,关于调整农村保险营销员资格直接授予方案报备程序的通知,保监中介〔2008〕1075号,nfra,INCLUDE,中,,保险营销员,保险营销,,[title]…关于调整农村保险营销员资格直接授予方案报备程序的通知 保监中介〔2008〕1075号。各保监局：。按照《关于实施农村保险营销员资格分…,704,已提取-可全文
RFN-f01e4e95dba12025,T8机构准入与组织监管,中国银保监会办公厅关于再次延长保险公司跨京津冀区域经营备案管理试点有效期的通知,银保监办发[2021]27号,nfra,BOUNDARY,低,,,保险公司,,[title]…中国银保监会办公厅关于再次延长保险公司跨京津冀区域经营备案管理试点有效期的通知 北京、天津、河北银保监局，各保险公司： 北京、天津、河北银保监局，各…,1098,已提取-可全文
RFN-f061897706577104,T10数据治理与信息披露,网络数据安全管理条例,中华人民共和国国务院令第790号,gov,BOUNDARY,低,,,保险公司,,[body]…网络平台服务提供者、第三方产品和服务提供者、预装应用程序的智能终端等设备生产者应当依法承担相应责任。 国家鼓励保险公司开发网络数据损害赔偿责任险种，鼓励网络平台服务提供者、预装应用程序的智能终端等设备生产者投保。 第四十一条 提…,41860,已提取-可全文
RFN-f067602094af5b93,T5资金运用与资产负债管理,中国保监会关于保险资产管理产品风险责任人有关事项的通知,保监发〔2015〕24号,nfra,INCLUDE,中,养老保险公司,,,,[meta]…中国保监会关于保险资产管理产品风险责任人有关事项的通知 保监发〔2015〕24号。各保险资产管理公司、养老保险公司：。为加强保险资产管理产品风险管理，落实保险资产管理产品业务风险责任，根据《关于保险机构投资风险责任人有关事项…,1140,已提取-可全文
RFN-f125bc8f22821dfc,T1销售行为与消费者保护,关于加强保险公司中介业务管理的通知,保监发[2010]107号,supp,BOUNDARY,低,人身保险公司|健康保险|寿险,,,保险中介机构|保险经纪机构|财产保险公司,[body]…行本通知规定的省级分公司职责，并向当地保监局报送相关报表。 十、本通知自2011年3月1日起施行。 附表：1、人身保险公司中介业务基本情况 2、人身保险公司分险种佣金支付情况统计表 3、财产保险公司中介业务基本情况 4、财产保险公司…,5564,已提取-可全文
RFN-f1310e01c0706482,T5资金运用与资产负债管理,中国保监会关于保险资金投资政府和社会资本合作项目有关事项的通知,保监发〔2017〕41号,nfra,BOUNDARY,低,,,保险公司|保险机构|保险资产管理|保险资金,,[title]…中国保监会关于保险资金投资政府和社会资本合作项目有关事项的通知 保监发〔2017〕41号。各保监局，各保险集团（控股）公司、保险公司…,2601,已提取-可全文
RFN-f1bcee8fe632f6b7,T1销售行为与消费者保护,关于银保产品管理有关事宜的通知,2023年,supp,BOUNDARY,低,,,分支机构,,[body]…， 减报备的银保渠道(佣金)差值过大的， 相关公司总公司应加强费用真实性管理。 监管部门对现场检查中发现的基层分支机构费用不真实的问题， 在依法严肃处理的同时， 切实加强对总公司管理责任的追责与问责。  关于银保产品管理有关事宜…,1011,已提取-可全文
RFN-f1d2465f3a63ec8c,T1销售行为与消费者保护,中国保监会关于禁止强制销售保险的紧急通知,保监消保〔2013〕634号,nfra,EXCLUDE,中,,保险代理人,保险公司|保险机构|保险消费者|保险销售,保险中介机构|保险经纪,[body]…原则确立各方的权利和义务。 除法律、 行政法规规定必须保险的外， 保险合同自愿订立”， 第 131 条规定：“保险代理人、 保险经纪人及其从业人员在办理保险业务活动中不得利用行政权力、 职务或者职业便利及其他不正当手段强迫、 引诱…,2305,已提取-可全文
RFN-f25d38a46894ac7c,T8机构准入与组织监管,关于明确保险公司法人机构直接经营保险业务行为监管有关问题的通知,保监机构〔2008〕384号,nfra,BOUNDARY,低,,,保单|保险公司,,[title]…关于明确保险公司法人机构直接经营保险业务行为监管有关问题的通知 保监机构〔2008〕384号。各保监局：。随着保险市场的快速发…,2039,已提取-可全文
RFN-f289130b5d8a2fd1,T4公司治理与股权关联交易,中国保监会关于印发《保险公司收购合并管理办法》的通知,保监发〔2014〕26号,nfra,EXCLUDE,中,,,保单|保险公司|保险公司分支机构|保险消费者|保险资产管理|偿付能力|分支机构,再保险公司|银行业,[body]…公司，是指经中国保险监督管理委员会（以下简称中国保监会）批准设立，并依法注册的保险集团（控股）公司、保险公司、再保险公司。 第三条  保险公司收购合并必须遵守法律、行政法规及中国保监会的规定，不得损害保险消费者的合法权益，不得危害…,7362,已提取-可全文
RFN-f2ccbc1fbda987d7,T4公司治理与股权关联交易,关于向保监会派出机构报送保险公司分支机构内部审计报告有关事项的通知,保监发〔2008〕56号,nfra,BOUNDARY,低,,,保险公司|保险公司分支机构|分支机构,,[title]…关于向保监会派出机构报送保险公司分支机构内部审计报告有关事项的通知 保监发〔2008〕56号。各保监局、各保险公司：。为落实《保险公司内部审计指引》关…,2426,已提取-可全文
RFN-f32425c3cf39753a,T3资本与偿付能力监管,关于印发《保险公司偿付能力报告编报规则——问题解答第13号：次级债和股东增资》的通知,保监发〔2011〕66号,nfra,BOUNDARY,低,,,保险公司|偿付能力,,[title]…关于印发《保险公司偿付能力报告编报规则——问题解答第13号：次级债和股东增资》的通知 保监发〔2011〕66号。各保险公司：。为…,2437,已提取-可全文
RFN-f32c810b83446232,T8机构准入与组织监管,关于保险中介机构设立分支机构有关事项的通知,保监发〔2004〕1号,nfra,EXCLUDE,中,,,分支机构,保险中介机构|保险公估|保险经纪公司,[title]…关于保险中介机构设立分支机构有关事项的通知 保监发〔2004〕1号。各保监办：。为进一步加强对保险中介机构分支机构的管理，现就…,1948,已提取-可全文
RFN-f338bdaf13de7eb9,T2产品与精算制度,关于执行《人身保险新型产品信息披露管理办法》有关事项的通知,保监发〔2009〕104号,nfra,INCLUDE,高,人身保险|人身保险公司,,,,[title]…关于执行《人身保险新型产品信息披露管理办法》有关事项的通知 保监发〔2009〕104号。各人身保险公司、各保监局：。为确保《人身…,2799,已提取-可全文
RFN-f38f43d420bb7d29,T2产品与精算制度,国家金融监督管理总局关于健全人身保险产品定价机制的通知,金发〔2024〕18号,nfra,INCLUDE,高,人身保险|人身保险公司,,,,[title]…国家金融监督管理总局关于健全人身保险产品定价机制的通知 金发〔2024〕18号各金融监管局，各人身保险公司，保险业协会：为全面贯彻中央金融工作会议…,2509,已提取-可全文
RFN-f3e4a7de6069eb9a,T1销售行为与消费者保护,国家金融监督管理总局关于印发《商业银行代理销售业务管理办法》的通知,金规〔2025〕6号,nfra,EXCLUDE,中,,,保单|保险产品|保险公司|偿付能力|分支机构,商业银行|银行业|银行业金融机构,[title]…国家金融监督管理总局关于印发《商业银行代理销售业务管理办法》的通知 金规〔2025〕6号 各金融监管局，各政策性银行、大型银行、股份制银行、外资银行…,15447,已提取-可全文
RFN-f432dd77b4336bd4,T8机构准入与组织监管,保险公司高级管理人员任职资格管理规定,N/A,nfra,BOUNDARY,低,,,保险公司|保险公司分支机构|保险机构|分支机构,,[title]…保险公司高级管理人员任职资格管理规定 保监会令（2002）2号　2002年3月1日。第一章　总则。第一条　为加强对保险…,9133,已提取-可全文
RFN-f492addef0a5b08f,T10数据治理与信息披露,关于发布《保险基础数据元目录（JR/T 0033－2015）》行业标准的通知,保监发〔2015〕71号,nfra,EXCLUDE,中,,,保险公司|保险资产管理,保险中介机构,[meta]…5）》行业标准的通知 保监发〔2015〕71号。机关各部门，各保监局，培训中心，各保险公司、保险资产管理公司、保险中介机构，中国保险行业协会、中国保险学会、中国精算师协会、中国保险资产管理业协会，中国保险保障基金有限责任公司、中国保…,822,已提取-可全文
RFN-f4c1baa5e322f0e4,T4公司治理与股权关联交易,关于印发《保险公司合规管理指引》的通知,保监发〔2007〕91号,nfra,BOUNDARY,低,,,保险公司|保险公司分支机构|保险机构|保险资产管理|保险资金|分支机构,,[title]…关于印发《保险公司合规管理指引》的通知 保监发〔2007〕91号。各保险公司、保险资产管理公司，各保监局：。为了规范保险公司治理…,11862,已提取-可全文
RFN-f52a53c26da1588a,T2产品与精算制度,人身保险公司保险条款和保险费率管理办法,保监发〔2000〕42号,nfra,INCLUDE,高,人寿保险|人身保险|人身保险公司|健康保险|寿险,,,,[title]…人身保险公司保险条款和保险费率管理办法 保监会令2011年第3号。《人身保险公司保险条款和保险费率管理办法》已经2011年…,15020,已提取-可全文
RFN-f58d1c0e8ee56049,T1销售行为与消费者保护,金融产品网络营销管理办法,人民银行等八部门公告〔2026〕第9号,,—,—,,,,,,0,未在五源cleaned收录
RFN-f598e0fe8cbc03e3,T4公司治理与股权关联交易,中国银保监会关于银行保险机构员工履职回避工作的指导意见,银保监发[2019]50号,nfra,EXCLUDE,中,,,保险公司|保险机构|保险资产管理|分支机构,商业银行|金融资产|银行业,[meta]…银保监会关于银行保险机构员工履职回避工作的指导意见 各银保监局，各政策性银行、大型银行、股份制银行，外资银行，金融资产管理公司，各保险集团（控股）公司、保险公司、保险资产管理公司、保险专业中介机构、外国保险机构驻华代表机构，其他…,7734,已提取-可全文
RFN-f618fbd52080eb16,T3资本与偿付能力监管,关于印发《保险公司偿付能力报告编报规则第14号：保险集团》及其实务指南的通知,保监发〔2008〕33号,nfra,BOUNDARY,低,,,保险公司|偿付能力,,[title]…关于印发《保险公司偿付能力报告编报规则第14号：保险集团》及其实务指南的通知 保监发〔2008〕33号。各保险公司：。为加强偿付…,512,已提取-可全文
RFN-f6400e9a60d05a69,T8机构准入与组织监管,关于印发我国加入WTO法律文件有关保险业内容的通知,保监办发〔2002〕14号,nfra,BOUNDARY,低,健康险|寿险,,,保险经纪|保险经纪公司|再保险公司|财产险,[meta]…有关保险业对外承诺的内容。二OO二年三月十二日。我国加入WTO法律文件有关保险业的内容。一、承诺时间表。（一）寿险。1．加入时。允许外国寿险公司在上海、广州、大连、深圳和佛山设立合资公司，外资比例不超过50%，外方可以自由选…,5535,已提取-可全文
RFN-f64069e877c05c52,T10数据治理与信息披露,关于印发《新增长期意外险等业务统计指标》的通知,保监厅发〔2008〕45号,nfra,BOUNDARY,低,,,保险公司,,[meta]…关于印发《新增长期意外险等业务统计指标》的通知 保监厅发〔2008〕45号。各保险公司：。为全面掌握长期意外险等业务发展情况，科学制定监管政策，我会制定了《新增长期意外险等业务统计指标》，现印发给…,2521,已提取-可全文
RFN-f64e32d50bb27901,T2产品与精算制度,关于保险业做好《企业会计准则解释第2号》实施工作的通知,保监发〔2010〕6号,nfra,INCLUDE,中,寿险,,,再保险公司|财产保险公司,[body]…量方法、计量单元及其确定原则； 2、预期未来现金流入和流出金额的组成内容和计量方法； 3、重要计量假设，特别是寿险业务折现率假设； 4、边际的计量方法和计入当期损益的原则和模式； 5、以上重大会计政策和会计估计的变更。 有关…,7621,已提取-可全文
RFN-f6b71b89b644f82d,T6养老与健康保险专项,关于个人养老金有关个人所得税政策的公告,财政部 税务总局公告2022年第34号,mof,BOUNDARY,低,养老保险,,,商业银行,[body]…市名单由人力资源社会保障部会同财政部、税务总局另行发布。上海市、福建省、苏州工业园区等已实施个人税收递延型商业养老保险试点的地区，自2022年1月1日起统一按照本公告规定的税收政策执行。 特此公告。 财政部 税务总局 2022年…,1861,已提取-可全文
RFN-f6e1175201553795,T6养老与健康保险专项,关于印发《健康保险统计制度》的通知,保监发〔2008〕25号,nfra,INCLUDE,高,健康保险,,,,[title]…关于印发《健康保险统计制度》的通知 保监发〔2008〕25号。各保监局、各保险公司、各保险公司筹备组：。为全面统计健康保险、健康…,1850,已提取-可全文
RFN-f6f3d58b67973ade,T2产品与精算制度,关于印发《人身保险产品基础知识问答手册》的通知,保监寿险〔2008〕1640号,nfra,INCLUDE,高,人身保险|人身保险公司|寿险,,,,[title]…关于印发《人身保险产品基础知识问答手册》的通知 保监寿险〔2008〕1640号。各保监局，中国保险行业协会，各人身保险公司：。为…,727,已提取-可全文
RFN-f76b806101d71f4a,T2产品与精算制度,关于保险业深入贯彻医改意见 积极参与多层次医疗保障体系建设的意见,保监发〔2009〕71号,nfra,INCLUDE,中,人身保险|健康保险,,,,[body]…行为。认真执行《保险法》及《健康保险管理办法》，强化健康保险产品监管和销售过程监管，防范销售误导风险，全面落实人身保险业务服务规范，努力解决健康保险销售、承保、理赔环节存在的突出问题。进一步优化理赔流程，简化理赔手续，提高理赔时…,7090,已提取-可全文
RFN-f792b13d40a82eb5,T6养老与健康保险专项,国家金融监督管理总局关于个人税收递延型商业养老保险试点与个人养老金衔接有关事项的通知,金规[2023]4号,nfra,INCLUDE,高,养老保险,,,,[title]…国家金融监督管理总局关于个人税收递延型商业养老保险试点与个人养老金衔接有关事项的通知 国家金融监督管理总局上海、江苏、福建、厦门监管局，中国银行保险信息技术管理…,6380,已提取-可全文
RFN-f79cca682c61c207,T5资金运用与资产负债管理,关于印发《保险外汇资金境外运用管理暂行办法实施细则》的通知（已废止）,保监发〔2005〕77号,nfra,BOUNDARY,低,,,保险公司|保险资产管理,,[meta]…关于印发《保险外汇资金境外运用管理暂行办法实施细则》的通知（已废止） 保监发〔2005〕77号。各保险公司、各保险资产管理公司：。为进一步规范投资动作行为，确保《保险外汇资金境外运用管理暂行办法》的有效实施，经商国家…,464,已提取-可全文
RFN-f823e15885305b69,T10数据治理与信息披露,关于一年期以上人身保险业务不宜征收地方教育发展费的复函,保监厅函〔2004〕194号,nfra,INCLUDE,高,人寿保险|人身保险|健康保险|寿险,,,,[title]…关于一年期以上人身保险业务不宜征收地方教育发展费的复函 保监厅函〔2004〕194号。湖北保监局：。你局《关于一年期以上人寿保险业务…,1106,已提取-可全文
RFN-f8f89bbed0acaedf,T2产品与精算制度,关于保险合同准则转换有关企业所得税处理事项的公告,财政部 税务总局公告2025年第15号,mof,BOUNDARY,低,健康险|寿险,,,,[body]…公司准备金支出企业所得税税前扣除有关政策问题的通知》（财税〔2016〕114号）第三条中关于未到期责任准备金、寿险责任准备金、长期健康险责任准备金的相关规定。 特此公告。 财政部 税务总局 2025年12月22日 按照《中华…,1812,已提取-可全文
RFN-f916174f1bc87898,T9风险处置与案件合规,森林草原防灭火条例,中华人民共和国国务院令第822号,gov,BOUNDARY,低,人身保险,,,,[body]…治、抚恤优待；符合烈士评定条件的，按照国家有关规定评定为烈士。 参加森林草原火灾扑救的人员按照国家有关规定享受人身保险等相应保险待遇。 用人单位应当保证其职工在参加森林草原火灾扑救期间的工资待遇和福利不变。 第四十九条 参加森林…,38924,已提取-可全文
RFN-f9179729195a004b,T9风险处置与案件合规,中国保监会关于印发《打赢保险业防范化解重大风险攻坚战的总体方案》的通知,保监发〔2018〕9号,nfra,BOUNDARY,低,人身险公司,,,保险中介机构,[body]…投资失败导致大额损失的风险（资金部）。 【时 限】：3年 【优先级】：★★★ 4.防控和处置保险业务风险。监测人身险公司业务结构调整过程中的现金流动态，做好政策预案，防控流动性风险。关注和评估部分人身险公司的长期保障型业务由于利率…,13382,已提取-可全文
RFN-f93966dec8a7f371,T2产品与精算制度,关于精算报告编报有关事项的通知,保监发〔2010〕15号,nfra,INCLUDE,中,人寿保险公司|健康保险|养老保险公司,,,,[meta]…关于精算报告编报有关事项的通知 保监发〔2010〕15号。各人寿保险公司、健康保险公司、养老保险公司：。2009年12月22日，财政部印发了《保险合同相关会计处理规定》（财会〔200…,1133,已提取-可全文
RFN-f96b7b0074545099,T1销售行为与消费者保护,关于加强保险业宣传工作的通知（已失效）,保监发〔2002〕96号,nfra,BOUNDARY,低,寿险,保险代理人,,保险经纪,[body]…《关于充分利用3·15契机进一步加强保险宣传和改进保险服务的通知》（保监发[2002]28号）、《关于严厉制止寿险营销员误导欺诈行为的紧急通知》（保监发[2002]36号）等文件精神，建立和完善宣传工作归口负责制。通过新闻报…,4937,已提取-可全文
RFN-f97b6c8498d050d6,T5资金运用与资产负债管理,中国保监会关于印发《保险资金投资股权暂行办法》的通知,保监发〔2010〕79号,nfra,BOUNDARY,低,人寿保险公司,,,商业银行|财产保险公司,[body]…以运用资本金或者与投资资产期限相匹配的责任准备金； （三）间接投资股权，可以运用资本金和保险产品的责任准备金。人寿保险公司运用万能、分红和投资连结保险产品的资金，财产保险公司运用非寿险非预定收益投资型保险产品的资金，应当满足产品特性…,16970,已提取-可全文
RFN-f9dfb560f0ccde51,T10数据治理与信息披露,关于发布《保险标准化工作指南》行业标准的通知,保监发〔2008〕4号,nfra,BOUNDARY,低,,,保险公司|保险资产管理,,[meta]…关于发布《保险标准化工作指南》行业标准的通知 保监发〔2008〕4号。各保监局，保监会机关各部门，各保险公司、保险资产管理公司、保险专业中介机构，国有保险公司监事会，中国保险行业协会，中国保险学会，全国金融标准化技术委…,858,已提取-可全文
RFN-f9f3907f57cda0c0,T1销售行为与消费者保护,关于发布保险中介从业人员职业道德指引的通知,保监发〔2004〕143号,nfra,EXCLUDE,中,,保险兼业代理,保险产品|保险公司,保险中介机构|保险公估|保险经纪|保险经纪机构,[body]…制定本指引。  本指引所称保险代理从业人员是指接受保险公司委托从事保险代理业务的人员或者在保险专业代理机构和保险兼业代理机构中从事保险代理业务的人员。  保险代理从业人员在执业活动中应当做到：守法遵规、 诚实信用、 专业胜任、 客…,7160,已提取-可全文
RFN-fa3c07bf5c72eb1f,T2产品与精算制度,中国保监会关于父母为其未成年子女投保以死亡为给付保险金条件人身保险有关问题的通知,保监发〔2015〕90号,nfra,INCLUDE,高,人身保险,,,,[title]…中国保监会关于父母为其未成年子女投保以死亡为给付保险金条件人身保险有关问题的通知 保监发〔2015〕90号。各保险公司：。为保护未成年人的合法权益，根据《中华人民共和国保险法》…,2408,已提取-可全文
RFN-fb096a06e469c78a,T5资金运用与资产负债管理,中国保监会关于印发《保险资金投资不动产暂行办法》的通知,保监发〔2010〕80号,nfra,EXCLUDE,中,,,保险公司|保险资产管理|保险资金|偿付能力,商业银行,[body]…近三年未发现重大违法违规行为； （七）中国保监会规定的其他审慎性条件。 为保险资金投资不动产提供资产托管服务的商业银行，应当接受中国保监会涉及保险资金投资的质询，并报告有关情况。 第三章 投资标的与投资方式 第十一条 保险资金可…,15519,已提取-可全文
RFN-fb0cf3973c963bd5,T3资本与偿付能力监管,关于部分保险公司纳入分类监管实施范围的通知,保监厅发〔2013〕29号,nfra,INCLUDE,中,人寿保险|人身保险|养老保险|寿险,,,,[body]…财产保险股份有限公司， 富邦财产保险有限公司， 劳合社保险（中国）有限公司， 信利保险（中国）有限公司， 安邦人寿保险股份有限公司， 中融人寿保险股份有限公司， 利安人寿保险股份有限公司， 前海人寿保险股份有限公司， 华汇人寿保…,1910,已提取-可全文
RFN-fb6befd091f37ba3,T5资金运用与资产负债管理,中国保监会关于加强保险公司资产配置审慎性监管有关事项的通知,保监资金〔2015〕219号,nfra,BOUNDARY,低,人身保险公司,,,财产保险公司|金融资产,[body]…比例超过30%，且公司资产配置中股权、不动产类资产和其他金融资产合计占上季度末总资产比例超过20%的； （二）人身保险公司负债平均持有期少于5年，且公司资产配置中股权、不动产类资产和其他金融资产合计占上季度末总资产比例超过20%的；…,3210,已提取-可全文
RFN-fb86913deb7eb8db,T8机构准入与组织监管,银行保险机构许可证管理办法,国家金融监督管理总局令[2026]2号,nfra,BOUNDARY,低,人身保险公司,保险兼业代理,,保险中介机构|保险经纪|信托公司|再保险公司|商业银行|财产保险公司|金融资产|银行业,[body]…业银行、城市商业银行、民营银行、直销银行、外资银行、农村中小银行等银行机构及其分支机构，保险集团（控股）公司、人身保险公司、财产保险公司、再保险公司、保险资产管理公司、政策性保险公司、相互保险组织等保险机构及其分支机构，金融资产管理…,9336,已提取-可全文
RFN-fbdaa69875495dfe,T1销售行为与消费者保护,中国银保监会关于印发银行保险机构消费者权益保护监管评价办法的通知,银保监发〔2021〕24号,nfra,BOUNDARY,低,养老保险公司,,,再保险公司|商业银行|金融资产|银行业|银行业金融机构,[body]…币经纪公司、省联社、贷款公司、农村资金互助社、政策性保险公司、保险集团(控股)公司、再保险公司、农业保险公司、养老保险公司、相互保险组织、保险资产管理公司、养老金管理公司和保险专业中介机构。第三十条 不开展个人业务或者个人业务占比较…,10998,已提取-可全文
RFN-fc2ff18685a29783,T8机构准入与组织监管,中华人民共和国外资保险公司管理条例,中华人民共和国国务院令第336号,gov,BOUNDARY,低,人寿保险|人身保险|健康保险,,,,[body]…国务院保险监督管理机构批准。设立外资保险公司的地区，由国务院保险监督管理机构按照有关规定确定。第六条 设立经营人身保险业务的外资保险公司和经营财产保险业务的外资保险公司，其设立形式、外资比例由国务院保险监督管理机构按照有关规定确…,20144,已提取-可全文
RFN-fc60da092a912689,T2产品与精算制度,国家金融监督管理总局关于做好《中国人身保险业经验生命表（2025）》发布使用有关事项的通知,金规[2025]21号,nfra,INCLUDE,高,人身保险|人身保险公司|健康保险|寿险,,,,[title]…国家金融监督管理总局关于做好《中国人身保险业经验生命表（2025）》发布使用有关事项的通知 各金融监管局，精算师协会，各人身保险公司：中国人身保险业经验…,3065,已提取-可全文
RFN-fd23ced41244be9d,T10数据治理与信息披露,科技部 金融监管总局 工业和信息化部 国家知识产权局印发《关于加快推动科技保险高质量发展 有力支撑高水平科技自立自强的若干意见》的通知,N/A,nfra,EXCLUDE,中,,,保险产品|保险公司|保险机构|保险消费者|保险理赔|保险资产管理|保险资金|偿付能力,再保险公司|银行业,[meta]…；各省、自治区、直辖市、计划单列市及新疆生产建设兵团工业和信息化主管部门、知识产权局；保险业协会、精算师协会、银行业协会，银保信公司、上海保交所，各保险集团（控股）公司、保险公司、再保险公司、保险资产管理公司、各金融租赁公司：…,10430,已提取-可全文
RFN-fd82d44341772467,T1销售行为与消费者保护,关于严禁保险公司采取违规手段参与政府采购保险竞标的紧急通知（已废止）,保监发[1999]48号,nfra,BOUNDARY,低,,,保险公司|保险机构|保险条款,,[title]…关于严禁保险公司采取违规手段参与政府采购保险竞标的紧急通知（已废止） 保监发[1999]48号。各保险公司：。近来，某些保险公…,1125,已提取-可全文
RFN-fd8450a7f07ed637,T5资金运用与资产负债管理,中国保监会 中国银监会关于规范保险资产托管业务的通知,保监发〔2014〕84号,nfra,EXCLUDE,中,,,保险产品|保险公司|保险机构|保险资产管理|保险资金|偿付能力,商业银行|金融资产,"[body]…下： 一、保险集团（控股）公司、保险公司（以下简称保险机构）应当建立和完善保险资产托管机制，选择符合规定条件的商业银行等专业机构（以下简称托管机构）,将保险资金运用形成的各项投资资产全部实行第三方托管和监督，切实提高投资运作的透…",4560,已提取-可全文
RFN-fd89ef4b17d6d2e6,T2产品与精算制度,关于贯彻执行《人身保险新型产品信息披露管理暂行办法》有关事项的通知（已废止）,保监办发〔2002〕16号,nfra,INCLUDE,高,人身保险|寿险,,,,[title]…关于贯彻执行《人身保险新型产品信息披露管理暂行办法》有关事项的通知（已废止） 保监办发〔2002〕16号。各寿险公司：。2001年1…,1028,已提取-可全文
RFN-fdade8975058b7df,T10数据治理与信息披露,关于开展新会计准则下保险统计制度转换和对接系统切换工作的通知,保监统信〔2006〕1334号,nfra,BOUNDARY,低,,,保险公司|保险资产管理,,[meta]…关于开展新会计准则下保险统计制度转换和对接系统切换工作的通知 保监统信〔2006〕1334号。各保险公司、保险资产管理公司、保险公司筹备组、保险资产管理公司筹备组：。为实现新会计准则下保险公司、保险资产管理公司统计…,2798,已提取-可全文
RFN-fdd4c59c39fd50f8,T1销售行为与消费者保护,保险公估人监管规定,保监会令〔2018〕2号,nfra,EXCLUDE,中,,,保单|保险公司|保险条款|分支机构,保险公估|保险经纪|公估机构|商业银行,[title]…保险公估人监管规定 保监会令〔2018〕2号。《保险公估人监管规定》已经2018年1月17日中国保险监督管理委员会第6…,29019,已提取-可全文
RFN-fde12c590486cfd5,T1销售行为与消费者保护,关于加强保险公司与商业银行保单质押贷款业务合作管理有关问题的通知,保监寿险〔2011〕1312号,nfra,INCLUDE,中,人身保险公司|寿险,,,商业银行,[meta]…关于加强保险公司与商业银行保单质押贷款业务合作管理有关问题的通知 保监寿险〔2011〕1312号。各人身保险公司：。近期，部分商业银行开展保单质押贷款业务，并与保险公司签订合作协议，要…,1491,已提取-可全文
RFN-fe6795164f58c973,T6养老与健康保险专项,关于配合社会基本医疗保险体制改革有关问题的通知（已失效）,保监发[1999]7号,nfra,EXCLUDE,中,人寿保险,,,,,1247,已提取-可全文
RFN-fe73537cf9518f03,T5资金运用与资产负债管理,中国保监会关于保险资金投资创业投资基金有关事项的通知,保监发〔2014〕101号,nfra,BOUNDARY,低,,,保险公司|保险资产管理|保险资金|偿付能力,,[title]…中国保监会关于保险资金投资创业投资基金有关事项的通知 保监发〔2014〕101号。各保险集团（控股）公司、保险公司、保险资产管理公司…,3211,已提取-可全文
RFN-fee32b16e75155e5,T4公司治理与股权关联交易,关于印发《保险公司董事会运作指引》的通知,保监发〔2008〕58号,nfra,BOUNDARY,低,,,保险公司|保险资产管理,,[title]…关于印发《保险公司董事会运作指引》的通知 保监发〔2008〕58号。各保险公司、保险资产管理公司：。为规范董事会运作，提高董事会…,19329,已提取-可全文
RFN-fef5b435a7151c22,T2产品与精算制度,关于加强非寿险精算责任人任职管理的通知（已废止）,保监发〔2005〕9号,nfra,EXCLUDE,中,,,保险公司,再保险公司|财产保险公司,[meta]…关于加强非寿险精算责任人任职管理的通知（已废止） 保监发〔2005〕9号。各财产保险公司、再保险公司：。为加快财产保险公司、再保险公司精算人才的培养，促进非寿险精算制度的发展，经我会研究，现就加强精…,644,已提取-可全文
RFN-ff3110478f7c266f,T9风险处置与案件合规,关于进一步加强和改进保险业突发事件新闻报道工作的通知（已废止）,保监发〔2003〕117号,nfra,BOUNDARY,低,,,保险公司|偿付能力|分支机构,,[meta]…关于进一步加强和改进保险业突发事件新闻报道工作的通知（已废止） 保监发〔2003〕117号。各保监办，各保险公司：。根据《中共中央办公厅、国务院办公厅关于进一步改进和加强国内突发事件新闻报道工作的通知》（中办发[2003]…,4323,已提取-可全文
RFN-ff60636ff757ae9c,T8机构准入与组织监管,保险专业代理机构监管规定（2015年修订）,中国保险监督管理委员会令2009年第5号,nfra,EXCLUDE,中,,,保单|保险产品|保险公司|保险销售|分支机构,保险中介机构|保险公估|保险经纪机构|商业银行,[body]…为保险专业代理公司的发起人或者股东。 保险公司员工投资保险专业代理公司的，应当书面告知所在保险公司；保险公司、保险中介机构的董事或者高级管理人员投资保险专业代理公司的，应当根据《公司法》有关规定取得股东会或者股东大会的同意。 第九条…,23084,已提取-可全文
RFN-ff91deca9df634b5,T4公司治理与股权关联交易,中国保监会关于印发《保险公司所属非保险子公司管理暂行办法》的通知,保监发〔2014〕78号,nfra,EXCLUDE,中,,,保单|保险公司|保险消费者|保险资产管理|保险资金|偿付能力,保险公估|保险经纪机构|银行业,[body]…对其实施直接或间接控制的不属于保险类企业的境内、外公司，不包括保险公司、保险资产管理机构以及保险专业代理机构、保险经纪机构、保险公估机构。 本办法所称保险公司包括保险集团（控股）公司。 第三条  保险公司所属非保险子公司不得从事法律…,10960,已提取-可全文
