监管文件编号,主题,文件名,发文字号,匹配源,决策,置信度,A强信号关键词,B销售代理关键词,C泛化关键词,X排除关键词,命中摘录,可用正文长度,全文状态
RFN-T1-001,T1销售行为与消费者保护,关于印发《保险兼业代理管理暂行办法》的通知,保监发[2000]144号,nfra,BOUNDARY,低,人身保险,保险兼业代理,,保险经纪,[body]…监会认定的其他损害保险人、投保人和被保险人利益的行为。 第十九条 保险兼业代理人向保险公司投保自身的财产保险或人身保险，视为保险公司直接承保业务，保险兼业代理人不得提取代理手续费。 第二十条 保险兼业代理合同的代理期限以合同订立…,4175,已提取-可全文
RFN-T1-002,T1销售行为与消费者保护,关于分红保险销售人员从业年限条件的通知（已废止）,保监发[2000]252号,nfra,INCLUDE,中,人寿保险|人寿保险公司|寿险,,,,[body]…保监发[2000]252号。 N/A 政策规章规范性文件 N/A N/A 保监发[2000]252 号 中国人寿保险公司、 中国太平洋保险公司、 中国平安保险股份有限公司、 新华人寿保险股份有限公司、 泰康人寿保险股份有限公司、…,766,已提取-可全文
RFN-T1-003,T1销售行为与消费者保护,关于规范人身保险经营行为有关问题的通知（已废止）,保监发[2000]133号,nfra,INCLUDE,高,人身保险|寿险,,,,[title]…关于规范人身保险经营行为有关问题的通知（已废止） 保监发[2000]133号。各寿险公司，中国平安保险股份有限公司、中国太平洋…,6507,已提取-可全文
RFN-T1-004,T1销售行为与消费者保护,关于贯彻执行保险中介机构管理规定有关问题的通知,保监发〔2001〕195号,nfra,EXCLUDE,中,,,保单|保险公司,保险中介机构|保险公估,[title]…关于贯彻执行保险中介机构管理规定有关问题的通知 保监发〔2001〕195号。各保监办：。保险中介机构管理规定已经发布，现就有关问题通知…,1685,已提取-可全文
RFN-T1-005,T1销售行为与消费者保护,关于调整投资连结保险销售人员资格限制的通知（已失效）,保监发〔2001〕137号,nfra,INCLUDE,中,寿险,,,,[meta]…关于调整投资连结保险销售人员资格限制的通知（已失效） 保监发〔2001〕137号。各保监办、各寿险公司：。为了促进投资连结保险市场的进一步发展，经研究，我会决定取消《投资连结保险管理暂行办法》中对投资连结保险…,609,已提取-可全文
RFN-T1-006,T1销售行为与消费者保护,关于加强保险代理业务管理有关问题的通知,保监发〔2001〕158号,nfra,BOUNDARY,低,,,保单|保险公司|分支机构,,[meta]…关于加强保险代理业务管理有关问题的通知 保监发〔2001〕158号。各保险公司，各保监办：。为规范保险代理机构的市场行为，明确保险公司对保险代理机构的管理责任，强化保险公司对保险代理业务的…,1827,已提取-可全文
RFN-T1-007,T1销售行为与消费者保护,关于加强新型产品销售管理工作的紧急通知（已失效）,保监发〔2002〕35号,nfra,INCLUDE,中,人身保险|寿险,,,,[meta]…关于加强新型产品销售管理工作的紧急通知（已失效） 保监发〔2002〕35号。各寿险公司：。为适应市场发展需要，各寿险公司相继推出分红产品、投资连结产品以及万能产品等新型产品，对促进寿险业的发展…,1304,已提取-可全文
RFN-T1-008,T1销售行为与消费者保护,关于执行《保险公司营销服务部管理办法》有关事项的通知,保监发〔2002〕25号,nfra,INCLUDE,中,寿险,,,,[meta]…格按照《办法》审批保险公司新设立的营销服务部。二、各保监办要责成各保险公司对《办法》颁布前设立的农村代办站所、寿险营销部、营销员管理处等保险营销服务网点进行清理。 N/A 政策规章规范性文件 N/A N/A 保监发〔2002…,1283,已提取-可全文
RFN-T1-009,T1销售行为与消费者保护,《保险公司营销服务部管理办法》废止令（中国保险监督管理委员会令2009年第2号）,保监会令〔2002〕1号,nfra,BOUNDARY,低,,,保险公司,,[title]…《保险公司营销服务部管理办法》废止令（中国保险监督管理委员会令2009年第2号） 中国保险监督管理委员会令2009年第2…,678,已提取-可全文
RFN-T1-010,T1销售行为与消费者保护,关于保险兼业代理机构外设网点合规性等问题的复函,保监办函〔2003〕136号,nfra,INCLUDE,中,,保险兼业代理,,,[title]…关于保险兼业代理机构外设网点合规性等问题的复函 保监办函〔2003〕136号。上海保监办：。你办《关于如何认定兼业代理机构外设…,693,已提取-可全文
RFN-T1-011,T1销售行为与消费者保护,关于加强银行代理人身保险业务管理的通知（已废止）,保监发〔2003〕25号,nfra,INCLUDE,高,人身保险,,,商业银行,[title]…关于加强银行代理人身保险业务管理的通知（已废止） 保监发〔2003〕25号。各保监办，人民银行各分行、营业管理部、分行监管办、省会（首…,3242,已提取-可全文
RFN-T1-012,T1销售行为与消费者保护,关于修订保险中介监管报表有关事宜的通知,保监发〔2003〕143号,nfra,EXCLUDE,中,,,分支机构,保险中介机构,[meta]…管报表有关事宜的通知 保监发〔2003〕143号。各保监办：。为进一步加强保险中介非现场监管工作，中国保监会对保险中介机构监管报表进行了修订，现就有关问题通知如下：。一、各保监办负责辖区内各保险中介机构业务的统计汇总工作。二、修订后…,1457,已提取-可全文
RFN-T1-013,T1销售行为与消费者保护,关于保险营销员工商登记有关问题的通知（已废止）,保监办发〔2003〕90号,nfra,EXCLUDE,中,,个人保险代理人|保险代理人|保险营销员,保险产品|保险公司|保险营销,保险经纪,[title]…关于保险营销员工商登记有关问题的通知（已废止） 保监办发〔2003〕90号。各保监办：。近期我会陆续接到沈阳、武汉、南京等保…,1012,已提取-可全文
RFN-T1-014,T1销售行为与消费者保护,关于妥善处理人身保险新型产品客户投诉有关问题的通知（已失效）,保监办发〔2003〕24号,nfra,INCLUDE,高,人身保险|寿险,,,,[title]…关于妥善处理人身保险新型产品客户投诉有关问题的通知（已失效） 保监办发〔2003〕24号。各保监办，各寿险公司：。近两年来，由于资…,1908,已提取-可全文
RFN-T1-015,T1销售行为与消费者保护,关于发布保险中介从业人员职业道德指引的通知,保监发〔2004〕143号,nfra,EXCLUDE,中,,保险兼业代理,保险产品|保险公司,保险中介机构|保险公估|保险经纪|保险经纪机构,[body]…制定本指引。  本指引所称保险代理从业人员是指接受保险公司委托从事保险代理业务的人员或者在保险专业代理机构和保险兼业代理机构中从事保险代理业务的人员。  保险代理从业人员在执业活动中应当做到：守法遵规、 诚实信用、 专业胜任、 客…,7184,已提取-可全文
RFN-T1-016,T1销售行为与消费者保护,关于落实《国家税务总局中国保险监督管理委员会关于规范保险中介服务发票有关问题的通知》的通知（已废止）,保监发〔2004〕57号,nfra,EXCLUDE,中,,保险兼业代理,保险公司|保险机构,保险中介机构,[body]…票》的有关问题及时与当地税务部门取得联系， 争取当地税务部门的支持。  三、 监督保险机构和保险中介机构（包括保险兼业代理）认真贯彻执行《通知》的各项要求。 各保监局负责将《通知》下发到辖区内各保险公司、 保险中介机构（包括保险兼业…,1964,已提取-可全文
RFN-T1-017,T1销售行为与消费者保护,关于保险中介机构设立分支机构有关事项的通知,保监发〔2004〕1号,nfra,EXCLUDE,中,,,分支机构,保险中介机构|保险公估|保险经纪公司,[title]…关于保险中介机构设立分支机构有关事项的通知 保监发〔2004〕1号。各保监办：。为进一步加强对保险中介机构分支机构的管理，现就…,1972,已提取-可全文
RFN-T1-018,T1销售行为与消费者保护,关于银行代理销售投资连结和万能保险产品的通知（已废止）,保监发〔2004〕22号,nfra,INCLUDE,中,人身保险|寿险,,,,[meta]…关于银行代理销售投资连结和万能保险产品的通知（已废止） 保监发〔2004〕22号。各寿险公司、各保监局：。为了促进银行代理人身保险业务的发展，拓展人身保险新型产品的销售渠道，经研究，现将有关事项通知…,1250,已提取-可全文
RFN-T1-019,T1销售行为与消费者保护,关于人身保险新型产品销售区域有关问题的通知（已失效）,保监发〔2004〕66号,nfra,INCLUDE,高,人身保险|寿险,,,,[title]…关于人身保险新型产品销售区域有关问题的通知（已失效） 保监发〔2004〕66号。各寿险公司、各保监局：。为促进人身保险发展…,1062,已提取-可全文
RFN-T1-020,T1销售行为与消费者保护,关于规范银行代理保险业务的通知,国税发〔2004〕51号,nfra,INCLUDE,中,人身保险,保险兼业代理,,商业银行|银行业,[body]…应包括法律法规、业务知识、销售技能及职业道德等，每年培训时间不得少于监管部门规定时数。保险公司委托代理机构销售人身保险新型产品的，还应按照有关规定对销售人员进行专门培训。（三）保险公司应积极引导银行代理销售人员参加销售人员资格考…,4768,已提取-可全文
RFN-T1-021,T1销售行为与消费者保护,关于印发《保险中介机构外部审计指引》的通知,保监发〔2005〕1号,nfra,EXCLUDE,中,,,,保险中介机构|保险公估|保险经纪机构,[title]…关于印发《保险中介机构外部审计指引》的通知 保监发〔2005〕1号。各保监局、保险中介机构：。为充分发挥外部审计的作用，提高保险中介…,4836,已提取-可全文
RFN-T1-022,T1销售行为与消费者保护,关于加强保险公估机构管理的通知,保监中介〔2005〕619号,nfra,EXCLUDE,中,,,保险公司|分支机构,保险公估|商业银行,[title]…关于加强保险公估机构管理的通知 保监中介〔2005〕619号。各保监局、保险公估机构：。为加强对保险公估机构及其分支机构的管理…,7121,已提取-可全文
RFN-T1-023,T1销售行为与消费者保护,关于加强万能保险销售管理有关事项的通知,保监发〔2005〕94号,nfra,INCLUDE,中,人身保险公司,,,,[meta]…关于加强万能保险销售管理有关事项的通知 保监发〔2005〕94号。各保监局、各人身保险公司：。为加强万能保险销售管理，保护消费者权益，现将有关事项通知如下：。一、严格管理宣传材料。各公司应切实加强对万…,2798,已提取-可全文
RFN-T1-024,T1销售行为与消费者保护,关于规范寿险公司赠送保险有关行为的通知,保监发〔2005〕98号,nfra,INCLUDE,高,人身保险|寿险,,,,[title]…关于规范寿险公司赠送保险有关行为的通知 保监发〔2005〕98号。各寿险公司，各保监局：。近来，部分寿险公司开展了多种形式…,1623,已提取-可全文
RFN-T1-025,T1销售行为与消费者保护,关于印发《保险中介机构法人治理指引（试行）》和《保险中介机构内部控制指引（试行）》的通知（已废止）,保监发〔2005〕21号,nfra,EXCLUDE,中,,,保单|保险公司|保险机构|分支机构,保险中介机构|保险公估|保险经纪|保险经纪公司|保险经纪机构,[title]…关于印发《保险中介机构法人治理指引（试行）》和《保险中介机构内部控制指引（试行）》的通知（已废止） 保监发〔2005〕21号。各保险…,32663,已提取-可全文
RFN-T1-026,T1销售行为与消费者保护,关于规范人身保险业务有关问题的通知,保监发〔2005〕22号,nfra,INCLUDE,高,人身保险|人身保险公司|健康保险,,,,[title]…关于规范人身保险业务有关问题的通知 保监发〔2005〕22号。各人身保险公司：。近期消费者对个别人身保险条款反映的意见较多。经…,1261,已提取-可全文
RFN-T1-027,T1销售行为与消费者保护,关于明确保险营销员佣金构成的通知,保监发〔2006〕48号,nfra,INCLUDE,中,,保险营销员,保险公司|保险营销,,[title]…关于明确保险营销员佣金构成的通知 保监发〔2006〕48号。各保监局、各保险公司：。《保险营销员管理规定》发布后，一些保险公司要…,396,已提取-可全文
RFN-T1-028,T1销售行为与消费者保护,关于规范保险经纪、公估机构法人许可证期满换发流程的通知,保监厅发〔2006〕48号,nfra,EXCLUDE,中,,,,保险公估|保险经纪|保险经纪机构|公估机构,[title]…关于规范保险经纪、公估机构法人许可证期满换发流程的通知 保监厅发〔2006〕48号。各保监局：。许可证是保险专业中介机构开展保…,1896,已提取-可全文
RFN-T1-029,T1销售行为与消费者保护,关于促进农村人身保险健康规范发展的通知（已废止）,保监发〔2006〕105号,nfra,INCLUDE,高,人身保险,保险营销员,,保险中介机构,[title]…关于促进农村人身保险健康规范发展的通知（已废止） 保监发〔2006〕105号。各保监局，各保险公司：。为有效促进农村人身保险市场健…,1693,已提取-可全文
RFN-T1-030,T1销售行为与消费者保护,保险销售从业人员监管办法,保监会令〔2013〕2号,nfra,INCLUDE,中,,保险营销员|保险销售从业人员,保险产品|保险公司|保险营销|保险销售,再保险公司,[title]…保险销售从业人员监管办法 保监会令2013年第2号。《保险销售从业人员监管办法》已经2012年12月21日中国保险监督管理委员…,8326,已提取-可全文
RFN-T1-031,T1销售行为与消费者保护,关于印发《保险营销员诚信记录管理办法》的通知,保监发〔2007〕98号,nfra,EXCLUDE,中,,保险营销员,保险公司|保险机构|保险营销,保险中介机构|商业银行,[title]…关于印发《保险营销员诚信记录管理办法》的通知 保监发〔2007〕98号。各保监局、各保险公司、各保险中介机构：。为发挥行业和社会监…,5470,已提取-可全文
RFN-T1-032,T1销售行为与消费者保护,关于规范保险营销团队管理的通知,保监发〔2007〕93号,nfra,EXCLUDE,中,,保险营销员,保险产品|保险公司|保险营销,保险经纪公司|保险经纪机构,[body]…策规章规范性文件 N/A N/A 保监发〔2007〕93号 各保险公司，各保险经纪公司、保险代理公司： 根据《保险营销员管理规定》、《保险专业代理机构监管规定》、《保险经纪机构监管规定》、《保险中介从业人员继续教育管理暂行办法》等…,2435,已提取-可全文
RFN-T1-033,T1销售行为与消费者保护,关于加强航空意外保险管理有关事项的通知,保监发〔2007〕94号,nfra,INCLUDE,中,人身保险,保险代理人,,财产保险公司,[body]…号）。 各保险公司不得以航空旅客意外伤害保险行业指导性条款名义销售航空意外保险。  二、 各保险公司应按照《人身保险产品审批和备案管理办法》、 《财产保险公司保险条款和保险费率管理办法》及其相关规定向中国保监会办理航空意外保险…,1544,已提取-可全文
RFN-T1-034,T1销售行为与消费者保护,中国人民银行 国家金融监督管理总局 中国证券监督管理委员会令〔2025〕第11号（金融机构客户尽职调查和客户身份资料及交易记录保存管理办法）,中国保险监督管理委员会令〔2007〕第2号,pbc,BOUNDARY,低,人寿保险|人身保险|健康保险,,,保险经纪|信托公司|商业银行|基金管理公司|证券公司|金融资产|银行业|银行业金融机构,[body]…中国人民银行和中国证券监督管理委员会规定的应当开展客户尽职调查的其他证券业务。 第十二条 保险公司在与客户订立人寿保险合同和其他具有投资性质的保险合同时，应当开展客户尽职调查，确认投保人和被保险人之间的关系，以及被保险人和受益人…,27234,已提取-可全文
RFN-T1-035,T1销售行为与消费者保护,关于加强保险中介机构信息化建设的通知,保监发〔2007〕28号,nfra,EXCLUDE,中,,,分支机构,保险中介机构|保险公估|保险经纪机构,[title]…关于加强保险中介机构信息化建设的通知 保监发〔2007〕28号。各保监局、各保险中介机构：。为了加强保险中介机构的信息化建设，提高…,3123,已提取-可全文
RFN-T1-036,T1销售行为与消费者保护,关于加强投资连结保险销售管理有关事项的通知,保监发〔2007〕76号,nfra,INCLUDE,中,人身保险|人身保险公司,,,,[meta]…关于加强投资连结保险销售管理有关事项的通知 保监发〔2007〕76号。各人身保险公司，各保监局：。2007年以来，我国人身保险市场投资连结保险销售增长较快，对人身保险业的发展起到了重要的推动作用…,4800,已提取-可全文
RFN-T1-037,T1销售行为与消费者保护,关于保险中介市场发展的若干意见（已废止）,保监发〔2007〕107号,nfra,BOUNDARY,低,健康保险,保险兼业代理|保险营销员,,保险中介机构|保险公估|保险经纪|保险经纪机构,[body]…强职业道德教育，提高队伍素质，着力解决销售误导问题。 探索建立保险营销员分级分类资格管理制度，针对投资型保险、健康保险等复杂产品建立更高层次的销售资格要求，促进保险营销队伍向专业化、职业化方向发展。研究建立农村保险营销员资格管理…,10125,已提取-可全文
RFN-T1-038,T1销售行为与消费者保护,关于规范代理制保险营销员管理制度的通知（已废止）,保监发〔2007〕123号,nfra,EXCLUDE,中,,保险营销员,保险公司|保险营销,保险中介机构,[title]…关于规范代理制保险营销员管理制度的通知（已废止） 保监发〔2007〕123号。各保险公司、各保险中介机构：。为促进保险营销业务健康发展…,2633,已提取-可全文
RFN-T1-039,T1销售行为与消费者保护,关于实施农村保险营销员资格分类管理有关事宜的通知,保监发〔2008〕17号,nfra,INCLUDE,中,,保险营销员,万能保险|保险产品|保险公司|保险机构|保险营销|保险销售,,[title]…关于实施农村保险营销员资格分类管理有关事宜的通知 保监发〔2008〕17号。各保监局：。为探索建立农村保险营销员资格管理的长效机制，…,4501,已提取-可全文
RFN-T1-040,T1销售行为与消费者保护,关于加强人身保险收付费相关环节风险管理的通知,保监发〔2008〕97号,nfra,INCLUDE,高,人寿保险公司|人身保险|人身保险公司|健康保险|养老保险公司,保险营销员,,保险中介机构,[title]…关于加强人身保险收付费相关环节风险管理的通知 保监发〔2008〕97号。各人寿保险公司、健康保险公司、养老保险公司：。为切实保…,3071,已提取-可全文
RFN-T1-041,T1销售行为与消费者保护,关于印发《保险专业中介机构分类监管暂行办法》的通知,保监发〔2008〕122号,nfra,EXCLUDE,中,,,保险公司|分支机构,保险公估|保险经纪机构,[body]…类属，并采取针对性监管措施的方法。 第三条 本办法所称保险专业中介机构是指依据《保险专业代理机构监管规定》、《保险经纪机构监管规定》、《保险公估机构监管规定》依法设立的保险专业代理机构、保险经纪机构、保险公估机构及其分支机构。 第四…,9874,已提取-可全文
RFN-T1-042,T1销售行为与消费者保护,关于遏制保险中介机构挪用侵占保费违法违规行为的通知,保监发〔2008〕117号,nfra,EXCLUDE,中,,,保险公司|保险消费者,保险中介机构,[title]…关于遏制保险中介机构挪用侵占保费违法违规行为的通知 保监发〔2008〕117号。各保监局、各保险公司、保险中介机构：。近年来，各地…,1538,已提取-可全文
RFN-T1-043,T1销售行为与消费者保护,关于公布保险理赔（给付）程序 进一步做好理赔服务工作的通知,保监发〔2008〕100号,nfra,BOUNDARY,低,,,保险公司|保险机构|保险消费者|保险理赔|分支机构,,[title]…关于公布保险理赔（给付）程序 进一步做好理赔服务工作的通知 保监发〔2008〕100号。各保监局，各保险公司：。为了方便客户索…,2561,已提取-可全文
RFN-T1-044,T1销售行为与消费者保护,关于提示人身保险银邮代理业务风险的通知,保监寿险〔2008〕576号,nfra,INCLUDE,高,人身保险|健康保险|养老保险公司|寿险,,,,[title]…关于提示人身保险银邮代理业务风险的通知 保监寿险〔2008〕576号。各寿险公司，各养老保险公司，各健康保险公司：。2008年…,1066,已提取-可全文
RFN-T1-045,T1销售行为与消费者保护,关于促进寿险公司电话营销业务规范发展的通知,保监发〔2008〕38号,nfra,INCLUDE,高,人身保险|健康保险|养老保险公司|寿险,,,,[title]…关于促进寿险公司电话营销业务规范发展的通知 保监发〔2008〕38号。各保监局，各寿险公司：。为促进寿险公司电话营销业务规…,4623,已提取-可全文
RFN-T1-046,T1销售行为与消费者保护,关于进一步规范代理制保险营销员管理有关问题的通知,保监厅发〔2008〕27号,nfra,BOUNDARY,低,寿险,保险营销员,,保险中介机构,[body]…访投诉情况及相关统计数据通报如下： 一、投诉的公司和地区分布 2008年一季度全国共收到投诉87件，涉及11家寿险公司、3家财险公司、1家代理公司（详见附表1）。被投诉数量排名前五家的公司是：平安人寿40件，占比46%；中国…,4200,已提取-可全文
RFN-T1-047,T1销售行为与消费者保护,关于调整农村保险营销员资格直接授予方案报备程序的通知,保监中介〔2008〕1075号,nfra,INCLUDE,中,,保险营销员,保险营销,,[title]…关于调整农村保险营销员资格直接授予方案报备程序的通知 保监中介〔2008〕1075号。各保监局：。按照《关于实施农村保险营销员资格分…,728,已提取-可全文
RFN-T1-048,T1销售行为与消费者保护,关于调整保险经纪、保险公估法人许可证换发和高级管理人员任职资格核准工作流程有关事宜的通知,保监发〔2008〕119号,nfra,EXCLUDE,中,,,分支机构,保险中介机构|保险公估|保险经纪|保险经纪机构|公估机构,[title]…关于调整保险经纪、保险公估法人许可证换发和高级管理人员任职资格核准工作流程有关事宜的通知 保监发〔2008〕119号。各保监局…,1851,已提取-可全文
RFN-T1-049,T1销售行为与消费者保护,关于进一步加强投资连结保险销售管理的通知,保监发〔2009〕10号,nfra,INCLUDE,中,健康险公司|养老险公司|寿险,,,,[meta]…关于进一步加强投资连结保险销售管理的通知 保监发〔2009〕10号。各保监局，各寿险公司、健康险公司、养老险公司:。为加强风险防范，完善投资连结保险销售管理，切实保护投保人和被保险人的利益，现就…,2126,已提取-可全文
RFN-T1-050,T1销售行为与消费者保护,关于加强和完善保险营销员管理工作有关事项的通知,保监发〔2009〕98号,nfra,BOUNDARY,低,寿险,保险营销员,,,[meta]…有关事项的通知 保监发〔2009〕98号。各保险公司、各保险中介公司：。多年来，保险营销为促进我国保险业特别是寿险业的发展发挥了积极作用。但是，也应当看到，在当前我国保险业发展站在新的起点、进入新的阶段的新形势下，现行保险营…,5325,已提取-可全文
RFN-T1-051,T1销售行为与消费者保护,关于贯彻落实《保险专业代理机构监管规定》、《保险经纪机构监管规定》、《保险公估机构监管规定》有关事宜的通知,保监发〔2009〕130号,nfra,EXCLUDE,中,,,,保险公估|保险经纪机构,[title]…关于贯彻落实《保险专业代理机构监管规定》、《保险经纪机构监管规定》、《保险公估机构监管规定》有关事宜的通知 保监发〔2009〕130号。各保监局，各保险专业中介机构：…,3302,已提取-可全文
RFN-T1-052,T1销售行为与消费者保护,关于推进投保提示工作的通知,保监发〔2009〕68号,nfra,INCLUDE,中,人身保险|健康保险|健康险公司|寿险,保险兼业代理,,,[meta]…关于推进投保提示工作的通知 保监发〔2009〕68号。各保监局，各寿险公司、健康险公司：。为规范人身保险投保提示工作，推行人身保险投保提示制度，保护投保人合法权益，提升行业服务水平…,13261,已提取-可全文
RFN-T1-053,T1销售行为与消费者保护,关于发布《寿险柜面服务规范》行业标准的通知,保监发〔2009〕32号,nfra,INCLUDE,高,寿险,,,,[title]…关于发布《寿险柜面服务规范》行业标准的通知 保监发〔2009〕32号。各保监局，保监会机关各部门，各保险公司、保险资产管理公…,796,已提取-可全文
RFN-T1-054,T1销售行为与消费者保护,关于加快业务结构调整进一步发挥保险保障功能的指导意见,保监发〔2009〕11号,nfra,INCLUDE,中,人身保险|人身保险公司|健康保险|养老保险|寿险,,,,[meta]…关于加快业务结构调整进一步发挥保险保障功能的指导意见 保监发〔2009〕11号。各人身保险公司:。为贯彻落实国务院办公厅《关于当前金融促进经济发展的若干意见》（国办发〔2008〕126号），贯彻落实全国保…,3300,已提取-可全文
RFN-T1-055,T1销售行为与消费者保护,关于改革完善保险营销员管理体制的意见,保监发〔2010〕84号,nfra,EXCLUDE,中,,保险营销员,保险公司|保险营销|保险销售,保险中介机构,[title]…关于改革完善保险营销员管理体制的意见 保监发〔2010〕84号。各保监局，各保险公司、保险中介机构：。前一时期，保险营销制度在促进保…,3661,已提取-可全文
RFN-T1-056,T1销售行为与消费者保护,关于进一步加强和完善保险营销员管理工作有关事项的通知,保监中介〔2010〕544号,nfra,INCLUDE,中,,保险营销员,保险公司|保险营销,,[title]…关于进一步加强和完善保险营销员管理工作有关事项的通知 保监中介〔2010〕544号。各保监局：。2009年9月，中国保监会下发《关于加强和完…,1887,已提取-可全文
RFN-T1-057,T1销售行为与消费者保护,关于单位能否为员工投保个人保险产品的复函,保监厅函[2010]111号,supp,BOUNDARY,低,人寿保险|人身保险|寿险,,,,[meta]…理委员会关于单位能否为员工投保个人保险产品的复函 答复中国人民人寿：依据保监发〔2000〕133号第六条，个人人身保险只能由个人投保，单位不得作为投保人；新《保险法》施行不影响该条效力（条款级引用：保监发〔2000〕133号第六…,572,已提取-可全文
RFN-T1-058,T1销售行为与消费者保护,关于意外险出单管理有关问题的复函,保监寿险[2010]1066号,supp,BOUNDARY,低,养老保险,保险代理人,,,[body]…认可保险金额（条款级引用）。 中国保险监督管理委员会 N/A N/A 意外险出单/身份信息/保险法34条 平安养老保险股份有限公司：你公司《关于意外险投保采用新技术方案的请示》（平保养发〔2010〕140号）收悉。经研究，现函复…,794,已提取-可全文
RFN-T1-059,T1销售行为与消费者保护,关于规范激活注册式意外险业务经营行为的通知,保监寿险〔2010〕921号,nfra,INCLUDE,中,寿险,,,,[meta]…关于规范激活注册式意外险业务经营行为的通知 保监寿险〔2010〕921号。各保险公司、各保监局：。根据全国保险监管工作会议精神，从2010年3月份开始，保监会在全…,1125,已提取-可全文
RFN-T1-060,T1销售行为与消费者保护,关于保险公司中介业务检查中代理人、经纪人佣金监管有关问题的通知,保监中介〔2010〕507号,nfra,BOUNDARY,低,,,保险公司|保险机构,保险经纪机构,[title]…关于保险公司中介业务检查中代理人、经纪人佣金监管有关问题的通知 保监中介〔2010〕507号。各保监局：。为进一步明确保险…,1117,已提取-可全文
RFN-T1-061,T1销售行为与消费者保护,关于规范保险公司相互代理业务有关事项的通知,保监中介〔2010〕325号,nfra,BOUNDARY,低,,,保险公司|分支机构,,[title]…关于规范保险公司相互代理业务有关事项的通知 保监中介〔2010〕325号。各保监局、各保险公司：。为了规范保险公司相互代理保险…,838,已提取-可全文
RFN-T1-062,T1销售行为与消费者保护,关于依法严肃处理保险公司中介业务违法违规机构和责任人员有关问题的通知,保监中介〔2010〕248号,nfra,EXCLUDE,中,,,保险公司|保险机构,保险中介机构,[body]…对照本通知精神， 结合辖内实际， 具体把握处罚尺度。  七、 查处辖内保险公司中介业务违法违规行为， 需要追究保险中介机构相关人员责任的， 参照本通知执行。  在执行本通知中有何新情况、 新问题， 请及时反映。  中国保险监督管理委…,1960,已提取-可全文
RFN-T1-063,T1销售行为与消费者保护,关于加强保险公司中介业务管理的通知,保监发[2010]107号,supp,BOUNDARY,低,人身保险公司|健康保险|寿险,,,保险中介机构|保险经纪机构|财产保险公司,[body]…行本通知规定的省级分公司职责，并向当地保监局报送相关报表。 十、本通知自2011年3月1日起施行。 附表：1、人身保险公司中介业务基本情况 2、人身保险公司分险种佣金支付情况统计表 3、财产保险公司中介业务基本情况 4、财产保险公司…,5576,已提取-可全文
RFN-T1-064,T1销售行为与消费者保护,关于加强银行代理寿险业务结构调整促进银行代理寿险业务健康发展的通知（已废止）,保监发〔2010〕4号,nfra,INCLUDE,高,人身保险|健康险公司|养老险公司|寿险,保险兼业代理,,商业银行|金融资产|银行业,[title]…关于加强银行代理寿险业务结构调整促进银行代理寿险业务健康发展的通知（已废止） 保监发〔2010〕4号。各保监局，各银监局，各寿险公…,6543,已提取-可全文
RFN-T1-065,T1销售行为与消费者保护,关于严格规范保险专业中介机构激励行为的通知,保监中介〔2010〕1333号,nfra,EXCLUDE,—,,,,,,1530,已提取-可全文
RFN-T1-066,T1销售行为与消费者保护,关于进一步规范人身保险电话营销和电话约访行为的通知,保监发〔2010〕99号,nfra,INCLUDE,高,人身保险|人身保险公司|健康险公司|养老险公司|寿险,保险营销员,,,[title]…关于进一步规范人身保险电话营销和电话约访行为的通知 保监发〔2010〕99号。各保监局，各寿险公司、养老险公司、健康险公司：。为规范…,2278,已提取-可全文
RFN-T1-067,T1销售行为与消费者保护,关于调整保险营销员诚信记录登记事项的通知,保监发〔2011〕27号,nfra,EXCLUDE,中,,保险营销员,保险公司|保险营销,保险中介机构,[title]…关于调整保险营销员诚信记录登记事项的通知 保监发〔2011〕27号。各保监局，各保险公司:。《保险营销员诚信记录管理办法》（保监…,1266,已提取-可全文
RFN-T1-068,T1销售行为与消费者保护,关于加强保险公司与商业银行保单质押贷款业务合作管理有关问题的通知,保监寿险〔2011〕1312号,nfra,INCLUDE,中,人身保险公司|寿险,,,商业银行,[meta]…关于加强保险公司与商业银行保单质押贷款业务合作管理有关问题的通知 保监寿险〔2011〕1312号。各人身保险公司：。近期，部分商业银行开展保单质押贷款业务，并与保险公司签订合作协议，要…,1515,已提取-可全文
RFN-T1-069,T1销售行为与消费者保护,关于印发《保险中介服务集团公司监管办法（试行）》的通知,保监发〔2011〕54号,nfra,EXCLUDE,中,,,保险销售,保险公估|保险经纪|保险经纪公司,[body]…家子公司为保险专业中介机构且保险中介业务为该企业集合的主要业务。 本办法所称保险专业中介机构是指保险代理公司、保险经纪公司、保险公估公司。 第三条 保险中介服务集团公司名称中应含有“集团”或者“控股”字样。如：“保险代理集团（控股）…,5940,已提取-可全文
RFN-T1-070,T1销售行为与消费者保护,关于规范人身保险业务经营有关问题的通知,保监发〔2011〕36号,nfra,INCLUDE,高,人身保险|健康险|寿险,,,财产保险公司,[title]…关于规范人身保险业务经营有关问题的通知 保监发〔2011〕36号。各保监局、各保险公司：。为规范人身保险业务经营，维护投保人、…,3262,已提取-可全文
RFN-T1-071,T1销售行为与消费者保护,关于印发《保险代理、经纪公司互联网保险业务监管办法（试行）》的通知,保监发〔2011〕53号,nfra,EXCLUDE,中,,,保险产品|保险公司|保险条款,保险经纪公司|保险经纪机构,[meta]…理、经纪公司互联网保险业务监管办法（试行）》的通知 保监发〔2011〕53号。各保监局，各保险专业代理公司、各保险经纪公司：。为了促进保险代理、经纪公司互联网保险业务的规范健康有序发展，切实保护投保人、被保险人和受益人的合法权益，我…,6059,已提取-可全文
RFN-T1-072,T1销售行为与消费者保护,中国保监会关于印发《人身保险业综合治理销售误导评价办法（试行）》的通知,保监发〔2012〕105号,nfra,INCLUDE,高,人身保险|人身保险公司|养老保险公司,,,,[title]…中国保监会关于印发《人身保险业综合治理销售误导评价办法（试行）》的通知 保监发〔2012〕105号。各保监局，各人身保险公司：。为规范人身…,5862,已提取-可全文
RFN-T1-073,T1销售行为与消费者保护,中国保监会关于印发《人身保险公司销售误导责任追究指导意见》的通知,保监发〔2012〕99号,nfra,INCLUDE,高,人身保险|人身保险公司,,,,[title]…中国保监会关于印发《人身保险公司销售误导责任追究指导意见》的通知 保监发〔2012〕99号。各保监局，各人身保险公司：。为进一步强化各人身保险…,8414,已提取-可全文
RFN-T1-074,T1销售行为与消费者保护,中国保监会关于印发《人身保险销售误导行为认定指引》的通知,保监发〔2012〕87号,nfra,INCLUDE,高,人身保险|人身保险公司,,,保险经纪|保险经纪机构,[title]…中国保监会关于印发《人身保险销售误导行为认定指引》的通知 保监发〔2012〕87号。各保监局，机关各部门，各人身保险公司、保险代理机构、保…,5637,已提取-可全文
RFN-T1-075,T1销售行为与消费者保护,关于人身保险业综合治理销售误导有关工作的通知,保监发〔2012〕14号,nfra,INCLUDE,高,人身保险|人身保险公司,保险兼业代理,,保险中介机构,[title]…关于人身保险业综合治理销售误导有关工作的通知 保监发〔2012〕14号。各保监局、各人身保险公司、中国保险行业协会:。为全…,7179,已提取-可全文
RFN-T1-076,T1销售行为与消费者保护,关于尽快遏制电销扰民有关事项的通知,保监消保〔2012〕1436号,nfra,BOUNDARY,低,,,保单|保险产品|保险公司|保险消费者,,[meta]…关于尽快遏制电销扰民有关事项的通知 保监消保〔2012〕1436号。各保监局，各保险公司，中国保险行业协会：。近期，我会受理的电话销售投诉急剧上升。投诉主要反映电销人员不分时段拨打、违背消费者意愿反…,3214,已提取-可全文
RFN-T1-077,T1销售行为与消费者保护,关于做好保险消费者权益保护工作的通知,保监发〔2012〕9号,nfra,INCLUDE,中,人身保险|人身保险公司|寿险,,,财产保险公司,[body]…，使消费者能够客观评价各保险公司经营状况和理赔服务水平。 （四）保险公司要按照《保险公司信息披露管理办法》、《人身保险新型产品信息披露管理办法》等规章制度的要求，切实做好与保险消费者权益相关的信息披露工作，使消费者直观了解保险合…,6104,已提取-可全文
RFN-T1-078,T1销售行为与消费者保护,关于进一步规范保险专业中介机构激励行为的通知,保监中介〔2012〕202号,nfra,BOUNDARY,低,,,保险产品,,[body]…钩、 夸大公司上市带来的收益等手段， 诱导公众成为销售人员， 诱导销售人员、 客户购买与其真实保险需求不匹配的保险产品。  二、 各保监局要继续坚持“抓早抓小、 从重从快”的原则， 进一步规范辖区内保险专业中介机构激励行为， 重…,931,已提取-可全文
RFN-T1-079,T1销售行为与消费者保护,关于进一步规范保险中介市场准入的通知（已废止）,保监中介〔2012〕693号,nfra,EXCLUDE,中,,,保险公司|分支机构,保险公估|保险经纪机构,[body]…对本通知发布之前已经受理的设立申请， 继续按程序办理。  保监会将尽快修订《保险专业代理机构监管规定》、 《保险经纪机构监管规定》和《保险公估机构监管规定》， 完善保险中介市场准入机制， 促进保险中介转型升级。  中国保险监督管理…,899,已提取-可全文
RFN-T1-080,T1销售行为与消费者保护,中国保监会关于印发《人身保险电话销售业务管理办法》的通知,保监发〔2013〕40号,nfra,INCLUDE,高,人寿保险公司|人身保险|人身保险公司|健康保险|养老保险公司|寿险,保险销售从业人员,,,[title]…中国保监会关于印发《人身保险电话销售业务管理办法》的通知 保监发〔2013〕40号。各保监局，各人寿保险公司、健康保险公司、养老保险公司：…,15028,已提取-可全文
RFN-T1-081,T1销售行为与消费者保护,关于实施《保险专业代理机构基本服务标准》《保险经纪机构基本服务标准》《保险公估机构基本服务标准》的通知,保监发〔2013〕3号,nfra,EXCLUDE,中,,,保单|保险产品|保险公司|保险条款|保险消费者|偿付能力,保险中介机构|保险公估|保险经纪|保险经纪机构,[title]…关于实施《保险专业代理机构基本服务标准》《保险经纪机构基本服务标准》《保险公估机构基本服务标准》的通知 保监发〔2013〕3号。各保险中介机构，各保监局：。根据《保…,11624,已提取-可全文
RFN-T1-082,T1销售行为与消费者保护,关于跨境人民币结算再保险业务有关问题的补充通知,保监厅发〔2013〕58号,nfra,EXCLUDE,中,,,保险公司,,,1129,已提取-可全文
RFN-T1-083,T1销售行为与消费者保护,中国保监会关于进一步发挥保险经纪公司促进保险创新作用的意见,保监发〔2013〕16号,nfra,EXCLUDE,中,,,保单|保险产品|保险公司|保险条款|保险消费者,保险经纪公司,[title]…中国保监会关于进一步发挥保险经纪公司促进保险创新作用的意见 保监发〔2013〕16号。各保监局，各保险公司、保险经纪公司，中国保险行业协会，中国保…,1647,已提取-可全文
RFN-T1-084,T1销售行为与消费者保护,中国保监会办公厅关于保险销售、保险经纪、保险公估从业人员资格证书和执业证书有关事项的通知,保监厅发〔2013〕30号,nfra,EXCLUDE,中,,保险营销员|保险销售从业人员,保险公司|保险营销|保险销售,保险公估|保险经纪,[meta]…人员资格证书和执业证书有关事项的通知 保监厅发〔2013〕30号。各保监局，各保险公司、保险中介公司：。根据《保险销售从业人员监管办法》（保监会令2013第2号）、《保险经纪从业人员、保险公估从业人员监管办法》（保监会令2013第3号）…,2253,已提取-可全文
RFN-T1-085,T1销售行为与消费者保护,中国保监会关于印发《人身保险公司服务评价管理办法》的通知,保监发〔2013〕73号,nfra,INCLUDE,高,人寿保险公司|人身保险|人身保险公司|人身险公司|健康保险,,,,[title]…中国保监会关于印发《人身保险公司服务评价管理办法》的通知 保监发〔2013〕73号。各保监局，中国保险行业协会，各人寿保险公司、健康保险公司：…,10869,已提取-可全文
RFN-T1-086,T1销售行为与消费者保护,中国保监会关于严格规范非保险金融产品销售的通知,保监发〔2014〕90号,nfra,BOUNDARY,低,,,保险公司|保险资金|保险销售|分支机构,,[meta]…中国保监会关于严格规范非保险金融产品销售的通知 保监发〔2014〕90号。各保监局，各保险公司，各保险专业中介机构：。近年来，一些保险公司、保险专业中介机构及其保险销售（经纪）从业人员向客户直接推介销售包…,3554,已提取-可全文
RFN-T1-087,T1销售行为与消费者保护,关于印发《中国保监会关于加强保险消费者权益保护工作的意见》的通知,保监发〔2014〕89号,nfra,EXCLUDE,中,,,保险产品|保险公司|保险机构|保险条款|保险消费者|保险销售|分支机构,保险中介机构,[body]…或者互联网销售保险产品，保留与双方权利义务相关的电话录音和网络销售痕迹。完善委托合同约定，规范与其有代理关系的保险中介机构的销售行为，并对保险中介机构的违规销售行为承担相应责任。 （七）及时公允理赔给付。保险公司要建立公正透明的理赔…,10682,已提取-可全文
RFN-T1-088,T1销售行为与消费者保护,中国保监会关于保险中介从业人员管理有关问题的通知,保监中介〔2015〕139号,supp,EXCLUDE,中,,,保单|保险公司|保险销售,保险中介机构|保险公估|保险经纪,[meta]…关问题的通知 保险中介从业人员资格核准审批制度改革：2015年4月24日保险法修改取消保险销售（含保险代理）、保险经纪从业人员资格核准审批事项；各保监局不得受理相关审批；废止《关于保险公估从业人员资格考试有关工作的通知》（保监中…,1696,已提取-可全文
RFN-T1-089,T1销售行为与消费者保护,中国保监会关于规范人身保险公司赠送保险有关行为的通知,保监发〔2015〕12号,nfra,INCLUDE,高,人身保险|人身保险公司|健康保险|寿险,,,,[title]…中国保监会关于规范人身保险公司赠送保险有关行为的通知 保监发〔2015〕12号。各人身保险公司：。为规范人身保险公司赠送保险的行为，维护人身…,1779,已提取-可全文
RFN-T1-090,T1销售行为与消费者保护,保险经纪机构监管规定（2015年修订）,N/A,nfra,EXCLUDE,中,,,保单|保险产品|保险公司|分支机构,保险中介机构|保险公估|保险经纪|保险经纪公司|保险经纪机构|商业银行,[title]…保险经纪机构监管规定（2015年修订） (2009年9月25日中国保险监督管理委员会令2009年第6号发布  根据2013…,21358,已提取-可全文
RFN-T1-091,T1销售行为与消费者保护,中国保监会关于印发《保险小额理赔服务指引（试行）》的通知,保监消保〔2015〕201号,nfra,BOUNDARY,低,,,保单|保险公司|保险机构|保险消费者|保险理赔,,[meta]…试行）》的通知 保监消保〔2015〕201号。各保监局、中国保险行业协会、中国保险信息技术管理有限责任公司、各保险公司：。为深入贯彻落实《国务院关于加快发展现代保险服务业的若干意见》和《中国保监会关于加强保险消费者权益保护工作的…,6428,已提取-可全文
RFN-T1-092,T1销售行为与消费者保护,关于印发《保险公司服务评价管理办法（试行）》的通知,保监发〔2015〕75号,nfra,INCLUDE,中,人身保险|人身保险公司|养老保险公司,,,财产保险公司,[body]…年开展一次。评价结果由保险监管部门对外发布。 第二章  评价范围 第五条  开业满一个会计年度的财产保险公司、人身保险公司纳入服务评价范围。养老保险公司、农业保险公司、政策性保险公司视条件成熟逐步纳入评价范围。 第六条  服务评价范…,4811,已提取-可全文
RFN-T1-093,T1销售行为与消费者保护,中国保监会关于实施再保险登记管理有关事项的通知,保监发〔2015〕28号,nfra,EXCLUDE,中,,,保单|保险公司|保险机构|偿付能力|分支机构,保险经纪|保险经纪公司|再保险公司,[meta]…中国保监会关于实施再保险登记管理有关事项的通知 保监发〔2015〕28号。各保险公司、再保险公司、保险经纪公司：。为了进一步规范再保险信用风险管理，加强对再保险接受人和再保险经纪人的监管，实现再保险市场健康…,9707,已提取-可全文
RFN-T1-094,T1销售行为与消费者保护,保险公估机构监管规定（2015年修订）,N/A,nfra,EXCLUDE,中,,,保险公司|保险条款|分支机构,保险中介机构|保险公估|保险经纪机构,[title]…保险公估机构监管规定（2015年修订） 保险公估机构监管规定。（2009年9月25日中国保险监督管理委员会令2009年…,18159,已提取-可全文
RFN-T1-095,T1销售行为与消费者保护,中国保监会关于印发《互联网保险业务监管暂行办法》的通知,保监发〔2015〕69号,nfra,BOUNDARY,低,人身保险|寿险,,,保险公估|保险经纪公司,[body]…下，可将下列险种的互联网保险业务经营区域扩展至未设立分公司的省、自治区、直辖市： （一）人身意外伤害保险、定期寿险和普通型终身寿险； （二）投保人或被保险人为个人的家庭财产保险、责任保险、信用保险和保证保险; （三）能够独立…,12494,已提取-可全文
RFN-T1-096,T1销售行为与消费者保护,关于发布《保险机构投诉处理规范（JR/T 0127－2015）》行业标准的通知,保监发〔2015〕70号,nfra,EXCLUDE,中,,,保险公司|保险机构|保险资产管理,保险中介机构,[meta]…5）》行业标准的通知 保监发〔2015〕70号。机关各部门，各保监局，培训中心，各保险公司、保险资产管理公司、保险中介机构，中国保险行业协会、中国保险学会、中国精算师协会，中国保险资产管理业协会，中国保险保障基金有限责任公司、中国保…,849,已提取-可全文
RFN-T1-097,T1销售行为与消费者保护,中国保监会关于深化保险中介市场改革的意见,保监发〔2015〕91号,nfra,EXCLUDE,中,,,保单|保险产品|保险公司|保险消费者|保险资产管理|保险销售,保险中介机构|保险经纪|公估机构|财产险,[meta]…师协会，中国保险资产管理业协会，中国保险保障基金有限责任公司，中国保险信息技术管理有限责任公司，各保险公司，各保险中介机构：。 N/A 政策规章规范性文件 N/A N/A 保监发〔2015〕91号 机关各部门，各保监局，培训中心，中…,8023,已提取-可全文
RFN-T1-098,T1销售行为与消费者保护,中国保监会关于进一步规范保险理赔服务有关事项的通知,保监寿险〔2016〕131号,nfra,INCLUDE,中,寿险,,,,[meta]…中国保监会关于进一步规范保险理赔服务有关事项的通知 保监寿险〔2016〕131号。各保监局、中国保险行业协会、各保险公司：。为保护保险消费者合法权益，方便群众理赔，避免出…,1366,已提取-可全文
RFN-T1-099,T1销售行为与消费者保护,中国保监会关于发布《保险公司参与社会医疗保险服务数据交换规范（JR/T 0147-2016）》行业标准的通知,保监发〔2016〕70号,nfra,EXCLUDE,中,,,保险公司|保险资产管理,,,1005,已提取-可全文
RFN-T1-100,T1销售行为与消费者保护,中国保监会关于印发《保险销售行为可回溯管理暂行办法》的通知,保监发〔2017〕54号,nfra,BOUNDARY,低,人身保险|人身保险公司|健康保险,保险兼业代理|保险销售从业人员,,保险中介机构|保险经纪,[body]…存保险销售过程关键环节，实现销售行为可回放、重要信息可查询、问题责任可确认。 第三条 本办法所称保险公司为经营人身保险业务和财产保险业务的保险公司，专业自保公司除外。 本办法所称保险中介机构是指保险专业中介机构和保险兼业代理机构…,6000,已提取-可全文
RFN-T1-101,T1销售行为与消费者保护,中国保监会关于进一步加强人身保险公司销售管理工作的通知,保监人身险〔2017〕136号,nfra,INCLUDE,高,人身保险|人身保险公司|健康险,,,,[title]…中国保监会关于进一步加强人身保险公司销售管理工作的通知 保监人身险〔2017〕136号   各保监局、各人身保险公司：   为进一步规范人身保险市…,3918,已提取-可全文
RFN-T1-102,T1销售行为与消费者保护,关于加强自媒体营销宣传行为管理的通知,银保监发〔2018〕27号,supp,EXCLUDE,中,,,保险产品|保险公司|保险公司分支机构|保险消费者|保险营销|保险销售|分支机构,保险中介机构,[body]…险监督管理委员会关于加强自媒体保险营销宣传行为管理的通知 银保监发〔2018〕27号 各保监局，各保险公司，各保险中介机构： 为贯彻落实规范金融营销宣传行为有关要求，加强自媒体保险营销宣传行为管控，治理保险销售误导，切实维护保险消费…,5317,已提取-可全文
RFN-T1-103,T1销售行为与消费者保护,中国银行保险监督管理委员会关于印发《个人税收递延型商业养老保险业务管理暂行办法》的通知,的通知银保监发〔2018〕23号,nfra,INCLUDE,中,人身保险公司|养老保险|养老保险公司,,,商业银行,[meta]…管理委员会关于印发《个人税收递延型商业养老保险业务管理暂行办法》的通知银保监发〔2018〕23号 各保监局，各人身保险公司:为贯彻落实党的十九大精神，促进个人税收递延型商业养老保险试点健康发展，服务多层次养老保障体系建设，根据《财政…,41680,已提取-可全文
RFN-T1-104,T1销售行为与消费者保护,关于印发 《个人税收递延型商业养老保险产品开发指引 》的通知,银保监发〔2018〕20号,nfra,INCLUDE,中,人身保险公司|养老保险,,,,"[meta]…0号。各保监局,各银监局,上海市、江苏省、福建省、厦门市财政厅(局)、人力资源社会保障厅(局)、地方税务局,各人身保险公司:。 N/A 政策规章规范性文件 N/A N/A 银保监发〔2018〕20号 各保监局,各银监局,上海市、江苏…",8445,已提取-可全文
RFN-T1-105,T1销售行为与消费者保护,中国银保监会关于保险资产管理公司设立专项产品有关事项的通知,银保监发〔2018〕65号,nfra,BOUNDARY,低,养老保险公司,,,商业银行|金融资产,[body]…产管理公司应当及时向银保监会报告， 并在事件发生后的 2 个工作日内向投资者披露相关信息。 十四、 符合条件的养老保险公司设立专项产品参照本通知执行。…,2938,已提取-可全文
RFN-T1-106,T1销售行为与消费者保护,中国银行保险监督管理委员会办公厅关于印发人身保险公司《精算报告》编报规则的通知,编报规则的通知银保监办发〔2018〕45号,nfra,INCLUDE,高,人身保险|人身保险公司,,,,[title]…中国银行保险监督管理委员会办公厅关于印发人身保险公司《精算报告》编报规则的通知 中国银行保险监督管理委员会关于印发人身保险公司《精算报告》编报规则的通知中国银行保…,2007,已提取-可全文
RFN-T1-107,T1销售行为与消费者保护,中国银保监会关于扩大老年人住房反向抵押养老保险开展范围的通知,银保监发〔2018〕43号,nfra,INCLUDE,中,人身保险公司|养老保险,,,,"[meta]…中国银保监会关于扩大老年人住房反向抵押养老保险开展范围的通知 银保监发〔2018〕43号。各保监局,各人身保险公司:。 N/A 政策规章规范性文件 N/A N/A 银保监发〔2018〕43号 各保监局,各人身保险公司: 为贯…",1273,已提取-可全文
RFN-T1-108,T1销售行为与消费者保护,中国银保监会关于印发《个人税收递延型商业养老保险资金运用管理暂行办法》的通知,的通知银保监发〔2018〕32号,nfra,INCLUDE,高,养老保险,,,基金管理公司|证券公司|金融资产,[title]…中国银保监会关于印发《个人税收递延型商业养老保险资金运用管理暂行办法》的通知 中国银保监会关于印发《个人税收递延型商业中国银保监会关于印发《个人税收递延型商业…,12261,已提取-可全文
RFN-T1-109,T1销售行为与消费者保护,保险经纪人监管规定,保监会令〔2018〕3号,nfra,EXCLUDE,中,,保险兼业代理,保单|保险产品|保险公司|分支机构,保险中介机构|保险公估|保险经纪|保险经纪公司|保险经纪机构|商业银行,[body]…称保险专业中介机构是指保险专业代理机构、保险经纪人和保险公估人。 本规定所称保险中介机构是指保险专业中介机构和保险兼业代理机构。 第一百零五条 经中国保监会批准经营保险经纪业务的外资保险经纪人适用本规定，我国参加的有关国际条约和中国…,28677,已提取-可全文
RFN-T1-110,T1销售行为与消费者保护,保险公估人监管规定,保监会令〔2018〕2号,nfra,EXCLUDE,中,,,保单|保险公司|保险条款|分支机构,保险公估|保险经纪|公估机构|商业银行,[title]…保险公估人监管规定 保监会令〔2018〕2号。《保险公估人监管规定》已经2018年1月17日中国保险监督管理委员会第6…,29043,已提取-可全文
RFN-T1-111,T1销售行为与消费者保护,中国银行保险监督管理委员会关于放开外资保险经纪公司经营范围的通知,银保监发〔2018〕19号,nfra,EXCLUDE,中,,,,保险经纪|保险经纪公司|保险经纪机构|银行业,[title]…中国银行保险监督管理委员会关于放开外资保险经纪公司经营范围的通知 中国银行保险监督管理委员会中国银行保险监督管理委员会关于放开外资保险经纪公司经营范围的通知…,1347,已提取-可全文
RFN-T1-112,T1销售行为与消费者保护,中国银行保险监督管理委员会关于印发《保险公估基本准则》的通知,银保监发〔2018〕21号,nfra,EXCLUDE,中,,,保单|保险公司|保险条款|保险理赔,保险中介机构|保险公估|公估机构,[title]…中国银行保险监督管理委员会关于印发《保险公估基本准则》的通知 银保监发〔2018〕21号。各保监局，中国保险行业协会，各保险集团(控股)公司、保险公司、保…,11617,已提取-可全文
RFN-T1-113,T1销售行为与消费者保护,中国银保监会关于允许境外投资者来华经营保险公估业务的通知,银保监发〔2018〕29号,nfra,EXCLUDE,中,,,保险公司,保险公估|公估机构,"[title]…中国银保监会关于允许境外投资者来华经营保险公估业务的通知 银保监发〔2018〕29号。各保监局、外资保险公司:。为进一步扩大保险业对外开放,促进我国保险公估…",698,已提取-可全文
RFN-T1-114,T1销售行为与消费者保护,中国银保监会关于允许境外投资者来华经营保险代理业务的通知,银保监发〔2018〕30号,nfra,BOUNDARY,低,,,保险公司,,"[meta]…中国银保监会关于允许境外投资者来华经营保险代理业务的通知 银保监发〔2018〕30号。各保监局、外资保险公司:。为进一步扩大保险业对外开放,促进我国保险代理行业发展,现将有关事项通知如下:。一、经营保险代理业务3年以上…",716,已提取-可全文
RFN-T1-115,T1销售行为与消费者保护,中国银保监会关于切实加强和改进保险服务的通知,银保监发〔2018〕40号,nfra,EXCLUDE,中,,,保险产品|保险公司|保险消费者|保险理赔|保险营销|保险销售|分支机构,保险中介机构,[meta]…务的通知 中国银保监会关于中国银保监会关于切实加强和改进保险服务的通知银保监发〔2018〕40号各保险公司、各保险中介机构：加强和改进保险服务是保险业落实“以人民为中心”发展思想和服务实体经济的必然要求。近年来，各保险公司、各保险中…,3506,已提取-可全文
RFN-T1-116,T1销售行为与消费者保护,中国银保监会办公厅关于做好港澳台居民居住证使用工作有关事项的通知,银保监办发[2018]83号,nfra,BOUNDARY,低,,,保险公司|保险机构|保险资产管理|分支机构,金融资产|银行业金融机构,[body]…，各保监局，各政策性银行、大型银行、股份制银行，邮储银行，外资银行，金融资产管理公司，各保险集团（控股）公司、保险公司、保险资产管理公司、保险专业中介机构，其他会管金融机构： 2018年8月6日，国务院办公厅印发了《港澳台居民居…,1996,已提取-可全文
RFN-T1-117,T1销售行为与消费者保护,中国银行保险监督管理委员会关于保险资金参与长租市场有关事项的通知,银保监发〔2018〕26号,nfra,BOUNDARY,低,,,保险公司|保险机构|保险资产管理|保险资金|偿付能力,,[title]…中国银行保险监督管理委员会关于保险资金参与长租市场有关事项的通知 中国银行保险监督管理委员会关于保险资金中国银行保险监督管理委员会关于保险资金参与长…,2709,已提取-可全文
RFN-T1-118,T1销售行为与消费者保护,中国银保监会办公厅关于进一步做好信贷工作 提升服务实体经济质效的通知,银保监办发〔2018〕76号,nfra,BOUNDARY,低,人身保险,,,信托公司|商业银行|金融资产|银行业|银行业金融机构,[body]…等方面的改革，进一步缩短投资链条，降低投资成本，提高投资效率。发挥保险业风险管理和保障功能，不断丰富财产保险、人身保险等产品和业务模式，改进保险服务，稳定企业和居民财务预期。八、规范经营行为，严禁附加不合理贷款条件。规范贷款行为…,4441,已提取-可全文
RFN-T1-119,T1销售行为与消费者保护,中国银保监会关于印发《保险机构独立董事管理办法》的通知,的通知银保监发〔2018〕35号,nfra,BOUNDARY,低,,,保险公司|保险机构|保险消费者|保险资产管理,,[title]…中国银保监会关于印发《保险机构独立董事管理办法》的通知 中国银保监会关于印发《保险机构中国银保监会关于印发《保险机构独立董事管理办法》的通知…,19598,已提取-可全文
RFN-T1-120,T1销售行为与消费者保护,中国银保监会关于印发《保险公司偿付能力监管规则——问题解答第1号：偿付能力监管等效框架协议过渡期内的香港地区再保险交易对手违约风险因子》的通知,的通知银保监发[2018]34号,nfra,EXCLUDE,中,寿险,,,再保险公司,,3503,已提取-可全文
RFN-T1-121,T1销售行为与消费者保护,中国银行保险监督管理委员会关于发布《保险电子签名技术应用规范(JRT0161-2018)》行业标准的通知,银保监发〔2018〕17号,nfra,BOUNDARY,低,,,保险公司|保险资产管理,,"[meta]…司、上海保险交易所股份有限公司、中国保险报业股份有限公司,中国保险行业协会、中国保险学会、中国精算师协会、中国保险资产管理业协会,各保险公司、保险资产管理公司、保险专业中介机构: 全国金融标准化技术委员会保险分技术委员会制定了《保险…",859,已提取-可全文
RFN-T1-122,T1销售行为与消费者保护,中国银保监会关于发布《保险业车联网基础数据元目录(JR/T0165-2018)》行业标准的通知,银保监发〔2018〕44号,nfra,BOUNDARY,低,,,保险公司|保险资产管理,,"[meta]…司、上海保险交易所股份有限公司、中国保险报业股份有限公司,中国保险行业协会、中国保险学会、中国精算师协会、中国保险资产管理业协会,各保险公司、保险资产管理公司,各保险专业中介机构:。 N/A 政策规章规范性文件 N/A N/A 银保…",784,已提取-可全文
RFN-T1-123,T1销售行为与消费者保护,中国银行保险监督管理委员会 财政部 人力资源社会保障部 税务总局关于印发《个人税收递延型商业养老保险产品开发指引》的通知,的通知银保监发〔2018〕20号,nfra,INCLUDE,中,人身保险公司|养老保险,,,,"[meta]…20号各保监局,各银监局,上海市、江苏省、福建省、厦门市财政厅(局)、人力资源社会保障厅(局)、地方税务局,各人身保险公司:为贯彻落实党的十九大精神,促进个人税收递延型商业养老保险试点健康发展,规范保险公司个人税收递延型商业养老保险…",8759,已提取-可全文
RFN-T1-124,T1销售行为与消费者保护,中国银保监会办公厅关于报送保险资产负债管理能力自评估结果有关事项的通知,银保监办发[2018]78号,nfra,BOUNDARY,低,人身保险公司,,,财产保险公司,[body]…系人：余诚 熊迎  010－66288832 附件：1.财产保险公司资产负债管理能力评估表EXCEL表样 2.人身保险公司资产负债管理能力评估表EXCEL表样 3.制度健全性和遵循有效性填报说明 4.保险资产负债管理能力自评估报告签…,2233,已提取-可全文
RFN-T1-125,T1销售行为与消费者保护,中国银保监会办公厅关于完善人身保险业责任准备金评估利率形成机制及调整责任准备金评估利率有关事项的通知,银保监办发〔2019〕182号,nfra,INCLUDE,高,人身保险|人身保险公司,,,,[title]…中国银保监会办公厅关于完善人身保险业责任准备金评估利率形成机制及调整责任准备金评估利率有关事项的通知 中国银保监会办公厅关于完善中国银保监会办公…,2983,已提取-可全文
RFN-T1-126,T1销售行为与消费者保护,中国银保监会办公厅关于规范两全保险产品有关问题的通知,银保监办发[2019]228号,nfra,INCLUDE,中,人身保险|人身保险公司,,,,[meta]…规范两全保险产品有关问题的通知 中国银保监会办公厅关于中国银保监会办公厅关于规范两全保险产品有关问题的通知 各人身保险公司：为加快推进保险业供给侧结构性改革，进一步丰富保险产品供给，规范保险产品开发设计行为，保护保险消费者合法权益，…,3844,已提取-可全文
RFN-T1-127,T1销售行为与消费者保护,中国银保监会办公厅关于加强保险公司中介渠道业务管理的通知,银保监办发〔2019〕19号,nfra,EXCLUDE,中,,个人保险代理人|保险兼业代理,保单|保险公司|保险销售|分支机构,保险公估|保险经纪机构,[meta]…险公司中介渠道业务管理有关事项通知如下：一、保险公司要建立权责明晰的中介渠道业务管理制度体系（一）保险公司通过个人保险代理人、保险专业代理机构、保险经纪机构、保险兼业代理机 办公厅 政策规章规范性文件 N/A N/A 中国银保监会办公…,5074,已提取-可全文
RFN-T1-128,T1销售行为与消费者保护,中国人民银行 中国银行保险监督管理委员会 中国证券监督管理委员会 国家外汇管理局关于进一步规范金融营销宣传行为的通知（银发〔2019〕316号）,银发〔2019〕316号,pbc,EXCLUDE,—,,,,,,330,已提取-可全文
RFN-T1-129,T1销售行为与消费者保护,中国银保监会办公厅关于坚决杜绝保险机构及从业人员违规销售非保险金融产品的通知,银保监办发〔2019〕20号,supp,BOUNDARY,低,,,保险公司|保险机构|分支机构,,[title]…中国银保监会办公厅关于坚决杜绝保险机构及从业人员违规销售非保险金融产品的通知 坚决杜绝违规销售非保险金融产品（6部分）：个别保险公司违反《中国保监会…,2101,已提取-可全文
RFN-T1-130,T1销售行为与消费者保护,《关于开展保险公司销售从业人员执业登记数据清核工作的通知》,银保监办发〔2019〕71号,supp,INCLUDE,中,,保险销售从业人员,保险公司|保险销售|分支机构,,[meta]…中国银保监会办公厅关于开展保险公司销售从业人员执业登记数据清核工作的通知 执业登记数据清核（依据《保险法》《保险销售从业人员监管办法》《中国保险统计信息系统对接标准》）：清核目的（源头数据质量/摸清队伍实情/落实管控责任）；清核对象（…,6654,已提取-可全文
RFN-T1-131,T1销售行为与消费者保护,中国银保监会办公厅关于印发《商业银行代理保险业务管理办法》的通知,银保监办发〔2019〕179号,nfra,BOUNDARY,低,人身保险|健康保险|寿险,保险兼业代理|保险销售从业人员,,商业银行|财产保险公司|银行业|银行业金融机构,[body]…户无继续投保意愿等问题的不得承保。（二）销售保单利益不确定的保险产品，包括分红型、万能型、投资连结型、变额型等人身保险产品和财产保险公司非预定收益型投资保险产品等，存在以下情况的，应当在取得投保人签名确认的投保声明后方可承保：1…,21919,已提取-可全文
RFN-T1-132,T1销售行为与消费者保护,中国银保监会办公厅关于开展银行保险机构侵害消费者权益乱象整治工作的通知,中国银保监会办公厅关于开展银行保险机构侵害消费者权益乱象整治工作的通知银保监办发〔2019〕194号,nfra,BOUNDARY,低,,,保险公司|保险机构|保险消费者,银行业,[title]…中国银保监会办公厅关于开展银行保险机构侵害消费者权益乱象整治工作的通知 中国银保监会办公厅关于开展银行保险机构侵害消费者权益乱象整治工作的通知银保监…,3481,已提取-可全文
RFN-T1-133,T1销售行为与消费者保护,中国银保监会关于银行保险机构加强消费者权益保护工作体制机制建设的指导意见,银保监发〔2019〕38号,nfra,BOUNDARY,低,,,保险公司|保险机构|分支机构,银行业,[title]…中国银保监会关于银行保险机构加强消费者权益保护工作体制机制建设的指导意见 各银保监局，各大型银行、股份制银行，邮储银行，外资银行，各保险集…,11075,已提取-可全文
RFN-T1-134,T1销售行为与消费者保护,中国银保监会关于开展“巩固治乱象成果 促进合规建设”工作的通知,银保监发[2019]23号,nfra,EXCLUDE,中,,,保险公司|保险机构|保险资产管理|保险资金|保险销售|偿付能力|分支机构,商业银行|金融资产|银行业|银行业金融机构,[meta]…的通知。（银保监发〔2019〕23号）。各银保监局，各政策性银行、大型银行、股份制银行，邮储银行，外资银行，各金融资产管理公司，各保险集团（控股）公司、保险公司、保险资产管理公司：。 现场检查局 政策规章规范性文件 N/A N/…,19581,已提取-可全文
RFN-T1-135,T1销售行为与消费者保护,中国银保监会办公厅关于进一步做好银行业保险业反洗钱和反恐怖融资工作的通知,银保监办发[2019]238号,supp,BOUNDARY,低,,,保险公司|保险机构|保险资产管理|分支机构,金融资产|银行业|银行业金融机构,"[body]…38 号 各银保监局， 各政策性银行、 大型银行、 股份制银行， 邮储银行， 外资银行， 金融资产管理公司， 保险公司， 保险资产管理公司: 为加强银行业保险业反洗钱和反恐怖融资工作, 提升银行保险机构反洗钱和反恐怖融资工作水平…",3190,已提取-可全文
RFN-T1-136,T1销售行为与消费者保护,中国银保监会关于印发《保险资产负债管理监管暂行办法》的通知,的通知银保监发〔2019〕32号,nfra,INCLUDE,中,人身保险公司|养老保险公司,,,再保险公司|财产保险公司,[body]…， 根据《中华人民共和国保险法》及有关规定， 制定本办法。 第二条 本办法所称保险公司是指于中国境内依法设立的人身保险公司和财产保险公司（以下简称“保险公司”）。 第三条 本办法所称保险资产负债管理， 是指保险公司在风险偏好和其他约…,7771,已提取-可全文
RFN-T1-137,T1销售行为与消费者保护,中国银保监会办公厅关于保险资金投资集合信托有关事项的通知,银保监办发〔2019〕144号,nfra,EXCLUDE,中,,,保险公司|保险机构|保险资产管理|保险资金,信托公司,[body]…进行监管，对其资质条件、权利义务和风险责任等要求，执行保险机构投资风险责任人的相关规定。 三、保险机构应当明确信托公司选择标准，完善持续评价机制，并将执行情况纳入年度内控审计。担任受托人的信托公司应当具备以下条件： （一）具有完…,6369,已提取-可全文
RFN-T1-138,T1销售行为与消费者保护,中国银保监会办公厅关于保险资金参与信用风险缓释工具和信用保护工具业务的通知,中国银保监会办公厅关于保险资金参与信用风险缓释工具和信用保护工具业务的通知银保监办发〔2019〕121号,nfra,BOUNDARY,低,,,保险公司|保险机构|保险资产管理|保险资金,,[title]…中国银保监会办公厅关于保险资金参与信用风险缓释工具和信用保护工具业务的通知 中国银保监会办公厅关于保险资金参与信用风险缓释工具和信用保护工具…,2037,已提取-可全文
RFN-T1-139,T1销售行为与消费者保护,中国银保监会关于印发《保险公司偿付能力监管规则——问题解答第2号：无固定期限资本债券》的通知,银保监发〔2019〕22号,nfra,EXCLUDE,中,,,保险公司|保险机构|保险资产管理|保险资金|偿付能力,商业银行,[body]…用风险最低资本》， 计量交易对手违约风险的最低资本。 其中， 风险暴露为其账面价值； 政策性银行和国有控股大型商业银行的基础风险因子为 0.20， 全国性股份制商业银行的基础风险因子为 0.23。 中国银保监会关于印发中国银保监…,1577,已提取-可全文
RFN-T1-140,T1销售行为与消费者保护,中国银保监会办公厅关于取消部分证明材料的通知,银保监办发〔2019〕181号,nfra,EXCLUDE,中,,保险兼业代理,保险公司|保险机构,保险中介机构,[body]…2019 年 8 月 27 日 （此件发至银保监分局和地方法人银行保险机构， 并请各银保监局转发至辖内保险兼业代理机构） 中国银保监会办公厅关于取消部分证明材料的通知中国银保监会办公厅关于取消部分证明材料的通知 银保监办发〔…,1113,已提取-可全文
RFN-T1-141,T1销售行为与消费者保护,中国银保监会关于银行保险机构员工履职回避工作的指导意见,银保监发[2019]50号,nfra,EXCLUDE,中,,,保险公司|保险机构|保险资产管理|分支机构,商业银行|金融资产|银行业,[meta]…银保监会关于银行保险机构员工履职回避工作的指导意见 各银保监局，各政策性银行、大型银行、股份制银行，外资银行，金融资产管理公司，各保险集团（控股）公司、保险公司、保险资产管理公司、保险专业中介机构、外国保险机构驻华代表机构，其他…,7755,已提取-可全文
RFN-T1-142,T1销售行为与消费者保护,中国银保监会关于印发保险公司关联交易管理办法的通知,银保监发〔2019〕35号,supp,BOUNDARY,低,,,保险公司|保险公司分支机构|保险消费者|保险资产管理|保险资金|偿付能力,金融资产,[title]…中国银保监会关于印发保险公司关联交易管理办法的通知 印发《保险公司关联交易管理办法》，规范保险公司关联交易行为，防范利益输送风险。 中国银…,19569,已提取-可全文
RFN-T1-143,T1销售行为与消费者保护,关于保险企业手续费及佣金支出税前扣除政策的公告,财政部、税务总局公告2019年第72号,mof,EXCLUDE,—,,,,,,925,已提取-可全文
RFN-T1-144,T1销售行为与消费者保护,中国银保监会办公厅关于延长保险公司跨京津冀区域经营备案管理试点有效期的通知,银保监办发[2019]105号,nfra,BOUNDARY,低,,,保险公司,,[title]…中国银保监会办公厅关于延长保险公司跨京津冀区域经营备案管理试点有效期的通知 中国银保监会办公厅关于延长保险公司跨京津冀区域经营备案管理试点有效期…,1021,已提取-可全文
RFN-T1-145,T1销售行为与消费者保护,中国银保监会办公厅关于明确取消合资寿险公司外资股比限制时点的通知,银保监办发〔2019〕230号,nfra,INCLUDE,高,人身保险|寿险,,,,[title]…中国银保监会办公厅关于明确取消合资寿险公司外资股比限制时点的通知 中国银保监会关于明确取消合资寿险公司 中国银保监会办公厅关于明确取消合资寿险公司外…,1106,已提取-可全文
RFN-T1-146,T1销售行为与消费者保护,中国银保监会关于将澳门纳入保险资金境外可投资地区的通知,银保监发[2019]48号,nfra,BOUNDARY,低,,,保险公司|保险机构|保险资产管理|保险资金,,[title]…中国银保监会关于将澳门纳入保险资金境外可投资地区的通知 中国银保监会关于中国银保监会关于将澳门纳入保险资金境外可投资地区的通知银保监发〔2019…,999,已提取-可全文
RFN-T1-147,T1销售行为与消费者保护,中国银保监会办公厅关于印发普通型人身保险精算规定的通知,银保监办发[2020]7号,nfra,INCLUDE,高,人寿保险|人身保险|健康保险|寿险,,,,[title]…中国银保监会办公厅关于印发普通型人身保险精算规定的通知 为进一步完善人身保险精算制度体系，保护保险消费者合法权益，推动人身保险市场高质量发展，银保监会…,11576,已提取-可全文
RFN-T1-148,T1销售行为与消费者保护,中国银保监会办公厅关于强化人身保险精算监管有关事项的通知,银保监办发[2020]6号,nfra,INCLUDE,高,人身保险|人身保险公司,,,,"[title]…中国银保监会办公厅关于强化人身保险精算监管有关事项的通知 为进一步强化人身保险精算监管，完善人身保险监管指标体系,更好保护保险消费者合法权益，推…",1821,已提取-可全文
RFN-T1-149,T1销售行为与消费者保护,中国银保监会办公厅关于加快推进意外险改革的意见,银保监办发[2020]4号,nfra,BOUNDARY,低,,,保单|保险消费者,,[body]…贯彻落实党中央、国务院关于金融工作的决策部署，服务金融供给侧结构性改革，建立意外险费率市场化形成机制，更好保护保险消费者合法权益，推动意外险市场高质量发展，现就加快推进意外险改革提出以下意见。 一、总体要求（一）指导思想坚持以人民…,5869,已提取-可全文
RFN-T1-150,T1销售行为与消费者保护,中国银保监会关于使用《中国人身保险业重大疾病经验发生率表（2020）》有关事项的通知,银保监发[2020]51号,nfra,INCLUDE,高,人身保险|人身保险公司|寿险,,,,[title]…中国银保监会关于使用《中国人身保险业重大疾病经验发生率表（2020）》有关事项的通知 各人身保险公司：各人身保险公司：为规范重大疾病保险业务法定…,7609,已提取-可全文
RFN-T1-151,T1销售行为与消费者保护,中国银保监会办公厅关于长期医疗保险产品费率调整有关问题的通知,银保监办发[2020]27号,nfra,INCLUDE,中,人身保险公司|健康保险,,,,[meta]…中国银保监会办公厅关于长期医疗保险产品费率调整有关问题的通知 各人身保险公司，中国保险行业协会：为进一步满足人民群众日益增长的健康保障需求，丰富医疗保险产品供给，鼓励保险公司开发销售长期…,5172,已提取-可全文
RFN-T1-152,T1销售行为与消费者保护,中国银保监会关于规范互联网保险销售行为可回溯管理的通知,银保监发[2020]26号,nfra,BOUNDARY,低,人身保险|健康保险|养老保险,保险兼业代理,,保险中介机构,[body]…构销售以下保险产品时，应当按照要求展示可能影响保单效力以及可能免除保险公司责任的内容，包括但不限于：（一）销售人身保险新型产品，应当增加保单利益不确定性风险提示内容；（二）销售健康保险产品，应当增加保险责任等待期的起算时间、期限…,5285,已提取-可全文
RFN-T1-153,T1销售行为与消费者保护,互联网保险业务监管办法,中国银行保险监督管理委员会令[2020]13号,nfra,INCLUDE,中,人身保险,个人保险代理人|保险代理人|保险兼业代理,,保险中介机构|保险公估|保险经纪|商业银行|银行业,[body]…，以及保险合同中的犹豫期、等待期、费用扣除、退保损失、保单现金价值等重点内容。（三）保险产品为投连险、万能险等人身保险新型产品的，应按照银保监会关于新型产品信息披露的相关规定，清晰标明相关信息，用不小于产品名称字号的黑体字标注保…,27856,已提取-可全文
RFN-T1-154,T1销售行为与消费者保护,保险代理人监管规定,中国银行保险监督管理委员会令[2020]11号,nfra,BOUNDARY,低,人身保险公司,个人保险代理人|保险代理人|保险兼业代理|保险销售从业人员|独立个人保险代理人,,保险中介机构|保险公估|保险经纪|商业银行|财产保险公司,[body]…险代理业务的，除同一保险集团内各保险子公司之间开展保险代理业务外，一家财产保险公司在一个会计年度内只能代理一家人身保险公司业务，一家人身保险公司在一个会计年度内只能代理一家财产保险公司业务。第四十三条 保险代理人从事保险代理业务不得…,36200,已提取-可全文
RFN-T1-155,T1销售行为与消费者保护,中国银行保险监督管理委员会办公厅关于发展独立个人保险代理人有关事项的通知,银保监办发[2020]118号,supp,EXCLUDE,中,,保险代理人|保险销售从业人员|独立个人保险代理人,保险产品|保险公司|保险营销|保险销售,保险经纪机构,[title]…中国银保监会办公厅关于发展独立个人保险代理人有关事项的通知 独立个人保险代理人制度（25条，依据《保险法》《保险代理人监管规定》）：独立代理人不隶属团队、…,5357,已提取-可全文
RFN-T1-156,T1销售行为与消费者保护,中国银保监会办公厅关于落实保险公司主体责任 加强保险销售人员管理的通知,银保监办发[2020]41号,nfra,INCLUDE,中,,个人保险代理人,保险产品|保险公司|保险机构|保险消费者|保险销售|分支机构,,[meta]…公厅关于落实保险公司主体责任 加强保险销售人员管理的通知 2019年银保监会部署开展了保险公司销售从业人员（含个人保险代理人、从事保险销售的员工以及其他用工关系人员，以下简称销售人员）执业登记清核工作。从清核情况看，由于保险公司主体管…,7359,已提取-可全文
RFN-T1-157,T1销售行为与消费者保护,中国银保监会办公厅关于进一步规范健康保障委托管理业务有关事项的通知,银保监办发[2020]13号,nfra,BOUNDARY,低,健康保险,,,,[body]…失能收入损失审核和费用支付、护理审核和费用支付等经办管理服务。二、保险公司开展健康保障委托管理业务，应当符合《健康保险管理办法》有关经营健康保险的各项条件，并在开办地区设有分支机构或服务合作机构。三、保险公司开展健康保障委托管理…,4334,已提取-可全文
RFN-T1-158,T1销售行为与消费者保护,中国银保监会办公厅关于规范保险公司健康管理服务的通知,银保监办发[2020]83号,nfra,BOUNDARY,低,健康保险,,,,[meta]…理服务的通知 银保监局，各保险公司，中国保险行业协会：各银保监局，各保险公司，中国保险行业协会：为进一步落实《健康保险管理办法》（银保监会令2019年第3号）有关要求，规范保险公司健康管理服务行为，切实提升专业化服务水平，促进商…,5185,已提取-可全文
RFN-T1-159,T1销售行为与消费者保护,中国银保监会办公厅关于切实加强保险专业中介机构从业人员管理的通知,银保监办发[2020]42号,nfra,EXCLUDE,中,,,保险产品|保险销售|分支机构,保险公估|保险经纪,[meta]…业人员管理的通知 2019年，银保监会部署开展了保险专业中介机构从业人员（包括保险专业代理机构的代理从业人员、保险经纪人的经纪从业人员、保险公估人的公估从业人员，以下统称从业人员）执业登记清核工作。 中介部 政策规章规范性文件…,5204,已提取-可全文
RFN-T1-160,T1销售行为与消费者保护,银行业保险业消费投诉处理管理办法,中国银行保险监督管理委员会令[2020]3号,nfra,EXCLUDE,中,,,保险产品|保险机构|分支机构,保险中介机构|商业银行|银行业|银行业金融机构,[title]…银行业保险业消费投诉处理管理办法 第一章 总 则 第一条 为了规范银行业保险业消费投诉处理工作，保护消费者合法权益，…,10207,已提取-可全文
RFN-T1-161,T1销售行为与消费者保护,中国银保监会办公厅关于规范银行业金融机构协助有权机关办理保险公司资本保证金账户查询、冻结、扣划有关事宜的通知,银保监办发[2020]91号,nfra,EXCLUDE,中,,,保险公司,商业银行|银行业|银行业金融机构,[title]…中国银保监会办公厅关于规范银行业金融机构协助有权机关办理保险公司资本保证金账户查询、冻结、扣划有关事宜的通知 为进一步规范银行业金融机构协助有权机关办…,2315,已提取-可全文
RFN-T1-162,T1销售行为与消费者保护,中国银保监会关于优化保险机构投资管理能力监管有关事项的通知,银保监发[2020]45号,nfra,BOUNDARY,低,,,保险公司|保险机构|保险资产管理|保险资金,,[title]…中国银保监会关于优化保险机构投资管理能力监管有关事项的通知 为持续推进简政放权，进一步深化保险资金运用市场化改革，根据《保险资金运用管理办…,5817,已提取-可全文
RFN-T1-163,T1销售行为与消费者保护,中国银保监会关于金融资产投资公司开展资产管理业务有关事项的通知,银保监发[2020]12号,nfra,EXCLUDE,中,,,保险公司|保险资产管理|保险资金,商业银行|金融资产|银行业,[title]…中国银保监会关于金融资产投资公司开展资产管理业务有关事项的通知 各银保监局，各政策性银行、大型银行、股份制银行，外资银行，各保险集团（…,6810,已提取-可全文
RFN-T1-164,T1销售行为与消费者保护,中国银保监会关于保险资金财务性股权投资有关事项的通知,银保监发[2020]54号,nfra,BOUNDARY,低,,,保险公司|保险机构|保险资产管理|保险资金|偿付能力,,[title]…中国银保监会关于保险资金财务性股权投资有关事项的通知 各保险集团（控股）公司、保险公司、保险资产管理公司：各保险集团（控股）公司、保险…,3378,已提取-可全文
RFN-T1-165,T1销售行为与消费者保护,中国银保监会办公厅关于印发保险资金参与金融衍生产品交易办法等三个文件的通知,银保监办发[2020]59号,nfra,BOUNDARY,低,,,保险公司|保险资产管理|保险资金,,[title]…中国银保监会办公厅关于印发保险资金参与金融衍生产品交易办法等三个文件的通知 各保险集团（控股）公司、保险公司、保险资产管理公司：各保险集团（控股…,803,已提取-可全文
RFN-T1-166,T1销售行为与消费者保护,中国银保监会办公厅关于保险资金投资债转股投资计划有关事项的通知,银保监办发[2020]82号,nfra,BOUNDARY,低,,,保险公司|保险资产管理|保险资金,金融资产,[title]…中国银保监会办公厅关于保险资金投资债转股投资计划有关事项的通知 各保险集团（控股）公司、保险公司、保险资产管理公司： 各保险集团（控股）公司…,1544,已提取-可全文
RFN-T1-167,T1销售行为与消费者保护,中国银保监会办公厅关于印发组合类保险资产管理产品实施细则等三个文件的通知,银保监办发[2020]85号,nfra,EXCLUDE,中,,,保险公司|保险资产管理|保险资金,商业银行|金融资产,[body]…类产品所投资资产的集中度应当符合《指导意见》相关规定。第六条 保险资产管理机构对组合类产品应当实行净值化管理。金融资产的估值和产品净值的生成应当符合《企业会计准则》《指导意见》等相关规定。货币市场类组合类产品在严格监管的前提下，…,16142,已提取-可全文
RFN-T1-168,T1销售行为与消费者保护,中国银保监会办公厅关于优化保险公司权益类资产配置监管有关事项的通知,银保监办发[2020]63号,nfra,BOUNDARY,低,人身保险公司,,,,[body]…增权益类资产投资。三、保险公司存在以下情形之一的，权益类资产投资余额不得高于本公司上季末总资产的15%：（一）人身保险公司上季末责任准备金覆盖率不足100%；（二）最近一年资金运用出现重大风险事件；（三）资产负债管理能力较弱且匹配状…,3832,已提取-可全文
RFN-T1-169,T1销售行为与消费者保护,中国银保监会关于保险资金投资银行资本补充债券有关事项的通知,银保监发[2020]17号,nfra,EXCLUDE,中,,,保险公司|保险机构|保险资产管理|保险资金,商业银行,[body]…限资本债券。 二、 政策性银行发行的二级资本债券和无固定期限资本债券， 比照准政府债券的投资规定执行。 三、 商业银行发行的二级资本债券和无固定期限资本债券纳入无担保非金融企业（公司）债券管理。 四、 保险资金投资的商业银行二级…,1599,已提取-可全文
RFN-T1-170,T1销售行为与消费者保护,中国银保监会行政许可实施程序规定,中国保险监督管理委员会令[2020]7号,nfra,BOUNDARY,低,,,保险机构,银行业|银行业金融机构,[meta]…和国保险法》《中华人民共和国行政许可法》等法律及行政法规，制定本规定。第二条 银保监会依照本规定的程序，对银行保险机构及银保监会监督管理的其他金融机构实施行政许可。 法规部 政策规章规范性文件 N/A N/A 第一章 总 则第一…,10462,已提取-可全文
RFN-T1-171,T1销售行为与消费者保护,中国银保监会办公厅关于预防银行业保险业从业人员金融违法犯罪的指导意见,银保监办发[2020]18号,nfra,BOUNDARY,低,,,保单|保险产品|保险公司|保险机构|保险资产管理|保险资金|分支机构,金融资产|银行业|银行业金融机构,[meta]…指导意见 各银保监局，各政策性银行、大型银行、股份制银行，外资银行，金融资产管理公司，各保险集团（控股）公司、保险公司、保险资产管理公司，各会管单位：各银保监局，各政策性银行、大型银行、股份制银行，外资银行，金融资产管理公司，各…,9962,已提取-可全文
RFN-T1-172,T1销售行为与消费者保护,中国银保监会关于印发银行保险机构涉刑案件管理办法（试行）的通知,银保监发〔2020〕20号,supp,EXCLUDE,中,,,保单|保险公司|保险机构|保险资产管理|偿付能力|分支机构,信托公司|商业银行|金融资产|银行业|银行业金融机构,[body]…关于印发银行保险机构涉刑案件管理办法（试行）的通知 各银保监局，各政策性银行、大型银行、股份制银行，外资银行，金融资产管理公司，各保险集团（控股）公司、保险公司、保险资产管理公司、保险专业中介机构，各会管单位： 现将《银行保险机…,17200,已提取-可全文
RFN-T1-173,T1销售行为与消费者保护,中国银保监会关于印发监管数据安全管理办法（试行）的通知,银保监发[2020]43号,nfra,EXCLUDE,中,,,,银行业,[body]…安全管理工作，提高监管数据安全保护能力，防范监管数据安全风险，依据《中华人民共和国网络安全法》《中华人民共和国银行业监督管理法》《中华人民共和国保险法》《工作秘密管理暂行办法》等法律法规及有关规定，制定本办法。 第二条 本办法…,6928,已提取-可全文
RFN-T1-174,T1销售行为与消费者保护,中国银保监会办公厅关于印发意外伤害保险业务监管办法的通知,银保监办发[2021]106号,nfra,INCLUDE,中,人身保险|人身保险公司|寿险,保险代理人,,保险中介机构|保险经纪|财产保险公司,[body]…险（以下简称意外险），是以被保险人因遭受意外伤害造成死亡、伤残或者发生保险合同约定的其他事故为给付保险金条件的人身保险。本办法所称保险公司，是指依法设立的人身保险公司和财产保险公司。第三条 保险公司开展意外险业务，应严格遵守法律…,10725,已提取-可全文
RFN-T1-175,T1销售行为与消费者保护,中国银保监会办公厅关于做好短期健康保险业务客户服务工作的通知,银保监办便函〔2021〕673号,supp,INCLUDE,高,健康保险,,,,[title]…中国银保监会办公厅关于做好短期健康保险业务客户服务工作的通知 短期健康保险客户服务（落实银保监办发〔2021〕7号）：落实主体责任、总分联动机制；维…,5539,已提取-可全文
RFN-T1-176,T1销售行为与消费者保护,中国银保监会办公厅关于明确外资法人银行对母行集团大额风险暴露有关监管要求的通知,银保监办发[2021]46号,nfra,EXCLUDE,中,,,,商业银行|银行业,[meta]…关于明确外资法人银行对母行集团大额风险暴露有关监管要求的通知 各银保监局：各银保监局：为进一步对外资银行执行《商业银行大额风险暴露管理办法》（中国银行保险监督管理委员会令2018年第1号，以下简称《办法》）相关监管规定予以明确，…,1325,已提取-可全文
RFN-T1-177,T1销售行为与消费者保护,中国银保监会办公厅关于进一步丰富人身保险产品供给的指导意见,银保监办发[2021]107号,nfra,INCLUDE,高,人身保险|健康保险|养老保险,,,,[title]…中国银保监会办公厅关于进一步丰富人身保险产品供给的指导意见 银保监办发〔2021〕107号为深化保险业供给侧结构性改革，促进人身保险扩面提质稳健发展，…,4942,已提取-可全文
RFN-T1-178,T1销售行为与消费者保护,中国银保监会办公厅关于进一步规范保险机构互联网人身保险业务有关事项的通知,银保监办发[2021]108号,nfra,INCLUDE,高,人寿保险|人身保险|健康保险|健康险|寿险,保险兼业代理,,保险中介机构,[title]…中国银保监会办公厅关于进一步规范保险机构互联网人身保险业务有关事项的通知 中国银保监会办公厅关于进一步规范保险机构互联网人身保险业务有关事项的通知各银保监局，各保险…,16764,已提取-可全文
RFN-T1-179,T1销售行为与消费者保护,中国银保监会办公厅关于规范短期健康保险业务有关问题的通知,银保监办发[2021]7号,nfra,INCLUDE,中,人身保险|健康保险|健康险|寿险,,,,[body]…费×（1-m/n），其中，m为已生效天数，n为保险期间的天数，经过日期不足一日的按一日计算。七、保险公司将短期健康险开发设计成主险产品的，不得强制要求保险消费者在购买主险产品的同时，购买该公司其他产品。保险公司将短期健康险开发…,4963,已提取-可全文
RFN-T1-180,T1销售行为与消费者保护,关于深入开展人身保险市场乱象治理专项工作的通知,银保监办便函〔2021〕477号,supp,INCLUDE,高,人身保险|人身保险公司,,,,[title]…中国银保监会办公厅关于深入开展人身保险市场乱象治理专项工作的通知 人身保险市场乱象治理专项（2021年4-11月）：治理重点四大领域——①销售行为（…,6455,已提取-可全文
RFN-T1-181,T1销售行为与消费者保护,中国银保监会办公厅关于规范和促进养老保险机构发展的通知,银保监办发[2021]134号,supp,BOUNDARY,低,养老保险|养老保险公司,,,,[body]…力。 建立健全与养老金融业务特点和发展要求相适应的内部管理机制制度， 强化投资管理和风险管控能力。 三、 鼓励养老保险公司发展安全性高、 保障性强、 满足长期或终身领取需求的商业养老年金保险以及其他具有一定长期积累养老金功能的商业保…,2823,已提取-可全文
RFN-T1-182,T1销售行为与消费者保护,中国银保监会办公厅关于规范保险公司参与长期护理保险制度试点服务的通知,银保监办发[2021]65号,nfra,BOUNDARY,低,健康保险,,,,[body]…提升公共服务运营效率，降低制度运行成本，增强参保群众的获得感和幸福感。二、提升专业服务能力。保险公司应按照长期健康保险的经营要求完善组织架构、健全制度体系、加强专业人员配备，具有经办基本医保或承办大病保险的经验和为项目所在地提供…,2730,已提取-可全文
RFN-T1-183,T1销售行为与消费者保护,中国银保监会关于印发保险公司城乡居民大病保险业务管理办法的通知,银保监发[2021]12号,nfra,BOUNDARY,低,健康保险,,,再保险公司,[body]…大病保险业务，应当符合下列条件：（一）注册资本不低于人民币20亿元或近3年内净资产均不低于人民币50亿元，专业健康保险公司除外；（二）上一年度末和最近季度末的综合偿付能力不低于150%；（三）上一年度及提交申请前连续两个季度风险…,17100,已提取-可全文
RFN-T1-184,T1销售行为与消费者保护,中国银保监会办公厅关于规范保险公司城市定制型商业医疗保险业务的通知,银保监办发[2021]66号,nfra,BOUNDARY,低,健康保险,,,,[meta]…险公司，中国保险行业协会：为规范保险公司城市定制型商业医疗保险（以下简称定制医疗保险）业务的开展，有效发挥商业健康保险作用，满足人民群众多层次多样化的医疗保障需求，经银保监会同意，现就有关事项通知如下：    一、发挥市场作用…,2879,已提取-可全文
RFN-T1-185,T1销售行为与消费者保护,保险中介行政许可及备案实施办法,中国银行保险监督管理委员会令[2021]12号,nfra,EXCLUDE,中,,保险兼业代理,保单|保险公司|分支机构,保险中介机构|保险公估|保险经纪|保险经纪公司|保险经纪机构|商业银行,[body]…公司继续存续的，应当依法办理名称、营业范围和公司章程等事项的变更登记，确保其名称中无“保险代理”字样。第二节 保险兼业代理业务许可第二十条 商业银行经营保险代理业务，应当具备下列条件：（一）具有银保监会或其派出机构颁发的金融许可证；…,31016,已提取-可全文
RFN-T1-186,T1销售行为与消费者保护,中国银保监会办公厅关于明确保险中介市场对外开放有关措施的通知,银保监办发[2021]128号,nfra,EXCLUDE,中,,,,保险公估|保险经纪|保险经纪公司|保险经纪机构,[meta]…进保险业健康有序发展，经银保监会同意，现将有关事项通知如下：一、允许有实际业务经验并符合银保监会相关规定的境外保险经纪公司在华投资设立的保险经纪公司经营保险经纪业务。 中介部 政策规章规范性文件 N/A N/A 为进一步扩大保险业对…,1286,已提取-可全文
RFN-T1-187,T1销售行为与消费者保护,中国银保监会关于印发银行保险机构消费者权益保护监管评价办法的通知,银保监发〔2021〕24号,nfra,BOUNDARY,低,养老保险公司,,,再保险公司|商业银行|金融资产|银行业|银行业金融机构,[body]…币经纪公司、省联社、贷款公司、农村资金互助社、政策性保险公司、保险集团(控股)公司、再保险公司、农业保险公司、养老保险公司、相互保险组织、保险资产管理公司、养老金管理公司和保险专业中介机构。第三十条 不开展个人业务或者个人业务占比较…,11019,已提取-可全文
RFN-T1-188,T1销售行为与消费者保护,中国银保监会关于服务煤电行业正常生产和商品市场有序流通 保障经济平稳运行有关事项的通知,银保监发[2021]42号,nfra,EXCLUDE,中,,,保险机构|保险资金,商业银行,[body]…。二、保障煤电、煤炭、钢铁、有色金属等生产企业合理融资需求。督促银行保险机构特别是开发性、政策性银行，国有大型商业银行，全国性股份制银行，全力做好今冬明春能源电力保供金融服务工作，满足能源电力供应合理资金需求。对符合支持条件的煤…,3720,已提取-可全文
RFN-T1-189,T1销售行为与消费者保护,中国银保监会办公厅关于保险资金参与证券出借业务有关事项的通知,银保监办发[2021]121号,nfra,EXCLUDE,中,,,保险公司|保险机构|保险资产管理|保险资金|偿付能力,商业银行|基金管理公司|证券公司,[body]…证券出借业务的，不受前款第（四）（五）项的限制。五、保险机构通过约定申报方式参与境内转融通证券出借业务的，借券证券公司上一会计年度末经审计的净资产不得低于60亿元人民币、最近一年分类监管评级不得低于A类。六、保险机构参与境内债券…,5055,已提取-可全文
RFN-T1-190,T1销售行为与消费者保护,中国银保监会办公厅关于保险资金投资公开募集基础设施证券投资基金有关事项的通知,银保监办发[2021]120号,nfra,BOUNDARY,低,,,保险公司|保险机构|保险资产管理|保险资金|偿付能力,,[title]…中国银保监会办公厅关于保险资金投资公开募集基础设施证券投资基金有关事项的通知 各保险集团（控股）公司、保险公司、保险资产管理公司：为进一步丰…,3191,已提取-可全文
RFN-T1-191,T1销售行为与消费者保护,中国银保监会办公厅关于调整保险资金投资债券信用评级要求等有关事项的通知,银保监办发[2021]118号,nfra,BOUNDARY,低,,,保险公司|保险机构|保险资产管理|保险资金|偿付能力,,[title]…中国银保监会办公厅关于调整保险资金投资债券信用评级要求等有关事项的通知 各银保监局，各保险集团（控股）公司、保险公司、保险资产管理公司：为规范保…,2606,已提取-可全文
RFN-T1-192,T1销售行为与消费者保护,中国银保监会关于修改保险资金运用领域部分规范性文件的通知,银保监发[2021]47号,nfra,BOUNDARY,低,,,保险公司|保险机构|保险资产管理|保险资金,金融资产,[title]…中国银保监会关于修改保险资金运用领域部分规范性文件的通知 各保险集团（控股）公司、保险公司、保险资产管理公司：为进一步深化“放管服”改革，…,4377,已提取-可全文
RFN-T1-193,T1销售行为与消费者保护,中国银保监会关于修订《保险公司偿付能力监管规则——问题解答第1号：偿付能力监管等效框架协议过渡期内的香港地区再保险交易对手违约风险因子》的通知,银保监发[2021]30号,nfra,EXCLUDE,中,,,保险公司|保险机构|偿付能力,,,1208,已提取-可全文
RFN-T1-194,T1销售行为与消费者保护,中国银保监会办公厅关于2021年进一步推动小微企业金融服务高质量发展的通知,银保监办发[2021]49号,nfra,EXCLUDE,中,,,保单|保险产品|保险公司|保险机构|分支机构,商业银行|财产险|银行业|银行业金融机构,[body]…布结构，丰富供给手段，更有力地支持小微企业在科技创新和产业结构升级中发挥作用，实现小微企业金融服务高质量发展与银行业保险业自身高质量发展的相互促进、有机统一。二、以信贷投放为抓手，确保稳定高效的增量金融供给（二）围绕“两增”目…,11663,已提取-可全文
RFN-T1-195,T1销售行为与消费者保护,中国银保监会办公厅关于境内保险公司在香港市场发行巨灾债券有关事项的通知,银保监办发[2021]102号,nfra,EXCLUDE,中,,,保险公司,再保险公司|财产保险公司,[meta]…中国银保监会办公厅关于境内保险公司在香港市场发行巨灾债券有关事项的通知 各财产保险公司、再保险公司：各财产保险公司、再保险公司：为落实《<内地与香港关于建立更紧密经贸关系的安排>服务贸易协议》有关…,1836,已提取-可全文
RFN-T1-196,T1销售行为与消费者保护,中国银保监会办公厅关于资产支持计划和保险私募基金登记有关事项的通知,银保监办发[2021]103号,nfra,BOUNDARY,低,,,保险资产管理|保险资金,,[meta]…中国银保监会办公厅关于资产支持计划和保险私募基金登记有关事项的通知 各保险资产管理机构：为持续深入落实国务院“放管服”工作部署，进一步深化保险资金运用市场化改革，提高服务实体经济质效，银保监会…,2782,已提取-可全文
RFN-T1-197,T1销售行为与消费者保护,中国银保监会办公厅关于精简保险资产管理公司监管报告事项的通知,银保监发[2021]131号,nfra,BOUNDARY,低,,,保险公司|保险机构|保险资产管理,,[title]…中国银保监会办公厅关于精简保险资产管理公司监管报告事项的通知 各保险资产管理公司：为进一步落实国务院“放管服”改革要求，聚焦风险监管，提高监管质效，…,1035,已提取-可全文
RFN-T1-198,T1销售行为与消费者保护,中国银保监会办公厅关于印发金融租赁公司项目公司管理办法的通知,银保监办发[2021]143号,nfra,EXCLUDE,中,,,,银行业,[meta]…条  为规范金融租赁公司通过项目公司形式开展融资租赁业务，强化风险防范，促进业务健康发展，根据《中华人民共和国银行业监督管理法》《中华人民共和国公司法》《金融租赁公司管理办法》《金融租赁公司专业子公司管理暂行规定》等法律法规和…,6736,已提取-可全文
RFN-T1-199,T1销售行为与消费者保护,中国银保监会关于印发银行保险机构大股东行为监管办法（试行）的通知,银保监发[2021]43号,nfra,EXCLUDE,中,,,保险公司|保险机构|保险资产管理|偿付能力,信托公司|商业银行|金融资产|银行业,[body]…司治理监管，规范大股东行为，保护银行保险机构及利益相关者合法权益，根据《中华人民共和国公司法》《中华人民共和国银行业监督管理法》《中华人民共和国商业银行法》《中华人民共和国保险法》等法律法规及其他相关规定，制定本办法。第二条…,15008,已提取-可全文
RFN-T1-200,T1销售行为与消费者保护,中国银保监会关于印发银行保险机构公司治理准则的通知,银保监发[2021]14号,nfra,BOUNDARY,低,人身保险公司,,,再保险公司|商业银行|财产保险公司|银行业,[body]…份制商业银行、城市商业银行、民营银行、农村商业银行、外资银行、保险集团（控股）公司、财产保险公司、再保险公司、人身保险公司。本准则所称“主要股东”，是指持有或控制银行保险机构百分之五以上股份或表决权，或持有资本总额或股份总额不足百分…,31963,已提取-可全文
RFN-T1-201,T1销售行为与消费者保护,银行保险机构恢复和处置计划实施暂行办法,银保监发[2021]16号,nfra,BOUNDARY,低,人身保险公司,,,信托公司|再保险公司|商业银行|财产保险公司|金融资产|银行业,[body]…公众存款的金融机构以及金融资产管理公司、 金融租赁公司和保险公司。 保险公司， 是指在中华人民共和国境内设立的人身保险公司、 财产保险公司、 再保险公司等从事商业保险经营活动的公司。 第二十八条 对于全球系统重要性金融机构、 国内系…,10845,已提取-可全文
RFN-T1-202,T1销售行为与消费者保护,中国银保监会办公厅关于印发非银行金融机构行政许可事项申请材料目录及格式要求的通知,银保监办发[2021]83号,nfra,EXCLUDE,中,,,,金融资产,[meta]…将与之相配套的行政许可事项申请材料目录及格式要求（以下简称目录）印发给你们，并就有关事项通知如下：各银保监局、金融资产管理公司：《中国银保监会非银行金融机构行政许可事项实施办法》(中国银行保险监督管理委员会令2020年第6号，以…,1621,已提取-可全文
RFN-T1-203,T1销售行为与消费者保护,中国银保监会办公厅印发关于建立完善银行保险机构绩效薪酬追索扣回机制指导意见的通知,银保监办发[2021]17号,nfra,EXCLUDE,中,,,保险公司|保险机构|保险资产管理,信托公司|商业银行|金融资产,[body]…追索扣回机制的指导意见 为健全绩效薪酬激励约束机制，充分发挥绩效薪酬在银行保险机构经营管理中的导向作用，根据《商业银行稳健薪酬监管指引》《保险公司薪酬管理规范指引（试行）》等规定，现就建立完善银行保险机构绩效薪酬追索扣回机制提出…,4487,已提取-可全文
RFN-T1-204,T1销售行为与消费者保护,中国银保监会办公厅关于加强保险公司省级分公司以下分支机构负责人管理的通知,银保监办发[2021]74号,nfra,BOUNDARY,低,,,保险公司|分支机构,,[title]…中国银保监会办公厅关于加强保险公司省级分公司以下分支机构负责人管理的通知 为配合《保险公司董事、监事和高级管理人员任职资格管理规定》（中国银行保…,2069,已提取-可全文
RFN-T1-205,T1销售行为与消费者保护,中国银保监会关于开展银行业保险业“内控合规管理建设年”活动的通知,银保监发[2021]17号,nfra,BOUNDARY,低,,,保险产品|保险公司|保险机构|保险理赔|保险资产管理|分支机构,金融资产|银行业,[meta]…，各政策性银行、大型银行、股份制银行、外资银行、直销银行、金融资产管理公司、理财公司，各保险集团（控股）公司、保险公司、保险资产管理公司，银行业协会、信托业协会、财务公司协会、保险业协会、保险资管业协会：为深入贯彻落实党中央、国…,17793,已提取-可全文
RFN-T1-206,T1销售行为与消费者保护,中国银保监会关于印发保险公司分支机构市场准入管理办法的通知,中国银保监会关于印发保险公司分支机构市场准入管理办法的通知银保监发〔2021〕37号,nfra,INCLUDE,中,人身保险,,,,[body]…自发布之日起施行。《保险公司分支机构市场准入管理办法》（保监发〔2013〕20号）、《中国保监会关于进一步加强人身保险监管有关事项的通知》（保监发〔2016〕113号）同时废止。 附:中国银保监会发布《保险公司分支机构市场准入管…,12451,已提取-可全文
RFN-T1-207,T1销售行为与消费者保护,银行保险机构声誉风险管理办法（试行）,银保监发[2021]4号,nfra,EXCLUDE,中,,,保险公司|保险机构|分支机构,信托公司|商业银行|银行业,[body]…第一条 为提高银行保险机构声誉风险管理水平，有效防范化解声誉风险，维护金融稳定和市场信心，根据《中华人民共和国银行业监督管理法》《中华人民共和国商业银行法》《中华人民共和国保险法》《中华人民共和国信托法》等法律法规，制定本办法…,8961,已提取-可全文
RFN-T1-208,T1销售行为与消费者保护,中国银保监会关于印发保险公司偿付能力监管规则（Ⅱ）的通知,银保监发[2021]51号,nfra,BOUNDARY,低,,,保险公司|保险消费者|保险资产管理|偿付能力,,[title]…中国银保监会关于印发保险公司偿付能力监管规则（Ⅱ）的通知 各银保监局，各保险集团（控股）公司、保险公司、保险资产管理公司：各银保监局，各保…,673,已提取-可全文
RFN-T1-209,T1销售行为与消费者保护,中国银保监会关于实施保险公司偿付能力监管规则（Ⅱ）有关事项的通知,银保监发[2021]52号,nfra,INCLUDE,中,人身保险公司|寿险,,,财产保险公司,[body]…分的证据显示其应纳税所得额持续为正的趋势发生根本性、长期性逆转时，方可终止确认所得税准备。所得税准备以财务报表寿险合同负债剩余边际金额的10%作为其认可价值。（二）《保险公司偿付能力监管规则第1号：实际资本》第十三条关于投资…,7850,已提取-可全文
RFN-T1-210,T1销售行为与消费者保护,中国银保监会办公厅关于印发银行保险机构信息科技外包风险监管办法的通知,银保监办发[2021]141号,nfra,EXCLUDE,中,,,保险公司|保险机构|保险资产管理,商业银行|金融资产|银行业|银行业金融机构,[meta]…行保险机构信息科技外包风险监管办法的通知 各银保监局，各政策性银行、大型银行、股份制银行、外资银行、直销银行、金融资产管理公司、金融资产投资公司、理财公司，各保险集团（控股）公司、保险公司、保险资产管理公司、养老金管理公司、保险…,17890,已提取-可全文
RFN-T1-211,T1销售行为与消费者保护,再保险业务管理规定,中国银行保险监督管理委员会令[2021]8号,nfra,EXCLUDE,中,寿险,,,保险经纪|保险经纪机构|再保险公司|财产保险公司|财产险,,9962,已提取-可全文
RFN-T1-212,T1销售行为与消费者保护,中国银保监会办公厅关于印发保险中介机构信息化工作监管办法的通知,银保监办发[2021]3号,nfra,EXCLUDE,中,,保险代理人|保险兼业代理,保单|保险公司|分支机构,保险中介机构|保险公估|保险经纪,[meta]…中国银保监会办公厅关于印发保险中介机构信息化工作监管办法的通知 各银保监局，各保险公司、各保险专业中介机构、各保险兼业代理机构：各银保监局，各保险公司、各保险专业中介机构、各保险兼业代理机构：经银保监会同意，现将《保险中介机构信息化…,10503,已提取-可全文
RFN-T1-213,T1销售行为与消费者保护,中国银保监会关于印发人身保险公司监管主体职责改革方案的通知,银保监发[2021]1号,nfra,INCLUDE,高,人身保险|人身保险公司,,,,[title]…中国银保监会关于印发人身保险公司监管主体职责改革方案的通知 中国银保监会关于印发人身保险公司各银保监局，各人身保险公司：为进一步强化人身保险监…,4268,已提取-可全文
RFN-T1-214,T1销售行为与消费者保护,中国银保监会办公厅关于再次延长保险公司跨京津冀区域经营备案管理试点有效期的通知,银保监办发[2021]27号,nfra,BOUNDARY,低,,,保险公司,,[title]…中国银保监会办公厅关于再次延长保险公司跨京津冀区域经营备案管理试点有效期的通知 北京、天津、河北银保监局，各保险公司： 北京、天津、河北银保监局，各…,1119,已提取-可全文
RFN-T1-215,T1销售行为与消费者保护,中国银保监会关于清理规章规范性文件的决定,中国银行保险监督管理委员会令[2021]7号,nfra,INCLUDE,中,人身保险|人身保险公司|健康保险|养老保险|寿险,保险营销员|保险销售从业人员,,保险中介机构|保险公估|保险经纪|保险经纪机构|商业银行|财产保险公司|银行业|银行业金融机构,[body]…004〕86号10关于印发《中国保监会保险统计现场检查工作规程》的通知保监发〔2005〕101号11关于印发《人身保险保单标准化工作指引（试行）》的通知保监发〔2005〕108号12关于印发《寿险公司非现场监管规程（试行）》的通…,14654,已提取-可全文
RFN-T1-216,T1销售行为与消费者保护,中国银保监会关于印发一年期以上人身保险产品信息披露规则的通知,银保监规[2022]24号,nfra,INCLUDE,高,人身保险|人身保险公司|健康保险|养老保险,,,商业银行,[title]…中国银保监会关于印发一年期以上人身保险产品信息披露规则的通知 各银保监局，各人身保险公司：各银保监局，各人身保险公司：现将《一年期以上人身保险产品信…,13989,已提取-可全文
RFN-T1-217,T1销售行为与消费者保护,中国银保监会关于印发保险公司非寿险业务准备金管理办法实施细则（1—7号）的通知,银保监规[2022]6号,nfra,BOUNDARY,低,健康保险,,,,[body]…、 《关于编报保险公司非寿险业务准备金评估报告有关事项的通知》（保监产险〔2012〕651 号）同时废止。 《健康保险管理办法》（中国银行保险监督管理委员会令 2019 年第 3 号）和《意外伤害保险业务监管办法》（银保监办发〔…,1076,已提取-可全文
RFN-T1-218,T1销售行为与消费者保护,中国银保监会办公厅关于开展银行保险机构侵害个人信息权益乱象专项整治工作的通知,银保监办发[2022]80号,supp,BOUNDARY,低,,,保险机构,,[title]…中国银保监会办公厅关于开展银行保险机构侵害个人信息权益乱象专项整治工作的通知 侵害个人信息权益乱象专项整治：全面摸排2021年以来个人信息处理相关经…,651,已提取-可全文
RFN-T1-219,T1销售行为与消费者保护,中国银保监会 国家互联网信息办公室工业和信息化部 市场监管总局关于规范“银行”字样使用有关事项的通知,银保监规[2022]18号,nfra,EXCLUDE,中,,,保险公司|保险机构,商业银行|银行业金融机构,[meta]…），各政策性银行、大型银行、股份制银行、外资银行，各保险集团（控股）公司、保险公司：为严格落实《中华人民共和国商业银行法》等法律法规要求，进一步规范“银行”字样使用，现就有关事项通知如下：一、未经银保监会及其派出机构批准，任何法…,3417,已提取-可全文
RFN-T1-220,T1销售行为与消费者保护,中国银保监会关于保险公司开展个人养老金业务有关事项的通知,银保监规[2022]17号,nfra,INCLUDE,中,人身保险公司|养老保险|养老保险公司,,,,[meta]…中国银保监会关于保险公司开展个人养老金业务有关事项的通知 各银保监局，各人身保险公司，中国银行保险信息技术管理有限公司：各银保监局，各人身保险公司，中国银行保险信息技术管理有限公司：为推进多层次…,4638,已提取-可全文
RFN-T1-221,T1销售行为与消费者保护,中国银保监会关于规范和促进商业养老金融业务发展的通知,银保监规[2022]8号,nfra,INCLUDE,中,人身保险公司|养老保险,,,,[meta]…中国银保监会关于规范和促进商业养老金融业务发展的通知 各银保监局，各大型银行、股份制银行、理财公司、人身保险公司，建信养老金管理有限责任公司：各银保监局，各大型银行、股份制银行、理财公司、人身保险公司，建信养老金管理有限责…,3028,已提取-可全文
RFN-T1-222,T1销售行为与消费者保护,中国银保监会办公厅关于进一步加强消费投诉处理工作的通知,银保监办发〔2022〕90号,supp,BOUNDARY,低,,,保险公司|保险机构|分支机构,银行业,[body]…〔2022〕90号 各银保监局，各大型银行、股份制银行、外资银行、直销银行、理财公司，各保险集团（控股）公司、保险公司： 为深入贯彻以人民为中心的发展思想，进一步增强金融工作的政治性、人民性，督促银行保险机构切实履行消费投诉处理…,4122,已提取-可全文
RFN-T1-223,T1销售行为与消费者保护,中国银保监会关于加强保险机构资金运用关联交易监管工作的通知,银保监规〔2022〕11号,nfra,BOUNDARY,低,,,保险公司|保险机构|保险资产管理|保险资金,,[title]…中国银保监会关于加强保险机构资金运用关联交易监管工作的通知 各银保监局，各保险集团（控股）公司、保险公司、保险资产管理公司，保险业协会、保…,6957,已提取-可全文
RFN-T1-224,T1销售行为与消费者保护,中国银保监会关于印发保险资金委托投资管理办法的通知,银保监规[2022]9号,nfra,EXCLUDE,中,,,保险公司|保险资产管理|保险资金|偿付能力,商业银行,[body]…受托开展不动产金融产品投资的， 应当具备债权投资计划产品管理能力。 第七条 保险公司应当聘请符合银保监会规定的商业银行等专业机构担任委托投资资产的托管人。 托管人应当按规定忠实履行托管职责， 妥善保管托管财产， 有效监督投资行为…,7255,已提取-可全文
RFN-T1-225,T1销售行为与消费者保护,中国银保监会关于保险资金投资有关金融产品的通知,银保监规[2022]7号,nfra,EXCLUDE,中,,,保险公司|保险机构|保险资产管理|保险资金|偿付能力,信托公司|商业银行|基金管理公司|证券公司|金融资产,[meta]…管理委员会令2018年第1号）及相关规定，现就保险资金投资金融产品有关事项通知如下：一、本通知所称金融产品是指商业银行或理财公司、信托公司、金融资产投资公 资金部 政策规章规范性文件 N/A N/A 各保险集团（控股）公司、保险…,7159,已提取-可全文
RFN-T1-226,T1销售行为与消费者保护,银行保险机构公司治理监管评估办法,银保监规[2022]19号,nfra,BOUNDARY,低,人身保险公司,,,再保险公司|商业银行|财产保险公司|金融资产|银行业,[body]…城市商业银行、民营银行、农村商业银行、农村合作银行、外资银行、保险集团（控股）公司、财产保险公司、再保险公司、人身保险公司、相互保险社、自保公司、金融资产管理公司、金融租赁公司、企业集团财务公司、汽车金融公司、消费金融公司及货币经纪…,8843,已提取-可全文
RFN-T1-227,T1销售行为与消费者保护,中国银保监会关于印发银行业保险业绿色金融指引的通知,银保监发[2022]15号,nfra,EXCLUDE,中,,,保险公司|保险机构|保险资产管理|保险资金|分支机构,再保险公司|商业银行|银行业|银行业金融机构,[title]…中国银保监会关于印发银行业保险业绿色金融指引的通知 中国银保监会关于印发 各银保监局，各政策性银行、大型银行、股份制银行，各保险集团（控…,10116,已提取-可全文
RFN-T1-228,T1销售行为与消费者保护,银行保险机构关联交易管理办法,中国银行保险监督管理委员会令[2022]1号,nfra,EXCLUDE,中,,,保险公司|保险机构|保险资产管理|保险资金,信托公司|商业银行|金融资产|银行业,[body]…交易行为，防范关联交易风险，促进银行保险机构安全、独立、稳健运行，根据《中华人民共和国公司法》《中华人民共和国银行业监督管理法》《中华人民共和国商业银行法》《中华人民共和国保险法》《中华人民共和国信托法》等法律法规，制定本办法…,24962,已提取-可全文
RFN-T1-229,T1销售行为与消费者保护,个人养老金实施办法,人力资源社会保障部 财政部 国家税务总局 银保监会 证监会令2022年第1号（人社部发〔2022〕70号）,,—,—,,,,,,0,未在五源cleaned收录
RFN-T1-230,T1销售行为与消费者保护,中国银保监会关于精简保险资金运用监管报告事项的通知,银保监规[2022]1号,nfra,BOUNDARY,低,,,保险公司|保险资金,,[title]…中国银保监会关于精简保险资金运用监管报告事项的通知 银保监规〔2022〕1号各保险集团（控股）公司、保险公司：为进一步落实国务院“放管服”…,988,已提取-可全文
RFN-T1-231,T1销售行为与消费者保护,关于规范银行代理渠道保险产品的通知,2023年,supp,BOUNDARY,低,,,保险产品,,[title]…关于规范银行代理渠道保险产品的通知 公司内部产品备案系统收录的银行代理渠道保险产品规范通知（272/275/285 为同一文件），gov.…,177,已提取-缺正文
RFN-T1-232,T1销售行为与消费者保护,关于银保产品管理有关事宜的通知,2023年,supp,BOUNDARY,低,,,分支机构,,[body]…， 减报备的银保渠道(佣金)差值过大的， 相关公司总公司应加强费用真实性管理。 监管部门对现场检查中发现的基层分支机构费用不真实的问题， 在依法严肃处理的同时， 切实加强对总公司管理责任的追责与问责。 N/A 关于银保产品管理有…,1023,已提取-可全文
RFN-T1-233,T1销售行为与消费者保护,保险销售行为管理办法,国家金融监督管理总局令[2023]2号,nfra,INCLUDE,中,人身保险,个人保险代理人,,保险中介机构|保险经纪|再保险公司,[body]…保险产品类型和等级范围，委派合格保险销售人员销售该等级范围内的保险产品。第二十二条 保险公司、保险中介机构销售人身保险新型产品的，应当向投保人提示保单利益的不确定性，并准确、全面地提示相关风险；法律、行政法规和监管制度规定要求对…,16836,已提取-可全文
RFN-T1-234,T1销售行为与消费者保护,关于强化管理促进人身险业务平稳健康发展的通知,人身险部函【2023】428号,supp,INCLUDE,中,人身保险|人身保险公司,,,,[body]…监督管理委员会人身险部 人身险部函〔2023] 428 号 关于强化管理 促进人身辽业务平稳健康发展的通知 各人身保险公司: 近期，部分人身保险公司启动了 2024 年度业务计划制定及营 销工作，为保护保险消费者合法权益，促进人身保…,2590,已提取-可全文
RFN-T1-235,T1销售行为与消费者保护,关于规范人身保险公司银行代理渠道业务有关事项的通知,金办便函〔2024〕66号,supp,INCLUDE,高,人身保险|人身保险公司,,,,[title]…关于规范人身保险公司银行代理渠道业务有关事项的通知 银保渠道报行合一执行细则五方面：①科学设计和备案产品（附加费用率含佣金率上限并…,3163,已提取-可全文
RFN-T1-236,T1销售行为与消费者保护,国家金融监督管理总局关于商业银行代理保险业务有关事项的通知,金规[2024]8号,nfra,INCLUDE,中,人身保险,,,商业银行,[meta]…业务和其他保险业务，各级分支行及网点均不限制合作保险公司数量。保险公司应当确保在合作区域内具备线下服务能力。 人身保险监管司 政策规章规范性文件 N/A N/A 各监管局，各保险公司，各政策性银行、大型银行、股份制银行、外资银行…,1223,已提取-可全文
RFN-T1-237,T1销售行为与消费者保护,国家金融监督管理总局关于推进普惠保险高质量发展的指导意见,金发[2024]13号,nfra,INCLUDE,中,人身保险|健康保险|健康险|养老保险|养老保险公司|寿险,,,保险中介机构|再保险公司,[meta]…和社会稳定器功能，更好满足人民群众和实体经济普惠性的保险需求，进一步推进普惠保险高质量发展，现提出以下意见。 人身保险监管司 政策规章规范性文件 N/A N/A 各监管局，各保险集团（控股）公司、保险公司，银保信公司、上海保交所…,8616,已提取-可全文
RFN-T1-238,T1销售行为与消费者保护,国家金融监督管理总局办公厅关于进一步加强金融机构营销行为管理的通知,金办发〔2025〕63号,supp,BOUNDARY,低,,,保单|保险产品|保险公司|保险资产管理,保险经纪机构|银行业,[body]…销行为管理的通知 各金融监管局，各大型银行、股份制银行、外资银行、直销银行、理财公司，各保险集团（控股）公司、保险公司、保险资产管理公司、保险专业代理机构、保险经纪机构，各金融控股公司，银行业协会、信托业协会、保险业协会、保险资…,6172,已提取-可全文
RFN-T1-239,T1销售行为与消费者保护,国家金融监督管理总局关于推动深化人身保险行业个人营销体制改革的通知,金规[2025]13号,nfra,INCLUDE,高,人身保险|人身保险公司,独立个人保险代理人,,保险经纪,[title]…国家金融监督管理总局关于推动深化人身保险行业个人营销体制改革的通知 各金融监管局，保险业协会，各人身保险公司：为贯彻落实《国务院关于加强监管防范风险推…,5271,已提取-可全文
RFN-T1-240,T1销售行为与消费者保护,国家金融监督管理总局关于印发《金融机构消费者权益保护监管评价办法》的通知,金规〔2025〕20号,nfra,EXCLUDE,中,,,保险公司|保险机构|保险资产管理|分支机构,再保险公司|商业银行|金融资产|银行业,[meta]…2025〕20号金规〔2025〕20号 各金融监管局，各政策性银行、大型银行、股份制银行、外资银行、直销银行、金融资产管理公司、金融资产投资公司、理财公司，各保险集团（控股）公司、保险公司、保险资产管理公司、养老金管理公司、保险…,11576,已提取-可全文
RFN-T1-241,T1销售行为与消费者保护,金融机构产品适当性管理办法,国家金融监督管理总局令[2025]7号,nfra,BOUNDARY,低,人身保险,,,保险经纪|信托公司|商业银行|银行业|银行业金融机构,[body]…基于充分了解产品信息后的自主选择。第三十九条 金融机构销售分红型、万能型、投资连结型、变额型等保单利益不确定的人身保险产品，存在以下情况之一的，应当在取得投保人签名确认的投保声明后方可承保：（一）趸交保费超过投保人家庭年收入的四…,12548,已提取-可全文
RFN-T1-242,T1销售行为与消费者保护,保险公司信息披露管理办法,N/A,nfra,BOUNDARY,低,人身保险公司,,,再保险公司|财产保险公司,[body]…要风险的识别和评价； （二）风险控制，包括风险管理组织体系简要介绍、风险管理总体策略及其执行情况。 第十二条 人身保险公司披露的产品经营信息是指上一年度保费收入居前5位的保险产品经营情况，包括产品的保费收入和新单标准保费收入。 第十…,6643,已提取-可全文
RFN-T1-243,T1销售行为与消费者保护,中国银保监会办公厅关于推广人身保险电子化回访工作的通知,,supp,INCLUDE,高,人身保险,,,,[title]…中国银保监会办公厅关于推广人身保险电子化回访工作的通知 推广人身保险电子化回访（依据《保险法》及人身保险服务相关监管规定）：电子化回访=保单犹豫…,3553,已提取-可全文
RFN-T1-244,T1销售行为与消费者保护,保险公司中介业务违法行为处罚办法,N/A,nfra,EXCLUDE,中,,个人保险代理人|保险代理人,保单|保险公司|保险销售,保险中介机构|保险公估|保险经纪,[body]…进保险业健康发展， 根据《中华人民共和国保险法》等有关法律、 行政法规， 制定本办法。  第二条 保险公司通过保险代理人、 保险经纪人、 保险公估机构进行销售、 理赔等活动的， 应当遵守法律、 行政法规和中国保险监督管理委员会（以…,5192,已提取-可全文
RFN-T1-245,T1销售行为与消费者保护,人身保险业务基本服务规定,N/A,nfra,INCLUDE,高,人身保险,保险代理人|保险营销员,,,[title]…人身保险业务基本服务规定 中国保险监督管理委员会令2010年第4号。《人身保险业务基本服务规定》已经2010年1月26…,6627,已提取-可全文
RFN-T1-246,T1销售行为与消费者保护,中华人民共和国消费者权益保护法实施条例,中华人民共和国国务院令第778号,gov,EXCLUDE,—,,,,,,28493,已提取-可全文
RFN-T1-247,T1销售行为与消费者保护,银行保险机构消费者权益保护管理办法,N/A,nfra,EXCLUDE,中,,,保险公司|保险机构|分支机构,信托公司|再保险公司|商业银行|银行业|银行业金融机构,[meta]…权益保护管理办法 中国银监会办公厅会议通知第一章  总  则 第一条  为维护公平公正的金融市场环境，切实保护银行业保险业消费者合法权益，促进行业高质量健康发展，根据《中华人民共和国银行业监督管理法》《中华人民共和国商业银行法…,12303,已提取-可全文
RFN-T1-248,T1销售行为与消费者保护,保险消费投诉处理管理办法,N/A,nfra,EXCLUDE,中,,保险兼业代理|保险销售从业人员,保险产品|保险公司|保险公司分支机构|保险机构|保险消费者|保险销售|分支机构,保险中介机构|保险公估|保险经纪公司,[body]…受益人。 本办法所称保险从业人员，是指保险机构工作人员、保险中介机构从业人员，以及其他为保险机构销售保险产品的保险销售从业人员。 第四十四条 本办法所称保险机构，是指保险公司及其分支机构。 本办法所称保险中介机构，是指保险专业代理公司及…,15388,已提取-可全文
RFN-T1-249,T1销售行为与消费者保护,中国银保监会关于进一步加强金融服务民营企业有关工作的通知,N/A,nfra,EXCLUDE,中,,,保险机构|保险资金|分支机构,商业银行|银行业金融机构,[meta]…融资贵问题，切实提高民营企业金融服务的获得感，现就有关工作通知如下：一、持续优化金融服务体系（一）国有控股大型商业银行要继续加强普惠金融事业部建设， 办公厅 政策规章规范性文件 N/A N/A 中国银保监会关于进一步加强金融服务…,6741,已提取-可全文
RFN-T1-250,T1销售行为与消费者保护,中华人民共和国外资保险公司管理条例,中华人民共和国国务院令第336号,nfra,BOUNDARY,低,人寿保险|人身保险|健康保险,,,,[body]…务院保险监督管理机构批准。 设立外资保险公司的地区，由国务院保险监督管理机构按照有关规定确定。第六条 设立经营人身保险业务的外资保险公司和经营财产保险业务的外资保险公司，其设立形式、外资比例由国务院保险监督管理机构按照有关规定确…,10407,已提取-可全文
RFN-T1-251,T1销售行为与消费者保护,中国银保监会办公厅关于授权派出机构实施部分行政许可事项的通知,N/A,nfra,BOUNDARY,低,健康保险|养老保险公司,,,再保险公司,[body]…述保险公司不包括政策性保险公司、 再保险公司、 相互保险组织、 自保公司、 互联网保险公司、 健康保险公司、 养老保险公司及其他银保监会认定的保险公司。 二、 授权派出机构实施的行政许可事项， 由保险公司或拟设省级分公司所在地银保监…,1206,已提取-可全文
RFN-T1-252,T1销售行为与消费者保护,中国保险行业协会财产再保险比例及非比例合同范本（中文版）,44511,supp,EXCLUDE,中,,,保单|保险公司|偿付能力|分支机构,再保险公司,[body]…普尔或穆迪或任何国际认可的评级 机构A-及以上的评级时，本条款不适用。 另外，本条款不适用于在中国注册的保险或再保险公司。 ========== 财产再保险非比例合同范本 ========== 1 NON LIFE NON-PRO…,237982,已提取-可全文
RFN-T1-253,T1销售行为与消费者保护,关于人身保险业务有关问题的通知（已废止）,保监发[1999]15号,nfra,INCLUDE,高,人寿保险|人寿保险公司|人身保险|寿险,保险代理人,,,[title]…关于人身保险业务有关问题的通知（已废止） 保监发[1999]15号。中保人寿保险有限公司、中国太平洋保险公司、中国平安保险…,3852,已提取-可全文
RFN-T1-254,T1销售行为与消费者保护,保险公司营销服务部管理办法,N/A,nfra,BOUNDARY,低,寿险,,,,[body]…工商行政管理其他规定的，工商行政管理机关依法予以查处。 第十二条 保险公司在本办法实施以前设立的农村代办站所和寿险营销部等服务网点均应当按本办法规范。 第十三条 本办法由中国保险监督管理委员会和国家工商行政管理总局负责解释。…,3011,已提取-可全文
RFN-T1-255,T1销售行为与消费者保护,保险公估机构管理规定 ,N/A,nfra,EXCLUDE,中,,,保险公司,保险公估|商业银行,[title]…保险公估机构管理规定  保监会令（2001）3号　2001年11月16日。第一章　总则。第一条 为保护投保人、被保险人…,14732,已提取-可全文
RFN-T1-256,T1销售行为与消费者保护,保险营销员管理规定,保监会令〔2006〕3号,nfra,BOUNDARY,低,人身保险|健康保险,保险营销员,,保险中介机构|保险公估|保险经纪,[body]…营销员的条件。 第四十六条 保险公司应当组织保险营销员参加岗前培训和后续教育培训。 保险公司委托保险营销员销售人身保险新型产品的，应当对保险营销员进行专门培训。 第四十七条 保险公司应当建立健全保险营销员管理制度和保险营销员管理…,12627,已提取-可全文
RFN-T1-257,T1销售行为与消费者保护,保险经纪从业人员、保险公估从业人员监管办法,N/A,nfra,EXCLUDE,中,,,,保险公估|保险经纪|保险经纪机构,[title]…保险经纪从业人员、保险公估从业人员监管办法 保监会令2013年第3号。《保险经纪从业人员、保险公估从业人员监管办法》已…,8324,已提取-可全文
RFN-T1-258,T1销售行为与消费者保护,国家金融监督管理总局关于印发《商业银行代理销售业务管理办法》的通知,金规〔2025〕6号,nfra,EXCLUDE,中,,,保单|保险产品|保险公司|偿付能力|分支机构,商业银行|银行业|银行业金融机构,[title]…国家金融监督管理总局关于印发《商业银行代理销售业务管理办法》的通知 金规〔2025〕6号 各金融监管局，各政策性银行、大型银行、股份制银行、外资银行…,15468,已提取-可全文
RFN-T1-259,T1销售行为与消费者保护,金融产品网络营销管理办法,人民银行等八部门公告〔2026〕第9号,,—,—,,,,,,0,未在五源cleaned收录
RFN-T1-260,T1销售行为与消费者保护,关于落实《保险销售行为可回溯管理暂行办法》有关事项的通知,保监消保〔2017〕265号,supp,BOUNDARY,低,人身保险|人身保险公司|健康保险,保险兼业代理|保险销售从业人员,,保险中介机构,[body]…险公司、保险中介机构： 根据《保险销售行为可回溯管理暂行办法》（保监发〔2017〕54号，以下简称《办法》），人身保险公司销售《办法》第六条规定的保险产品，应对销售过程关键环节以现场同步录音录像的方式予以记录。现就有关录音录像业务规…,4234,已提取-可全文
RFN-T1-261,T1销售行为与消费者保护,中华人民共和国个人信息保护法,,supp,BOUNDARY,低,,,保险销售,,[meta]…法律（8章74条）：个人信息处理规则（同意/敏感信息/自动化决策）、跨境提供、个人权利、处理者义务、法律责任；保险销售个人信息保护直接上位法。 全国人民代表大会常务委员会 N/A N/A 个人信息/同意/敏感信息 中华人民共和国…,18577,已提取-可全文
RFN-T1-262,T1销售行为与消费者保护,中华人民共和国广告法,,supp,BOUNDARY,低,,,保险营销,,[meta]…中华人民共和国广告法 广告行为规范法律：虚假广告禁止、金融广告特殊规制（第十四条）、广告内容真实合法；保险营销宣传直接上位法（正文待获取，_sources 就绪后重跑摄取自动回填）。 全国人民代表大会常务委员会 N/A…,22282,已提取-可全文
RFN-T1-263,T1销售行为与消费者保护,中华人民共和国数据安全法,,supp,BOUNDARY,低,,,保险销售,,[meta]…中华人民共和国数据安全法 数据安全基础法律：数据分类分级保护、数据安全审查、重要数据保护；保险销售数据安全与可回溯数据管理直接上位法（正文待获取，_sources 就绪后重跑摄取自动回填）。 全国人民代表大会…,11417,已提取-可全文
RFN-T1-264,T1销售行为与消费者保护,国务院办公厅关于加强金融消费者权益保护工作的指导意见,国办发〔2015〕81号,supp,EXCLUDE,中,,,,银行业,[body]…保护工作。金融管理部门和地方人民政府要加强合作，探索建立中央和地方人民政府金融消费者权益保护协调机制。 （二）银行业机构、证券业机构、保险业机构以及其他从事金融或与金融相关业务的机构（以下统称金融机构）应当遵循平等自愿、诚实守…,6963,已提取-可全文
RFN-T1-265,T1销售行为与消费者保护,中国银监会办公厅关于商业银行开展代理销售基金和保险产品相关业务风险提示的通知,银监办发〔2008〕274号,supp,EXCLUDE,中,,,保险产品|保险公司,商业银行|基金管理公司|银行业|银行业金融机构,[title]…中国银监会办公厅关于商业银行开展代理销售基金和保险产品相关业务风险提示的通知 银监会办公厅对商业银行代理销售基金和保险产品业务的风险提示七…,1929,已提取-可全文
RFN-T2-001,T2产品与精算制度,人身保险公司保险条款和保险费率管理办法（2015年修订）,保监会令2011年第3号（2015年修订）,nfra,INCLUDE,高,人寿保险|人身保险|人身保险公司|健康保险|寿险,,,,[title]…人身保险公司保险条款和保险费率管理办法（2015年修订） (2011年12月30日中国保险监督管理委员会令2011年第3号…,14641,已提取-可全文
RFN-T2-002,T2产品与精算制度,关于下发《分红保险管理暂行办法》、《投资连结保险管理暂行办法》的通知,保监发[2000]26号,nfra,BOUNDARY,低,人寿保险|人寿保险公司|人身保险|寿险,,,商业银行,[meta]…关于下发《分红保险管理暂行办法》、《投资连结保险管理暂行办法》的通知 保监发[2000]26号。中国人寿保险公司、中国太平洋保险公司、中国平安保险股份有限公司、新华人寿保险股份有限公司、泰康人寿保险股份有限公司、新疆兵团保…,7635,已提取-可全文
RFN-T2-003,T2产品与精算制度,关于2000年末人身保险责任准备金计算有关要求的通知（已废止）,保监发[2000]229号,nfra,INCLUDE,高,人身保险|健康保险|寿险,,,,[title]…关于2000年末人身保险责任准备金计算有关要求的通知（已废止） 保监发[2000]229号。各寿险公司，中国太平洋保险公司、中国平安保…,1186,已提取-可全文
RFN-T2-004,T2产品与精算制度,关于严禁违规开展学平险业务的通知（已失效）,保监发[2000]147号,nfra,INCLUDE,中,人寿保险公司|健康保险,,,,[meta]…关于严禁违规开展学平险业务的通知（已失效） 保监发[2000]147号。各人寿保险公司：。学平险业务自开办以来，为广大学生提供了保险保障，产生了良好的社会影响；但是由于一些保险机构采取不正当手段，…,1679,已提取-可全文
RFN-T2-005,T2产品与精算制度,关于放开短期意外险费率及简化短期意外险备案手续的通知,保监发[2000]78号,nfra,INCLUDE,中,人寿保险|人寿保险公司,,,,[meta]…关于放开短期意外险费率及简化短期意外险备案手续的通知 保监发[2000]78号。中国人寿保险公司、中国太平洋保险公司、中国平安保险股份有限公司、新华人寿保险股份有限公司、泰康人寿保险股份有限公司、新疆兵团保…,907,已提取-可全文
RFN-T2-006,T2产品与精算制度,人身保险新型产品信息披露管理办法,保监会令〔2009〕3号,nfra,INCLUDE,高,人身保险|人身保险公司,保险代理人,,商业银行,[title]…人身保险新型产品信息披露管理办法 中国保险监督管理委员会令。2009年第3号。《人身保险新型产品信息披露管理办法》已经…,14409,已提取-可全文
RFN-T2-007,T2产品与精算制度,关于做好分红保险专题财务报告编报工作的通知,保监发〔2002〕8号,nfra,INCLUDE,中,寿险,,,,[meta]…关于做好分红保险专题财务报告编报工作的通知 保监发〔2002〕8号。各寿险公司：。为进一步规范分红保险专题财务报告（以下简称专题财务报告）的编报行为，现就有关事项通知如下：。一、公司的…,4392,已提取-可全文
RFN-T2-008,T2产品与精算制度,关于人身保险新型产品信息披露有关问题的通知,保监发〔2002〕77号,nfra,INCLUDE,高,人身保险|寿险,,,,[title]…关于人身保险新型产品信息披露有关问题的通知 保监发〔2002〕77号。各保监办，各寿险公司：。为规范各寿险公司人身保险新型…,2611,已提取-可全文
RFN-T2-009,T2产品与精算制度,关于在北京等试点城市放宽未成年人死亡保险金额通知,保监发〔2002〕34号,nfra,INCLUDE,中,人身保险|寿险,,,,[meta]…关于在北京等试点城市放宽未成年人死亡保险金额通知 保监发〔2002〕34号。各寿险公司：。为了适应保险市场发展的需要，根据《中华人民共和国保险法》的有关规定，现通知如下：。一、自本通知发布之日…,688,已提取-可全文
RFN-T2-010,T2产品与精算制度,关于贯彻执行《人身保险新型产品信息披露管理暂行办法》有关事项的通知（已废止）,保监办发〔2002〕16号,nfra,INCLUDE,高,人身保险|寿险,,,,[title]…关于贯彻执行《人身保险新型产品信息披露管理暂行办法》有关事项的通知（已废止） 保监办发〔2002〕16号。各寿险公司：。2001年1…,1052,已提取-可全文
RFN-T2-011,T2产品与精算制度,关于《人身保险新型产品精算规定》实施若干问题的通知（已失效）,保监发[2003]77号,nfra,INCLUDE,高,人身保险|寿险,,,,[title]…关于《人身保险新型产品精算规定》实施若干问题的通知（已失效） （保监发[2003]77号 2003年6月6日）。各保监办，各…,1153,已提取-可全文
RFN-T2-012,T2产品与精算制度,关于做好分红保险专题财务报告编报工作的补充通知,保监发〔2003〕19号,nfra,INCLUDE,中,健康险|寿险,,,,[meta]…关于做好分红保险专题财务报告编报工作的补充通知 保监发〔2003〕19号。各寿险公司：。《中国保监会关于做好分红保险专题财务报告编报工作的通知》（保监发[2002]8号）下发以后，对规范和提…,4260,已提取-可全文
RFN-T2-013,T2产品与精算制度,关于印发人身保险新型产品精算规定的通知,保监发〔2003〕67号,nfra,INCLUDE,高,人寿保险|人身保险|寿险,,,,[title]…关于印发人身保险新型产品精算规定的通知 保监发〔2003〕67号。各保监办，各寿险公司：。为加强对人身保险新型产品的监管，规范…,16696,已提取-可全文
RFN-T2-014,T2产品与精算制度,关于调整人身保险产品监管方式的通知（已失效）,保监发〔2003〕46号,nfra,INCLUDE,高,人身保险|人身保险公司,,,,[title]…关于调整人身保险产品监管方式的通知（已失效） 保监发〔2003〕46号。各保监办、各保险公司：。根据《国务院关于取消第二批行政…,982,已提取-可全文
RFN-T2-015,T2产品与精算制度,关于印发人身保险条款存在问题示例的通知,保监发〔2004〕51号,nfra,INCLUDE,高,人身保险|健康保险|健康险|寿险,,,,[title]…关于印发人身保险条款存在问题示例的通知 保监发〔2004〕51号。各寿险公司：。为贯彻全保会精神，进一步推进人身保险条款通俗化…,12338,已提取-可全文
RFN-T2-016,T2产品与精算制度,关于保险公司2004年年度报告编报工作有关问题的通知（已失效）,保监财会〔2005〕94号,nfra,BOUNDARY,低,健康险|寿险,,,保险经纪|再保险公司|财产保险公司|财产险,[body]…年度内重大事项（包括重大的投资、关联交易、再保险安排、赔付、合同、诉讼等）、财务报告、审计意见、其他事项。鼓励寿险公司在年度报告中披露内含价值（Embedded Value）有关信息。     四、财务报告至少应包括财务报表…,7146,已提取-可全文
RFN-T2-017,T2产品与精算制度,关于在寿险业建立标准保费行业标准的通知,保监发〔2004〕102号,nfra,INCLUDE,高,人身保险|寿险,,,,[title]…关于在寿险业建立标准保费行业标准的通知 保监发〔2004〕102号。各保监局、各寿险公司、中国保险行业协会、中国保险学会…,1740,已提取-可全文
RFN-T2-018,T2产品与精算制度,保险公司总精算师管理办法,保监会令〔2004〕6号,nfra,INCLUDE,中,人寿保险公司|人身保险|健康保险|养老保险公司,,,财产保险公司,[body]…。  第三十二条 本办法由中国保监会负责解释。  第三十三条 本办法自 2008 年 1 月 1 日起施行。 人寿保险公司、 养老保险公司和健康保险公司自施行之日起适用本办法； 财产保险公司适用本办法的时间和具体适用办法由中国保监会…,7160,已提取-可全文
RFN-T2-019,T2产品与精算制度,关于调整终身年金生命表有关事项的通知,保监发〔2004〕31号,nfra,INCLUDE,中,人寿保险|寿险,,,,[meta]…关于调整终身年金生命表有关事项的通知 保监发〔2004〕31号。各寿险公司：。为了解决终身年金定价生命表与准备金评估生命表不一致的问题，防范和化解寿险公司经营终身年金业务的风险，现…,732,已提取-可全文
RFN-T2-020,T2产品与精算制度,关于《人身保险产品审批和备案管理办法》若干问题的通知,保监发〔2004〕76号,nfra,INCLUDE,高,人寿保险|人身保险|健康保险|寿险,,,,[title]…关于《人身保险产品审批和备案管理办法》若干问题的通知 保监发〔2004〕76号。各寿险公司、各保监局：。为了规范人身保险产品…,2813,已提取-可全文
RFN-T2-021,T2产品与精算制度,关于印发《推进人身保险条款通俗化工作指导意见》的通知（已废止）,保监发〔2004〕33号,nfra,INCLUDE,高,人身保险|寿险,,,,[title]…关于印发《推进人身保险条款通俗化工作指导意见》的通知（已废止） 保监发〔2004〕33号。各寿险公司：。为贯彻全保会精神，切实推进人…,2255,已提取-可全文
RFN-T2-022,T2产品与精算制度,关于《关于在寿险业建立标准保费行业标准的通知》的补充通知,保监发〔2005〕25号,nfra,INCLUDE,高,人寿保险公司|人身险公司|寿险,,,,[title]…关于《关于在寿险业建立标准保费行业标准的通知》的补充通知 保监发〔2005〕25号。各人寿保险公司：。为贯彻落实《关于在寿险业…,2481,已提取-可全文
RFN-T2-023,T2产品与精算制度,关于印发《保险公司非寿险业务准备金管理办法实施细则（试行）》的通知,保监发〔2005〕10号,nfra,BOUNDARY,低,人寿保险|健康保险,,,再保险公司|财产保险公司,[body]…2004〕13号）（以下简称“《试行办法》”），制定本实施细则。 第二条  《试行办法》所称非寿险业务，是指除人寿保险业务以外的保险业务，包括以下保险业务及其再保险业务： （一）   企业财产保险 （二）   家庭财产保险 （三…,16460,已提取-可全文
RFN-T2-024,T2产品与精算制度,关于印发《人身保险内含价值报告编制指引》的通知,保监发〔2005〕83号,nfra,INCLUDE,高,人寿保险公司|人身保险|健康保险|养老保险公司|寿险,,,,[title]…关于印发《人身保险内含价值报告编制指引》的通知 保监发〔2005〕83号。各寿险公司，各养老保险公司，各健康保险公司，健康保险公…,952,已提取-可全文
RFN-T2-025,T2产品与精算制度,关于企业年金产品备案有关问题的通知（已废止）,保监发〔2005〕91号,nfra,INCLUDE,中,人身保险|人身保险公司,,,,[meta]…关于企业年金产品备案有关问题的通知（已废止） 保监发〔2005〕91号。各人身保险公司：。为了促进企业年金市场发展，规范企业年金产品的管理，现就依照《企业年金基金管理试行办法》开发的企业年金产品备…,1939,已提取-可全文
RFN-T2-026,T2产品与精算制度,关于2005年末非寿险业务准备金评估有关要求的通知（已失效）,保监发〔2005〕113号,nfra,EXCLUDE,中,,,保险公司|偿付能力,再保险公司|财产保险公司,[meta]…关于2005年末非寿险业务准备金评估有关要求的通知（已失效） 保监发〔2005〕113号。各财产保险公司、再保险公司：。为做好2005会计年度末非寿险业务准备金评估工作，现将有关要求通知如下：。一、各公司务必按照《…,1595,已提取-可全文
RFN-T2-027,T2产品与精算制度,关于修订精算规定中生命表使用有关事项的通知,保监发〔2005〕118号,nfra,INCLUDE,中,人寿保险|人身保险|健康保险|养老保险公司|寿险,,,,[meta]…关于修订精算规定中生命表使用有关事项的通知 保监发〔2005〕118号。各寿险公司、各养老保险公司、各健康保险公司：。为了更好地使用《中国人寿保险业经验生命表(2000-2003)》，现对…,2446,已提取-可全文
RFN-T2-028,T2产品与精算制度,关于加强非寿险精算责任人任职管理的通知（已废止）,保监发〔2005〕9号,nfra,EXCLUDE,中,,,保险公司,再保险公司|财产保险公司,[meta]…关于加强非寿险精算责任人任职管理的通知（已废止） 保监发〔2005〕9号。各财产保险公司、再保险公司：。为加快财产保险公司、再保险公司精算人才的培养，促进非寿险精算制度的发展，经我会研究，现就加强精…,668,已提取-可全文
RFN-T2-029,T2产品与精算制度,关于印发《精算报告》的通知,保监寿险〔2005〕8号,nfra,INCLUDE,中,人身保险|健康保险|养老保险公司|寿险,,,,[meta]…关于印发《精算报告》的通知 保监寿险〔2005〕8号。各寿险公司、各养老保险公司、各寿险公司筹备组、各养老保险公司筹备组、各健康保险公司筹备组：。…,1177,已提取-可全文
RFN-T2-030,T2产品与精算制度,关于颁布《中国人寿保险业经验生命表（2000-2003）》的通知,保监发〔2005〕117号,nfra,INCLUDE,高,人寿保险|健康保险|养老保险公司|寿险,,,,[title]…关于颁布《中国人寿保险业经验生命表（2000-2003）》的通知 保监发〔2005〕117号。各寿险公司、各养老保险公司、各健康保险…,1023,已提取-可全文
RFN-T2-031,T2产品与精算制度,关于报送精算报告电子文本有关事项的通知（已废止）,保监厅函〔2006〕50号,nfra,INCLUDE,中,健康保险|养老保险公司|寿险,,,,[meta]…关于报送精算报告电子文本有关事项的通知（已废止） 保监厅函〔2006〕50号。各寿险公司、各养老保险公司、各健康保险公司：。为加强对精算报告的管理，现就报送精算报告电子文本事宜通知如下：。一、各…,886,已提取-可全文
RFN-T2-032,T2产品与精算制度,关于整改人身保险条款存在问题的通知（已废止）,保监寿险〔2006〕318号,nfra,INCLUDE,高,人身保险|人身保险公司|寿险,,,,[title]…关于整改人身保险条款存在问题的通知（已废止） 保监寿险〔2006〕318号。各人身保险公司：。针对浙江省工商局对部分保险条款的…,980,已提取-可全文
RFN-T2-033,T2产品与精算制度,关于保险业实施新会计准则有关事项的通知,保监发〔2006〕96号,nfra,INCLUDE,中,人寿保险,,,,[body]…学 保监会财务会计部副主任 裴光 保监会统计信息部副主任 高艳 保监会资金运用监管部副主任 成员：庄作瑾 中国人寿保险（集团）公司副总裁 王银成 中国人民财产保险股份有限公司副总裁 沈喜忠 中国再保险（集团）公司副总经理 汤大生…,3868,已提取-可全文
RFN-T2-034,T2产品与精算制度,关于印发《关于促进人身保险产品创新工作的指导意见》的通知,保监发〔2006〕110号,nfra,INCLUDE,高,人身保险|人身保险公司|健康保险|养老保险,,,,[title]…关于印发《关于促进人身保险产品创新工作的指导意见》的通知 保监发〔2006〕110号。各保监局，各人身保险公司，中国保险行业协会：。为积…,4766,已提取-可全文
RFN-T2-035,T2产品与精算制度,关于印发投资连结保险万能保险精算规定的通知,保监寿险〔2007〕335号,nfra,INCLUDE,中,人身保险|健康保险|养老保险公司|寿险,,,,[meta]…关于印发投资连结保险万能保险精算规定的通知 保监寿险〔2007〕335号。各寿险公司、养老保险公司、健康保险公司：。为保护被保险人利益，规范投资连结保险、万能保险…,1260,已提取-可全文
RFN-T2-036,T2产品与精算制度,关于《保险公司总精算师管理办法》实施有关问题的通知（已废止）,保监寿险〔2008〕57号,nfra,INCLUDE,中,健康保险|养老保险公司|寿险,,,,[meta]…关于《保险公司总精算师管理办法》实施有关问题的通知（已废止） 保监寿险〔2008〕57号。各寿险公司、养老保险公司、健康保险公司：。为保证《保险公司总精算师管理办法》的顺利实施，现…,856,已提取-可全文
RFN-T2-037,T2产品与精算制度,关于修订短期意外伤害保险法定责任准备金评估有关事项的通知（已废止）,保监寿险〔2008〕671号,nfra,INCLUDE,中,健康保险|养老保险公司|寿险,,,,[meta]…关于修订短期意外伤害保险法定责任准备金评估有关事项的通知（已废止） 保监寿险〔2008〕671号。各寿险公司、养老保险公司、健康保险公司：。为促进短期意外伤害保险的发展，规范业务、财务管…,1740,已提取-可全文
RFN-T2-038,T2产品与精算制度,关于印发《人身保险产品基础知识问答手册》的通知,保监寿险〔2008〕1640号,nfra,INCLUDE,高,人身保险|人身保险公司|寿险,,,,[title]…关于印发《人身保险产品基础知识问答手册》的通知 保监寿险〔2008〕1640号。各保监局，中国保险行业协会，各人身保险公司：。为…,751,已提取-可全文
RFN-T2-039,T2产品与精算制度,关于执行《人身保险新型产品信息披露管理办法》有关事项的通知,保监发〔2009〕104号,nfra,INCLUDE,高,人身保险|人身保险公司,,,,[title]…关于执行《人身保险新型产品信息披露管理办法》有关事项的通知 保监发〔2009〕104号。各人身保险公司、各保监局：。为确保《人身…,2823,已提取-可全文
RFN-T2-040,T2产品与精算制度,关于推荐使用《人身保险产品条款部分条目示范写法》的通知,中保协发[2009]161号,,—,—,,,,,,0,未在五源cleaned收录
RFN-T2-041,T2产品与精算制度,关于印发《人身意外伤害保险业务经营标准》的通知,保监发〔2009〕91号,nfra,INCLUDE,中,人身保险|寿险,保险代理人,,保险中介机构,[body]…务。 六、各保监局要结合当地市场情况，把规范意外险业务作为规范市场秩序、保护投保人利益的一项重点工作，统一对产寿险公司的监管尺度，统筹监管资源，实行产、寿、中介监管联动，督促辖内分支机构严格执行《标准》有关要求。 七、保监会…,6056,已提取-可全文
RFN-T2-042,T2产品与精算制度,关于印发《分红保险专题财务报告编报规则问题解答第1号》的通知,保监财会〔2009〕399号,nfra,INCLUDE,中,健康保险|养老保险公司|寿险,,,金融资产,[meta]…关于印发《分红保险专题财务报告编报规则问题解答第1号》的通知 保监财会〔2009〕399号。各寿险公司、养老保险公司、健康保险公司：。为便于各公司做好分红保险专题财务报告的编报工作，我会制定了《分红保险专题财…,5200,已提取-可全文
RFN-T2-043,T2产品与精算制度,关于修订分红保险专题财务报告编报规则的通知,保监发〔2009〕5号,nfra,INCLUDE,中,健康保险|养老保险公司|寿险,,,,[meta]…关于修订分红保险专题财务报告编报规则的通知 保监发〔2009〕5号。各寿险公司、养老保险公司、健康保险公司：。 N/A 政策规章规范性文件 N/A N/A 保监发〔2009〕5 号 各…,1856,已提取-可全文
RFN-T2-044,T2产品与精算制度,关于停止以撕票方式经营短期意外伤害保险的通知（已失效）,保监发〔2009〕7号,nfra,EXCLUDE,中,,,保单|保险产品|保险公司,保险中介机构,[body]…式。 二、自本通知下发之日起，各保险公司必须限期清收和销毁已发放的以撕票方式经营的短期意外伤害保险单证，及时与保险中介机构结清保险费、手续费等，防止因清收不力、回销不及时出现空白保单流失而引发的风险。 三、中国保监会鼓励各保险公司开…,1164,已提取-可全文
RFN-T2-045,T2产品与精算制度,关于修订《精算报告——分红保险业务报告》编报规则的通知（已废止）,保监发〔2009〕21号,nfra,INCLUDE,中,健康保险|养老保险公司|寿险,,,,[meta]…关于修订《精算报告——分红保险业务报告》编报规则的通知（已废止） 保监发〔2009〕21号。各寿险公司、养老保险公司、健康保险公司:。为全面客观地反映保险公司分红保险的业务状况，进一步规范和明确分红保险业务在…,854,已提取-可全文
RFN-T2-046,T2产品与精算制度,关于贯彻落实新《保险法》做好人身保险产品变更管理工作的通知（已废止）,保监发〔2009〕76号,nfra,INCLUDE,高,人身保险|人身保险公司,,,,[title]…关于贯彻落实新《保险法》做好人身保险产品变更管理工作的通知（已废止） 保监发〔2009〕76号。各人身保险公司：。为贯彻落实《中华人民共和国保险法…,2860,已提取-可全文
RFN-T2-047,T2产品与精算制度,关于进一步加强结构调整 转变发展方式 促进寿险业平稳健康发展的通知（已废止）,保监发〔2009〕84号,nfra,INCLUDE,高,人身保险公司|健康保险|养老保险|养老险|寿险,,,,[title]…关于进一步加强结构调整 转变发展方式 促进寿险业平稳健康发展的通知（已废止） 保监发〔2009〕84号。各保监局，各人身保险公司：。2009年以来，寿险业认…,5669,已提取-可全文
RFN-T2-048,T2产品与精算制度,关于印发《精算报告》编报规则的通知,保监发〔2009〕121号,nfra,INCLUDE,中,人身保险|健康保险|养老保险公司|寿险,,,,"[meta]…关于印发精算报告编报规则的通知 保监发〔2007〕119号。各寿险公司、养老保险公司、健康保险公司：。为适应人身保险业的新发展和新会计准则的要求,全面客观地反映保险公司的业务状…",829,已提取-可全文
RFN-T2-049,T2产品与精算制度,关于人身保险公司定期报送产品总结报告的通知,保监寿险〔2010〕360号,nfra,INCLUDE,高,人身保险|人身保险公司|寿险,,,,[title]…关于人身保险公司定期报送产品总结报告的通知 保监寿险〔2010〕360号。各人身保险公司：。为进一步加强产品动态监管，及时全面…,3571,已提取-可全文
RFN-T2-050,T2产品与精算制度,关于普通型定期寿险、普通型终身寿险费率厘定等有关问题的通知,保监发[2010]33号,,—,—,,,,,,0,未在五源cleaned收录
RFN-T2-051,T2产品与精算制度,关于精算报告编报有关事项的通知,保监发〔2010〕15号,nfra,INCLUDE,中,人寿保险公司|健康保险|养老保险公司,,,,[meta]…关于精算报告编报有关事项的通知 保监发〔2010〕15号。各人寿保险公司、健康保险公司、养老保险公司：。2009年12月22日，财政部印发了《保险合同相关会计处理规定》（财会〔200…,1157,已提取-可全文
RFN-T2-052,T2产品与精算制度,关于印发《非寿险业务准备金评估工作底稿规范》的通知,保监发〔2010〕54号,nfra,EXCLUDE,中,,,保险公司|偿付能力,再保险公司|财产保险公司,[meta]…关于印发《非寿险业务准备金评估工作底稿规范》的通知 保监发〔2010〕54号。各财产保险公司、再保险公司：。为了规范保险公司非寿险业务准备金评估工作，加强准备金评估工作底稿编制、复核、使用的管理，根据《…,3728,已提取-可全文
RFN-T2-053,T2产品与精算制度,关于加强非寿险精算工作有关问题的通知,保监发〔2010〕58号,nfra,BOUNDARY,低,寿险,,,再保险公司|财产保险公司,[body]…执业记录； （五）中国保监会要求的其他材料。 五、经保监会核准的保险公司精算责任人，不得兼任其它保险公司（包括寿险公司）的总精算师或精算责任人。 六、保险公司的精算责任人不得由保险公司的总经理以及负责保险公司业务发展和市场营…,4644,已提取-可全文
RFN-T2-054,T2产品与精算制度,关于父母为其未成年子女投保以死亡为给付保险金条件人身保险有关问题的通知,保监发〔2010〕95号,nfra,INCLUDE,高,人身保险,,,,[title]…关于父母为其未成年子女投保以死亡为给付保险金条件人身保险有关问题的通知 保监发〔2010〕95号。各保险公司：。为保护未成年人的合法权益，根据《中华人民共和国保险法》…,2076,已提取-可全文
RFN-T2-055,T2产品与精算制度,关于开展变额年金保险试点的通知,保监寿险〔2011〕624号,nfra,INCLUDE,中,人身保险|养老保险公司|寿险,保险营销员,,,[meta]…关于开展变额年金保险试点的通知 保监寿险〔2011〕624号。北京、上海、广东、深圳、厦门保监局，各寿险公司、养老保险公司：。为促进产品创新，满足人们…,3436,已提取-可全文
RFN-T2-056,T2产品与精算制度,关于印发《变额年金保险管理暂行办法》的通知,保监发〔2011〕25号,nfra,INCLUDE,中,养老保险公司|寿险,,,,[meta]…关于印发《变额年金保险管理暂行办法》的通知 保监发〔2011〕25号。北京、上海、广东、深圳、厦门保监局，各寿险公司、养老保险公司:。为贯彻落实《国务院关于保险业改革发展的若干意见》（国发〔2006〕23号），促进产品创新…,628,已提取-可全文
RFN-T2-057,T2产品与精算制度,关于印发《保险公司偿付能力报告编报规则——问题解答第12号：变额年金、农业保险、季度报告预测信息》的通知,保监财会〔2011〕1342号,nfra,BOUNDARY,低,,,保单|保险公司|偿付能力|投资连结保险,,[title]…关于印发《保险公司偿付能力报告编报规则——问题解答第12号：变额年金、农业保险、季度报告预测信息》的通知 保监财会〔2011〕1…,5431,已提取-可全文
RFN-T2-058,T2产品与精算制度,关于印发《全面推广小额人身保险方案》的通知,保监发〔2012〕53号,nfra,INCLUDE,高,人身保险|人身保险公司|健康保险|寿险,,,,[title]…关于印发《全面推广小额人身保险方案》的通知 保监发〔2012〕53号。各人身保险公司、各保监局：。为积极响应中央服务三农的号召，推进人身保险…,6487,已提取-可全文
RFN-T2-059,T2产品与精算制度,关于《人身保险公司保险条款和保险费率管理办法》若干问题的通知,保监发〔2012〕2号,nfra,INCLUDE,高,人寿保险|人身保险|人身保险公司|健康保险,,,,[title]…关于《人身保险公司保险条款和保险费率管理办法》若干问题的通知 保监发〔2012〕2号。各人身保险公司、各保监局：。为了规范人身保…,3569,已提取-可全文
RFN-T2-060,T2产品与精算制度,关于印发《保险公司非寿险业务准备金基础数据、评估与核算内部控制规范》的通知,保监发〔2012〕19号,nfra,EXCLUDE,中,,,保单|保险公司|保险公司分支机构|偿付能力|分支机构,再保险公司|财产保险公司,[meta]…印发《保险公司非寿险业务准备金基础数据、评估与核算内部控制规范》的通知 保监发〔2012〕19号。各保监局，各财产保险公司、再保险公司:。为规范保险公司对非寿险业务准备金的管理，督促公司加强准备金评估的内部控制，提高准备金计提的充足…,28643,已提取-可全文
RFN-T2-061,T2产品与精算制度,关于印发《保险公司非寿险业务准备金回溯分析管理办法》的通知,的通知保监发〔2012〕46号,nfra,EXCLUDE,中,,,保单|保险公司|偿付能力,财产保险公司,[meta]…回溯分析管理办法》的通知 关于印发《保险公司非寿险业务准备金回溯分析管理办法》的通知保监发〔2012〕46号各财产保险公司：　　为加强准备金评估充足性监管，及时掌握各财产保险公司准备金评估的质量，规范非寿险业务准备金评估回溯分析工作…,9113,已提取-可全文
RFN-T2-062,T2产品与精算制度,关于编报保险公司非寿险业务准备金评估报告有关事项的通知,保监产险〔2012〕651号,nfra,EXCLUDE,中,,,保险公司,再保险公司|财产保险公司,[meta]…关于编报保险公司非寿险业务准备金评估报告有关事项的通知 保监产险〔2012〕651号。各财产保险公司、再保险公司：。为规范保险公司非寿险业务准备金评估报告编报工作，提高非寿险业务准备金评估报告编报质量，我会决定…,7148,已提取-可全文
RFN-T2-063,T2产品与精算制度,关于健康保险产品提供健康管理服务有关事项的通知,保监发〔2012〕73号,nfra,INCLUDE,中,人身保险公司|健康保险,,,,[meta]…关于健康保险产品提供健康管理服务有关事项的通知 保监发〔2012〕73号。各保监局、各人身保险公司：。为促进健康保险领域产品创新，充分发挥商业健康保险在构建多层次医疗保障体系中的重要作用，现将有关事项通知如下…,1426,已提取-可全文
RFN-T2-064,T2产品与精算制度,中国保监会关于普通型人身保险费率政策改革有关事项的通知,保监发〔2013〕62号,nfra,INCLUDE,高,人身保险|人身保险公司|健康保险|养老保险|寿险,,,,[title]…中国保监会关于普通型人身保险费率政策改革有关事项的通知 保监发〔2013〕62号。各人身保险公司、各保监局：。为建立符合社会主义市场经济规…,3527,已提取-可全文
RFN-T2-065,T2产品与精算制度,关于人身保险伤残程度与保险金给付比例有关事项的通知,保监发〔2013〕46号,nfra,INCLUDE,高,人身保险|健康保险,,,,[title]…关于人身保险伤残程度与保险金给付比例有关事项的通知 保监发〔2013〕46号。各保险公司，中国保险行业协会：。为进一步规范…,1770,已提取-可全文
RFN-T2-066,T2产品与精算制度,中国保监会关于加强人身保险公司总精算师管理的通知,保监寿险〔2013〕620号,nfra,INCLUDE,高,人身保险公司|寿险,,,,[title]…中国保监会关于加强人身保险公司总精算师管理的通知 保监寿险〔2013〕620号。各人身保险公司、各保监局、中国精算师协会：。为加强总精算师任…,3051,已提取-可全文
RFN-T2-067,T2产品与精算制度,中国保监会关于《中国人身保险业重大疾病经验发生率表（2006－2010）》 用于法定责任准备金评估有关事项的通知,保监寿险〔2013〕685号,nfra,INCLUDE,高,人寿保险|人身保险|人身保险公司|寿险,,,,[title]…中国保监会关于《中国人身保险业重大疾病经验发生率表（2006－2010）》 用于法定责任准备金评估有关事项的通知 保监寿险〔2013〕68…,4136,已提取-可全文
RFN-T2-068,T2产品与精算制度,中国保监会关于发布《中国人身保险业重大疾病经验发生率表（2006－2010）》的通知,保监发〔2013〕81号,nfra,INCLUDE,高,人身保险|人身保险公司,,,,[title]…中国保监会关于发布《中国人身保险业重大疾病经验发生率表（2006－2010）》的通知 保监发〔2013〕81号。各人身保险公司：。现发布《中国…,1435,已提取-可全文
RFN-T2-069,T2产品与精算制度,中国保监会关于印发《保险公司偿付能力报告编报规则——问题解答第20号：高现金价值产品最低资本》的通知,保监发〔2014〕34号,nfra,BOUNDARY,低,,,保险公司|偿付能力,,[title]…中国保监会关于印发《保险公司偿付能力报告编报规则——问题解答第20号：高现金价值产品最低资本》的通知 保监发〔2014〕34号。各保险公司…,1656,已提取-可全文
RFN-T2-070,T2产品与精算制度,中国保监会关于发布《人身保险伤残评定标准及代码》行业标准的通知,保监发〔2014〕6号,nfra,INCLUDE,高,人身保险,,,,[title]…中国保监会关于发布《人身保险伤残评定标准及代码》行业标准的通知 保监发〔2014〕6号。机关各部门、各保监局，各保险公司、保险资产管理公司…,1017,已提取-可全文
RFN-T2-071,T2产品与精算制度,中国保监会关于规范高现金价值产品有关事项的通知,保监发〔2014〕12号,nfra,INCLUDE,中,人身保险公司,,,,[meta]…中国保监会关于规范高现金价值产品有关事项的通知 保监发〔2014〕12号。各人身保险公司：。为防范风险，促进高现金价值产品健康发展，现就有关事项通知如下：。一、本通知所称高现金价值产品是指第二保单年…,2986,已提取-可全文
RFN-T2-072,T2产品与精算制度,中国保监会关于加强人身保险费率政策改革产品管理有关事项的通知,保监寿险〔2015〕136号,nfra,INCLUDE,高,人身保险|人身保险公司|寿险,,,,[title]…中国保监会关于加强人身保险费率政策改革产品管理有关事项的通知 保监寿险〔2015〕136号。各人身保险公司：。为深入推进人身保险产品费率…,2530,已提取-可全文
RFN-T2-073,T2产品与精算制度,中国保监会关于推进分红型人身保险费率政策改革有关事项的通知,保监发〔2015〕93号,nfra,INCLUDE,高,人身保险|人身保险公司,,,,[title]…中国保监会关于推进分红型人身保险费率政策改革有关事项的通知 保监发〔2015〕93号。各人身保险公司：。为进一步发挥市场在保险资源配置中的决定…,2394,已提取-可全文
RFN-T2-074,T2产品与精算制度,中国保监会关于规范投资连结保险投资账户有关事项的通知,保监发〔2015〕32号,nfra,INCLUDE,中,人身保险|人身保险公司,,,金融资产,[meta]…中国保监会关于规范投资连结保险投资账户有关事项的通知 保监发〔2015〕32号。各人身保险公司：。为规范投资连结保险投资账户的设立、变更、合并、分立、关闭、清算等事项，保护保险消费者利益，现将有关事项通知…,5475,已提取-可全文
RFN-T2-075,T2产品与精算制度,中国保监会关于万能型人身保险费率政策改革有关事项的通知,保监发〔2015〕19号,nfra,INCLUDE,高,人身保险|人身保险公司|寿险,,,,[title]…中国保监会关于万能型人身保险费率政策改革有关事项的通知 保监发〔2015〕19号。各人身保险公司：。为进一步发挥市场在保险资源配置中的决定…,9150,已提取-可全文
RFN-T2-076,T2产品与精算制度,中国保监会关于促进团体保险健康发展有关问题的通知,保监发〔2015〕14号,nfra,BOUNDARY,低,人身保险|人身保险公司,,,,[meta]…有关问题通知如下：。一、本通知所称团体保险是指投保人为特定团体成员投保，由保险公司以一份保险合同提供保险保障的人身保险。前款所称特定团体是指法人、非法人组织以及其他不以购买保险为目的而组成的团体。 N/A 政策规章规范性文件 N…,3652,已提取-可全文
RFN-T2-077,T2产品与精算制度,中国保监会关于父母为其未成年子女投保以死亡为给付保险金条件人身保险有关问题的通知,保监发〔2015〕90号,nfra,INCLUDE,高,人身保险,,,,[title]…中国保监会关于父母为其未成年子女投保以死亡为给付保险金条件人身保险有关问题的通知 保监发〔2015〕90号。各保险公司：。为保护未成年人的合法权益，根据《中华人民共和国保险法》…,2432,已提取-可全文
RFN-T2-078,T2产品与精算制度,中国保监会关于强化人身保险产品监管工作的通知,保监寿险〔2016〕199号,nfra,INCLUDE,高,人身保险|人身保险公司|寿险,,,,[title]…中国保监会关于强化人身保险产品监管工作的通知 保监寿险〔2016〕199号。各人身保险公司：。为做好新形势下人身保险产品监管工作，充分发…,4692,已提取-可全文
RFN-T2-079,T2产品与精算制度,中国保监会关于进一步完善人身保险精算制度有关事项的通知,保监发〔2016〕76号,nfra,INCLUDE,高,人身保险|人身保险公司|寿险,,,,[title]…中国保监会关于进一步完善人身保险精算制度有关事项的通知 保监发〔2016〕76号。各人身保险公司：。为进一步完善人身保险精算制度，发挥保险保障…,4623,已提取-可全文
RFN-T2-080,T2产品与精算制度,中国保监会关于规范中短存续期人身保险产品有关事项的通知,保监发〔2016〕22号,nfra,INCLUDE,高,人身保险|人身保险公司,,,,[title]…中国保监会关于规范中短存续期人身保险产品有关事项的通知 保监发〔2016〕22号。各人身保险公司：。为防范风险，促进中短存续期人身保险产品（以下简…,4319,已提取-可全文
RFN-T2-081,T2产品与精算制度,中国保监会关于废止《关于印发〈人身保险内含价值报告编制指引〉的通知》的通知,保监发〔2016〕98号,nfra,INCLUDE,高,人身保险|人身保险公司,,,,[title]…中国保监会关于废止《关于印发〈人身保险内含价值报告编制指引〉的通知》的通知 保监发〔2016〕98号。中国精算师协会、各人身保险公司：。为进一步简政…,1302,已提取-可全文
RFN-T2-082,T2产品与精算制度,中国保监会关于规范人身保险公司产品开发设计行为的通知,保监人身险〔2017]134号,supp,INCLUDE,高,人身保险|人身保险公司|健康保险|寿险,,,,[title]…中国保监会关于规范人身保险公司产品开发设计行为的通知 规范人身保险公司产品开发设计行为，强化保险保障功能，叫停快速返还及以附加险形式设计万能…,2950,已提取-可全文
RFN-T2-083,T2产品与精算制度,《重大疾病保险的疾病定义使用规范（2020年修订版）》,44140,,—,—,,,,,,0,未在五源cleaned收录
RFN-T2-084,T2产品与精算制度,《保险资产管理产品管理暂行办法》,2020年第5号,supp,BOUNDARY,低,养老保险公司,,,商业银行|金融资产|银行业,[body]…护登记交易平台相关系统的稳定运行，为保险资管产品业务发展提供良好服务。 第八章 附 则 第六十二条 符合条件的养老保险公司开展保险资管产品业务，参照本办法执行。 第六十三条 保险资产管理机构开展跨境保险资管产品业务参照本办法执行，并…,17557,已提取-可全文
RFN-T2-085,T2产品与精算制度,中国银行保险监督管理委员会人身保险监管部关于印发人身保险产品“负面清单”（2021版）的通知,人身险部函〔2021〕31号,,—,—,,,,,,0,未在五源cleaned收录
RFN-T2-086,T2产品与精算制度,人身保险产品信息披露管理办法,中国银行保险监督管理委员会令[2022]8号,nfra,INCLUDE,高,人寿保险|人身保险|健康保险|寿险,,,保险中介机构,[title]…人身保险产品信息披露管理办法 第一章  总  则第一章  总 则 第一条  为规范人身保险产品信息披露行为，促进行业健…,8006,已提取-可全文
RFN-T2-087,T2产品与精算制度,国家金融监督管理总局办公厅关于平稳有序做好人身保险产品切换有关工作的通知,金办便函〔2024〕1001号,,—,—,,,,,,0,未在五源cleaned收录
RFN-T2-088,T2产品与精算制度,国家金融监督管理总局关于健全人身保险产品定价机制的通知,金发〔2024〕18号,nfra,INCLUDE,高,人身保险|人身保险公司,,,,[title]…国家金融监督管理总局关于健全人身保险产品定价机制的通知 金发〔2024〕18号各金融监管局，各人身保险公司，保险业协会：为全面贯彻中央金融工作会议…,2530,已提取-可全文
RFN-T2-089,T2产品与精算制度,国家金融监督管理总局关于加强万能型人身保险监管有关事项的通知,金规[2025]14号,nfra,INCLUDE,高,人身保险|人身保险公司|寿险,,,金融资产,[title]…国家金融监督管理总局关于加强万能型人身保险监管有关事项的通知 各金融监管局，各人身保险公司：为加强万能型人身保险（以下简称万能险）监管，从严规范万能险经…,8200,已提取-可全文
RFN-T2-090,T2产品与精算制度,《关于分红险分红水平监管意见的函》,金寿险函〔2025〕374号,,—,—,,,,,,0,未在五源cleaned收录
RFN-T2-091,T2产品与精算制度,国家金融监督管理总局办公厅关于印发《银行业保险业数字金融高质量发展实施方案》的通知,金办发[2025]95号,nfra,BOUNDARY,低,,,保险公司|保险资产管理|分支机构,金融资产|银行业,[meta]…型银行、股份制银行、外资银行、直销银行、金融资产管理公司、金融资产投资公司、理财公司，各保险集团（控股）公司、保险公司、保险资产管理公司、养老金管理公司：现将《银行业保险业数字金融高质量发展实施方案》印发给你们，请加强组织实施，…,13356,已提取-可全文
RFN-T2-092,T2产品与精算制度,国家金融监督管理总局关于做好《中国人身保险业经验生命表（2025）》发布使用有关事项的通知,金规[2025]21号,nfra,INCLUDE,高,人身保险|人身保险公司|健康保险|寿险,,,,[title]…国家金融监督管理总局关于做好《中国人身保险业经验生命表（2025）》发布使用有关事项的通知 各金融监管局，精算师协会，各人身保险公司：中国人身保险业经验…,3086,已提取-可全文
RFN-T2-093,T2产品与精算制度,银行保险机构资产管理产品信息披露管理办法,国家金融监督管理总局令[2025]10号,nfra,EXCLUDE,中,,,保险机构|保险资产管理,信托公司|商业银行|银行业,[meta]…总  则第一条  为了规范资产管理产品信息披露行为，保护资产管理产品投资者的合法权益，根据《中华人民共和国银行业监督管理法》《中华人民共和国商业银行法》《中华人民共和国信托法》《中华人民共和国保险法》等法律法规，以及《关于…,16627,已提取-可全文
RFN-T2-094,T2产品与精算制度,关于界定责任保险和人身意外伤害保险的通知,保监发[1999]245号,nfra,BOUNDARY,低,人寿保险公司|人身保险,,,财产保险公司,[meta]…据《中华人民共和国保险法》第九十一条的规定，责任保险属于财产保险业务，由财产保险公司经营；人身意外伤害保险属于人身保险业务，由人寿保险公司经营。以由于被保险人的侵权行为造成他人人身伤害依法应承担的民事赔偿责任为保险标的的保险，属…,2148,已提取-可全文
RFN-T2-095,T2产品与精算制度,关于下发有关精算规定的通知,保监发[1999]90号,nfra,INCLUDE,中,人寿保险|人寿保险公司|人身保险|健康保险|健康险|寿险,,,再保险公司,[meta]…关于下发有关精算规定的通知 保监发[1999]90号。中国人寿保险公司、中国太平洋保险公司、中国平安保险股份有限公司、新华人寿保险股份有限公司、泰康人寿保险股份有限公司、新疆兵团保…,11784,已提取-可全文
RFN-T2-096,T2产品与精算制度,中华人民共和国保险法,N/A,pbc,INCLUDE,中,人寿保险|人身保险|健康保险|养老保险,个人保险代理人|保险代理人|保险兼业代理,,保险公估|保险经纪|银行业,[body]…和国计量法〉等五部法律的决定》第三次修正） 目 录 第一章 总则 第二章 保险合同 第一节 一般规定 第二节 人身保险合同 第三节 财产保险合同 第三章 保险公司 第四章 保险经营规则 第五章 保险代理人和保险经纪人 第六章 保…,45620,已提取-可全文
RFN-T2-097,T2产品与精算制度,最高人民法院关于适用《中华人民共和国保险法》若干问题的解释（二）,N/A,gov,EXCLUDE,—,,,,,,70,已提取-缺正文
RFN-T2-098,T2产品与精算制度,最高人民法院关于适用《中华人民共和国保险法》若干问题的解释（三）,N/A,gov,EXCLUDE,—,,,,,,70,已提取-缺正文
RFN-T2-099,T2产品与精算制度,关于调整寿险保单预定利率的紧急通知,保监发[1999]93号,nfra,INCLUDE,高,人寿保险|人寿保险公司|健康险|寿险,,,,[title]…关于调整寿险保单预定利率的紧急通知 保监发[1999]93号。中国人寿保险公司、中国太平洋保险公司、中国平安保险股份有限公…,1452,已提取-可全文
RFN-T2-100,T2产品与精算制度,关于继续使用《中国人寿保险业经验生命表（1990—1993）》的通知（已废止）,保监发[1999]238号,nfra,INCLUDE,高,人寿保险|人寿保险公司|寿险,,,,[title]…关于继续使用《中国人寿保险业经验生命表（1990—1993）》的通知（已废止） 保监发[1999]238号。中国人寿保险公司、中国太平洋…,1727,已提取-可全文
RFN-T2-101,T2产品与精算制度,关于继续使用《人身保险残疾程度与保险金给付比例表》的通知,保监发[1999]237号,nfra,INCLUDE,高,人寿保险|人寿保险公司|人身保险,,,,[title]…关于继续使用《人身保险残疾程度与保险金给付比例表》的通知 保监发[1999]237号。中国人寿保险公司、中国太平洋保险公司、中国平安…,992,已提取-可全文
RFN-T2-102,T2产品与精算制度,关于开展教育保险有关事项的通知（已废止）,保监发[1999]91号,nfra,INCLUDE,中,人寿保险|人寿保险公司|寿险,,,,[meta]…关于开展教育保险有关事项的通知（已废止） 保监发[1999]91号。中国人寿保险公司、中国平安保险股份有限公司、中国太平洋保险公司、新华人寿保险股份有限公司、泰康人寿保险股份有限公司、新疆兵团保…,17214,已提取-可全文
RFN-T2-103,T2产品与精算制度,关于规范“中小学生平安保险”代办业务有关问题的通知（已废止）,保监发[1999]118号,nfra,INCLUDE,中,人寿保险公司,保险兼业代理,,,[meta]…关于规范“中小学生平安保险”代办业务有关问题的通知（已废止） 保监发[1999]118号。各人寿保险公司、中国太平洋保险公司、中国平安保险股份有限公司、新疆兵团保险公司：。“中小学生平安保险”（以下简称“学平险”）…,1176,已提取-可全文
RFN-T2-104,T2产品与精算制度,关于父母为其未成年子女投保死亡人身保险限额的通知,保监发[1999]43号,nfra,INCLUDE,高,人寿保险|人身保险,,,,[title]…关于父母为其未成年子女投保死亡人身保险限额的通知 保监发[1999]43号。中保人寿保险有限公司、中国太平洋保险公司、中国平安保险股份有限公司、新华…,834,已提取-可全文
RFN-T2-105,T2产品与精算制度,人身保险新型产品信息披露管理暂行办法,N/A,nfra,INCLUDE,高,人身保险,,,,[title]…人身保险新型产品信息披露管理暂行办法 保监会令（2002）6号　2001年12月6日。第一章　总则。第一条　为促进人身…,7615,已提取-可全文
RFN-T2-106,T2产品与精算制度,人身保险产品审批和备案管理办法,N/A,nfra,INCLUDE,高,人寿保险|人身保险|人身保险公司|健康保险,,,,[title]…人身保险产品审批和备案管理办法 保监会令（2004）6号　2004年6月30日。第一章　总则。第一条　为了规范对人身保…,15399,已提取-可全文
RFN-T2-107,T2产品与精算制度,保险产品适当性管理自律规范,中保协 2026-03-27,,—,—,,,,,,0,未在五源cleaned收录
RFN-T3-001,T3资本与偿付能力监管,财政部 国家税务总局关于人寿保险业务免征营业税若干问题的通知（部分失效）,财税[2001]118号,,—,—,,,,,,0,未在五源cleaned收录
RFN-T3-002,T3资本与偿付能力监管,保险公司偿付能力额度及监管指标管理规定,保监发[2001]53号,nfra,INCLUDE,中,人寿保险|人寿保险公司|人身保险|健康险|寿险,,,再保险公司|财产保险公司|财产险,[body]…和减去摊回分保赔款和追偿款收入。 经营不满三个完整会计年度的保险公司，采用本条第（一）项规定的标准。 第五条 人寿保险公司最低偿付能力额度为长期人身险业务最低偿付能力额度和短期人身险业务最低偿付能力额度之和。 长期人身险业务是指保险…,13195,已提取-可全文
RFN-T3-003,T3资本与偿付能力监管,关于非寿险业务保费收入确认的通知,保监发〔2002〕79号,nfra,BOUNDARY,低,,,保险公司|偿付能力,,[meta]…关于非寿险业务保费收入确认的通知 保监发〔2002〕79号。各保险公司：。近年来，一些保险公司对应收保费不入财务账进行核算的行为屡见不鲜，这不仅违反了《保险公司会计制度》，使保险公…,758,已提取-可全文
RFN-T3-004,T3资本与偿付能力监管,关于印发《保险公司偿付能力报告编报规则——问题解答第1号》的通知,保监发〔2003〕121号,nfra,BOUNDARY,低,,,保单|保险产品|保险公司|保险资金|偿付能力,,[title]…关于印发《保险公司偿付能力报告编报规则——问题解答第1号》的通知 保监发〔2003〕121号。各保险公司：。随着保险业的快速发展…,2661,已提取-可全文
RFN-T3-005,T3资本与偿付能力监管,关于做好2002年度偿付能力报告编报工作的通知（已失效）,保监发〔2003〕40号,nfra,INCLUDE,中,人寿保险公司|寿险,,,财产保险公司,[body]…债表时所采取的会计政策以及报表项目的明细内容。 九、监管指标报告部分包括监管指标报表和计算说明，财产保险公司和人寿保险公司的监管指标报表表样分别见本通知的附件1和附件2。 在监管指标报表的“是否超标”一栏内，若指标值在正常值范围内，…,5111,已提取-可全文
RFN-T3-006,T3资本与偿付能力监管,保险公司次级定期债务管理办法,保监会令〔2004〕10号,nfra,BOUNDARY,低,,,保单|保险公司|保险资产管理|偿付能力,,[title]…保险公司次级定期债务管理办法 保监会令2013年第5号。现发布《中国保险监督管理委员会关于修改〈保险公司次级定期债务管…,10627,已提取-可全文
RFN-T3-007,T3资本与偿付能力监管,关于印发偿付能力报告编报规则实务指南的通知,保监发〔2004〕154号,nfra,BOUNDARY,低,,,保险公司|偿付能力,,[title]…关于印发偿付能力报告编报规则实务指南的通知 保监发〔2004〕154号。各保险公司：。为有助于保险公司贯彻执行偿付能力报告编报…,726,已提取-可全文
RFN-T3-008,T3资本与偿付能力监管,关于印发偿付能力报告编报规则的通知,保监发〔2004〕153号,nfra,BOUNDARY,低,,,保险公司|偿付能力,,[title]…关于印发偿付能力报告编报规则的通知 保监发〔2004〕153号。各保险公司：。为加强偿付能力监管，科学评估保险公司的偿付能力，…,643,已提取-可全文
RFN-T3-009,T3资本与偿付能力监管,关于调整保险公司投资银行次级债券、银行次级定期债务和企业债券比例的通知（已废止）,保监发〔2004〕77号,nfra,EXCLUDE,中,,,保险公司|保险资产管理|保险资金,商业银行|银行业,[body]…券、 银行次级定期债务和企业债券比例问题通知如下： 一、 保险公司投资的银行次级债券应当是经中国人民银行和中国银行业监督管理委员会批准发行， 符合《商业银行次级债券发行管理办法》规定的银行次级债券（以下简称“次级债券”）， 并…,1404,已提取-可全文
RFN-T3-010,T3资本与偿付能力监管,关于报送偿付能力季度报告的通知,保监发〔2004〕95号,nfra,INCLUDE,中,人寿保险公司,,,再保险公司|财产保险公司,[body]…EXCEL表格文件报送。 四、报送时间 （一）资产总额在10亿元以下的财产保险公司和资产总额在100亿元以下的人寿保险公司应在第一、二、三季度结束后20日内向中国保监会报送季报。资产总额在10亿元（含10亿元）以上的财产保险公司和资…,3399,已提取-可全文
RFN-T3-011,T3资本与偿付能力监管,关于严禁利用部分公司偿付能力不足信息诋毁同业的紧急通知（已失效）,保监厅发〔2004〕83号,nfra,INCLUDE,中,寿险,,,,[meta]…关于严禁利用部分公司偿付能力不足信息诋毁同业的紧急通知（已失效） 保监厅发〔2004〕83号。各寿险公司、各保监局：。近期，我会对一些偿付能力不足的寿险公司下发了监管意见书，并采取了相应的监管措施。为防止其他公…,674,已提取-可全文
RFN-T3-012,T3资本与偿付能力监管,关于加强财务资金管理的通知,保监寿险〔2005〕680号,nfra,INCLUDE,中,寿险,,,商业银行,[meta]…关于加强财务资金管理的通知 保监寿险〔2005〕680号。各寿险公司：。近日我会接到报告，反映某寿险中心支公司严重违反财务制度，将邮储代理保费归集…,1437,已提取-可全文
RFN-T3-013,T3资本与偿付能力监管,关于2004年度偿付能力报告编报工作有关问题的通知（已失效）,保监财会〔2005〕109号,nfra,INCLUDE,中,人寿保险公司|健康险|寿险,,,再保险公司|商业银行|证券公司|财产保险公司,[body]…目，反映保险公司为报告期末尚未终止的保险责任而提取的准备金。未到期责任准备金包括非寿险业务的未到期责任准备金、寿险业务的未到期责任准备金和长期健康险业务的未到期责任准备金，其中，非寿险业务的未到期责任准备金是保险公司对产险（…,5261,已提取-可全文
RFN-T3-014,T3资本与偿付能力监管,关于保险公司设立分支机构适用偿付能力要求有关问题的通知（已废止）,保监厅发〔2005〕88号,nfra,BOUNDARY,低,,,保险公司|保险公司分支机构|偿付能力|分支机构,,[title]…关于保险公司设立分支机构适用偿付能力要求有关问题的通知（已废止） 保监厅发〔2005〕88号。各保监局：。近来，有的保监局…,724,已提取-可全文
RFN-T3-015,T3资本与偿付能力监管,关于保险公司提存资本保证金有关问题的通知,保监发〔2005〕4号,nfra,BOUNDARY,低,人寿保险,,,商业银行,[body]…管理委员会备案。  甲方：中国银行上海分行（盖章） 法定代表人（或授权委托人）：(签字) 日期：年月日 乙方：人寿保险股份有限公司(盖章) 法定代表人（或授权委托人）：(签字) 日期：年月日 保监发〔2005〕4号 各保险公司：…,4309,已提取-可全文
RFN-T3-016,T3资本与偿付能力监管,关于印发《保险公司费用分摊指引》的通知,保监发〔2006〕90号,nfra,BOUNDARY,低,养老保险,,,,[body]…人力成本，是指职工薪酬及其相关的支出，如：职工工资、职工福利费、职工教育费、住房公积金、社会统筹保险费、补充养老保险费等。 资产占用费，是指由于资产占用而发生或应当承担的费用，如：固定资产折旧和租赁费、电子设备运转费、无形资产…,10899,已提取-可全文
RFN-T3-017,T3资本与偿付能力监管,关于2005年度偿付能力报告编报工作有关问题的通知（已失效）,保监发〔2006〕1号,nfra,INCLUDE,中,人寿保险公司|养老保险公司,,,再保险公司|商业银行|证券公司|财产保险公司,[body]…数据编报确有困难的，可以不列报比较数据。 （五）监管指标报告。该部分包括监管指标报表和计算说明，财产保险公司和人寿保险公司的监管指标报表表样分别见本通知的附件8和附件9。 在监管指标报表的“是否超标”一栏内，若指标值在正常值范围内，…,8010,已提取-可全文
RFN-T3-018,T3资本与偿付能力监管,关于印发保险公司偿付能力报告编报规则问题解答（3－6号）的通知,保监财会〔2007〕391号,nfra,INCLUDE,中,健康险|寿险,,,商业银行,[body]…答第6号: 最低偿付能力额度的计算口径、银行借款 问：《保险公司偿付能力额度及监管指标管理规定》第五条关于长期寿险业务最低偿付能力额度的规定中，投资连结类业务和其他寿险业务的责任准备金是指分保前的准备金还是分保后的准备金？…,5871,已提取-可全文
RFN-T3-019,T3资本与偿付能力监管,关于调整非税收入执收单位和管理办法的通知,保监发〔2007〕88号,nfra,EXCLUDE,中,,保险代理人|保险兼业代理,保险公司|保险机构|分支机构,保险中介机构|保险公估|保险经纪,[body]…外国保险机构代表处保险业务监管费、中国精算师资格考试费和部分罚没收入的收缴。 （二）各保监局负责保险中介机构、保险兼业代理机构的保险业务监管费、保险中介人（保险代理人、保险经纪人和保险公估人）资格考试费、保险从业人员基本资格证书工本…,7959,已提取-可全文
RFN-T3-020,T3资本与偿付能力监管,关于保险公司偿付能力报告编报工作有关问题的通知,保监发〔2007〕15号,nfra,INCLUDE,中,人寿保险公司|健康险公司|寿险,,,,[meta]…5号。各保险公司：。由于2007年1月1日起全行业施行新会计准则，以及2007年将陆续实施《动态偿付能力测试（人寿保险公司）》、《投资资产》、《子公司、合营企业和联营企业》、《年度报告的内容与格式》、《季度报告》等5项偿付能力报告编…,4490,已提取-可全文
RFN-T3-021,T3资本与偿付能力监管,关于进一步加强偿付能力管理工作有关问题的通知（已失效）,保监发〔2007〕48号,nfra,BOUNDARY,低,,,保险公司|偿付能力|分支机构,,[title]…关于进一步加强偿付能力管理工作有关问题的通知（已失效） 保监发〔2007〕48号。各产险公司：。偿付能力是保险公司支付所有到期债务和…,1957,已提取-可全文
RFN-T3-022,T3资本与偿付能力监管,关于印发《保险公司资本保证金管理暂行办法》的通知,保监发〔2007〕66号,nfra,EXCLUDE,中,,,保险公司,商业银行|银行业,[body]…公司应遵循“足额、安全、稳定”的原则提存资本保证金。 第二章存放银行 第六条 保险公司可选择一至三家全国性中资商业银行作为资本保证金的存放银行。存放银行应符合以下条件： 1、注册资本不少于40亿元人民币，上年末资本充足率、不良资…,5637,已提取-可全文
RFN-T3-023,T3资本与偿付能力监管,关于编报季度偿付能力报告有关事项的通知,保监财会〔2007〕1301号,nfra,BOUNDARY,低,寿险,,,再保险公司,[meta]…的信息质量，现将有关事项通知如下：。一、关于季度偿付能力报告的内容。（一）对目前尚无法按季度评估公司内含价值的寿险公司，在季报中可暂不披露内含价值指标。 N/A 政策规章规范性文件 N/A N/A 保监财会〔2007〕130…,1357,已提取-可全文
RFN-T3-024,T3资本与偿付能力监管,关于保险集团（控股）公司、相互制保险公司资本保证金提存有关问题的通知,保监发〔2008〕66号,nfra,BOUNDARY,低,,,保险公司|保险机构,,[title]…关于保险集团（控股）公司、相互制保险公司资本保证金提存有关问题的通知 保监发〔2008〕66号。各保险集团（控股）公司、相互制保险公司：。根据《保险法…,1202,已提取-可全文
RFN-T3-025,T3资本与偿付能力监管,关于印发《保险公司偿付能力报告编报规则第14号：保险集团》及其实务指南的通知,保监发〔2008〕33号,nfra,BOUNDARY,低,,,保险公司|偿付能力,,[title]…关于印发《保险公司偿付能力报告编报规则第14号：保险集团》及其实务指南的通知 保监发〔2008〕33号。各保险公司：。为加强偿付…,533,已提取-可全文
RFN-T3-026,T3资本与偿付能力监管,关于在年度决算报中增加资本属性统计指标的通知,保监统信〔2008〕1570号,nfra,BOUNDARY,低,,,保险公司|保险资产管理,,[meta]…关于在年度决算报中增加资本属性统计指标的通知 保监统信〔2008〕1570号。各保险公司、保险资产管理公司：。为全面掌握保险业资本属性情况，根据第二次全国经济普查方案的要求，我会决定在年度决算报中增…,1133,已提取-可全文
RFN-T3-027,T3资本与偿付能力监管,关于报送保险公司分类监管信息的通知,保监发〔2008〕113号,nfra,INCLUDE,中,人寿保险公司|人身保险|健康保险|养老保险公司|寿险,,,财产保险公司,[meta]…，增强保险监管的科学性、针对性和有效性，切实防范化解风险，根据《关于实施分类监管信息报送有关事宜的通知》（保监寿险〔2008〕1566号、保监产险〔2008〕1567号）要求，现就有关分类监管信息报送事项通知如下：。一、适用…,2908,已提取-可全文
RFN-T3-028,T3资本与偿付能力监管,关于编报年度偿付能力报告有关事项的通知,保监发〔2008〕12号,nfra,INCLUDE,中,寿险,,,再保险公司,[body]…实务指南， 我会制定了《保险公司年度偿付能力报告编报的格式要求》， 并以虚拟公司和数字为例， 设计了产险公司和寿险公司的年度偿付能力报告模板（再保险公司参照产险公司年度报告模版）。 上述文件可从保监会网站财务监管专栏下的偿付…,1892,已提取-可全文
RFN-T3-029,T3资本与偿付能力监管,关于编报保险集团偿付能力报告有关事项的通知,保监发〔2008〕55号,nfra,BOUNDARY,低,人寿保险,,,,[body]…告外， 其他符合保险集团编报规则定义的保险集团暂不用编报偿付能力报告： 1、 中国人民保险集团公司 2、 中国人寿保险（集团）公司 3、 中国再保险（集团）股份有限公司 4、 中国保险（控股）有限公司 5、 中国平安保险（集团）…,2907,已提取-可全文
RFN-T3-030,T3资本与偿付能力监管,关于实施《保险公司偿付能力管理规定》有关事项的通知,保监发〔2008〕89号,nfra,BOUNDARY,低,人寿保险公司|人身保险|寿险,,,再保险公司|财产保险公司,[body]…品投资金部分期末责任准备金的4％； （2）非预定收益型非寿险投资型产品投资金部分期末责任准备金的1％。 （二）人寿保险公司最低资本为长期人身险业务最低资本和短期人身险业务最低资本之和。 长期人身险业务是指保险期间超过1年的人身保险业…,6400,已提取-可全文
RFN-T3-031,T3资本与偿付能力监管,关于实施分类监管信息报送有关事宜的通知（寿险公司）（已失效）,保监寿险〔2008〕1566号,nfra,INCLUDE,高,人寿保险|人寿保险公司|人身保险|健康保险|健康险|养老保险公司|寿险,,,,[title]…关于实施分类监管信息报送有关事宜的通知（寿险公司）（已失效） 保监寿险〔2008〕1566号。各人寿保险公司、养老保险公司、健康保险公司：。为贯彻落实科学…,9137,已提取-可全文
RFN-T3-032,T3资本与偿付能力监管,关于实施保险公司分类监管有关事项的通知,保监发〔2008〕120号,nfra,INCLUDE,中,寿险,,,再保险公司,[body]…方面存在严重风险的公司。 二、分类依据 保监会依据以下信息对保险公司进行分类： （一）监测指标 1、产险公司和寿险公司的监测指标包括五大类： （1）偿付能力充足率； （2）公司治理、内控和合规性风险指标； （3）资金运用风险…,4644,已提取-可全文
RFN-T3-033,T3资本与偿付能力监管,关于印发《保险公司偿付能力报告编报规则——问题解答第8号：临时报告》的通知,保监发[2009]89号,supp,BOUNDARY,低,,,保险公司|偿付能力,,[title]…中国保险监督管理委员会关于印发《保险公司偿付能力报告编报规则——问题解答第8号：临时报告》的通知 明确保险公司偿付能力临时报告的触发标准（重大投资损失…,3581,已提取-可全文
RFN-T3-034,T3资本与偿付能力监管,关于印发《保险公司偿付能力报告编报规则第15号：再保险业务》及其实务指南的通知,保监发〔2009〕53号,nfra,EXCLUDE,中,,,保险公司|偿付能力,,,542,已提取-可全文
RFN-T3-035,T3资本与偿付能力监管,关于保险业实施《企业会计准则解释第2号》有关事项的通知,保监发〔2009〕1号,nfra,BOUNDARY,低,人寿保险|寿险,,,,[body]…副主席） 副组长：王新棣（保监会财务会计部主任） 应 唯（财政部会计司副司长） 成 员：保监会发改部、产险部、寿险部、统信部部门负责人 陆建桥（财政部会计司准则一处处长） 庄作瑾（中国人寿保险集团副总裁） 吴达川（中国太平洋…,2994,已提取-可全文
RFN-T3-036,T3资本与偿付能力监管,关于保监局履行偿付能力监管职责有关事项的通知,保监发〔2009〕124号,nfra,BOUNDARY,低,,,保险公司|保险公司分支机构|偿付能力|分支机构,,[title]…关于保监局履行偿付能力监管职责有关事项的通知 保监发〔2009〕124号。各保监局：。根据《保险公司偿付能力管理规定》（保监会令〔2…,2979,已提取-可全文
RFN-T3-037,T3资本与偿付能力监管,关于印发《保险公司分支机构分类监管暂行办法》的通知,保监发〔2010〕45号,nfra,BOUNDARY,低,,,保险公司|保险公司分支机构|分支机构,,[title]…关于印发《保险公司分支机构分类监管暂行办法》的通知 保监发〔2010〕45号。各保监局，各保险公司：。为提高保监局对保险公司分支机构的监…,4327,已提取-可全文
RFN-T3-038,T3资本与偿付能力监管,关于印发《保险公司偿付能力报告编报规则——问题解答第10号：无担保企业（公司）债券、不动产、未上市股权和保险资产管理公司创新试点投资产品》的通知,保监发〔2010〕98号,nfra,EXCLUDE,中,,,保险公司|保险资产管理|保险资金|偿付能力,保险中介机构|信托公司|商业银行,[body]…具有控制、共同控制或重大影响的未上市股权投资为认可资产，其中： （1）被投资单位为保险公司、保险资产管理公司、保险中介机构等保险类企业的，以账面价值的95％作为其认可价值； （2）被投资单位为商业银行、信托公司等非保险类金融机构的，…,6710,已提取-可全文
RFN-T3-039,T3资本与偿付能力监管,关于启用偿付能力监管信息系统的通知,保监财会〔2010〕1638号,nfra,BOUNDARY,低,,,保险公司|保险机构|保险资产管理|偿付能力|分红保险,,[title]…关于启用偿付能力监管信息系统的通知 保监财会〔2010〕1638号。各保险公司、保险资产管理公司、保险公司筹备组：。为改进偿付…,3500,已提取-可全文
RFN-T3-040,T3资本与偿付能力监管,关于印发《保险公司偿付能力报告编报规则——问题解答第9号：偿付能力报告编报规则与〈企业会计准则解释第2号〉的衔接》的通知,保监发〔2010〕7号,nfra,INCLUDE,中,寿险,,,财产保险公司,[body]…债。 保险公司应当自2009年年度偿付能力报告开始，按照本问题解答附件规定的最低资本表编报偿付能力报告。 问：寿险公司偿付能力报告在新旧政策转换期如何衔接过渡？ 答：为了保持寿险公司有关监管报告的前后衔接和监管信息的平稳过渡…,3557,已提取-可全文
RFN-T3-041,T3资本与偿付能力监管,关于保险业做好《企业会计准则解释第2号》实施工作的通知,保监发〔2010〕6号,nfra,INCLUDE,中,寿险,,,再保险公司|财产保险公司,[body]…量方法、计量单元及其确定原则； 2、预期未来现金流入和流出金额的组成内容和计量方法； 3、重要计量假设，特别是寿险业务折现率假设； 4、边际的计量方法和计入当期损益的原则和模式； 5、以上重大会计政策和会计估计的变更。 有关…,7645,已提取-可全文
RFN-T3-042,T3资本与偿付能力监管,关于印发《保险公司偿付能力报告编报规则——问题解答第11号：动态偿付能力测试的第三方独立审核》的通知,保监发〔2011〕2号,nfra,BOUNDARY,低,人寿保险公司|寿险,,,,[meta]…：动态偿付能力测试的第三方独立审核》。现予印发，请遵照执行。《保险公司偿付能力报告编报规则——问题解答第7号：寿险公司动态偿付能力测试的第三方独立审核》同时废止。中国保险监督管理委员会。二○一一年一月七日。 N/A 政策规章…,5094,已提取-可全文
RFN-T3-043,T3资本与偿付能力监管,关于动态偿付能力测试有关事项的通知,保监发〔2011〕3号,nfra,BOUNDARY,低,人寿保险公司|健康保险,,,财产保险公司,[meta]…行。为做好保险公司的动态偿付能力测试工作，我会研究制定了财产保险公司动态偿付能力测试的必测不利情景，同时调整了人寿保险公司（包括健康保险公司，下同）动态偿付能力测试的必测不利情景。现将有关事项通知如下：。 N/A 政策规章规范性文件…,1988,已提取-可全文
RFN-T3-044,T3资本与偿付能力监管,关于印发《保险公司资本保证金管理办法》的通知,保监发〔2011〕39号,nfra,EXCLUDE,中,,,保险公司|分支机构,商业银行|银行业,[body]…五条 保险公司应遵循“足额、安全、稳定”的原则提存资本保证金。第二章 存 放 第六条 保险公司应当选择两家以上商业银行作为资本保证金的存放银行。存放银行应符合以下条件： （一）全国性中资商业银行； （二）上年末净资产不少于200…,6579,已提取-可全文
RFN-T3-045,T3资本与偿付能力监管,关于印发《保险公司偿付能力报告编报规则——问题解答第13号：次级债和股东增资》的通知,保监发〔2011〕66号,nfra,BOUNDARY,低,,,保险公司|偿付能力,,[title]…关于印发《保险公司偿付能力报告编报规则——问题解答第13号：次级债和股东增资》的通知 保监发〔2011〕66号。各保险公司：。为…,2461,已提取-可全文
RFN-T3-046,T3资本与偿付能力监管,关于保险公司加强偿付能力管理有关事项的通知,保监发〔2012〕55号,nfra,BOUNDARY,低,,,保险公司|偿付能力,,[title]…关于保险公司加强偿付能力管理有关事项的通知 保监发〔2012〕55号。各保险集团公司、保险公司：。为贯彻落实全国金融工作会…,3066,已提取-可全文
RFN-T3-047,T3资本与偿付能力监管,关于印发《中国第二代偿付能力监管制度体系建设规划》的通知,保监发[2012]24号,supp,INCLUDE,中,人身保险,,,,[body]…制度体系的建设工作。项俊波主席任组长，陈文辉副主席任副组长，中国保监会发展改革部、财务会计部、财产保险监管部、人身保险监管部、保险资金运用监管部、国际部、法规部、统计信息部、稽查局为成员部门，办公室设在财务会计部。 三、总体目标…,2698,已提取-可全文
RFN-T3-048,T3资本与偿付能力监管,关于印发《保险公司财会工作规范》的通知,保监发〔2012〕8号,nfra,BOUNDARY,低,寿险,保险销售从业人员,,再保险公司|商业银行|金融资产|银行业金融机构,[body]…等因素，及时调整投资策略和投资资产结构。 第四十九条 保险公司应当加强银行存款的管理。总资产在100亿元以上的寿险公司、总资产在20亿元以上的产险公司和再保险公司的银行存款应当符合下列要求： （一）在一家非全国性商业银行的存…,19290,已提取-可全文
RFN-T3-049,T3资本与偿付能力监管,关于印发《保险公司偿付能力报告编报规则——问题解答第14号：城乡居民大病保险最低资本》的通知,保监发〔2013〕5号,nfra,BOUNDARY,低,,,保险公司|偿付能力,,[title]…关于印发《保险公司偿付能力报告编报规则——问题解答第14号：城乡居民大病保险最低资本》的通知 保监发〔2013〕5号。各保险公司…,636,已提取-可全文
RFN-T3-050,T3资本与偿付能力监管,中国保监会关于建立分类监管评价结果通报制度的通知,保监财会〔2013〕619号,nfra,INCLUDE,中,寿险,,,,[body]…事项通知如下： 一、 每季度完成保险公司法人机构分类监管评价后， 保监会向保险公司通报以下信息： （一）产险或寿险行业的分类监管评价类别总体情况； （二）该公司分类监管评价结果； （三）被评为 C、 D 类公司的主要风险。…,1916,已提取-可全文
RFN-T3-051,T3资本与偿付能力监管,关于部分保险公司纳入分类监管实施范围的通知,保监厅发〔2013〕29号,nfra,INCLUDE,中,人寿保险|人身保险|养老保险|寿险,,,,[body]…财产保险股份有限公司， 富邦财产保险有限公司， 劳合社保险（中国）有限公司， 信利保险（中国）有限公司， 安邦人寿保险股份有限公司， 中融人寿保险股份有限公司， 利安人寿保险股份有限公司， 前海人寿保险股份有限公司， 华汇人寿保…,1934,已提取-可全文
RFN-T3-052,T3资本与偿付能力监管,中国保监会关于印发《中国第二代偿付能力监管制度体系整体框架》的通知,保监发〔2013〕42号,nfra,BOUNDARY,低,,,保险公司|保险资产管理|偿付能力,,[title]…中国保监会关于印发《中国第二代偿付能力监管制度体系整体框架》的通知 保监发〔2013〕42号。各保监局，机关各部门，各保险集团（控股）公司、保险公司…,694,已提取-可全文
RFN-T3-053,T3资本与偿付能力监管,中国保监会关于印发《保险公司偿付能力报告编报规则——问题解答第23号：历史存量高利率保单资金投资的蓝筹股》的通知,保监发〔2014〕57号,nfra,BOUNDARY,低,人寿保险|寿险,,,,[meta]…力报告编报规则——问题解答第23号：历史存量高利率保单资金投资的蓝筹股》的通知 保监发〔2014〕57号。中国人寿保险（集团）公司，中国太平洋人寿保险股份有限公司，中国平安人寿保险股份有限公司，新华人寿保险股份有限公司，泰康人寿…,2451,已提取-可全文
RFN-T3-054,T3资本与偿付能力监管,中国保监会关于印发《保险公司偿付能力报告编报规则——问题解答第24号：信托计划》的通知,保监发〔2014〕77号,nfra,EXCLUDE,中,,,保险公司|保险资产管理|偿付能力,信托公司,[body]…14 年 9 月 23 日 保险公司偿付能力报告编报规则 ——问题解答第 24 号：信托计划 问：保险公司投资信托公司发行的信托计划， 在编制偿付能力报告时如何认可？  答：保险公司在本问题解答发布前投资的信托计划， 按照《保险…,1435,已提取-可全文
RFN-T3-055,T3资本与偿付能力监管,中国保监会关于印发《保险公司偿付能力报告编报规则——问题解答第22号：证券投资基金和资产管理产品》的通知,保监发〔2014〕29号,nfra,EXCLUDE,中,,,保险公司|保险机构|保险资产管理|偿付能力,商业银行|证券公司,[body]…百分之八十以上的资产投资于固定收益类产品（包括债券、存款、债权类资产等），且投资于信托计划、银行信贷支持证券、商业银行理财产品、证券公司专项资产管理计划等金融产品的比例不高于百分之二十的资产管理产品。 4.另类资产管理产品为认可…,3840,已提取-可全文
RFN-T3-056,T3资本与偿付能力监管,中国保监会关于印发《保险公司偿付能力报告编报规则——问题解答第21号：次级可转换债券》的通知,保监发〔2014〕27号,nfra,BOUNDARY,低,,,保险公司|偿付能力,,[title]…中国保监会关于印发《保险公司偿付能力报告编报规则——问题解答第21号：次级可转换债券》的通知 保监发〔2014〕27号。各保险公司、保险集…,1372,已提取-可全文
RFN-T3-057,T3资本与偿付能力监管,中国保监会关于印发《保险公司资本保证金管理办法》的通知,保监发〔2015〕37号,nfra,EXCLUDE,中,,,保险公司|分支机构,商业银行|银行业,[body]…应遵循“足额、安全、稳定”的原则提存资本保证金。 第二章  存  放 第六条  保险公司应当选择两家（含）以上商业银行作为资本保证金的存放银行。存放银行应符合以下条件： （一）国有商业银行、股份制商业银行、邮政储蓄银行和城市商业…,5418,已提取-可全文
RFN-T3-058,T3资本与偿付能力监管,中国保监会关于印发《保险公司偿付能力报告编报规则——问题解答第25号：中国铁路发展基金股份有限公司的优先股》的通知,保监发〔2015〕1号,nfra,BOUNDARY,低,,,保险公司|保险资产管理|偿付能力,,[title]…中国保监会关于印发《保险公司偿付能力报告编报规则——问题解答第25号：中国铁路发展基金股份有限公司的优先股》的通知 保监发〔2015〕1号…,1221,已提取-可全文
RFN-T3-059,T3资本与偿付能力监管,中国保监会关于正式实施中国风险导向的偿付能力体系有关事项的通知,保监财会〔2015〕15号,nfra,INCLUDE,中,人身保险公司|养老保险公司|寿险,,,,[body]…的证据显示其应纳税所得额持续为正的趋势发生根本性、长期性的逆转，方可终止确认所得税准备。 所得税准备以财务报表寿险合同负债的剩余边际金额的10%作为其认可价值。 2.《保险公司偿付能力监管规则第3号：寿险合同负债评估》第十九…,6845,已提取-可全文
RFN-T3-060,T3资本与偿付能力监管,中国保监会关于在偿二代过渡期内开展保险公司偿付能力风险管理能力试评估有关事项的通知,保监财会〔2015〕125号,nfra,INCLUDE,中,人身保险公司|寿险,,,再保险公司|财产保险公司,[body]…险最低资本的依据。偿二代正式实施后的偿付能力风险管理评估方案另行发布。 二、评估范围 评估对象为财产保险公司、人身保险公司和再保险公司。评估内容为保险公司的偿付能力风险管理能力，具体包括：偿付能力风险管理的基础与环境、偿付能力风险管…,6534,已提取-可全文
RFN-T3-061,T3资本与偿付能力监管,中国保监会关于印发《保险公司偿付能力监管规则（1—17号）》的通知,保监发〔2015〕22号,nfra,BOUNDARY,低,,,保险公司|保险消费者|保险资产管理|偿付能力,,[title]…中国保监会关于印发《保险公司偿付能力监管规则（1—17号）》的通知 保监发〔2015〕22号。各保监局，各保险集团（控股）公司、保险公司、…,719,已提取-可全文
RFN-T3-062,T3资本与偿付能力监管,中国人民银行 中国保险监督管理委员会公告〔2015〕第3号（保险公司发行资本补充债券有关事宜）,公告〔2015〕第3号,pbc,BOUNDARY,低,,,保险公司,,[title]…中国人民银行 中国保险监督管理委员会公告〔2015〕第3号（保险公司发行资本补充债券有关事宜） 中国人民银行 中国保险监督管理委员会公告〔2015〕第3号（保险公司发行资本补充债…,329,已提取-可全文
RFN-T3-063,T3资本与偿付能力监管,中国保监会关于印发《保险公司经营评价指标体系（试行）》的通知,保监发〔2015〕80号,nfra,INCLUDE,中,人身保险公司|养老保险公司|寿险,,,再保险公司|财产保险公司,[meta]…险公司经营评价指标体系（试行）》的通知 保监发〔2015〕80号。各保监局，中国保险行业协会，各财产保险公司、人身保险公司：。为综合评价保险公司经营状况，加强保险监管，促进保险公司改进经营管理、转变发展方式，我会制定了《保险公司经营…,3874,已提取-可全文
RFN-T3-064,T3资本与偿付能力监管,中国保监会关于保险资金投资政府和社会资本合作项目有关事项的通知,保监发〔2017〕41号,nfra,BOUNDARY,低,,,保险公司|保险机构|保险资产管理|保险资金,,[title]…中国保监会关于保险资金投资政府和社会资本合作项目有关事项的通知 保监发〔2017〕41号。各保监局，各保险集团（控股）公司、保险公司…,2625,已提取-可全文
RFN-T3-065,T3资本与偿付能力监管,关于修订印发《企业会计准则第25号——保险合同》的通知,财会〔2020〕20号,mof,EXCLUDE,—,,,,,,1116,已提取-可全文
RFN-T3-066,T3资本与偿付能力监管,保险公司偿付能力管理规定,中国银行保险监督管理委员会令[2021]1号,nfra,BOUNDARY,低,,,保险公司|保险公司分支机构|偿付能力|分支机构,,[title]…保险公司偿付能力管理规定 中国保险监督管理委员会令。2008年第1号。《保险公司偿付能力管理规定》已经2008年6月3…,9037,已提取-可全文
RFN-T3-067,T3资本与偿付能力监管,中国人民银行 中国银行保险监督管理委员会关于保险公司发行无固定期限资本债券有关事项的通知,关于保险公司发行无固定期限资本债券银发〔2022〕175号,nfra,BOUNDARY,低,,,保险公司|偿付能力,,[title]…中国人民银行 中国银行保险监督管理委员会关于保险公司发行无固定期限资本债券有关事项的通知 关于保险公司发行无固定期限资本债券银发〔2022〕175号 各保险公司：…,3326,已提取-可全文
RFN-T3-068,T3资本与偿付能力监管,关于印发《商业保险公司绩效评价办法》的通知,财金〔2022〕72 号,mof,BOUNDARY,低,人寿保险,,,,[body]…16日起施行。 财政部、金融司、金融司 财政部规范性文件 N/A N/A 中国人民保险集团股份有限公司， 中国人寿保险（集团）公司， 中国太平保险集团有限责任公司， 中国再保险（集团）股份有限公司， 其他有关商业保险集团（控股）…,800,已提取-可全文
RFN-T3-069,T3资本与偿付能力监管,国家金融监督管理总局关于优化保险公司偿付能力监管标准的通知,金规[2023]5号,nfra,BOUNDARY,低,人身险公司,,,再保险公司|财产险,[body]…； 总资产 100 亿元以下公司的最低资本按照 90%计算偿付能力充足率， 即特征系数为-0.1。 （二）对于人身险公司， 总资产 500 亿元以上、 5000 亿元以下公司的最低资本按照 95%计算偿付能力充足率， 即特征系数为…,3019,已提取-可全文
RFN-T3-070,T3资本与偿付能力监管,中国人民银行 国家金融监督管理总局关于印发《系统重要性保险公司评估办法》的通知,国家金融监督管理总局关于银发〔2023〕208号,nfra,INCLUDE,中,人身保险公司,,,再保险公司|财产保险公司|金融资产,[body]…监管，以降低其发生重大风险的可能性，防范系统性金融风险。 （二）适用范围。本办法适用于依法设立的保险集团公司、人身保险公司、财产保险公司和再保险公司。2家或2家以上保险公司组成保险集团公司的，以保险集团公司作为参评主体。 评估使用的…,6167,已提取-可全文
RFN-T3-071,T3资本与偿付能力监管,国家金融监督管理总局关于印发人身保险公司监管评级办法的通知,金规[2024]4号,nfra,INCLUDE,高,人身保险|人身保险公司,,,,[title]…国家金融监督管理总局关于印发人身保险公司监管评级办法的通知 各监管局，各人身保险公司：为强化人身保险公司分类监管，推动人身保险业高质量发展，现将《人身…,8414,已提取-可全文
RFN-T3-072,T3资本与偿付能力监管,国家金融监督管理总局关于延长保险公司偿付能力监管规则（Ⅱ）实施过渡期有关事项的通知,金规[2024]22号,nfra,BOUNDARY,低,,,保险公司|偿付能力,,[title]…国家金融监督管理总局关于延长保险公司偿付能力监管规则（Ⅱ）实施过渡期有关事项的通知 国家金融监督管理总局关于各金融监管局，各保险集团（控股）公司、…,1420,已提取-可全文
RFN-T3-073,T3资本与偿付能力监管,国家金融监督管理总局关于印发《保险公司资本保证金管理办法》的通知,金规[2025]18号,nfra,EXCLUDE,中,,,保险公司|分支机构,商业银行,[body]…规定。第五条 保险公司应遵循“足额、安全、稳定”的原则提存资本保证金。 第六条 保险公司应当选择两家（含）以上商业银行作为资本保证金的存放银行。存放银行应符合以下条件：（一）上年末净资产不少于300亿元人民币；（二）上年末资本充…,5020,已提取-可全文
RFN-T3-074,T3资本与偿付能力监管,国家金融监督管理总局关于印发保险公司监管评级办法的通知,金规[2025]1号,nfra,INCLUDE,中,人身保险公司,,,再保险公司|财产保险公司,[body]…年新设立的保险公司进行试评级。本办法所称保险公司，是指依法在中国境内设立的保险集团（控股）公司、财产保险公司、人身保险公司、再保险公司的法人机构和外国保险公司分公司。本办法所称监管机构，是指国家金融监督管理总局（以下简称金融监管总局…,8189,已提取-可全文
RFN-T3-075,T3资本与偿付能力监管,关于进一步贯彻落实新保险合同会计准则的通知,财会〔2025〕12号,mof,BOUNDARY,低,寿险,,,金融资产,[body]…要求偿还的金额，以及该金额与相关保险合同组合账面价值之间关联性的说明。企业选择不披露上述信息的，应当披露其全部寿险业务的现金价值。 （四）衔接规定。 1.首次执行新保险合同会计准则时，企业可以仅列报首次执行日前最近一个会计年…,15744,已提取-可全文
RFN-T3-076,T3资本与偿付能力监管,国家金融监督管理总局关于调整保险公司相关业务风险因子的通知,金规[2025]24号,nfra,BOUNDARY,低,,,保险公司|偿付能力,,[title]…国家金融监督管理总局关于调整保险公司相关业务风险因子的通知 国家金融监督管理总局文件各金融监管局，各保险集团（控股）公司、保险公司：经研究，现就保…,1338,已提取-可全文
RFN-T3-077,T3资本与偿付能力监管,中华人民共和国增值税法,N/A,gov,EXCLUDE,—,,,,,,54,已提取-缺正文
RFN-T4-001,T4公司治理与股权关联交易,关于印发《国有保险公司监事会检查报告报送程序规定》的通知（已废止）,保监发〔2003〕113号,nfra,BOUNDARY,低,人寿保险,,,,[meta]…公司监事会检查报告报送程序规定》的通知（已废止） 保监发〔2003〕113号。中国人保（控股）公司监事会、中国人寿保险（集团）公司监事会、中国再保险（集团）公司监事会、中国出口信用险公司监事会：。为规范国务院派驻国有保险公司监事…,1656,已提取-可全文
RFN-T4-002,T4公司治理与股权关联交易,关于“关联交易”范围界定的复函,保监厅函〔2005〕173号,nfra,BOUNDARY,低,,,保险公司,,[meta]…定的复函 保监厅函〔2005〕173号。三星火灾海上保险（中国）有限公司：。你公司《关于对<中华人民共和国外资保险公司管理条例>第二十条范围界定的请示》（三星保发〔2005〕13号）收悉。经研究，函复如下：。母、子公司间的交易属…,630,已提取-可全文
RFN-T4-003,T4公司治理与股权关联交易,关于印发《关于规范保险公司治理结构的指导意见（试行）》的通知,保监发〔2006〕2号,nfra,BOUNDARY,低,人身保险公司,,,,[body]…现代企业制度的要求， 逐步完善董事长与总经理设置， 健全制衡机制。  （二）强化关键岗位职责 1、 总精算师 人身保险公司应当设立总精算师职位。  总精算师既向管理层负责， 也向董事会负责， 并向中国保监会及时报告公司的重大风险隐患…,7887,已提取-可全文
RFN-T4-004,T4公司治理与股权关联交易,关于印发《寿险公司内部控制评价办法（试行）》的通知,保监发〔2006〕6号,nfra,INCLUDE,高,人寿保险公司|健康保险|养老保险公司|寿险,,,,[title]…关于印发《寿险公司内部控制评价办法（试行）》的通知 保监发〔2006〕6号。各保监局、各人寿保险公司、健康保险公司、养老保险…,23464,已提取-可全文
RFN-T4-005,T4公司治理与股权关联交易,关于《保险公司董事和高级管理人员任职资格管理规定》具体适用问题的通知（已失效）,保监发〔2006〕93号,nfra,BOUNDARY,低,,,保险公司|保险机构,,[title]…关于《保险公司董事和高级管理人员任职资格管理规定》具体适用问题的通知（已失效） 保监发〔2006〕93号。各保险公司、各保监…,2641,已提取-可全文
RFN-T4-006,T4公司治理与股权关联交易,关于印发《保险公司风险管理指引（试行）》的通知,保监发〔2007〕23号,nfra,BOUNDARY,低,,,保险公司|保险资产管理|偿付能力|分支机构,,[title]…关于印发《保险公司风险管理指引（试行）》的通知 保监发〔2007〕23号。各保险公司、保险资产管理公司，各保监局：。为强化保险公…,8381,已提取-可全文
RFN-T4-007,T4公司治理与股权关联交易,关于印发《保险公司独立董事管理暂行办法》的通知,保监发〔2007〕22号,nfra,BOUNDARY,低,,,保险公司|保险资产管理,,[title]…关于印发《保险公司独立董事管理暂行办法》的通知 保监发〔2007〕22号。各保险公司、保险资产管理公司，各保监局：。为健全保险公…,8507,已提取-可全文
RFN-T4-008,T4公司治理与股权关联交易,关于印发《保险公司关联交易管理暂行办法》的通知,保监发〔2007〕24号,nfra,BOUNDARY,低,,,保险公司|保险资产管理,,[title]…关于印发《保险公司关联交易管理暂行办法》的通知 保监发〔2007〕24号。各保险公司、保险资产管理公司，各保监局：。为强化保险公…,6286,已提取-可全文
RFN-T4-009,T4公司治理与股权关联交易,关于印发《保险公司内部审计指引（试行）》的通知,保监发〔2007〕26号,nfra,BOUNDARY,低,,,保险公司|保险资产管理,,[title]…关于印发《保险公司内部审计指引（试行）》的通知 保监发〔2007〕26号。各保险公司、保险资产管理公司，各保监局：。为加强保险监…,8497,已提取-可全文
RFN-T4-010,T4公司治理与股权关联交易,关于印发《保险公司合规管理指引》的通知,保监发〔2007〕91号,nfra,BOUNDARY,低,,,保险公司|保险公司分支机构|保险机构|保险资产管理|保险资金|分支机构,,[title]…关于印发《保险公司合规管理指引》的通知 保监发〔2007〕91号。各保险公司、保险资产管理公司，各保监局：。为了规范保险公司治理…,11886,已提取-可全文
RFN-T4-011,T4公司治理与股权关联交易,关于印发《关于规范保险公司章程的意见》的通知,保监发〔2008〕57号,nfra,BOUNDARY,低,人寿保险,,,,[body]…内控合规管理、内部审计等制度作出原则规定。 3、保险公司章程应当对公司的分立、合并、解散及清算作出规定。经营有人寿保险业务的保险公司章程不得规定法定情形以外的解散事由。 4、保险公司章程应当规定公司的通知和公告办法。 二、章程的…,9567,已提取-可全文
RFN-T4-012,T4公司治理与股权关联交易,关于印发《保险公司董事会运作指引》的通知,保监发〔2008〕58号,nfra,BOUNDARY,低,,,保险公司|保险资产管理,,[title]…关于印发《保险公司董事会运作指引》的通知 保监发〔2008〕58号。各保险公司、保险资产管理公司：。为规范董事会运作，提高董事会…,19353,已提取-可全文
RFN-T4-013,T4公司治理与股权关联交易,关于向保监会派出机构报送保险公司分支机构内部审计报告有关事项的通知,保监发〔2008〕56号,nfra,BOUNDARY,低,,,保险公司|保险公司分支机构|分支机构,,[title]…关于向保监会派出机构报送保险公司分支机构内部审计报告有关事项的通知 保监发〔2008〕56号。各保监局、各保险公司：。为落实《保险公司内部审计指引》关…,2450,已提取-可全文
RFN-T4-014,T4公司治理与股权关联交易,关于外资保险公司关联交易范围界定问题的复函,保监厅函[2008]280号,,—,—,,,,,,0,未在五源cleaned收录
RFN-T4-015,T4公司治理与股权关联交易,关于加强寿险公司内部控制自我评估工作有关问题的通知（已废止）,保监发〔2008〕16号,nfra,INCLUDE,高,人寿保险公司|人身保险|健康保险|养老保险公司|寿险,,,,[title]…关于加强寿险公司内部控制自我评估工作有关问题的通知（已废止） 保监发〔2008〕16号。各人寿保险公司、健康保险公司、养老…,5464,已提取-可全文
RFN-T4-016,T4公司治理与股权关联交易,关于《保险公司合规管理指引》具体适用有关事宜的通知,保监发〔2008〕29号,nfra,BOUNDARY,低,,,保险公司|保险公司分支机构|保险资产管理|分支机构,,[title]…关于《保险公司合规管理指引》具体适用有关事宜的通知 保监发〔2008〕29号。各保险公司、保险资产管理公司，各保监局，机关各…,4701,已提取-可全文
RFN-T4-017,T4公司治理与股权关联交易,关于执行《保险公司关联交易管理暂行办法》有关问题的通知,保监发〔2008〕88号,nfra,BOUNDARY,低,,,保险公司|保险资产管理|保险资金,,[title]…关于执行《保险公司关联交易管理暂行办法》有关问题的通知 保监发〔2008〕88号。各保险公司、保险资产管理公司：。为进一步加强关…,2025,已提取-可全文
RFN-T4-018,T4公司治理与股权关联交易,关于执行《保险公司董事和高级管理人员任职资格管理规定》若干问题的通知（已失效）,保监发〔2008〕83号,nfra,BOUNDARY,低,,,保险公司|保险机构,,[title]…关于执行《保险公司董事和高级管理人员任职资格管理规定》若干问题的通知（已失效） 保监发〔2008〕83号。各保险公司，各保监局，…,3591,已提取-可全文
RFN-T4-019,T4公司治理与股权关联交易,关于加强保险资产配置风险管理的通知,保监发〔2009〕17号,nfra,BOUNDARY,低,,,保险产品|保险公司|保险资产管理,,[meta]…关于加强保险资产配置风险管理的通知 保监发〔2009〕17号。各保险公司、保险资产管理公司:。当前，国际金融危机尚未见底，宏观经济和金融市场运行仍有一些不确定因素，各公司应根据全国保…,1988,已提取-可全文
RFN-T4-020,T4公司治理与股权关联交易,关于实施《保险公司财务负责人任职资格管理规定》有关事项的通知,保监发〔2009〕23号,nfra,BOUNDARY,低,,,保险公司|保险资产管理,,[title]…关于实施《保险公司财务负责人任职资格管理规定》有关事项的通知 保监发〔2009〕23号。各保险公司、保险资产管理公司:。《保险公…,2680,已提取-可全文
RFN-T4-021,T4公司治理与股权关联交易,关于印发《保险监管人员行为准则》和《保险从业人员行为准则》的通知,保监发〔2009〕24号,nfra,BOUNDARY,低,,,保险产品|保险公司|保险机构|保险资产管理|保险销售,,[meta]…险监管人员行为准则》和《保险从业人员行为准则》的通知 保监发〔2009〕24号。各保监局，保监会机关各部门，各保险公司、保险资产管理公司、保险中介公司，中国保险行业协会:。现将《保险监管人员行为准则》和《保险从业人员行为准则》印…,3773,已提取-可全文
RFN-T4-022,T4公司治理与股权关联交易,关于印发《保险集团公司管理办法（试行）》的通知,保监发〔2010〕29号,nfra,BOUNDARY,低,人寿保险,,,保险公估|保险经纪机构|商业银行,[meta]…关于印发《保险集团公司管理办法（试行）》的通知 保监发〔2010〕29号。中国人民保险集团股份有限公司、中国人寿保险（集团）公司、中国再保险（集团）股份有限公司、中国太平保险集团公司、中国平安保险（集团）股份有限公司、中国太平…,13570,已提取-可全文
RFN-T4-023,T4公司治理与股权关联交易,关于印发《保险公司内部控制基本准则》的通知,保监发〔2010〕69号,nfra,EXCLUDE,中,,,保单|保险产品|保险公司|保险公司分支机构|保险资产管理|保险资金|偿付能力|分支机构,再保险公司,[body]…的，应当追究其责任。 第五章 附则 第五十九条 本准则适用于在中华人民共和国境内成立的保险公司。保险集团公司、再保险公司和保险资产管理公司的内部控制，参照本准则执行。 第六十条 中国保监会依据本准则的规定制定控制活动的应用规范。…,25678,已提取-可全文
RFN-T4-024,T4公司治理与股权关联交易,中国保监会关于印发《保险公司董事及高级管理人员审计管理办法》的通知,保监发〔2010〕78号,nfra,BOUNDARY,低,,,保险公司|保险公司分支机构|保险机构|保险资产管理,,[title]…中国保监会关于印发《保险公司董事及高级管理人员审计管理办法》的通知 保监发〔2010〕78号。各保险公司、各保监局：。为加强对保险公司董事…,7013,已提取-可全文
RFN-T4-025,T4公司治理与股权关联交易,中国保监会关于印发《人身保险公司全面风险管理实施指引》的通知,保监发〔2010〕89号,nfra,INCLUDE,高,人寿保险公司|人身保险|人身保险公司|健康保险|健康险公司|养老保险公司|寿险,,,,[title]…中国保监会关于印发《人身保险公司全面风险管理实施指引》的通知 保监发〔2010〕89号。各寿险公司、健康保险公司、养老保险公司：。为加强人身保…,19922,已提取-可全文
RFN-T4-026,T4公司治理与股权关联交易,关于重大关联交易认定有关事宜的复函,保监发改[2010]1199号,,—,—,,,,,,0,未在五源cleaned收录
RFN-T4-027,T4公司治理与股权关联交易,中国保监会关于印发《保险资金投资股权暂行办法》的通知,保监发〔2010〕79号,nfra,BOUNDARY,低,人寿保险公司,,,商业银行|财产保险公司,[body]…以运用资本金或者与投资资产期限相匹配的责任准备金； （三）间接投资股权，可以运用资本金和保险产品的责任准备金。人寿保险公司运用万能、分红和投资连结保险产品的资金，财产保险公司运用非寿险非预定收益投资型保险产品的资金，应当满足产品特性…,16994,已提取-可全文
RFN-T4-028,T4公司治理与股权关联交易,关于规范报送《保险公司治理报告》的通知,保监发改〔2010〕169号,nfra,BOUNDARY,低,,,保险公司|保险资产管理,,[title]…关于规范报送《保险公司治理报告》的通知 保监发改〔2010〕169号。各保险公司、保险资产管理公司：。为进一步完善公司治理结构，规范…,860,已提取-可全文
RFN-T4-029,T4公司治理与股权关联交易,关于贯彻实施《保险公司董事及高级管理人员审计管理办法》有关事项的通知,保监发〔2012〕102号,nfra,BOUNDARY,低,,,保险公司,,[title]…关于贯彻实施《保险公司董事及高级管理人员审计管理办法》有关事项的通知 保监发〔2012〕102号。各保险公司：。为进一步规范高管人员…,2440,已提取-可全文
RFN-T4-030,T4公司治理与股权关联交易,关于印发《人身保险公司年度全面风险管理报告框架》及风险监测指标的通知,保监寿险〔2012〕193号,nfra,INCLUDE,高,人身保险公司|健康保险|养老保险公司|寿险,,,,[title]…关于印发《人身保险公司年度全面风险管理报告框架》及风险监测指标的通知 保监寿险〔2012〕193号。各寿险公司、健康保险公司、养老保…,4600,已提取-可全文
RFN-T4-031,T4公司治理与股权关联交易,关于贯彻实施《保险公司薪酬管理规范指引（试行）》有关事项的通知,保监发〔2012〕101号,nfra,EXCLUDE,中,,,保险公司|保险资产管理,再保险公司,[body]…”是指保监会每年第4季度对保险公司法人机构进行的分类评价结果。 （二）保险集团（控股）公司、保险资产管理公司和再保险公司不适用于《指引》第19条的有关规定，可以由公司根据自身情况和风险考核结果对相关人员薪酬进行调整。 六、关于薪酬…,2511,已提取-可全文
RFN-T4-032,T4公司治理与股权关联交易,关于印发《保险公司薪酬管理规范指引（试行）》的通知,保监发〔2012〕63号,nfra,EXCLUDE,中,,,保险公司|保险资产管理|偿付能力,再保险公司,[body]…（七）财务风险指标。 每类风险指标的构成参照中国保监会有关分类监管的规定确定。保险集团公司、保险资产管理公司和再保险公司风险合规指标由公司根据自身情况和有关监管规定确定。 第十八条  保险公司应当制定规范的考核流程，按照“层层负责…,9855,已提取-可全文
RFN-T4-033,T4公司治理与股权关联交易,中国保监会关于《保险公司股权管理办法》第四条有关问题的通知,保监发〔2013〕29号,nfra,BOUNDARY,低,,,保险公司|保险资产管理,,[title]…中国保监会关于《保险公司股权管理办法》第四条有关问题的通知 保监发〔2013〕29号。各保险公司、保险资产管理公司，各保监局：。为优化…,1949,已提取-可全文
RFN-T4-034,T4公司治理与股权关联交易,中国保监会关于印发《保险公司资金运用信息披露准则第1号：关联交易》的通知,保监发〔2014〕44号,nfra,BOUNDARY,低,,,保险公司|保险资产管理|保险资金,,[title]…中国保监会关于印发《保险公司资金运用信息披露准则第1号：关联交易》的通知 保监发〔2014〕44号。各保险集团（控股）公司、保险公司、保险…,3646,已提取-可全文
RFN-T4-035,T4公司治理与股权关联交易,中国保监会关于印发《保险资金运用内控与合规计分监管规则》的通知,保监发〔2014〕54号,nfra,BOUNDARY,低,,,保险公司|保险机构|保险资产管理|保险资金|偿付能力,,[title]…中国保监会关于印发《保险资金运用内控与合规计分监管规则》的通知 保监发〔2014〕54号。各保险集团（控股）公司、保险公司、保险资产管理公…,8950,已提取-可全文
RFN-T4-036,T4公司治理与股权关联交易,中国保监会关于印发《保险集团并表监管指引》的通知,保监发[2014]96号,,—,—,,,,,,0,未在五源cleaned收录
RFN-T4-037,T4公司治理与股权关联交易,中国保监会关于印发《保险公司声誉风险管理指引》的通知,保监发〔2014〕15号,nfra,BOUNDARY,低,,,保险公司|保险资产管理|偿付能力|分支机构,,[title]…中国保监会关于印发《保险公司声誉风险管理指引》的通知 保监发〔2014〕15号。各保监局、各保险公司、保险资产管理公司、中国保险行业协会：…,7163,已提取-可全文
RFN-T4-038,T4公司治理与股权关联交易,中国保监会关于加强保险公司再保险关联交易信息披露工作的通知,保监发〔2015〕44号,nfra,EXCLUDE,中,,,保险公司,,,1221,已提取-可全文
RFN-T4-039,T4公司治理与股权关联交易,中国保监会关于印发《保险机构董事、监事和高级管理人员培训管理办法》的通知,保监发〔2015〕43号,nfra,EXCLUDE,中,,,保险公司|保险机构|保险消费者|保险资产管理|保险资金|偿付能力|分支机构,保险公估|保险经纪机构,[body]…，按期完成信息反馈、资料报送等工作。 第四十四条  经中国保监会批准设立的全国性保险专业代理机构及其分支机构、保险经纪机构及其分支机构、保险公估机构及其分支机构、其它保险组织参照执行本办法。 第四十五条  本办法由中国保监会负责解释…,9896,已提取-可全文
RFN-T4-040,T4公司治理与股权关联交易,中国保监会关于印发《保险资金运用内部控制指引》及应用指引的通知,保监发〔2015〕114号,nfra,BOUNDARY,低,,,保险公司|保险机构|保险资产管理|保险资金,,[title]…中国保监会关于印发《保险资金运用内部控制指引》及应用指引的通知 保监发〔2015〕114号。各保险集团（控股）公司、保险公司、保险资产管理…,1779,已提取-可全文
RFN-T4-041,T4公司治理与股权关联交易,中国保监会关于进一步规范报送《保险公司治理报告》的通知,保监发改〔2015〕95号,nfra,BOUNDARY,低,,,保险公司|保险资产管理,,[title]…中国保监会关于进一步规范报送《保险公司治理报告》的通知 保监发改〔2015〕95号。各保险集团（控股）公司、保险公司、保险资产管理公司：。为进一步简…,2654,已提取-可全文
RFN-T4-042,T4公司治理与股权关联交易,中国保监会关于印发《关于规范保险机构董事、监事和高级管理人员任职资格考试工作的实施方案》的通知,保监发〔2015〕122号,nfra,BOUNDARY,低,人身保险公司,,,再保险公司|财产保险公司,[body]…监会对拟任职务的资格条件有特别规定的除外。  根据经营性质， 保险机构类别分为保险集团公司、 财产保险公司、 人身保险公司、 资产管理公司、 再保险公司、 专属自保公司、 相互保险组织等 7 类； 根据工作性质， 岗位类别分为董事、…,6205,已提取-可全文
RFN-T4-043,T4公司治理与股权关联交易,中国保监会关于印发《保险机构内部审计工作规范》的通知,保监发〔2015〕113号,nfra,EXCLUDE,中,,,保险公司|保险机构|保险资产管理|分支机构,再保险公司,[body]…二条  本规范所称保险机构是指在中华人民共和国境内依法设立的保险集团（控股）公司、保险公司、保险资产管理公司、再保险公司及其分支机构等。 经保险监督管理部门批准设立的其他保险机构可参照执行本规范。 保险监督管理部门有IT审计专门规…,13615,已提取-可全文
RFN-T4-044,T4公司治理与股权关联交易,中国保监会关于加强保险公司筹建期治理机制有关问题的通知,保监发〔2015〕61号,nfra,BOUNDARY,低,,,保险公司|保险资产管理,,[title]…中国保监会关于加强保险公司筹建期治理机制有关问题的通知 保监发〔2015〕61号。各保险集团（控股）公司、保险公司、保险资产管理公司筹备…,3460,已提取-可全文
RFN-T4-045,T4公司治理与股权关联交易,中国保监会关于进一步规范保险公司关联交易有关问题的通知,保监发〔2015〕36号,nfra,BOUNDARY,低,人身保险公司,,,再保险公司|商业银行|金融资产,[body]…公司对关联方的全部投资余额，合计不得超过保险公司上季末总资产的30%，并不得超过保险公司上季末净资产。 在计算人身保险公司和再保险公司总资产时，其高现金价值产品对应的资产按50%折算。 四、保险公司重大关联交易应由董事会批准的，董事…,3417,已提取-可全文
RFN-T4-046,T4公司治理与股权关联交易,中国保监会关于进一步加强保险公司股权信息披露有关事项的通知,保监发〔2016〕62号,nfra,BOUNDARY,低,,,保险公司|保险资产管理,,[title]…中国保监会关于进一步加强保险公司股权信息披露有关事项的通知 保监发〔2016〕62号。各保险集团（控股）公司、保险公司、保险资产管理公司：。为…,2114,已提取-可全文
RFN-T4-047,T4公司治理与股权关联交易,中国保监会关于印发《保险公司资金运用信息披露准则第4号：大额未上市股权和大额不动产投资》的通知,保监发〔2016〕36号,nfra,BOUNDARY,低,,,保险公司|保险资产管理|保险资金|偿付能力,,[title]…中国保监会关于印发《保险公司资金运用信息披露准则第4号：大额未上市股权和大额不动产投资》的通知 保监发〔2016〕36号。各保险集团（控股…,8941,已提取-可全文
RFN-T4-048,T4公司治理与股权关联交易,中国保监会关于印发《保险机构董事、监事和高级管理人员任职资格考试管理暂行办法》的通知,保监发〔2016〕6号,nfra,BOUNDARY,低,人身保险公司,,,再保险公司|财产保险公司,[body]…构董事、 监事和高级管理人员任职资格的重要依据。  第三条  保险机构类别分为保险集团公司、 财产保险公司、 人身保险公司、 资产管理公司、 再保险公司、 专属自保公司、 相互保险组织等 7 类。  第四条  岗位类别分为董事、 监…,5216,已提取-可全文
RFN-T4-049,T4公司治理与股权关联交易,中国保监会关于印发《保险公司合规管理办法》的通知,保监发〔2016〕116号,nfra,INCLUDE,中,,保险销售从业人员,保险产品|保险公司|保险公司分支机构|保险资产管理|保险销售|分支机构,,[body]…部、营销服务部以及各类专属机构。 本办法所称保险从业人员，是指保险公司工作人员以及其他为保险公司销售保险产品的保险销售从业人员。 第四十一条  本办法由中国保监会负责解释。 第四十二条  本办法自2017年7月1日起施行。中国保监会20…,12770,已提取-可全文
RFN-T4-050,T4公司治理与股权关联交易,中国保监会关于进一步加强保险公司合规管理工作有关问题的通知,保监发〔2016〕38号,nfra,BOUNDARY,低,,,保险公司|保险资产管理|分支机构,,[title]…中国保监会关于进一步加强保险公司合规管理工作有关问题的通知 保监发〔2016〕38号。机关各部门，各保监局，各保险公司、保险资产管理公司：。为…,3468,已提取-可全文
RFN-T4-051,T4公司治理与股权关联交易,中国保监会关于进一步加强保险公司关联交易信息披露工作有关问题的通知,保监发〔2016〕52号,nfra,BOUNDARY,低,,,保险公司|保险消费者|保险资产管理,,[title]…中国保监会关于进一步加强保险公司关联交易信息披露工作有关问题的通知 保监发〔2016〕52号。各保监局，各保险集团（控股）公司、保险公司、保险…,4056,已提取-可全文
RFN-T4-052,T4公司治理与股权关联交易,中国保监会关于进一步加强保险公司关联交易管理有关事项的通知,保监发〔2017〕52号,nfra,BOUNDARY,低,,,保险公司|保险机构|保险消费者|保险资产管理|保险资金,,[title]…中国保监会关于进一步加强保险公司关联交易管理有关事项的通知 保监发〔2017〕52号   各保险集团（控股）公司、保险公司、保险资产管理公司、…,4003,已提取-可全文
RFN-T4-053,T4公司治理与股权关联交易,中国人民反洗钱局关于印发《法人金融机构洗钱和恐怖融资风险管理指引（试行）》的通知,银反洗发[2018]19号,,—,—,,,,,,0,未在五源cleaned收录
RFN-T4-054,T4公司治理与股权关联交易,关于加强保险资金股权投资事后报告监管机制有关事项的通知,资金部函〔2018〕34,,—,—,,,,,,0,未在五源cleaned收录
RFN-T4-055,T4公司治理与股权关联交易,关于印发《保险资金股权投资信息报告监管口径》的通知,资金部函（2018）35号,,—,—,,,,,,0,未在五源cleaned收录
RFN-T4-056,T4公司治理与股权关联交易,保险公司股权管理办法,保监会令〔2018〕5号,nfra,BOUNDARY,低,,,保险公司|保险机构|保险资产管理|保险资金|偿付能力,,[title]…保险公司股权管理办法 保监会令〔2018〕5号。《保险公司股权管理办法》已经2018年2月7日中国保险监督管理委员会主…,25246,已提取-可全文
RFN-T4-057,T4公司治理与股权关联交易,保险公司董事、监事和高级管理人员任职资格管理规定,中国银行保险监督管理委员会令[2021]6号,nfra,BOUNDARY,低,人身保险公司,,,再保险公司|财产保险公司,[body]…公司，是指经银保监会批准设立，并依法登记注册的商业保险公司。本规定所称同类保险公司，是指同属财产保险公司、同属人身保险公司或者同属再保险公司。专属机构高级管理人员任职资格管理，由银保监会另行规定。第四条 本规定所称高级管理人员，是指…,15899,已提取-可全文
RFN-T4-058,T4公司治理与股权关联交易,银行保险机构董事监事履职评价办法（试行）,中国银行保险监督管理委员会令[2021]5号,nfra,BOUNDARY,低,人身保险公司,,,再保险公司|商业银行|财产保险公司|银行业,[body]…份制商业银行、城市商业银行、民营银行、农村商业银行、外资银行、保险集团（控股）公司、财产保险公司、再保险公司、人身保险公司。未设立监事会的银行保险机构，以及中国银保监会负责监管的其他金融机构参照适用本办法。法律、行政法规或规章对外资…,17886,已提取-可全文
RFN-T4-059,T4公司治理与股权关联交易,保险集团公司监督管理办法,中国银行保险监督管理委员会令[2021]13号,nfra,EXCLUDE,中,,,保单|保险公司|保险机构|保险消费者|保险资产管理|保险资金|偿付能力|分支机构,保险公估|保险经纪机构|商业银行,[body]…条 保险集团公司可以投资下列保险类企业： （一）保险公司； （二）保险资产管理机构； （三）保险专业代理机构、保险经纪机构和保险公估机构； （四）银保监会批准设立的其他保险类企业。 第十六条 保险集团公司可以投资非保险类金融企业。…,27519,已提取-可全文
RFN-T4-060,T4公司治理与股权关联交易,中国保险行业协会关于印发《保险公司股东权利义务手册》的通知,中保协发〔2022〕12号,,—,—,,,,,,0,未在五源cleaned收录
RFN-T4-061,T4公司治理与股权关联交易,银行保险机构操作风险管理办法,国家金融监督管理总局令[2023]5号,nfra,EXCLUDE,中,,,保险公司|保险机构|保险资产管理|偿付能力|分支机构,信托公司|再保险公司|商业银行|金融资产|银行业,[meta]…险机构操作风险管理办法 第一章  总  则 第一条  为提高银行保险机构操作风险管理水平，根据《中华人民共和国银行业监督管理法》《中华人民共和国商业银行法》《中华人民共和国保险法》等法律法规，制定本办法。第二条  本办法所称操…,21978,已提取-可全文
RFN-T4-062,T4公司治理与股权关联交易,国家金融监督管理总局办公厅关于印发《保险资金运用内部控制应用指引（第4号—第6号）》的通知,金办发[2024]122号,nfra,BOUNDARY,低,,,保险公司|保险机构|保险资产管理|保险资金|偿付能力,,[title]…国家金融监督管理总局办公厅关于印发《保险资金运用内部控制应用指引（第4号—第6号）》的通知 国家金融监督管理总局办公厅各金融监管局，各保险集团（控股）公司…,28209,已提取-可全文
RFN-T4-063,T4公司治理与股权关联交易,金融机构合规管理办法,国家金融监督管理总局令[2024]7号,nfra,EXCLUDE,中,,,保险公司|保险资产管理|分支机构,信托公司|再保险公司|商业银行|金融资产|银行业,[meta]…理办法 金融机构合规管理办法第一章  总  则 第一条  为提高金融机构依法合规经营能力，根据《中华人民共和国银行业监督管理法》《中华人民共和国商业银行法》《中华人民共和国保险法》《中华人民共和国信托法》等法律法规，制定本办法…,17823,已提取-可全文
RFN-T4-064,T4公司治理与股权关联交易,保险公司资金运用关联交易管理制度标准,中国保险行业协会　2024年1月,,—,—,,,,,,0,未在五源cleaned收录
RFN-T4-065,T4公司治理与股权关联交易,保险机构资金运用关联交易自律规则,中国保险行业协会　2024年1月,,—,—,,,,,,0,未在五源cleaned收录
RFN-T4-066,T4公司治理与股权关联交易,国家金融监督管理总局关于公司治理监管规定与公司法衔接有关事项的通知,金规[2024]23号,nfra,BOUNDARY,低,,,保险公司|保险资产管理,金融资产|银行业金融机构,[meta]…型银行、股份制银行、外资银行、直销银行、金融资产管理公司、金融资产投资公司、理财公司，各保险集团（控股）公司、保险公司、保险资产管理公司、养老金管理公司、保险专业中介机构，各金融控股公司：为做好公司治理监管规定与《中华人民共和国…,1394,已提取-可全文
RFN-T4-067,T4公司治理与股权关联交易,国家金融监督管理总局关于保险资金未上市企业重大股权投资有关事项的通知,金规[2025]10号,nfra,BOUNDARY,低,,,保险公司|保险机构|保险资产管理|保险资金,,[title]…国家金融监督管理总局关于保险资金未上市企业重大股权投资有关事项的通知 各金融监管局，各保险集团（控股）公司、保险公司、保险资产管理公司：各金融…,4809,已提取-可全文
RFN-T4-068,T4公司治理与股权关联交易,国家金融监督管理总局办公厅关于进一步扩大金融资产投资公司股权投资试点的通知,金办发〔2025】19号,supp,EXCLUDE,中,,,保险公司|保险资产管理|保险资金,商业银行|金融资产,[title]…国家金融监督管理总局办公厅关于进一步扩大金融资产投资公司股权投资试点的通知 扩大金融资产投资公司股权投资试点范围至试点城市所在省份，支持险资等依法合规参与。…,1652,已提取-可全文
RFN-T4-069,T4公司治理与股权关联交易,国家金融监督管理总局关于印发《保险集团并表监督管理办法》的通知,金规[2025]11号,nfra,BOUNDARY,低,,,偿付能力,,[body]…并定期对金融子公司开展资本充足评估，确保保险集团资本能充分抵御风险，满足业务发展需要。保险集团资本计量应当按照偿付能力监管规则要求，避免资本重复计算，减少过度杠杆风险。第二十三条 保险集团公司应当充分考虑集团整体层面资产与负债的…,10194,已提取-可全文
RFN-T4-070,T4公司治理与股权关联交易,国家金融监督管理总局办公厅关于印发《保险集团集中度风险监管指引》的通知,金办发[2025]10号,nfra,BOUNDARY,低,,,偿付能力,,[body]…管理职责分工、应急管理程序、风险缓释工具等规范要求。在各类集中度风险已经或预计发生重大风险，可能对集团流动性、偿付能力、声誉等产生重大冲击时，保险集团公司须制定应急管理与风险缓释方案并严格执行，有效控制和缓释风险。保险集团应针对…,7652,已提取-可全文
RFN-T4-071,T4公司治理与股权关联交易,关于加强保险资金风险管理的意见,N/A,nfra,EXCLUDE,中,,,保险产品|保险公司|保险机构|保险资产管理|保险资金,商业银行,[body]…运用、全程监控的资金归集管理制度，切实履行资产的战略配置、投资监控和绩效评估等职责。要按照国家有关规定，与有关商业银行签定托管协议，明确双方职责，委托银行办理托管资产存管、清算交割、资产估值、投资监督等事务，稳步实施保险资产的第…,8685,已提取-可全文
RFN-T4-072,T4公司治理与股权关联交易,保险公司控股股东管理办法,N/A,nfra,BOUNDARY,低,,,保险公司|偿付能力,,[title]…保险公司控股股东管理办法　  保监会令2012年第1号。《保险公司控股股东管理办法》已经2012年7月10日中国保险监…,7580,已提取-可全文
RFN-T4-073,T4公司治理与股权关联交易,保险公司财务负责人任职资格管理规定,N/A,nfra,BOUNDARY,低,,,保险公司|保险资产管理|偿付能力,,[title]…保险公司财务负责人任职资格管理规定 保监会令2008年第4号。《保险公司财务负责人任职资格管理规定》已经2008年12…,7741,已提取-可全文
RFN-T4-074,T4公司治理与股权关联交易,财政部 证监会 审计署 银监会 保监会关于印发《企业内部控制基本规范》的通知,N/A,nfra,EXCLUDE,—,,,,,,78,已提取-缺正文
RFN-T4-075,T4公司治理与股权关联交易,企业会计准则关联方关系及其交易的披露,,supp,EXCLUDE,—,,,,,,3772,已提取-可全文
RFN-T4-076,T4公司治理与股权关联交易,中华人民共和国公司法,N/A,pbc,EXCLUDE,中,,,分支机构,证券公司,[body]…的起止期限及逾期未募足时认股人可以撤回所认股份的说明。 第八十七条 发起人向社会公开募集股份，应当由依法设立的证券公司承销，签订承销协议。 第八十八条 发起人向社会公开募集股份，应当同银行签订代收股款协议。 代收股款的银行应当按…,52343,已提取-可全文
RFN-T4-077,T4公司治理与股权关联交易,关于印发《保险公司内部控制制度建设指导原则》的通知（已废止）,保监发[1999]131号,nfra,BOUNDARY,低,人寿保险公司,保险代理人,,,[body]…制 第十八条保险公司应制定关于保险产品开发的管理制度，定期对保险条款、保险费率及其实施办法进行清理。 第十九条人寿保险公司应建立规范的精算制度，配备合格的精算人员。 第二十条保险公司条款、费率、保险凭证格式以及业务宣传材料的设计、开…,10128,已提取-可全文
RFN-T4-078,T4公司治理与股权关联交易,关于修改《保险公司高级管理人员任职资格管理规定》有关条文的决定,N/A,nfra,BOUNDARY,低,,,保险公司|分支机构,,[title]…关于修改《保险公司高级管理人员任职资格管理规定》有关条文的决定 保监会令（2003）2号　2003年7月23日。为适应保险业快速…,2669,已提取-可全文
RFN-T4-079,T4公司治理与股权关联交易,保险公司高级管理人员任职资格管理规定,N/A,nfra,BOUNDARY,低,,,保险公司|保险公司分支机构|保险机构|分支机构,,[title]…保险公司高级管理人员任职资格管理规定 保监会令（2002）2号　2002年3月1日。第一章　总则。第一条　为加强对保险…,9157,已提取-可全文
RFN-T4-080,T4公司治理与股权关联交易,保险公司董事和高级管理人员任职资格管理规定,N/A,nfra,BOUNDARY,低,,,保险公司|保险公司分支机构|保险机构|保险条款|分支机构,,[title]…保险公司董事和高级管理人员任职资格管理规定 2006年第4号。《保险公司董事和高级管理人员任职资格管理规定》已经200…,12684,已提取-可全文
RFN-T5-001,T5资金运用与资产负债管理,关于规范保险公司公布资金运用收益信息行为的通知,保监发〔2002〕127号,nfra,BOUNDARY,低,,,保单|保险公司,,[title]…关于规范保险公司公布资金运用收益信息行为的通知 保监发〔2002〕127号。各保险公司：。近年来，保险公司为加强宣传，提升公司…,2236,已提取-可全文
RFN-T5-002,T5资金运用与资产负债管理,关于重新修订《保险公司投资证券投资基金管理暂行办法》的通知,保监发〔2003〕6号,nfra,BOUNDARY,低,寿险,,,,[body]…的比例投资基金。  第十条 保险公司经批准开办的投资连结保险可以设立投资基金比例为 100%的投资账户， 万能寿险可以设立投资基金比例最高为 80%的投资账户。 投资账户的设立、 合并、 撤消、 变更应符合我会的有关规定。…,4238,已提取-可全文
RFN-T5-003,T5资金运用与资产负债管理,保险资金境外投资管理暂行办法,人民银行令〔2004〕9号,nfra,EXCLUDE,中,,,保单|保险产品|保险公司|保险机构|保险资产管理|保险资金|偿付能力|分支机构,商业银行,[body]…监会规定条件的专业投资管理机构。 本办法所称托管人，是指在中华人民共和国境内依法设立，符合中国保监会规定条件的商业银行和其他金融机构。担任托管人的商业银行包括中资银行、中外合资银行、外商独资银行和外国银行分行。 第三条 本办法所…,19296,已提取-可全文
RFN-T5-004,T5资金运用与资产负债管理,关于印发《保险资金运用风险控制指引（试行）》的通知,保监发〔2004〕43号,nfra,BOUNDARY,低,,,保险公司|保险公司分支机构|保险资产管理|保险资金|偿付能力,,[title]…关于印发《保险资金运用风险控制指引（试行）》的通知 保监发〔2004〕43号。各保险公司、各保险资产管理公司：。为规范保险资金运…,18209,已提取-可全文
RFN-T5-005,T5资金运用与资产负债管理,关于保险资产管理公司编报2003年年度报告有关问题的通知（已失效）,保监财会[2004]59号,nfra,BOUNDARY,低,寿险,,,,[body]…润表、受托资金来源与运用表、受托资金投资收益表的格式以及《企业会计制度》中的现金流量表格式编制财务报表。对接受寿险公司委托投资的分红保险资金、投资连结保险资金及其他寿险资金，资产管理公司应分别进行投资和核算。 六、现对有关报…,3631,已提取-可全文
RFN-T5-006,T5资金运用与资产负债管理,关于印发《保险公司股票资产托管指引（试行）》的通知,保监发〔2005〕16号,nfra,EXCLUDE,中,,,保险公司|保险机构|保险资产管理|保险资金,商业银行|银行业,[meta]…于印发《保险公司股票资产托管指引（试行）》的通知 保监发〔2005〕16号。各保险公司、保险资产管理公司，国有商业银行、股份制商业银行、外资银行、各银监局：。为落实《保险机构投资者股票投资管理暂行办法》，规范保险公司股票资产托管…,7322,已提取-可全文
RFN-T5-007,T5资金运用与资产负债管理,关于保险机构投资者股票投资有关问题的通知,保监发〔2005〕14号,nfra,INCLUDE,中,寿险,,,商业银行,[meta]…行）》（以下简称《托管指引》）等规定，现将保险机构投资者股票投资有关问题通知如下：。一、保险公司应当根据产险、寿险资金的特性，制定股票投资策略方案，并向中国保监会提出股票投资业务申请。 N/A 政策规章规范性文件 N/A N…,4064,已提取-可全文
RFN-T5-008,T5资金运用与资产负债管理,关于保险机构投资者股票投资交易有关问题的通知,保监发〔2005〕13号,nfra,BOUNDARY,低,,,万能保险|保险产品|保险公司|保险机构|保险资产管理|保险资金|分红保险|投资连结保险,,[title]…关于保险机构投资者股票投资交易有关问题的通知 保监发〔2005〕13号。各保险公司、保险资产管理公司，上海、深圳证券交易所…,9272,已提取-可全文
RFN-T5-009,T5资金运用与资产负债管理,关于保险资产管理公司2004年年度报告编报工作有关问题的通知（已失效）,保监财会〔2005〕95号,nfra,BOUNDARY,低,寿险,,,,[body]…司的自有资产和受托资产、不同委托人委托管理的资产应分开管理、分别核算。对接受保险公司委托投资的次级债募集资金、寿险公司委托投资的分红保险资金、投资连结保险资金、万能保险资金以及其他寿险资金，保险资产管理公司应分别进行投资和核…,2284,已提取-可全文
RFN-T5-010,T5资金运用与资产负债管理,关于印发《保险保障基金内部管理规定（试行）》和《保险保障基金会计核算办法（试行）》的通知,保监财会〔2005〕770号,nfra,EXCLUDE,—,,,,,,502,已提取-可全文
RFN-T5-011,T5资金运用与资产负债管理,关于缴纳保险保障基金有关问题的通知,保监发〔2005〕26号,nfra,BOUNDARY,低,人寿保险公司|健康保险|寿险,,,再保险公司|财产保险公司,[meta]…法》），现将有关事项通知如下：。一、保险保障基金专门帐户。中国保监会在中国工商银行开立了财产保险公司保障基金和人寿保险公司保障基金两个专户。 N/A 政策规章规范性文件 N/A N/A 保监发〔2005〕26 号 各保险公司： 为了…,2372,已提取-可全文
RFN-T5-012,T5资金运用与资产负债管理,关于保险保障基金汇算清缴有关问题的通知,保监发〔2006〕18号,nfra,BOUNDARY,低,,,保险公司,,[meta]…关于保险保障基金汇算清缴有关问题的通知 保监发〔2006〕18号。各保险公司：。为了做好保险保障基金的汇算清缴工作，根据《保险保障基金管理办法》（保监会令〔2004〕16号）和《关于缴纳…,1774,已提取-可全文
RFN-T5-013,T5资金运用与资产负债管理,关于规范保险保障基金缴纳工作有关问题的通知,保监财会〔2006〕1294号,nfra,BOUNDARY,低,,,保单|保险公司,,[meta]…关于规范保险保障基金缴纳工作有关问题的通知 保监财会〔2006〕1294号。各保险公司：。为规范保险保障基金的缴纳工作，维护公平、合理的缴纳秩序，切实保护保单持有人利益，根据《中华人民共和国保险法…,3417,已提取-可全文
RFN-T5-014,T5资金运用与资产负债管理,关于股票投资有关问题的通知,保监发〔2007〕44号,nfra,BOUNDARY,低,,,万能保险|保险产品|保险公司|保险机构|保险资产管理|投资连结保险,,[meta]…关于股票投资有关问题的通知 保监发〔2007〕44号。各保险公司、保险资产管理公司：。为进一步加强股票投资管理，改善资产配置，优化资产结构，分散投资风险，根据《保险机构投资者…,2068,已提取-可全文
RFN-T5-015,T5资金运用与资产负债管理,关于印发《保险资产管理重大突发事件应急管理指引》的通知,保监发〔2007〕42号,nfra,BOUNDARY,低,,,保险公司|保险机构|保险资产管理|保险资金|偿付能力|分支机构,,[title]…关于印发《保险资产管理重大突发事件应急管理指引》的通知 保监发〔2007〕42号。各保险公司、保险资产管理公司：。为加强保险资产管理…,8700,已提取-可全文
RFN-T5-016,T5资金运用与资产负债管理,关于缴纳保险保障基金有关事项的通知,保监发〔2008〕116号,nfra,INCLUDE,中,人寿保险公司|人身保险|健康保险|养老保险公司,,,再保险公司|财产保险公司,[body]…式，现将有关事项通知如下： 一、保险保障基金的汇缴专户 保险保障基金公司在中国工商银行开立了财产保险保障基金和人身保险保障基金两个专户。财产保险公司应将保险保障基金缴入中国保险保障基金有限责任公司财产保险保障基金专户（以下简称“…,5135,已提取-可全文
RFN-T5-017,T5资金运用与资产负债管理,关于保险资产管理公司年度财务报告有关问题的通知,保监发〔2008〕31号,nfra,BOUNDARY,低,,,保险资产管理|保险资金,,[title]…关于保险资产管理公司年度财务报告有关问题的通知 保监发〔2008〕31号。各保险资产管理公司：。近期，财政部发布《关于印发保险…,1938,已提取-可全文
RFN-T5-018,T5资金运用与资产负债管理,关于加强保险机构债券回购业务管理的通知,保监发〔2009〕106号,nfra,BOUNDARY,低,,,保险产品|保险公司|保险机构|保险资产管理|偿付能力,,[title]…关于加强保险机构债券回购业务管理的通知 保监发〔2009〕106号。各保险公司、保险资产管理公司：。为加强保险机构债券回购业务…,2998,已提取-可全文
RFN-T5-019,T5资金运用与资产负债管理,关于规范保险机构股票投资业务的通知,保监发〔2009〕45号,nfra,BOUNDARY,低,,,保险产品|保险公司|保险机构|保险资产管理|保险资金|偿付能力,,[title]…关于规范保险机构股票投资业务的通知 保监发〔2009〕45号。各保险公司、保险资产管理公司:。为支持资本市场改革发展，提高保险…,2806,已提取-可全文
RFN-T5-020,T5资金运用与资产负债管理,关于试行养老保障委托管理业务有关事项的通知,保监发〔2009〕129号,nfra,INCLUDE,中,养老保险|养老保险公司|寿险,,,商业银行,[meta]…关于试行养老保障委托管理业务有关事项的通知 保监发〔2009〕129号。各保监局、各养老保险公司：。为促进保险业积极参与构建多层次养老保障体系，推动养老保险专业化发展，我会决定由养老保险公司试行养老保障委托…,4899,已提取-可全文
RFN-T5-021,T5资金运用与资产负债管理,中国保监会关于印发《保险资金投资不动产暂行办法》的通知,保监发〔2010〕80号,nfra,EXCLUDE,中,,,保险公司|保险资产管理|保险资金|偿付能力,商业银行,[body]…近三年未发现重大违法违规行为； （七）中国保监会规定的其他审慎性条件。 为保险资金投资不动产提供资产托管服务的商业银行，应当接受中国保监会涉及保险资金投资的质询，并报告有关情况。 第三章 投资标的与投资方式 第十一条 保险资金可…,15543,已提取-可全文
RFN-T5-022,T5资金运用与资产负债管理,中国保监会关于印发《保险公司资金运用统计制度》的通知,保监发〔2010〕86号,nfra,BOUNDARY,低,,,保险公司|保险资产管理,,[title]…中国保监会关于印发《保险公司资金运用统计制度》的通知 保监发〔2010〕86号。各保险集团（控股）公司、保险公司、保险资产管理公司：。为全…,1766,已提取-可全文
RFN-T5-023,T5资金运用与资产负债管理,关于保险机构开展利率互换业务的通知,保监发〔2010〕56号,nfra,BOUNDARY,低,,,保险公司|保险机构|保险资产管理,,[title]…关于保险机构开展利率互换业务的通知 保监发〔2010〕56号。各保险集团（控股）公司、保险公司、保险资产管理公司：。为规范…,1744,已提取-可全文
RFN-T5-024,T5资金运用与资产负债管理,中国保监会关于印发《保险资产管理公司统计制度》的通知,保监发〔2010〕85号,nfra,BOUNDARY,低,,,保险公司|保险资产管理|保险资金,,[title]…中国保监会关于印发《保险资产管理公司统计制度》的通知 保监发〔2010〕85号。保险资产管理公司：。为进一步加强保险资产管理公司统计工作，全面…,1938,已提取-可全文
RFN-T5-025,T5资金运用与资产负债管理,关于调整《保险资产管理公司管理暂行规定》有关规定的通知,保监发〔2011〕19号,nfra,BOUNDARY,低,,,保险公司|保险资产管理|偿付能力|分支机构,,[title]…关于调整《保险资产管理公司管理暂行规定》有关规定的通知 保监发〔2011〕19号。各保险集团（控股）公司、保险公司、保险资产管理公司…,1701,已提取-可全文
RFN-T5-026,T5资金运用与资产负债管理,中国保监会关于印发《保险资金投资债券暂行办法》的通知,保监发〔2012〕58号,nfra,EXCLUDE,中,,,保险产品|保险公司|保险机构|保险资产管理|保险资金|偿付能力|投资连结保险,商业银行|证券公司|银行业,[body]…，且不具备政府信用的债券，包括金融企业（公司）债券和非金融企业（公司）债券。 第九条 金融企业（公司）债券包括商业银行可转换债券、混合资本债券、次级债券以及金融债券，证券公司债券，保险公司可转换债券、混合资本债券、次级定期债券和…,12384,已提取-可全文
RFN-T5-027,T5资金运用与资产负债管理,中国保监会关于印发《保险资金委托投资管理暂行办法》的通知,保监发〔2012〕60号,nfra,EXCLUDE,中,,,保险产品|保险公司|保险机构|保险资产管理|保险资金,基金管理公司|证券公司,[body]…投资管理人，是指在中国境内依法设立的，符合中国保险监督管理委员会（以下简称中国保监会）规定的保险资产管理公司、证券公司、证券资产管理公司、证券投资基金管理公司及其子公司（以下简称基金管理公司）等专业投资管理机构。 第三条 保险公…,9363,已提取-可全文
RFN-T5-028,T5资金运用与资产负债管理,中国保监会关于印发《保险资产配置管理暂行办法》的通知,保监发〔2012〕61号,nfra,BOUNDARY,低,寿险,,,,[body]…送经营管理层和专业委员会审议，并由专业委员会提交董事会审定。 第五章独立账户配置管理 第二十六条 保险公司开发寿险投资连结保险产品、变额年金产品、养老保障委托管理产品和非寿险非预定收益投资型保险产品等，应当根据中国保监会有关…,9229,已提取-可全文
RFN-T5-029,T5资金运用与资产负债管理,关于印发《保险资金境外投资管理暂行办法实施细则》的通知,保监发〔2012〕93号,nfra,EXCLUDE,中,,,保险公司|保险机构|保险资产管理|保险资金|偿付能力,商业银行,[body]…率、核心资本充足率、信用级别按其母（总）公司计算； （四）从事保险资产托管业务的专业人员不少于6人。 第九条 商业银行与委托人有下列关系之一的，不得担任该委托人的托管人或托管代理人： （一）一方直接或者间接持有另一方股份超过10…,11451,已提取-可全文
RFN-T5-030,T5资金运用与资产负债管理,关于印发《保险资金参与金融衍生产品交易暂行办法》的通知,保监发〔2012〕94号,nfra,BOUNDARY,低,,,保险公司|保险机构|保险资产管理|保险资金,,[title]…关于印发《保险资金参与金融衍生产品交易暂行办法》的通知 保监发〔2012〕94号。各保险集团（控股）公司、保险公司、保险资产管理…,8657,已提取-可全文
RFN-T5-031,T5资金运用与资产负债管理,关于印发《保险资金参与股指期货交易规定》的通知,保监发〔2012〕95号,nfra,BOUNDARY,低,,,保险公司|保险机构|保险资产管理|保险资金,,[title]…关于印发《保险资金参与股指期货交易规定》的通知 保监发〔2012〕95号。各保险集团（控股）公司、保险公司、保险资产管理公司：。…,4747,已提取-可全文
RFN-T5-032,T5资金运用与资产负债管理,中国保监会关于加强保险资金投资债券使用外部信用评级监管的通知,保监发〔2013〕61号,nfra,BOUNDARY,低,,,保险公司|保险机构|保险资产管理|保险资金,,[title]…中国保监会关于加强保险资金投资债券使用外部信用评级监管的通知 保监发〔2013〕61号。各保险资产管理公司、保险公司：。为进一步加强保险…,2390,已提取-可全文
RFN-T5-033,T5资金运用与资产负债管理,中国保监会关于保险机构投资风险责任人有关事项的通知,保监发〔2013〕28号,nfra,BOUNDARY,低,,,保险公司|保险机构|保险资产管理|保险资金,,[title]…中国保监会关于保险机构投资风险责任人有关事项的通知 保监发〔2013〕28号。各保险公司、保险资产管理公司：。根据《关于加强和改进保…,3409,已提取-可全文
RFN-T5-034,T5资金运用与资产负债管理,非保险机构投资境外保险类企业管理办法（保监会令2013年第4号）,N/A,nfra,BOUNDARY,低,,,保险机构,,[title]…非保险机构投资境外保险类企业管理办法（保监会令2013年第4号） 非保险机构投资境外保险类企业管理办法（保监会令2013…,462,已提取-可全文
RFN-T5-035,T5资金运用与资产负债管理,关于清理规范保险公司投资性房地产评估增值有关事项的通知,保监财会〔2014〕81号,nfra,BOUNDARY,低,,,保险公司|偿付能力,,[title]…关于清理规范保险公司投资性房地产评估增值有关事项的通知 保监财会〔2014〕81号。各保险公司：。为加强偿付能力监管，防范房地产投…,1803,已提取-可全文
RFN-T5-036,T5资金运用与资产负债管理,中国保监会关于保险资金投资创业投资基金有关事项的通知,保监发〔2014〕101号,nfra,BOUNDARY,低,,,保险公司|保险资产管理|保险资金|偿付能力,,[title]…中国保监会关于保险资金投资创业投资基金有关事项的通知 保监发〔2014〕101号。各保险集团（控股）公司、保险公司、保险资产管理公司…,3235,已提取-可全文
RFN-T5-037,T5资金运用与资产负债管理,中国保监会关于保险资金投资优先股有关事项的通知,保监发〔2014〕80号,nfra,BOUNDARY,低,,,保险产品|保险公司|保险机构|保险资产管理|保险资金,,[title]…中国保监会关于保险资金投资优先股有关事项的通知 保监发〔2014〕80号。各保险集团（控股）公司、保险公司、保险资产管理公司：。为进…,3246,已提取-可全文
RFN-T5-038,T5资金运用与资产负债管理,中国保监会关于保险资金投资创业板上市公司股票等有关问题的通知,保监发〔2014〕1号,nfra,BOUNDARY,低,,,保险公司|保险机构|保险资产管理|保险资金,,[title]…中国保监会关于保险资金投资创业板上市公司股票等有关问题的通知 保监发〔2014〕1号。各保险集团（控股）公司、保险公司、保险资产管理…,2053,已提取-可全文
RFN-T5-039,T5资金运用与资产负债管理,中国保监会关于规范保险资金银行存款业务的通知,保监发〔2014〕18号,nfra,EXCLUDE,中,,,保险公司|保险资产管理|保险资金,商业银行,[body]…级要求达到 A 级或者相当于 A 级以上。  三、 保险公司办理银行存款业务， 应当选择取得保险资金托管资质的商业银行或者其他专业金融机构实施第三方托管， 防范资金挪用风险。 托管职责至少包括单证保管、 结息支取、 会计核算、…,1900,已提取-可全文
RFN-T5-040,T5资金运用与资产负债管理,中国保监会 中国银监会关于规范保险资产托管业务的通知,保监发〔2014〕84号,nfra,EXCLUDE,中,,,保险产品|保险公司|保险机构|保险资产管理|保险资金|偿付能力,商业银行|金融资产,"[body]…下： 一、保险集团（控股）公司、保险公司（以下简称保险机构）应当建立和完善保险资产托管机制，选择符合规定条件的商业银行等专业机构（以下简称托管机构）,将保险资金运用形成的各项投资资产全部实行第三方托管和监督，切实提高投资运作的透…",4584,已提取-可全文
RFN-T5-041,T5资金运用与资产负债管理,中国保监会关于试行《保险资产风险五级分类指引》的通知,保监发〔2014〕82号,nfra,EXCLUDE,中,,,保险公司|保险机构|保险资产管理|保险资金,商业银行|证券公司|金融资产,[body]…存续时间、按照预定的利率和形式偿付利息和本金等特征的资产，以及主要价值依赖于上述资产价值变动的资产，并包括其他金融资产中具有固定收益属性的资产。 第七条  固定收益类资产主要形式包括：基础设施债权投资计划、不动产债权投资计划、持…,17071,已提取-可全文
RFN-T5-042,T5资金运用与资产负债管理,中国保监会办公厅关于保险资金运用属地监管试点工作有关事项的通知,保监厅发〔2014〕76号,nfra,BOUNDARY,低,,,保险公司|保险机构|保险资产管理|保险资金,,[title]…中国保监会办公厅关于保险资金运用属地监管试点工作有关事项的通知 保监厅发〔2014〕76号。各保险集团（控股）公司，各保险公司，各保险资产…,1079,已提取-可全文
RFN-T5-043,T5资金运用与资产负债管理,中国保监会关于加强和改进保险资金运用比例监管的通知,保监发〔2014〕13号,nfra,BOUNDARY,低,寿险,,,信托公司|商业银行|证券公司|财产保险公司|金融资产|银行业金融机构,[body]…调整。 七、说明事项 （一）本通知所称总资产应当扣除债券回购融入资金余额和独立账户资产金额。 独立账户资产包括寿险投资连结保险产品、变额年金产品、健康保障委托管理产品、养老保障委托管理产品和非寿险非预定收益投资型保险产品等资…,7319,已提取-可全文
RFN-T5-044,T5资金运用与资产负债管理,关于授权北京等保监局开展保险资金运用监管试点工作的通知,保监资金〔2014〕17号,nfra,BOUNDARY,低,,,保险公司|保险机构|保险资金,,[title]…关于授权北京等保监局开展保险资金运用监管试点工作的通知 保监资金〔2014〕17号。北京、上海、江苏、湖北、广东、深圳保监局：。为防范保险资金…,1192,已提取-可全文
RFN-T5-045,T5资金运用与资产负债管理,中国保监会关于印发《保险公司资金运用信息披露准则第3号：举牌上市公司股票》的通知,保监发〔2015〕121号,nfra,BOUNDARY,低,,,保险公司|保险资产管理|保险资金|偿付能力,,[title]…中国保监会关于印发《保险公司资金运用信息披露准则第3号：举牌上市公司股票》的通知 保监发〔2015〕121号。各保险集团（控股）公司、保险…,3841,已提取-可全文
RFN-T5-046,T5资金运用与资产负债管理,中国保监会关于印发《保险公司资金运用信息披露准则第2号：风险责任人》的通知,保监发〔2015〕42号,nfra,BOUNDARY,低,,,保险公司|保险机构|保险资产管理,,[title]…中国保监会关于印发《保险公司资金运用信息披露准则第2号：风险责任人》的通知 保监发〔2015〕42号。各保险集团（控股）公司、保险公司、保…,2142,已提取-可全文
RFN-T5-047,T5资金运用与资产负债管理,中国保监会关于提高保险资金投资蓝筹股票监管比例有关事项的通知,保监发〔2015〕64号,nfra,BOUNDARY,低,,,保险公司|保险资产管理|保险资金|偿付能力,,[title]…中国保监会关于提高保险资金投资蓝筹股票监管比例有关事项的通知 保监发〔2015〕64号。各保险集团（控股）公司、保险公司、保险资产管理公…,1331,已提取-可全文
RFN-T5-048,T5资金运用与资产负债管理,中国保监会关于调整保险资金境外投资有关政策的通知,保监发〔2015〕33号,nfra,BOUNDARY,低,,,保险公司|保险机构|保险资产管理|保险资金,,[title]…中国保监会关于调整保险资金境外投资有关政策的通知 保监发〔2015〕33号。各保险集团（控股）公司、保险公司、保险资产管理公司：。为加强…,1920,已提取-可全文
RFN-T5-049,T5资金运用与资产负债管理,中国保监会关于加强保险公司资产配置审慎性监管有关事项的通知,保监资金〔2015〕219号,nfra,BOUNDARY,低,人身保险公司,,,财产保险公司|金融资产,[body]…比例超过30%，且公司资产配置中股权、不动产类资产和其他金融资产合计占上季度末总资产比例超过20%的； （二）人身保险公司负债平均持有期少于5年，且公司资产配置中股权、不动产类资产和其他金融资产合计占上季度末总资产比例超过20%的；…,3234,已提取-可全文
RFN-T5-050,T5资金运用与资产负债管理,中国保监会关于设立保险私募基金有关事项的通知,保监发〔2015〕89号,nfra,BOUNDARY,低,,,保险公司|保险机构|保险资产管理|保险资金,,[meta]…中国保监会关于设立保险私募基金有关事项的通知 保监发〔2015〕89号。各保险集团（控股）公司、保险公司、保险资产管理公司：。为进一步发挥保险资金长期投资的独特优势，支持实体经济发展，防范相关风险，现就规范设立保险…,4892,已提取-可全文
RFN-T5-051,T5资金运用与资产负债管理,中国保监会关于印发《资产支持计划业务管理暂行办法》的通知,保监发〔2015〕85号,nfra,BOUNDARY,低,,,保险公司|保险机构|保险资产管理|保险资金,,[meta]…中国保监会关于印发《资产支持计划业务管理暂行办法》的通知 保监发〔2015〕85号。各保险集团（控股）公司、保险公司、保险资产管理公司：。为促进资产支持计划业务创新，规范管理行为，加强风险控制，维护投资者合法权益，我会制定了《…,12792,已提取-可全文
RFN-T5-052,T5资金运用与资产负债管理,关于印发《中国保险保障基金有限责任公司业务监管办法》的通知,保监厅发〔2015〕79号,nfra,INCLUDE,中,人身保险|人身保险公司,,,商业银行|财产保险公司|银行业,[body]…清缴后，向保险公司出具合法的收款凭证。 第十三条  保障基金公司应为财产保险保障基金（以下简称“财险基金”）和人身保险保障基金（以下简称“人身险基金”）各开立一个基本账户，专门用于保险保障基金的收缴和资金划拨。 保障基金公司如变…,9032,已提取-可全文
RFN-T5-053,T5资金运用与资产负债管理,企业境外投资管理办法,发改委（2017）11号,supp,EXCLUDE,—,,,,,,16031,已提取-可全文
RFN-T5-054,T5资金运用与资产负债管理,保险资金运用管理办法,保险资金运用管理办法保监会令〔2018〕1号,nfra,EXCLUDE,中,,,保单|保险产品|保险公司|保险机构|保险资产管理|保险资金|偿付能力|分支机构|投资连结保险,保险公估|保险经纪机构|信托公司|商业银行|基金管理公司|证券公司,[body]…符合中国保监会、中国人民银行和国家外汇管理局的相关规定。第七条 保险资金办理银行存款的，应当选择符合下列条件的商业银行作为存款银行：（一）资本充足率、净资产和拨备覆盖率等符合监管要求；（二）治理结构规范、内控体系健全、经营业绩良…,19536,已提取-可全文
RFN-T5-055,T5资金运用与资产负债管理,中国人民银行 中国银行保险监督管理委员会 中国证券监督管理委员会 国家外汇管理局关于规范金融机构资产管理业务的指导意见（银发〔2018〕106号）,银发[2018]106号,pbc,EXCLUDE,中,,,分支机构,商业银行|银行业|银行业金融机构,[meta]…海总部，各分行、营业管理部，各省会（首府）城市中心支行，各副省级城市中心支行；国家开发银行，各政策性银行、国有商业银行，中国邮政储蓄银行，各股份制商业银行；上海黄金交易所： 为加强黄金市场管理，促进黄金租借业务规范发展，更好地服…,3798,已提取-可全文
RFN-T5-056,T5资金运用与资产负债管理,中国保监会 财政部关于加强保险资金运用管理 支持防范化解地方政府债务风险的指导意见,保监发〔2018〕6号,nfra,BOUNDARY,低,,,保险公司|保险机构|保险资产管理|保险资金,,[title]…中国保监会 财政部关于加强保险资金运用管理 支持防范化解地方政府债务风险的指导意见 保监发〔2018〕6号。各保险集团（控股）公司、保险公司、保…,4419,已提取-可全文
RFN-T5-057,T5资金运用与资产负债管理,中国保监会关于印发《保险资产负债管理监管规则（1－5号）》及开展试运行有关事项的通知,保监发〔2018〕27号,nfra,INCLUDE,中,人身保险公司,,,再保险公司|财产保险公司,[body]…照《保险资产负债管理监管规则第1号：财产保险公司资产负债管理能力评估规则》或《保险资产负债管理监管规则第3号：人身保险公司资产负债管理能力评估规则》的要求，对资产负债管理能力进行自评估，评估依据为截至2018年6月30日的制度健全情…,3627,已提取-可全文
RFN-T5-058,T5资金运用与资产负债管理,中国银行保险监督管理委员会关于发布保险资产负债管理季度报告XBRL分类标准及启用保险资产负债管理监管信息系统模块的通知,银保监发〔2018〕28号,nfra,BOUNDARY,低,人身保险公司,,,财产保险公司,[body]…附件:1.保险资产负债管理季度报告XBRL分类标准 2.财产保险公司资产负债管理量化评估表EXCEL表样 3.人身保险公司资产负债管理量化评估表EXCEL表样 4.财产保险公司资产负债管理量化评估表填报指引补充说明 5.人身保险公司…,2834,已提取-可全文
RFN-T5-059,T5资金运用与资产负债管理,中国保监会 国家外汇管理局关于规范保险机构开展内保外贷业务有关事项的通知,保监发[2018]5号,supp,BOUNDARY,低,,,保险公司|保险机构|保险资产管理|保险资金|偿付能力,,[title]…中国保监会 国家外汇管理局关于规范保险机构开展内保外贷业务有关事项的通知 规范保险机构内保外贷业务，明确定义、资质、比例限制与禁止行为。 中国保监会、国…,6918,已提取-可全文
RFN-T5-060,T5资金运用与资产负债管理,保险资金参与国债期货交易规定,银保监办发〔2020〕59号,nfra,BOUNDARY,低,,,保险公司|保险资产管理|保险资金,,[title]…中国银保监会办公厅关于印发保险资金参与金融衍生产品交易办法等三个文件的通知 各保险集团（控股）公司、保险公司、保险资产管理公司：各保险集团（控股…,803,已提取-可全文
RFN-T5-061,T5资金运用与资产负债管理,关于印发《机关事业单位职业年金基金相关业务会计处理规定》的通知,财会〔2021〕19号,mof,EXCLUDE,—,,,,,,668,已提取-可全文
RFN-T5-062,T5资金运用与资产负债管理,中国银保监会关于银行业保险业支持高水平科技自立自强的指导意见,银保监发〔2021〕46号,nfra,EXCLUDE,中,,,保单|保险产品|保险公司|保险机构|保险资金,保险经纪机构|信托公司|商业银行|金融资产|银行业,[title]…中国银保监会关于银行业保险业支持高水平科技自立自强的指导意见 为深入贯彻党中央、国务院关于完善金融支持创新体系的决策部署，推动银行业…,8505,已提取-可全文
RFN-T5-063,T5资金运用与资产负债管理,保险保障基金管理办法,中国银行保险监督管理委员会令[2022]7号,nfra,INCLUDE,中,人寿保险|人身保险|人身保险公司|健康保险,,,财产保险公司,[body]…有人，是指对保单利益依法享有请求权的主体，包括投保人、被保险人或者受益人。 本办法所称保单受让公司，是指经营有人寿保险等长期人身保险业务的保险公司被依法撤销或者依法实施破产的，接受该保险公司依法转让长期人身保险合同的有相应资质的…,10693,已提取-可全文
RFN-T5-064,T5资金运用与资产负债管理,保险资产管理公司管理规定,中国银行保险监督管理委员会令[2022]2号,nfra,BOUNDARY,低,养老保险,,,商业银行|金融资产,[body]…专业服务；（六）银保监会批准的其他业务；（七）国务院其他部门批准的业务。前款第（二）项所述“其他资金”包括基本养老保险基金、社会保障基金、企业年金基金、职业年金基金等资金及其他具备相应风险识别和风险承受能力的境内外合格投资者的资…,24855,已提取-可全文
RFN-T5-065,T5资金运用与资产负债管理,保险资产管理业从业人员职业操守和行为准则,（中国保险资产管理业协会　2023年4月）,,—,—,,,,,,0,未在五源cleaned收录
RFN-T5-066,T5资金运用与资产负债管理,中国保险资产管理业协会自律监督检查工作暂行办法,（中国保险资产管理业协会2023年4月）,,—,—,,,,,,0,未在五源cleaned收录
RFN-T5-067,T5资金运用与资产负债管理,中国保险资产管理业协会自律评价管理办法,（中国保险资产管理业协会2023年4月）,,—,—,,,,,,0,未在五源cleaned收录
RFN-T5-068,T5资金运用与资产负债管理,关于保险保障基金有关税收政策的通知,财税〔2023〕44号,mof,BOUNDARY,低,,,保险公司,,[body]…有限责任公司（以下简称保险保障基金公司）根据《保险保障基金管理办法》取得的下列收入，免征企业所得税： 1.境内保险公司依法缴纳的保险保障基金； 2.依法从撤销或破产保险公司清算财产中获得的受偿收入和向有关责任方追偿所得，以及依法…,8022,已提取-可全文
RFN-T5-069,T5资金运用与资产负债管理,国家金融监督管理总局关于印发保险资产风险分类暂行办法的通知,金规[2024]19号,nfra,EXCLUDE,中,,,保险公司|保险资产管理|保险资金|偿付能力,商业银行|金融资产,[body]…知存款、货币市场基金、货币市场类组合类保险资产管理产品、现金管理类理财产品、短期融资券、超短期融资券、买入返售金融资产、央行票据、商业银行票据、商业票据、大额可转让存单、同业存单、拆出资金、存放在中国证券登记结算公司和中央国债登…,17888,已提取-可全文
RFN-T5-070,T5资金运用与资产负债管理,中国人民银行公开市场业务公告〔2024〕第6号—关于接受符合条件的证券、基金、保险公司申报的公告,中国人民银行公开市场业务公告（〔2024〕第6号）,,—,—,,,,,,0,未在五源cleaned收录
RFN-T5-071,T5资金运用与资产负债管理,国家金融监督管理总局关于调整保险资金权益类资产监管比例有关事项的通知,金规[2025]12号,nfra,BOUNDARY,低,养老保险,,,,[body]…司投资单一创业投资基金的账面余额占该基金实缴规模的比例不得高于 30%。 四、 保险公司开展个人税收递延型商业养老保险业务， 其税延养老保险普通账户与其他保险产品普通账户合并计算投资比例， 不再单独计算投资比例。 五、 原比例监…,1974,已提取-可全文
RFN-T5-072,T5资金运用与资产负债管理,国家金融监督管理总局办公厅关于开展保险资金投资黄金业务试点的通知,金办发[2025]7号,nfra,BOUNDARY,低,人寿保险,,,商业银行,[body]…合约、黄金询价即期合约、黄金询价掉期合约和黄金租借业务。（二）试点参与主体。中国人民财产保险股份有限公司、中国人寿保险股份有限公司、太平人寿保险有限公司、中国出口信用保险公司、中国平安财产保险股份有限公司、中国平安人寿保险股份有…,3697,已提取-可全文
RFN-T5-073,T5资金运用与资产负债管理,保险公司投资管理能力信息披露自律管理准则(试行),44720,,—,—,,,,,,0,未在五源cleaned收录
RFN-T5-074,T5资金运用与资产负债管理,保险资金间接投资基础设施项目管理办法,N/A,nfra,EXCLUDE,中,,,保险公司|保险机构|保险资产管理|保险资金|偿付能力,信托公司|商业银行|基金管理公司,[body]…十五条  本办法所称受托人，是指根据投资计划约定，按照委托人意愿，为受益人利益，以自己的名义投资基础设施项目的信托公司、保险资产管理公司、产业投资基金管理公司或者其他专业管理机构。 受托人与托管人、独立监督人、融资主体不得为同一…,25587,已提取-可全文
RFN-T5-075,T5资金运用与资产负债管理,保险机构投资者股票投资管理暂行办法,N/A,nfra,BOUNDARY,低,寿险,,,商业银行,[body]…。 第十六条 保险机构投资者为投资连结保险设立的投资账户，投资股票的比例可以为100％。 保险机构投资者为万能寿险设立的投资账户，投资股票的比例不得超过80％。 保险机构投资者为其他保险产品设立的独立核算账户，投资股票的比例…,15368,已提取-可全文
RFN-T5-076,T5资金运用与资产负债管理,保险资产管理公司管理暂行规定,N/A,nfra,BOUNDARY,低,人寿保险,,,商业银行,[body]…受到行政处罚； （三）净资产不低于10亿元人民币；总资产不低于50亿元人民币，其中保险控股（集团）公司和经营有人寿保险业务的保险公司总资产不低于100亿元人民币； （四）符合中国保监会规定的偿付能力要求； （五）具有完善的法人治…,11149,已提取-可全文
RFN-T5-077,T5资金运用与资产负债管理,保险资金运用信息披露准则,,,—,—,,,,,,0,未在五源cleaned收录
RFN-T5-078,T5资金运用与资产负债管理,关于印发《保险机构债券投资信用评级指引（试行）》的通知,N/A,nfra,EXCLUDE,中,,,保险公司|保险机构|保险资产管理|偿付能力,商业银行|银行业,[body]…确反映发债主体的财务状况。 第二十七条 发债主体为一般工商企业的，应当重点考察其经营风险和财务风险。发债主体为商业银行的，应当重点考察影响其信用的外部环境、运营因素、内部管理风险和财务实力等。（一般工商企业和商业银行主要评估方法…,13821,已提取-可全文
RFN-T5-079,T5资金运用与资产负债管理,中华人民共和国证券法,N/A,pbc,EXCLUDE,中,,,,商业银行|证券公司|金融资产|银行业,[body]…禁止的交易行为 第四章 上市公司的收购 第五章 信息披露 第六章 投资者保护 第七章 证券交易场所 第八章 证券公司 第九章 证券登记结算机构 第十章 证券服务机构 第十一章 证券业协会 第十二章 证券监督管理机构 第十三章…,68835,已提取-可全文
RFN-T5-080,T5资金运用与资产负债管理,关于推动中长期资金入市的指导意见,,supp,BOUNDARY,低,养老保险,,,,[body]…险公司优化长周期考核机制，促进保险机构做坚定的价值投资者，为资本市场提供稳定的长期投资。完善全国社保基金、基本养老保险基金投资政策制度，支持具备条件的用人单位放开企业年金个人投资选择，鼓励企业年金基金管理人探索开展差异化投资。鼓…,2490,已提取-可全文
RFN-T5-081,T5资金运用与资产负债管理,保险资金运用管理暂行办法,N/A,nfra,EXCLUDE,中,,,保单|保险产品|保险公司|保险资产管理|保险资金|偿付能力|分支机构|投资连结保险,保险经纪机构|商业银行,[body]…险资金从事境外投资的，应当符合中国保监会有关监管规定。 第七条 保险资金办理银行存款的，应当选择符合下列条件的商业银行作为存款银行： （一）资本充足率、净资产和拨备覆盖率等符合监管要求； （二）治理结构规范、内控体系健全、经营业…,18368,已提取-可全文
RFN-T6-001,T6养老与健康保险专项,关于印发加快健康保险发展的指导意见的通知（已废止）,保监发〔2002〕130号,nfra,BOUNDARY,低,健康保险|健康险,,,,[body]…业化发展的关键。 各保险公司应制定健康保险专业人才的培养规划， 加快健康保险专业人才的培养。 采取多种途径培养健康险专业人才， 特别是要重点培养高级管理人员和精算、 核保、 核赔、 健康管理等专业人才， 并充分发挥其作用。…,3126,已提取-可全文
RFN-T6-002,T6养老与健康保险专项,关于印发《加快发展养老保险的若干指导意见》的通知（已废止）,保监发〔2004〕152号,nfra,INCLUDE,中,人身保险|养老保险|养老保险公司|寿险,,,,[meta]…关于印发《加快发展养老保险的若干指导意见》的通知（已废止） 保监发〔2004〕152号。各寿险公司、各专业养老保险公司、各保监局：。为大力推进保险业加快发展养老保险，充分发挥保险业在企业年金市场中的作用，…,4717,已提取-可全文
RFN-T6-003,T6养老与健康保险专项,关于《健康保险管理办法》实施中有关问题的通知,保监发〔2006〕95号,nfra,INCLUDE,高,健康保险,,,,[title]…关于《健康保险管理办法》实施中有关问题的通知 保监发〔2006〕95号。各保监局，各保险公司：。为了促进健康保险稳定、持续、…,2407,已提取-可全文
RFN-T6-004,T6养老与健康保险专项,关于印发《养老保险公司企业年金业务统计制度（试行）》的通知,保监统信〔2006〕1457号,nfra,INCLUDE,高,人寿保险|健康险|养老保险|养老保险公司,,,,[title]…关于印发《养老保险公司企业年金业务统计制度（试行）》的通知 保监统信〔2006〕1457号。中国人寿保险（集团）公司、中国人寿保险股…,1904,已提取-可全文
RFN-T6-005,T6养老与健康保险专项,关于养老保险公司经营企业年金业务有关问题的通知（已失效）,保监发〔2007〕101号,nfra,INCLUDE,高,养老保险公司,,,,[title]…关于养老保险公司经营企业年金业务有关问题的通知（已失效） 保监发〔2007〕101号。各养老保险公司：。为了改善保险公司在企业…,615,已提取-可全文
RFN-T6-006,T6养老与健康保险专项,关于印发《健康保险统计制度》的通知,保监发〔2008〕25号,nfra,INCLUDE,高,健康保险,,,,[title]…关于印发《健康保险统计制度》的通知 保监发〔2008〕25号。各保监局、各保险公司、各保险公司筹备组：。为全面统计健康保险、健康…,1874,已提取-可全文
RFN-T6-007,T6养老与健康保险专项,关于印发健康保险统计制度分析指标和分析图表的通知,保监统信〔2008〕664号,nfra,INCLUDE,高,健康保险,,,,[title]…关于印发健康保险统计制度分析指标和分析图表的通知 保监统信〔2008〕664号。各保监局：。为进一步加强健康保险及相关业务的统…,679,已提取-可全文
RFN-T6-008,T6养老与健康保险专项,中国保监会关于免征保险公司经营城乡居民大病保险业务监管费的通知,保监财会〔2013〕250号,nfra,BOUNDARY,低,,,保险公司,,[title]…中国保监会关于免征保险公司经营城乡居民大病保险业务监管费的通知 保监财会〔2013〕250号。各保监局，各保险公司：。根据《财政部 国家…,724,已提取-可全文
RFN-T6-009,T6养老与健康保险专项,中国保监会关于印发《保险公司城乡居民大病保险业务管理暂行办法》的通知,保监发〔2013〕19号,nfra,INCLUDE,中,人身保险|健康保险,,,,[body]…当符合下列格式： “保险公司名称”＋“说明性文字”＋“城乡居民大病团体医疗保险” 大病保险专属产品报中国保监会人身保险监管部备案。 保险公司不得以其他产品承保大病保险。 第十七条 大病保险保险期间为一年。保险公司每年按照大病保险…,12782,已提取-可全文
RFN-T6-010,T6养老与健康保险专项,中国保监会关于印发《养老保障管理业务管理暂行办法》的通知,保监发〔2013〕43号,nfra,INCLUDE,中,养老保险公司,,,,[meta]…中国保监会关于印发《养老保障管理业务管理暂行办法》的通知 保监发〔2013〕43号。各保监局、各养老保险公司：。为促进保险业积极参与构建多层次养老保障体系，推动养老保障管理业务健康发展，我会制定了《养老保障管理业务管理…,12401,已提取-可全文
RFN-T6-011,T6养老与健康保险专项,中国保监会关于印发《保险养老社区统计制度》的通知,保监发〔2014〕107号,nfra,BOUNDARY,低,人寿保险,,,,[body]…如项目第一期的期数号为01，第二期的期数号为02；如果各期项目可以汇总统计，则项目的期数号应为00。例如，泰康人寿保险股份有限公司在北京昌平的“燕园”分期开发、分别核算，则项目第一期可编为00002000101。如果“燕园”项目…,12628,已提取-可全文
RFN-T6-012,T6养老与健康保险专项,中国保监会关于开展老年人住房反向抵押养老保险试点的指导意见,保监发〔2014〕53号,nfra,INCLUDE,中,人身保险公司|养老保险,,,,[meta]…监会关于开展老年人住房反向抵押养老保险试点的指导意见 保监发〔2014〕53号。各保监局、中国保险行业协会、各人身保险公司：。为贯彻落实《国务院关于加快发展养老服务业的若干意见》（国发〔2013〕35号）有关要求，鼓励保险业积极参与…,8746,已提取-可全文
RFN-T6-013,T6养老与健康保险专项,中国保监会关于印发《养老保障管理业务管理办法》的通知,保监发〔2015〕73号,nfra,INCLUDE,中,养老保险公司,,,基金管理公司|证券公司|金融资产,[meta]…中国保监会关于印发《养老保障管理业务管理办法》的通知 保监发〔2015〕73号。各养老保险公司：。为促进保险业积极参与多层次养老保障体系建设，推动养老保障管理业务持续健康发展，保护养老保障管理业务活动当事…,18214,已提取-可全文
RFN-T6-014,T6养老与健康保险专项,中国保监会关于印发《个人税收优惠型健康保险业务管理暂行办法》的通知,保监发〔2015〕82号,nfra,INCLUDE,中,人身保险公司|健康保险,,,,[meta]…中国保监会关于印发《个人税收优惠型健康保险业务管理暂行办法》的通知 保监发〔2015〕82号。各保监局，各人身保险公司：。为贯彻落实财政部、国家税务总局、保监会《关于开展商业健康保险个人所得税政策试点工作的通知》（财税〔2015…,6907,已提取-可全文
RFN-T6-015,T6养老与健康保险专项,中国保监会关于印发《养老年金保险业务统计制度》的通知,保监发〔2015〕108号,nfra,INCLUDE,中,人身保险|人身保险公司|健康险|寿险,,,,[body]…监会 2015年11月20日 养老年金保险业务统计制度 一、总体说明 （一）统计内容 本制度的统计内容主要是各人身保险公司开展的养老年金保险业务。根据《人身保险公司保险条款和保险费率管理办法》（保监会令2011年第3号），养老年金保…,38272,已提取-可全文
RFN-T6-016,T6养老与健康保险专项,中国保监会关于印发《大病保险统计制度》的通知,保监发〔2015〕105号,nfra,INCLUDE,中,人身保险,,,,[body]…《中国保监会关于印发〈大病保险统计制度（试行）〉的通知》（保监发〔2013〕77号）自本制度施行之日起废止。 人身保险监管部联系人：张俊兴  010－66286211 创新系统管理员：孙思  010－66286832 创新系统技…,5185,已提取-可全文
RFN-T6-017,T6养老与健康保险专项,中国保监会关于印发《保险机构企业年金业务统计制度》的通知,保监发〔2015〕104号,nfra,INCLUDE,中,人身保险公司|人身险公司|养老保险公司,,,,[meta]…中国保监会关于印发《保险机构企业年金业务统计制度》的通知 保监发〔2015〕104号。各人身险公司、保险资产管理公司：。为全面反映保险机构企业年金业务情况，满足对保险机构企业年金业务的监管需求，我会对《养老保…,8313,已提取-可全文
RFN-T6-018,T6养老与健康保险专项,中国保监会关于印发《老年人住房反向抵押养老保险试点统计制度》的通知,保监发〔2015〕2号,nfra,INCLUDE,中,养老保险|养老险,,,,[body]…贷款总额：指预计在被保险人生命期内发放给被保险人贷款的本金之和，包括以养老金形式直接发放给被保险人的贷款、抵交养老险保费的贷款等以各种形式产生并计入贷款本金余额的贷款。 18.贷款本金余额：指截至报告期末累计发放并计息的贷款本…,3970,已提取-可全文
RFN-T6-019,T6养老与健康保险专项,中国保监会关于印发《保险公司城乡居民大病保险投标管理暂行办法》等制度的通知,保监发〔2016〕86号,nfra,INCLUDE,中,健康险公司,,,,[body]…出大病保险业务的监督和管理。 保监局负责辖区内保险公司分支机构退出大病保险业务的监督和管理。 第五条  除专业健康险公司外，保险公司有下列情形之一的，保险监管机构暂不再将该总公司及其分支机构列入大病保险资质名单： （一）注册资本低…,25847,已提取-可全文
RFN-T6-020,T6养老与健康保险专项,中国保监会办公厅关于开展个人税收优惠型健康保险业务有关事项的通知,保监厅发〔2016〕1号,nfra,INCLUDE,中,人身保险|人身保险公司|健康保险,,,,[meta]…税收优惠型健康保险业务有关事项的通知 保监厅发〔2016〕1号。各保监局，中国保险信息技术管理有限责任公司，各人身保险公司：。 N/A 政策规章规范性文件 N/A N/A 保监厅发〔2016〕1 号 各保监局， 中国保险信息技术管理…,2696,已提取-可全文
RFN-T6-021,T6养老与健康保险专项,中国保监会关于延长老年人住房反向抵押养老保险试点期间并扩大试点范围的通知,保监发〔2016〕55号,nfra,INCLUDE,中,人身保险公司|养老保险,,,,[meta]…国保监会关于延长老年人住房反向抵押养老保险试点期间并扩大试点范围的通知 保监发〔2016〕55号。各保监局、各人身保险公司：。为贯彻落实《国务院关于加快发展养老服务业的若干意见》（国发〔2013〕35号）、《国务院关于加快发展现代保…,1234,已提取-可全文
RFN-T6-022,T6养老与健康保险专项,健康保险管理办法（中国银行保险监督管理委员会令2019年第3号）,N/A,nfra,BOUNDARY,低,人寿保险公司|健康保险|养老保险公司,,,保险中介机构|再保险公司,[body]…行。保险公司开展不承担保险风险的委托管理服务不适用本办法。 第二章 经营管理 第八条 依法成立的健康保险公司、人寿保险公司、养老保险公司，经银保监会批准，可以经营健康保险业务。 前款规定以外的保险公司，经银保监会批准，可以经营短期健…,15410,已提取-可全文
RFN-T6-023,T6养老与健康保险专项,关于进一步明确商业健康保险个人所得税优惠政策适用保险产品范围的通知,财税〔2022〕21号,mof,INCLUDE,高,健康保险,,,,[title]…关于进一步明确商业健康保险个人所得税优惠政策适用保险产品范围的通知 2022年05月31日财税〔2022〕21号公布，自公布之日起施行。…,749,已提取-可全文
RFN-T6-024,T6养老与健康保险专项,关于个人养老金有关个人所得税政策的公告,财政部 税务总局公告2022年第34号,mof,BOUNDARY,低,养老保险,,,商业银行,[body]…市名单由人力资源社会保障部会同财政部、税务总局另行发布。上海市、福建省、苏州工业园区等已实施个人税收递延型商业养老保险试点的地区，自2022年1月1日起统一按照本公告规定的税收政策执行。 特此公告。 财政部 税务总局 2022年…,1881,已提取-可全文
RFN-T6-025,T6养老与健康保险专项,国家金融监督管理总局关于适用商业健康保险个人所得税优惠政策产品有关事项的通知,金规[2023]2号,nfra,INCLUDE,中,人身保险|人身保险公司|健康保险,,,,[meta]…国家金融监督管理总局关于适用商业健康保险个人所得税优惠政策产品有关事项的通知 各银保监局，各人身保险公司，中国银行保险信息技术管理有限公司，中国保险行业协会、中国精算师协会：各银保监局，各人身保险公司，中国银行保险…,6022,已提取-可全文
RFN-T6-026,T6养老与健康保险专项,国家金融监督管理总局关于个人税收递延型商业养老保险试点与个人养老金衔接有关事项的通知,金规[2023]4号,nfra,INCLUDE,高,养老保险,,,,[title]…国家金融监督管理总局关于个人税收递延型商业养老保险试点与个人养老金衔接有关事项的通知 国家金融监督管理总局上海、江苏、福建、厦门监管局，中国银行保险信息技术管理…,6401,已提取-可全文
RFN-T6-027,T6养老与健康保险专项,国家金融监督管理总局关于印发养老保险公司监督管理暂行办法的通知,金规[2023]13号,nfra,INCLUDE,高,人寿保险|人身保险|人身保险公司|健康保险|养老保险|养老保险公司,,,商业银行|金融资产,[title]…国家金融监督管理总局关于印发养老保险公司监督管理暂行办法的通知 各监管局，平安养老保险股份有限公司、太平养老保险股份有限公司、中国人寿养老保险股份有限…,13483,已提取-可全文
RFN-T6-028,T6养老与健康保险专项,国家金融监督管理总局关于促进专属商业养老保险发展有关事项的通知,金规[2023]7号,nfra,INCLUDE,中,人身保险|人身保险公司|养老保险|养老保险公司,,,商业银行,[meta]…国家金融监督管理总局关于促进专属商业养老保险发展有关事项的通知 各监管局、各人身保险公司：各监管局、各人身保险公司：为推动第三支柱养老保险持续规范发展，更好满足广大人民群众多样化养老需求，根据《中华…,9442,已提取-可全文
RFN-T6-029,T6养老与健康保险专项,国家金融监督管理总局办公厅关于大力发展商业保险年金有关事项的通知,金办发[2024]110号,nfra,INCLUDE,中,人身保险|人身保险公司|养老保险|养老保险公司,,,商业银行,[meta]…国家金融监督管理总局办公厅关于大力发展商业保险年金有关事项的通知 各金融监管局，各人身保险公司，相关商业银行：为深入贯彻落实中央金融工作会议关于做好养老金融大文章的决策部署，加快补齐第三支柱短板，进一步满…,4220,已提取-可全文
RFN-T6-030,T6养老与健康保险专项,人力资源社会保障部、财政部、国家税务总局、金融监管总局、中国证监会关于全面实施个人养老金制度的通知,人社部发〔2024〕87号,supp,BOUNDARY,低,养老保险,,,商业银行,[body]…得积极成效， 制度总体运行平稳。 为深入贯彻落实党的二十大和二十届二中、 三中全会精神， 加快发展多层次多支柱养老保险体系， 经国务院同意， 现就全面实施个人养老金制度有关问题通知如下： 一、 扩大实施范围 （一）实施时间。 自…,4394,已提取-可全文
RFN-T6-031,T6养老与健康保险专项,民政部、国家发展改革委、公安部、财政部、中国人民银行、市场监管总局、金融监管总局关于加强养老机构预收费监管的指导意见,民发〔2024〕19号,supp,EXCLUDE,中,,,分支机构,商业银行,[body]…、仲裁、诉讼等方式解决。 三、强化多元监督管理 （九）实行银行存管和风险保证金方式管理。押金、会员费，应当采取商业银行第三方存管和风险保证金等方式管理，确保资金安全。民政部门要会同当地金融监管部门制定存管的具体要求、办理程序、养…,10905,已提取-可全文
RFN-T6-032,T6养老与健康保险专项,国家金融监督管理总局关于进一步提升金融服务适老化水平的指导意见,金发[2024]34号,nfra,EXCLUDE,中,,,保单|保险产品|保险公司|保险理赔|保险资产管理,商业银行|金融资产|银行业|银行业金融机构,[meta]…进一步提升金融服务适老化水平的指导意见 各金融监管局，各政策性银行、大型银行、股份制银行、外资银行、直销银行、金融资产管理公司、金融资产投资公司、理财公司，各保险集团（控股）公司、保险公司、保险资产管理公司、养老金管理公司、保险…,9217,已提取-可全文
RFN-T6-033,T6养老与健康保险专项,关于在全国范围实施个人养老金个人所得税优惠政策的公告,财政部、税务总局公告2024年21号,mof,EXCLUDE,中,,,分支机构,商业银行,[body]…得的，其缴费在次年汇算清缴时在限额标准内据实扣除。个人按规定领取个人养老金时，由开立个人养老金资金账户所在市的商业银行机构代扣代缴其应缴的个人所得税。 三、人力资源社会保障部门与税务部门应建立信息交换机制，通过个人养老金信息管理…,3605,已提取-可全文
RFN-T6-034,T6养老与健康保险专项,国家金融监督管理总局办公厅关于印发《银行业保险业养老金融高质量发展实施方案》的通知,金办发[2025]26号,nfra,INCLUDE,中,人身保险|健康保险|养老保险,,,信托公司|商业银行|金融资产|银行业,[meta]…保险资产管理公司，养老金管理公司：现将《银行业保险业养老金融高质量发展实施方案》印发给你们，请认真贯彻落实。 人身保险监管司 政策规章规范性文件 N/A N/A 000001 各金融监管局，各政策性银行、大型银行、股份制银行、外…,9280,已提取-可全文
RFN-T6-035,T6养老与健康保险专项,国家金融监督管理总局关于推动健康保险高质量发展的指导意见,金发[2025]34号,nfra,INCLUDE,中,人寿保险|人身保险|健康保险,,,,[meta]…保险业高质量发展的若干意见》精神，进一步强监管防风险，以健康保险高质量发展服务健康中国战略，现提出以下意见。 人身保险监管司 政策规章规范性文件 N/A N/A 中国银监会办公厅会议通知各金融监管局，银保信公司、保险业协会、精算…,5366,已提取-可全文
RFN-T6-036,T6养老与健康保险专项,保险公司养老保险业务管理办法,N/A,nfra,INCLUDE,中,人寿保险|人寿保险公司|养老保险|养老保险公司,,,,[body]…保险公司养老保险业务进行监督管理。 第四条 本办法所称保险公司，是指经保险监督管理机构批准设立并依法登记注册的人寿保险公司、养老保险公司。 第五条 本办法所称养老保险业务，包括个人养老年金保险业务、团体养老年金保险业务和企业年金管理…,8209,已提取-可全文
RFN-T6-037,T6养老与健康保险专项,健康保险管理办法,N/A,nfra,INCLUDE,中,人寿保险公司|健康保险,,,再保险公司,[body]…管理。 第六条 保险公司开展不承担保险风险的委托管理服务，不适用本办法。 第二章 经营管理 第七条 依法成立的人寿保险公司、健康保险公司，经中国保监会核定，可以经营健康保险业务。 前款规定以外的保险公司，经中国保监会核定，可以经营短…,11220,已提取-可全文
RFN-T6-038,T6养老与健康保险专项,关于保险公司开展个人养老金业务有关工作提示,,,—,—,,,,,,0,未在五源cleaned收录
RFN-T6-039,T6养老与健康保险专项,社会保险经办条例,中华人民共和国国务院令第765号,gov,BOUNDARY,低,养老保险,,,,[meta]…，维护用人单位和个人的合法权益，促进社会公平，根据《中华人民共和国社会保险法》，制定本条例。 第二条 经办基本养老保险、基本医疗保险、工伤保险、失业保险、生育 中华人民共和国国务院 行政法规 N/A N/A 社会保险经办条例 (…,27687,已提取-可全文
RFN-T6-040,T6养老与健康保险专项,关于配合社会基本医疗保险体制改革有关问题的通知（已失效）,保监发[1999]7号,nfra,EXCLUDE,中,人寿保险,,,,,1271,已提取-可全文
RFN-T7-001,T7风险处置与反洗钱合规,关于保险公司缴纳罚款等有关问题的通知,保监发〔2003〕41号,nfra,BOUNDARY,低,人寿保险公司,,,财产保险公司,[body]…、 请各保监办按《关于做好财产保险公司行政处罚档案管理工作的通知》（保监办发[2002]44 号）及《关于报送人寿保险公司行政处罚统计表的通知》（保监发[2003]17 号）的要求， 汇总辖区内的保险公司分支机构受处罚情况， 并于每…,1159,已提取-可全文
RFN-T7-002,T7风险处置与反洗钱合规,中国人民银行令〔2006〕第1号（金融机构反洗钱规定）,N/A,pbc,EXCLUDE,中,,,保险公司|保险资产管理|分支机构,商业银行|基金管理公司|证券公司|金融资产|银行业,[body]…》等有关法律、行政法规，制定本规定。 第二条 本规定适用于在中华人民共和国境内依法设立的下列金融机构： （一）商业银行、城市信用合作社、农村信用合作社、邮政储汇机构、政策性银行； （二）证券公司、期货经纪公司、基金管理公司； （…,9049,已提取-可全文
RFN-T7-003,T7风险处置与反洗钱合规,关于建立治理商业贿赂专项工作联系点的通知,保监办〔2006〕362号,nfra,BOUNDARY,低,,,保险公司,,[meta]…关于建立治理商业贿赂专项工作联系点的通知 保监办〔2006〕362号。各保险公司，各保监局，机关各部门：。根据《关于保险业开展治理商业贿赂专项工作的实施意见》（保监发〔2006〕26号），开…,1245,已提取-可全文
RFN-T7-004,T7风险处置与反洗钱合规,关于在地市及以下地区建立保险业与地方治理商业贿赂领导机构沟通协调机制的通知,保监发〔2006〕84号,nfra,BOUNDARY,低,,,保险公司|保险机构,,[meta]…在地市及以下地区建立保险业与地方治理商业贿赂领导机构沟通协调机制的通知 保监发〔2006〕84号。各保监局，各保险公司：。为进一步推进基层保险业治理商业贿赂专项工作，根据《关于保险业开展治理商业贿赂专项工作的实施意见》（保监发〔…,1157,已提取-可全文
RFN-T7-005,T7风险处置与反洗钱合规,关于印发《国有保险机构重大案件领导责任追究试行办法》的通知,保监发〔2006〕11号,nfra,BOUNDARY,低,,,保险公司|保险机构|保险资产管理|保险资金|分支机构,,[title]…关于印发《国有保险机构重大案件领导责任追究试行办法》的通知 保监发〔2006〕11号。各保险公司，各保监局，机关各部门：。为有效遏制…,6730,已提取-可全文
RFN-T7-006,T7风险处置与反洗钱合规,中国人民银行关于印发《中国人民银行反洗钱调查实施细则（试行）》的通知(银发〔2007〕158号),银发〔2007〕158号,pbc,EXCLUDE,—,,,,,,255,已提取-可全文
RFN-T7-007,T7风险处置与反洗钱合规,中国人民银行关于印发《保险业大额交易和可疑交易报告要素释义》和《保险业大额交易和可疑交易报告数据报送接口规范[试行]》的通知,银发[2007]34号,,—,—,,,,,,0,未在五源cleaned收录
RFN-T7-008,T7风险处置与反洗钱合规,关于印发《保险业内涉嫌非法集资活动预警和查处工作暂行办法》的通知,保监发〔2007〕127号,nfra,EXCLUDE,中,,,保险公司|保险机构|分支机构,保险中介机构,[meta]…涉嫌非法集资活动预警和查处工作暂行办法》的通知 保监发〔2007〕127号。各保监局，机关各部门，各保险公司、保险中介机构：。为贯彻落实党中央、国务院处置非法集资的方针和政策，做好保险业内涉嫌非法集资活动的预警和查处工作，建立相关工…,3801,已提取-可全文
RFN-T7-009,T7风险处置与反洗钱合规,关于贯彻落实《反洗钱法》防范保险业洗钱风险的通知,保监发[2007]11号,nfra,BOUNDARY,低,,,保险公司|保险资产管理|分支机构,,[meta]…关于贯彻落实《反洗钱法》防范保险业洗钱风险的通知 保监发[2007]11号。各保险公司、保险资产管理公司、保险公司筹备组：。《反洗钱法》已于 2007年1月1日施行。为贯彻落实《反洗钱法》，防止洗…,3592,已提取-可全文
RFN-T7-010,T7风险处置与反洗钱合规,中国人民银行关于进一步加强金融机构反洗钱工作的通知(银发〔2008〕391号),银发〔2008〕391号,pbc,EXCLUDE,—,,,,,,848,已提取-可全文
RFN-T7-011,T7风险处置与反洗钱合规,中国人民银行关于印发银行业、证券期货业、保险业大额交易和可疑交易报告数据报送接口规范的通知,银发[2008]248号,,—,—,,,,,,0,未在五源cleaned收录
RFN-T7-012,T7风险处置与反洗钱合规,关于印发《中国保监会关于在行政执法中及时移送涉嫌犯罪案件的规定》的通知,保监发〔2008〕37号,nfra,INCLUDE,中,,保险兼业代理,,,[body]…移送涉嫌犯罪案件前已经作出的警告，限制业务范围、责令停止接受新业务、责令停业整顿，暂扣或者吊销保险许可证、经营保险兼业代理业务许可证的行政处罚决定，不停止执行。 第十三条 保监会或者派出机构对案情复杂、疑难，性质难以认定的案件，可以…,5136,已提取-可全文
RFN-T7-013,T7风险处置与反洗钱合规,中国人民银行关于进一步严格大额交易和可疑交易报告报送情况的通报,银发[2009]123号,,—,—,,,,,,0,未在五源cleaned收录
RFN-T7-014,T7风险处置与反洗钱合规,中国人民银行办公厅关于进一步加强银行卡业务反洗钱工作的通知,银办发[2009]151号,,—,—,,,,,,0,未在五源cleaned收录
RFN-T7-015,T7风险处置与反洗钱合规,关于加强协作配合共同打击保险领域违法犯罪行为的通知,保监发〔2009〕87号,nfra,BOUNDARY,低,,,保单|保险公司|保险机构|保险资产管理,,[meta]…监局，各省、自治区、直辖市公安厅、局，新疆建设兵团公安局：。近年来，保险领域的违法犯罪活动有所上升，特别是“假保险机构、假保单、假赔案”等案件时有发生，为维护保险市场正常秩序，保护保险关系人的合法权益，现就保险监管机构和公安机关…,2711,已提取-可全文
RFN-T7-016,T7风险处置与反洗钱合规,关于建立保险司法案件报告制度的通知,保监发[2009]81号,supp,BOUNDARY,低,,,保险公司|保险机构|保险营销|保险资产管理|保险资金|分支机构,,[body]…与内容。 中国保险监督管理委员会 N/A N/A N/A 保监发〔2009〕81号 各保监局，各保险集团公司、保险公司、保险资产管理公司、保险中介公司： 为加强对保险业违法行为的监管，有效防范行业风险，经研究，我会决定建立保险司…,6659,已提取-可全文
RFN-T7-017,T7风险处置与反洗钱合规,金融业经营者集中申报营业额计算办法,商务部 中国人民银行 银监会 证监会 保监会令[2009]10号,supp,EXCLUDE,中,,,保险公司,信托公司|商业银行|基金管理公司|证券公司|金融资产|银行业|银行业金融机构,[meta]…融业经营者集中申报营业额的计算办法及公式（银行、证券、期货、基金、保险分类规定）。 商务部、中国人民银行、中国银行业监督管理委员会、中国证券监督管理委员会、中国保险监督管理委员会 N/A N/A N/A 中华人民共和国商务部…,2090,已提取-可全文
RFN-T7-018,T7风险处置与反洗钱合规,关于新保险法实施后行政处罚案件中法律适用有关问题的通知,保监厅发〔2009〕66号,nfra,EXCLUDE,—,,,,,,1171,已提取-可全文
RFN-T7-019,T7风险处置与反洗钱合规,关于加强保险业反洗钱工作的通知,保监发〔2010〕70号,nfra,EXCLUDE,中,,,保险公司|保险机构|保险消费者|保险资产管理|分支机构,保险中介机构|保险公估|保险经纪机构,[meta]…关于加强保险业反洗钱工作的通知 保监发〔2010〕70号。各保监局，各保险公司、保险资产管理公司、保险中介机构：。为加强保险业反洗钱工作，防范保险洗钱风险，现就反洗钱工作的有关事项通知如下：。一、投资入股和股权变更时的投…,6693,已提取-可全文
RFN-T7-020,T7风险处置与反洗钱合规,中国人民银行关于明确可疑交易报告制度有关执行问题的通知,银发[2010]48号,,—,—,,,,,,0,未在五源cleaned收录
RFN-T7-021,T7风险处置与反洗钱合规,关于开展案件责任追究清理工作的通知,保监稽查〔2010〕192号,nfra,BOUNDARY,低,,,保险公司|保险机构|保险资产管理|分支机构,,[meta]…关于开展案件责任追究清理工作的通知 保监稽查〔2010〕192号。各保险集团公司、保险公司、保险资产管理公司、保险中介公司：。为认真贯彻落实《保险机构案件责任追究指导意见》（以下简称《指导意见》），严…,4411,已提取-可全文
RFN-T7-022,T7风险处置与反洗钱合规,关于贯彻落实《保险机构案件责任追究指导意见》的通知,保监发〔2010〕21号,nfra,BOUNDARY,低,,,保险公司|保险机构|保险资产管理|分支机构,,[title]…关于贯彻落实《保险机构案件责任追究指导意见》的通知 保监发〔2010〕21号。各保监局，各保险集团公司、保险公司、保险资产管理公司，…,5391,已提取-可全文
RFN-T7-023,T7风险处置与反洗钱合规,关于印发《保险机构案件责任追究指导意见》的通知,保监发〔2010〕12号,nfra,INCLUDE,中,,保险营销员,保险公司|保险机构|保险营销|保险资产管理|分支机构,,[body]…及合规负责人等其他高级管理人员和部门负责人。 本指导意见所称保险机构从业人员，包括保险机构员工和为其代理业务的保险营销员等。 第五条 保险机构案件责任追究应当遵循“事实清楚、证据确凿、责任明确、程序合法、权责对等、逐级追究、公平公…,14597,已提取-可全文
RFN-T7-024,T7风险处置与反洗钱合规,关于印发《保险业反洗钱工作管理办法》的通知,保监发〔2011〕52号,nfra,EXCLUDE,中,,保险兼业代理|保险销售从业人员,保单|保险公司|保险资产管理|保险销售|分支机构,保险经纪公司,[body]…条 本办法适用于保险公司、保险资产管理公司及其分支机构，保险专业代理公司、保险经纪公司及其分支机构，金融机构类保险兼业代理机构。 第二章保险监管职责 第四条 中国保监会组织、协调、指导保险业反洗钱工作，依法履行下列反洗钱职责： （一…,9446,已提取-可全文
RFN-T7-025,T7风险处置与反洗钱合规,关于明确保险机构案件责任追究管理有关问题的通知,保监稽查〔2011〕1539号,nfra,BOUNDARY,低,,,保险公司|保险机构|保险资产管理|分支机构,,[title]…关于明确保险机构案件责任追究管理有关问题的通知 保监稽查〔2011〕1539号。各保监局，各保险集团公司、保险公司、保险资产管…,7434,已提取-可全文
RFN-T7-026,T7风险处置与反洗钱合规,关于报送保险业反洗钱工作信息的通知,保监稽查〔2011〕1919号,nfra,BOUNDARY,低,,,保险公司|保险公司分支机构|保险机构|保险资产管理|分支机构,,[meta]…关于报送保险业反洗钱工作信息的通知 保监稽查〔2011〕1919号。各保监局，各保险公司、保险资产管理公司：。为贯彻落实《保险业反洗钱工作管理办法》，全面掌握行业反洗钱情况，现就保险业反洗钱工作信息…,3043,已提取-可全文
RFN-T7-027,T7风险处置与反洗钱合规,中国保监会关于印发《关于加强反保险欺诈工作的指导意见》的通知,保监发〔2012〕69号,nfra,BOUNDARY,低,健康保险,,,保险中介机构|再保险公司,[body]…构应健全与公安部门和司法机关的案件移交、联合执法机制，建立案件联合督办机制。探索建立与医疗卫生部门共同打击医疗健康保险骗赔案件的联动机制。 （二）加强信息互通。各级监管机构应完善与司法及公安、人民银行、工商等部门的案件信息和执法…,7404,已提取-可全文
RFN-T7-028,T7风险处置与反洗钱合规,中国人民银行关于印发《金融机构洗钱和恐怖融资风险评估及客户分类管理指引》的通知(银发〔2013〕2号),银发〔2013〕2号,pbc,EXCLUDE,—,,,,,,246,已提取-可全文
RFN-T7-029,T7风险处置与反洗钱合规,中国保监会关于印发《人身保险公司风险排查管理规定》的通知,保监发〔2013〕48号,nfra,INCLUDE,高,人寿保险公司|人身保险|人身保险公司|健康保险|养老保险公司,保险销售从业人员,,,[title]…中国保监会关于印发《人身保险公司风险排查管理规定》的通知 保监发〔2013〕48号。各人身保险公司：。为防范人身保险公司经营风险，保护保险消费…,10412,已提取-可全文
RFN-T7-030,T7风险处置与反洗钱合规,中国保监会关于启动保险业地震应急三级响应程序的通知（已废止）,保监发〔2013〕35号,nfra,BOUNDARY,低,寿险,,,,[body]…）建立应急指挥机构。保监会成立应急工作小组，王祖继副主席任组长，李劲夫、黄洪主席助理任副组长，办公厅、产险部、寿险部、四川保监局为成员，工作小组办公室设在办公厅，统一组织领导保险业抗震救灾工作。 有关保监局和各保险公司要及时…,3618,已提取-可全文
RFN-T7-031,T7风险处置与反洗钱合规,中国人民银行办公厅关于落实《金融机构反洗钱监督管理办法（试行）》有关事项的通知（银办发〔2014〕263号）,〔2014〕263号,pbc,EXCLUDE,—,,,,,,562,已提取-可全文
RFN-T7-032,T7风险处置与反洗钱合规,中国人民银行办公厅关于进一步加强金融机构和支付机构反恐怖融资工作的通知,银办发[2014]62号,,—,—,,,,,,0,未在五源cleaned收录
RFN-T7-033,T7风险处置与反洗钱合规,涉及恐怖活动资产冻结管理办法,中国人民银行 公安部 国家安全部令[2014]第1号,supp,BOUNDARY,低,,,保单|分支机构,银行业,[body]…关资产采取冻结措施。 第四条 金融机构、特定非金融机构应当制定冻结涉及恐怖活动资产的内部操作规程和控制措施，对分支机构和附属机构执行本办法的情况进行监督管理；指定专门机构或者人员关注并及时掌握恐怖活动组织及恐怖活动人员名单的变动…,6356,已提取-可全文
RFN-T7-034,T7风险处置与反洗钱合规,保险机构洗钱和恐怖融资风险评估及客户分类管理指引,保监发[2014]110号,supp,INCLUDE,中,人身保险|人身保险公司|寿险,,,保险中介机构|再保险公司|财产保险公司|财产险,[body]…会制定了《保险机构洗钱和恐怖融资风险评估及客户分类管理指引》（以下简称《指引》），现印发给你们，请遵照执行。 人身保险公司、财产保险公司应自发布之日起执行《指引》。立即执行有困难的，可于2015年3月1日前向中国保监会稽查局提交延期…,18138,已提取-可全文
RFN-T7-035,T7风险处置与反洗钱合规,中国保监会关于调整上报开展治理商业贿赂专项工作情况的通知,保监监察[2014]20号,supp,BOUNDARY,低,,,保险公司|保险资产管理,,[meta]…上报开展治理商业贿赂专项工作情况的通知 将保险业治理商业贿赂专项工作由集中治理转为常态化报送，明确保监局每年、保险公司每半年报送相关报表。 中国保险监督管理委员会 N/A N/A N/A 保监监察〔2014〕20号 各保监局，各…,851,已提取-可全文
RFN-T7-036,T7风险处置与反洗钱合规,中国人民银行令〔2025〕第10号（中国人民银行关于修改和废止部分规章的决定）,中国人民银行令〔2025〕第10号,pbc,EXCLUDE,中,,,保险公司|保险资产管理|分支机构,保险经纪|信托公司|商业银行|基金管理公司|证券公司|金融资产,[body]…二条修改为：“在境内设立的下列机构，履行本办法规定的金融机构大额交易和可疑交易报告义务： “（一）政策性银行、商业银行、农村合作银行、农村信用合作社、村镇银行； “（二）证券公司、期货公司、证券投资基金管理公司； “（三）保险公…,9697,已提取-可全文
RFN-T7-037,T7风险处置与反洗钱合规,中国保监会关于印发《广西辖区保险公司分支机构市场退出管理指引》的通知,保监发〔2016〕53号,nfra,BOUNDARY,低,人身保险公司,,,财产保险公司,[body]…/T1100－2014）及其他机动车辆保险理赔服务规范组织的车辆理赔服务测评中2年内累计3次不及格的； （三）人身保险公司市级分公司、中心支公司在广西保监局或当地保险行业协会根据相关服务规范组织的服务测评中2年内累计3次不及格的，或…,13147,已提取-可全文
RFN-T7-038,T7风险处置与反洗钱合规,金融机构大额交易和可疑交易报告管理办法,中国人民银行令〔2016〕第3号,pbc,EXCLUDE,中,,,保险公司|保险资产管理|分支机构,保险经纪|信托公司|商业银行|基金管理公司|证券公司|金融资产,[body]…二条修改为：“在境内设立的下列机构，履行本办法规定的金融机构大额交易和可疑交易报告义务： “（一）政策性银行、商业银行、农村合作银行、农村信用合作社、村镇银行； “（二）证券公司、期货公司、证券投资基金管理公司； “（三）保险公…,9697,已提取-可全文
RFN-T7-039,T7风险处置与反洗钱合规,中国人民银行关于加强反洗钱客户身份识别有关工作的通知（银发〔2017〕235号）,银发〔2017〕235号,pbc,EXCLUDE,—,,,,,,202,已提取-可全文
RFN-T7-040,T7风险处置与反洗钱合规,国务院办公厅关于完善反洗钱、反恐怖融资、反逃税监管体制机制的意见,国办函[2017]84号,supp,BOUNDARY,低,,,分支机构,银行业,[body]…构要加强反洗钱监管，以促进反洗钱义务机构自我管理、自主管理风险为目标，逐步建立健全法人监管框架。围绕法人机构和分支机构、集团公司和子公司在风险管理中的不同定位和功能，对反洗钱监管政策适度分层分类。加强反洗钱义务机构总部内控机制要…,12935,已提取-可全文
RFN-T7-041,T7风险处置与反洗钱合规,中国保险监督管理委员会行政处罚程序规定,保监会令〔2017〕1号,nfra,EXCLUDE,中,,保险兼业代理,保险公司|保险公司分支机构|保险机构|保险资产管理|分支机构,保险中介机构|保险公估|保险经纪|保险经纪机构,[body]…机构、保险经纪机构和保险公估机构。 本规定所称保险许可证，是指经营保险业务许可证、经营保险代理业务许可证、经营保险兼业代理业务许可证、经营保险经纪业务许可证和经营保险公估业务许可证。 第二章 管辖 第九条 派出机构负责对辖区内下列机…,32206,已提取-可全文
RFN-T7-042,T7风险处置与反洗钱合规,中国人民银行 中国银行保险监督管理委员会 中国证券监督管理委员会关于印发《互联网金融从业机构反洗钱和反恐怖融资管理办法（试行）》的通知（银发〔2018〕230号）,银发[2018]230号,pbc,EXCLUDE,—,,,,,,366,已提取-可全文
RFN-T7-043,T7风险处置与反洗钱合规,中国人民银行关于进一步做好受益所有人身份识别工作有关问题的通知（银发〔2018〕164号）,银发[2018]164号,pbc,EXCLUDE,—,,,,,,222,已提取-可全文
RFN-T7-044,T7风险处置与反洗钱合规,中国人民银行办公厅关于进一步加强反洗钱和反恐怖融资工作的通知（银办发〔2018〕130号）,N/A,pbc,EXCLUDE,—,,,,,,222,已提取-可全文
RFN-T7-045,T7风险处置与反洗钱合规,中国保监会关于印发《反保险欺诈指引》的通知,保监发〔2018〕24号,nfra,EXCLUDE,中,,,保险公司|保险机构|保险消费者|偿付能力|分支机构,再保险公司,[body]…监会）及其派出机构（以下简称派出机构）批准设立的保险集团（控股）公司、保险公司及其分支机构。保险专业中介机构、再保险公司和其他具有反保险欺诈职能的机构参照本指引开展反欺诈相关工作。 第三条 保险欺诈（以下简称欺诈）是指假借保险名义…,14739,已提取-可全文
RFN-T7-046,T7风险处置与反洗钱合规,银行保险违法行为举报处理办法,中国保险监督管理委员会令[2019]8号,nfra,EXCLUDE,中,,,保险机构,保险中介机构|商业银行|银行业|银行业金融机构,[meta]…派出机构（以下统称银行保险监督管理机构）对银行保险违法行为举报处理工作，维护经济金融秩序，根据《中华人民共和国银行业监督管理法》《中华人民共和国商业银行法》《中华人民共和国保险法》等有关法律、行政法规，制定本办法。 法规部 政…,6527,已提取-可全文
RFN-T7-047,T7风险处置与反洗钱合规,银行业金融机构反洗钱和反恐怖融资管理办法,银保监会令[2019]1号,nfra,EXCLUDE,中,,,分支机构,信托公司|商业银行|金融资产|银行业|银行业金融机构,[title]…银行业金融机构反洗钱和反恐怖融资管理办法 第一章 总则第一章 总则第一条  为预防洗钱和恐怖融资活动，做好银行业金融机构反洗…,12653,已提取-可全文
RFN-T7-048,T7风险处置与反洗钱合规,中国人民银行关于印发证券期货保险机构反洗钱执法检查数据提取接口规范的通知（银发〔2019〕63号）,银发〔2019〕63号,pbc,BOUNDARY,低,,,保险机构,,[title]…中国人民银行关于印发证券期货保险机构反洗钱执法检查数据提取接口规范的通知（银发〔2019〕63号） 中国人民银行关于印发证券期货保险机构反洗钱执法…,535,已提取-可全文
RFN-T7-049,T7风险处置与反洗钱合规,银行保险机构应对突发事件金融服务管理办法,中国银行保险监督管理委员会令[2020]10号,nfra,EXCLUDE,中,,,保单|保险产品|保险公司|保险机构|保险资产管理,保险中介机构|信托公司|商业银行|金融资产|银行业|银行业金融机构,[meta]…则第一条 为规范银行保险机构应对突发事件的经营活动和金融服务，保护客户的合法权利，增强监管工作的针对性，维护银行业保险业安全稳健运行，根据《中华人民共和国银行业监督管理法》《中华人民共和国商业银行法》《中华人民共和国保险法》…,11564,已提取-可全文
RFN-T7-050,T7风险处置与反洗钱合规,中国人民银行令〔2021〕第3号（金融机构反洗钱和反恐怖融资监督管理办法）,中国人民银行令〔2021〕第3号,pbc,EXCLUDE,中,,,保险公司|保险资产管理|分支机构,保险经纪|信托公司|商业银行|基金管理公司|证券公司|金融资产,[body]…本办法。 第二条 本办法适用于在中华人民共和国境内依法设立的下列金融机构： （一）开发性金融机构、政策性银行、商业银行、农村合作银行、农村信用合作社、村镇银行； （二）证券公司、期货公司、证券投资基金管理公司； （三）保险公司、…,11823,已提取-可全文
RFN-T7-051,T7风险处置与反洗钱合规,国家金融监督管理总局关于印发《银行保险机构涉刑案件风险防控管理办法》的通知,金规[2023]10号,nfra,EXCLUDE,中,,,保险公司|保险机构|保险理赔|保险资产管理|保险销售|分支机构,信托公司|再保险公司|商业银行|金融资产|银行业|银行业金融机构,[meta]…控管理办法》的通知 国家金融监督管理总局文件各监管局，各政策性银行、大型银行、股份制银行、外资银行、直销银行、金融资产管理公司、金融资产投资公司、理财公司，各保险集团（控股）公司、保险公司、保险资产管理公司、养老金管理公司、保险…,11358,已提取-可全文
RFN-T7-052,T7风险处置与反洗钱合规,国家金融监督管理总局关于印发《反保险欺诈工作办法》的通知,金规[2024]10号,nfra,EXCLUDE,中,,,保险公司|保险机构|分支机构,保险中介机构|再保险公司,[body]…系统安全可控运行。第六条 保险机构应将消费者权益保护作为反欺诈工作的出发点和落脚点，不断提升保险服务质效，引导保险中介机构、第三方外包服务商、消费者等依法合规、诚实守信参与保险活动，营造良好保险市场秩序，切实保护消费者合法权益。 第…,10702,已提取-可全文
RFN-T7-053,T7风险处置与反洗钱合规,国家金融监督管理总局关于印发金融机构涉刑案件管理办法的通知,金规[2024]12号,nfra,BOUNDARY,低,人身保险公司,个人保险代理人,,保险公估|保险经纪|信托公司|再保险公司|商业银行|财产保险公司|金融资产|银行业|银行业金融机构,[body]…业集团财务公司、金融租赁公司、汽车金融公司、消费金融公司、货币经纪公司、信托公司、理财公司、金融资产投资公司、人身保险公司、财产保险公司、保险资产管理公司、保险集团（控股）公司、再保险公司、政策性保险公司、相互保险组织、保险专业代理…,13870,已提取-可全文
RFN-T7-054,T7风险处置与反洗钱合规,国家金融监督管理总局 公安部印发《关于加强银行业保险业涉嫌犯罪案件移送工作的规定》的通知,金规[2025]7号,nfra,EXCLUDE,中,,,保险机构,商业银行|银行业,[title]…国家金融监督管理总局 公安部印发《关于加强银行业保险业涉嫌犯罪案件移送工作的规定》的通知 各金融监管局，各省、自治区、直辖市公安厅（局），新疆生产建设兵团公安…,8917,已提取-可全文
RFN-T7-055,T7风险处置与反洗钱合规,国家金融监督管理总局办公厅 中国人民银行办公厅关于印发《银行业保险业绿色金融高质量发展实施方案》的通知,金办发[2025]15号,nfra,EXCLUDE,中,,,保险产品|保险公司|保险机构|保险资产管理|保险资金|分支机构,商业银行|金融资产|银行业,[title]…国家金融监督管理总局办公厅 中国人民银行办公厅关于印发《银行业保险业绿色金融高质量发展实施方案》的通知 各金融监管局，中国人民银行上海总部、各省、自治区、直辖市及计划单列市…,14343,已提取-可全文
RFN-T7-056,T7风险处置与反洗钱合规,中华人民共和国反洗钱法,N/A,nfra,BOUNDARY,低,人身保险,,,银行业,[body]…一条 客户由他人代理办理业务的，金融机构应当按照规定核实代理关系，识别并核实代理人的身份。 金融机构与客户订立人身保险、信托等合同，合同的受益人不是客户本人的，金融机构应当识别并核实受益人的身份。 第三十二条 金融机构依托第三方…,22836,已提取-可全文
RFN-T7-057,T7风险处置与反洗钱合规,金融机构客户身份识别和客户身份资料及交易记录保存管理办法,N/A,nfra,EXCLUDE,中,,,,银行业,[meta]…客户身份识别和客户身份资料及交易记录保存管理办法 根据《中华人民共和国反洗钱法》等法律规定，中国人民银行、中国银行业监督管理委员会、中国证券监督管理委员会、中国保险监督管理委员会制定了《金融机构客户身份识别和客户身份资料及交易…,667,已提取-可全文
RFN-T7-058,T7风险处置与反洗钱合规,行政处罚法、行政许可法、治安管理处罚法,,,—,—,,,,,,0,未在五源cleaned收录
RFN-T7-059,T7风险处置与反洗钱合规,保险业重大突发事件应急处理规定,N/A,nfra,INCLUDE,中,,保险营销员,保险公司|保险公司分支机构|保险营销|偿付能力|分支机构,,[body]…致破产的； （四）保险公司计算机系统发生系统性故障，造成大量客户数据资料丢失； （五）100名以上的投保人或者保险营销员集体上访、静坐或者采取其他过激行为，或者虽然不足100人但影响恶劣的； （六）100名以上投保人集体退保或者起…,9704,已提取-可全文
RFN-T7-060,T7风险处置与反洗钱合规,防范和处置非法集资条例,中华人民共和国国务院令第737号,nfra,BOUNDARY,低,,,保险产品|分支机构,,[body]…府应当明确防范和处置非法集资工作机制的牵头部门（以下简称处置非法集资牵头部门），有关部门以及国务院金融管理部门分支机构、派出机构等单位参加工作机制；乡镇人民政府应当明确牵头负责防范和处置非法集资工作的人员。上级地方人民政府应当督…,11872,已提取-可全文
RFN-T7-061,T7风险处置与反洗钱合规,关于禁止商业贿赂行为的暂行规定,国家工商行政管理局令第60号,,—,—,,,,,,0,未在五源cleaned收录
RFN-T7-062,T7风险处置与反洗钱合规,最高人民法院最高人民检察院关于印发《关于办理商业贿赂刑事案件适用法律若干问题的意见》的通知,二OO八年十一月二十日下发,,—,—,,,,,,0,未在五源cleaned收录
RFN-T7-063,T7风险处置与反洗钱合规,关于加强联合国安理会制裁决议名单管理和FATF公布的高风险国家或地区客户管理的风险提示,,,—,—,,,,,,0,未在五源cleaned收录
RFN-T7-064,T7风险处置与反洗钱合规,中华人民共和国反垄断法,N/A,gov,EXCLUDE,—,,,,,,54,已提取-缺正文
RFN-T7-065,T7风险处置与反洗钱合规,中华人民共和国反不正当竞争法,N/A,gov,EXCLUDE,—,,,,,,57,已提取-缺正文
RFN-T7-066,T7风险处置与反洗钱合规,中华人民共和国刑法,N/A,gov,EXCLUDE,—,,,,,,47,已提取-缺正文
RFN-T8-001,T8数据治理与机构准入,关于做好2002年年度报告编报工作的通知,保监发〔2002〕138号,nfra,INCLUDE,中,人寿保险公司|健康险|养老保险|寿险,,,再保险公司|财产保险公司|财产险,[body]…年度内重大事项（包括重大的投资、关联交易、再保险安排、赔付、合同、诉讼等）、财务报告、审计报告、其他事项。鼓励寿险公司在年报中披露内在价值（Embedded Value）有关信息。 四、财务报告至少应包括财务报表及其附注。财…,6082,已提取-可全文
RFN-T8-002,T8数据治理与机构准入,关于保险公司经营区域有关问题的通知,保监发[2003]120号,supp,EXCLUDE,中,,保险兼业代理,保险公司|保险公司分支机构|分支机构,保险中介机构|保险公估|保险经纪公司,[body]…者设立营销服务部的方式在该省、 自治区或直辖市的行政辖区内开展业务。 保险公司及其分支机构不得委托注册地以外的保险兼业代理机构开展异地业务。 二、 保险公司分支机构变更经营区域范围的， 应凭总公司书面授权书到当地保监办变更许可证经营…,1566,已提取-可全文
RFN-T8-003,T8数据治理与机构准入,保险公司管理规定,保监会令〔2004〕3号,nfra,INCLUDE,中,,保险代理人,保单|保险公司|保险公司分支机构|保险机构|保险条款|保险销售|偿付能力|分支机构,再保险公司,[body]…公开咨询投诉电话。 保险机构对保险投诉应当认真处理，并将处理意见及时告知投诉人。 第五十三条 保险机构应当建立保险代理人的登记管理制度，加强对保险代理人的培训和管理，不得唆使、诱导保险代理人进行违背诚信义务的活动。 第五十四条 保…,18888,已提取-可全文
RFN-T8-004,T8数据治理与机构准入,中国保险监督管理委员会派出机构监管职责规定,保监会令〔2004〕7号,nfra,EXCLUDE,中,,保险兼业代理,保险产品|保险公司|保险公司分支机构|保险机构|保险条款|分支机构,保险中介机构|保险公估|保险经纪机构,[body]…、营销服务部。 本规定所称保险中介机构，是指保险经纪机构、保险公估机构、保险代理机构和上述机构的分支机构，以及保险兼业代理机构。 第二章 机构管理 第六条 派出机构负责辖区内下列中资保险公司分支机构的机构管理工作： （一）核准保险公…,6716,已提取-可全文
RFN-T8-005,T8数据治理与机构准入,关于启用中国保险统计信息系统的通知,保监发〔2004〕123号,nfra,INCLUDE,中,人寿保险|健康险|寿险,,,,[body]…指标附注。其中，出口信用保险公司、农业保险公司和汽车险公司报送的保险统计指标比照产险公司执行；养老金保险公司、健康险保险公司报送的保险统计指标比照寿险公司执行。 （二）除报送保险统计指标外，各保险集团公司、保险控股公司、保险公…,4820,已提取-可全文
RFN-T8-006,T8数据治理与机构准入,关于印发《人身保险保单标准化工作指引（试行）》的通知,保监发〔2005〕108号,nfra,INCLUDE,高,人身保险|人身保险公司,,,,[title]…关于印发《人身保险保单标准化工作指引（试行）》的通知 保监发〔2005〕108号。各人身保险公司：。为提升全行业服务水平，规范人…,460,已提取-可全文
RFN-T8-007,T8数据治理与机构准入,转发中国人民银行关于商业银行对外资保险公司办理人民币协议存款业务的利率等相关问题的通知,保监发[2005]23号,,—,—,,,,,,0,未在五源cleaned收录
RFN-T8-008,T8数据治理与机构准入,关于印发《保险公司分支机构开业统计与信息化建设验收指引》的通知,保监发〔2005〕44号,nfra,BOUNDARY,低,,,保险公司|保险公司分支机构|分支机构,,[title]…关于印发《保险公司分支机构开业统计与信息化建设验收指引》的通知 保监发〔2005〕44号。各保监局、各保险公司：。为规范保险公司分支机构…,3908,已提取-可全文
RFN-T8-009,T8数据治理与机构准入,关于印发《中国保监会保险统计现场检查工作规程》的通知,保监发〔2005〕101号,nfra,BOUNDARY,低,,,保险公司|保险机构|保险资产管理,,[meta]…关于印发《中国保监会保险统计现场检查工作规程》的通知 保监发〔2005〕101号。各保监局、各保险公司、保险资产管理公司：。为使保险统计现场检查工作规范化、制度化，确保保险统计信息质量，充分发挥保险统计服务保险监…,798,已提取-可全文
RFN-T8-010,T8数据治理与机构准入,关于开展保险公司数据质量问题调查的通知,保监厅发〔2005〕80号,nfra,BOUNDARY,低,,,保险公司|保险公司分支机构|分支机构,,[title]…关于开展保险公司数据质量问题调查的通知 保监厅发〔2005〕80号。各保监局：。自2005年1月保险公司统计数据由保险集团公司…,1743,已提取-可全文
RFN-T8-011,T8数据治理与机构准入,关于加强保险统计数据信息管理的通知,保监厅发〔2005〕112号,nfra,BOUNDARY,低,,,保险公司|保险机构,,[meta]…会统计数据信息报送、汇总的及时性、完整性和准确性，为促进保险监管工作发挥了积极的作用。但最近有部分保监局、部分保险公司反映存在快报数据信息被泄露给部分保险机构的现象，给当地监管工作和保险公司经营活动造成一定的被动。 N/A 政策…,1691,已提取-可全文
RFN-T8-012,T8数据治理与机构准入,关于发布“机构数”等统计指标填报标准的通知,保监厅发〔2005〕79号,nfra,EXCLUDE,中,,,保险公司,财产险,[body]…债券－企业债券]+[应收利息－债券－其他]+[应收利息－债券－次级债]。 三、指标代码调整 “分出保费－境外－财产险”指标代码61220066调整为61220067。 四、统计指标调整时间 本通知自下发之日起执行，统计指标和校…,2840,已提取-可全文
RFN-T8-013,T8数据治理与机构准入,关于保险公司2004年年度报告编报工作有关问题的通知（已失效）,保监财会〔2005〕94号,nfra,BOUNDARY,低,健康险|寿险,,,保险经纪|再保险公司|财产保险公司|财产险,[body]…年度内重大事项（包括重大的投资、关联交易、再保险安排、赔付、合同、诉讼等）、财务报告、审计意见、其他事项。鼓励寿险公司在年度报告中披露内含价值（Embedded Value）有关信息。     四、财务报告至少应包括财务报表…,7146,已提取-可全文
RFN-T8-014,T8数据治理与机构准入,保险公司设立境外保险类机构管理办法,中国保险监督管理委员会令[2006]7号,nfra,EXCLUDE,中,,,保单|保险公司|偿付能力|分支机构,保险中介机构|保险公估|保险经纪机构,[body]…，并依法登记注册的商业保险公司。 第三条 本办法所称境外保险类机构，是指保险公司的境外分支机构、境外保险公司和保险中介机构。 本办法所称保险中介机构，是指保险代理机构、保险经纪机构和保险公估机构。 第四条 本办法所称设立境外保险类机…,9122,已提取-可全文
RFN-T8-015,T8数据治理与机构准入,关于印发《寿险公司非现场监管规程（试行）》的通知,保监发〔2006〕5号,nfra,INCLUDE,高,人寿保险公司|健康保险|养老保险公司|寿险,,,,[title]…关于印发《寿险公司非现场监管规程（试行）》的通知 保监发〔2006〕5号。各保监局：。为规范寿险公司非现场监管工作，提高非现…,10935,已提取-可全文
RFN-T8-016,T8数据治理与机构准入,关于明确统计口径有关事项的通知,保监厅发〔2006〕94号,nfra,BOUNDARY,低,,,保险公司,,[meta]…关于明确统计口径有关事项的通知 保监厅发〔2006〕94号。各保险公司：。为规范保险公司统计信息的报送标准，提高数据的一致性和可比性，我会进一步明确了统计数据的统计期间，并根据有关…,889,已提取-可全文
RFN-T8-017,T8数据治理与机构准入,关于开展新会计准则下保险统计制度转换和对接系统切换工作的通知,保监统信〔2006〕1334号,nfra,BOUNDARY,低,,,保险公司|保险资产管理,,[meta]…关于开展新会计准则下保险统计制度转换和对接系统切换工作的通知 保监统信〔2006〕1334号。各保险公司、保险资产管理公司、保险公司筹备组、保险资产管理公司筹备组：。为实现新会计准则下保险公司、保险资产管理公司统计…,2822,已提取-可全文
RFN-T8-018,T8数据治理与机构准入,关于印发修订后的保险统计制度的通知,保监发〔2006〕127号,nfra,BOUNDARY,低,,,保险公司|保险资产管理,,[meta]…关于印发修订后的保险统计制度的通知 保监发〔2006〕127号。各保监局，各保险公司、保险资产管理公司、保险公司筹备组、保险资产管理公司筹备组：。根据财政部修订的企业会计准则，我会对现行保险统计…,2206,已提取-可全文
RFN-T8-019,T8数据治理与机构准入,关于《保险许可证管理办法》实施有关事宜的通知,保监发〔2007〕70号,nfra,EXCLUDE,中,,,保险公司|保险机构|保险资产管理,保险中介机构|保险公估|保险经纪公司,[meta]…管理办法》实施有关事宜的通知 保监发〔2007〕70号。各保监局，各保险公司、保险资产管理公司、保险代理公司、保险经纪公司、保险公估公司：。我会已于2007年6月22日以保监会令的形式对外发布《保险许可证管理办法》（以下称《办法》）…,2068,已提取-可全文
RFN-T8-020,T8数据治理与机构准入,关于保险公司地市级分支机构命名等有关问题的批复,保监法规[2007]1497号,,—,—,,,,,,0,未在五源cleaned收录
RFN-T8-021,T8数据治理与机构准入,关于发布《保险业务代码集》行业标准的通知,保监发〔2007〕131号,nfra,BOUNDARY,低,,,保险公司|保险资产管理,,[meta]…关于发布《保险业务代码集》行业标准的通知 保监发〔2007〕131号。各保监局，保监会机关各部门，各保险公司、保险资产管理公司、保险专业中介机构，国有保险公司监事会，中国保险行业协会，中国保险学会，全国金融标准化技术委…,884,已提取-可全文
RFN-T8-022,T8数据治理与机构准入,关于发布《保险基础数据元目录》行业标准的通知,保监发〔2007〕130号,nfra,BOUNDARY,低,,,保险公司|保险资产管理,,[meta]…关于发布《保险基础数据元目录》行业标准的通知 保监发〔2007〕130号。各保监局，保监会机关各部门，各保险公司、保险资产管理公司、保险专业中介机构，国有保险公司监事会，中国保险行业协会，中国保险学会，全国金融标准化技术委…,890,已提取-可全文
RFN-T8-023,T8数据治理与机构准入,关于发布《保险行业机构代码编码规范》行业标准的通知,保监发〔2007〕128号,nfra,BOUNDARY,低,,,保险公司|保险资产管理,,[meta]…关于发布《保险行业机构代码编码规范》行业标准的通知 保监发〔2007〕128号。各保监局，保监会机关各部门，各保险公司、保险资产管理公司、保险专业中介机构，国有保险公司监事会，中国保险行业协会，中国保险学会，全国金融标准化技术委…,891,已提取-可全文
RFN-T8-024,T8数据治理与机构准入,关于加强保险业信息化工作重大事项管理的通知,保监厅发〔2007〕8号,nfra,BOUNDARY,低,,,保险公司|保险资产管理,,[meta]…关于加强保险业信息化工作重大事项管理的通知 保监厅发〔2007〕8号。各保险集团（控股）公司、保险公司、保险资产管理公司：。为贯彻落实《中国保险业发展“十一五”规划信息化重点专项规划》，防范化解信息技术风险，进一…,1960,已提取-可全文
RFN-T8-025,T8数据治理与机构准入,信息安全等级保护管理办法[全文],公通字[2007]43号,supp,EXCLUDE,—,,,,,,15798,已提取-可全文
RFN-T8-026,T8数据治理与机构准入,关于印发《人身保险业务档案管理规范》的通知,保监发〔2007〕51号,nfra,INCLUDE,高,人身保险|人身保险公司,,,,[title]…关于印发《人身保险业务档案管理规范》的通知 保监发〔2007〕51号。各人身保险公司：。《人身保险业务档案管理规范》（DA/T3…,1039,已提取-可全文
RFN-T8-027,T8数据治理与机构准入,关于开展保险业（第二批）信息系统安全等级保护定级工作的通知,保监厅发〔2007〕80号,nfra,BOUNDARY,低,人寿保险,,,,[body]…一、第二批开展定级工作的单位范围 除第一批单位(保监会及各保监局，中国保险行业协会，中国人民保险集团公司、中国人寿保险（集团）公司、中国再保险（集团）股份有限公司、中国出口信用保险公司、民生人寿保险股份有限公司、阳光保险控股股份…,3383,已提取-可全文
RFN-T8-028,T8数据治理与机构准入,关于印发《新增长期意外险等业务统计指标》的通知,保监厅发〔2008〕45号,nfra,BOUNDARY,低,,,保险公司,,[meta]…关于印发《新增长期意外险等业务统计指标》的通知 保监厅发〔2008〕45号。各保险公司：。为全面掌握长期意外险等业务发展情况，科学制定监管政策，我会制定了《新增长期意外险等业务统计指标》，现印发给…,2545,已提取-可全文
RFN-T8-029,T8数据治理与机构准入,关于贯彻落实保险行业标准的通知,保监发〔2008〕14号,nfra,BOUNDARY,低,,,保险公司|保险资产管理,,[meta]…关于贯彻落实保险行业标准的通知 保监发〔2008〕14号。各保监局，保监会机关各部门，各保险公司、保险资产管理公司、保险专业中介机构，国有保险公司监事会，中国保险行业协会，中国保险学会，全国金融标准化技术委…,1292,已提取-可全文
RFN-T8-030,T8数据治理与机构准入,关于发布《保险标准化工作指南》行业标准的通知,保监发〔2008〕4号,nfra,BOUNDARY,低,,,保险公司|保险资产管理,,[meta]…关于发布《保险标准化工作指南》行业标准的通知 保监发〔2008〕4号。各保监局，保监会机关各部门，各保险公司、保险资产管理公司、保险专业中介机构，国有保险公司监事会，中国保险行业协会，中国保险学会，全国金融标准化技术委…,882,已提取-可全文
RFN-T8-031,T8数据治理与机构准入,关于印发《保险业信息系统灾难恢复管理指引》的通知,保监发〔2008〕20号,nfra,BOUNDARY,低,,,保险公司|保险机构|保险资产管理,,[meta]…关于印发《保险业信息系统灾难恢复管理指引》的通知 保监发〔2008〕20号。各保险公司、保险资产管理公司：。为加强保险信息安全基础设施建设，推进信息系统灾难恢复工作，根据《中华人民共和国保险法》和…,14250,已提取-可全文
RFN-T8-032,T8数据治理与机构准入,关于调整现金流量类统计指标报送内容有关事项的通知,保监发〔2009〕15号,nfra,BOUNDARY,低,,,保险公司,金融资产,[meta]…关于调整现金流量类统计指标报送内容有关事项的通知 保监发〔2009〕15号。各保险公司:。根据保险监管工作的需要，为及时观测行业风险，我会对各公司向《中国保险统计信息系统》中报送的有关现金流量类统…,1781,已提取-可全文
RFN-T8-033,T8数据治理与机构准入,关于保险许可证采用新编码规则的通知,保监厅发〔2009〕18号,nfra,BOUNDARY,低,,,保险公司|保险机构|保险资产管理,,[meta]…关于保险许可证采用新编码规则的通知 保监厅发〔2009〕18号。各保监局，各保险公司、保险资产管理公司：。为加强保险许可证管理，我会将对非中介类保险许可证启用新的编码规则。现将有关事宜通知如下：…,1284,已提取-可全文
RFN-T8-034,T8数据治理与机构准入,关于发布《巨灾保险数据采集规范》行业标准的通知,保监发〔2009〕52号,nfra,BOUNDARY,低,,,保险公司|保险资产管理,,[meta]…关于发布《巨灾保险数据采集规范》行业标准的通知 保监发〔2009〕52号。各保监局、保监会机关各部门，各保险公司、保险资产管理公司、保险专业中介机构，国有保险公司监事会、中国保险行业协会、中国保险学会，全国金融标准化技术委…,790,已提取-可全文
RFN-T8-035,T8数据治理与机构准入,关于发布《保险基础数据模型》行业标准的通知,保监发〔2009〕31号,nfra,BOUNDARY,低,,,保险公司|保险资产管理,,[meta]…关于发布《保险基础数据模型》行业标准的通知 保监发〔2009〕31号。各保监局，保监会机关各部门，各保险公司、保险资产管理公司、保险专业中介机构，国有保险公司监事会，中国保险行业协会、中国保险学会，全国金融标准化技术委…,792,已提取-可全文
RFN-T8-036,T8数据治理与机构准入,关于发布《保险公司统计分析指标体系规范》行业标准的通知,保监发〔2009〕30号,nfra,BOUNDARY,低,,,保险公司|保险资产管理,,[title]…关于发布《保险公司统计分析指标体系规范》行业标准的通知 保监发〔2009〕30号。各保监局，保监会机关各部门，各保险公司、保险资…,793,已提取-可全文
RFN-T8-037,T8数据治理与机构准入,关于发布《2009版保险术语》行业标准的通知,保监发〔2009〕29号,nfra,BOUNDARY,低,,,保险公司|保险资产管理,,[meta]…关于发布《2009版保险术语》行业标准的通知 保监发〔2009〕29号。各保监局，保监会机关各部门，各保险公司、保险资产管理公司、保险专业中介机构，国有保险公司监事会，中国保险行业协会、中国保险学会，全国金融标准化技术委…,796,已提取-可全文
RFN-T8-038,T8数据治理与机构准入,关于印发《保险公司信息化工作管理指引（试行）》的通知,保监发〔2009〕133号,nfra,BOUNDARY,低,,,保险公司|保险资产管理|分支机构,,[title]…关于印发《保险公司信息化工作管理指引（试行）》的通知 保监发〔2009〕133号。各保监局，各保险公司、保险资产管理公司：。为加…,7293,已提取-可全文
RFN-T8-039,T8数据治理与机构准入,关于印发《中国保险行业协会网站信息管理办法》的通知,中保协发[2009],,—,—,,,,,,0,未在五源cleaned收录
RFN-T8-040,T8数据治理与机构准入,关于开展保险公司财务业务数据真实性自查工作的通知（已失效）,保监发〔2009〕9号,nfra,BOUNDARY,低,,,保单|保险公司|分支机构,,[title]…关于开展保险公司财务业务数据真实性自查工作的通知（已失效） 保监发〔2009〕9号。各保险公司:。为贯彻落实全国保险工作会议和…,4736,已提取-可全文
RFN-T8-041,T8数据治理与机构准入,关于发布《寿险单证》行业标准的通知,保监发〔2009〕33号,nfra,INCLUDE,高,寿险,,,,[title]…关于发布《寿险单证》行业标准的通知 保监发〔2009〕33号。各保监局，保监会机关各部门，各保险公司、保险资产管理公司、保险…,780,已提取-可全文
RFN-T8-042,T8数据治理与机构准入,关于开展保险数据真实性抽查工作的通知（已失效）,保监发〔2009〕62号,nfra,INCLUDE,中,寿险,,,保险中介机构,[body]…查工作组织领导不到位、不够深入、对整改工作存在畏难情绪、持观望态度的保险机构要作为重点检查对象。各保监局对产、寿险公司至少要各选取3家，既可以抽查省级分公司，也可以抽查地市中支公司。 （三）抽查工作安排 年初保监会安排了这次…,4645,已提取-可全文
RFN-T8-043,T8数据治理与机构准入,关于明确保险公司分支机构管理有关问题的通知,保监发〔2010〕49号,nfra,BOUNDARY,低,,,保险公司|保险公司分支机构|保险机构|保险营销|偿付能力|分支机构,,[title]…关于明确保险公司分支机构管理有关问题的通知 保监发〔2010〕49号。各保险公司、各保监局、机关各部门：。为了加强机构监管，统一执法标…,5551,已提取-可全文
RFN-T8-044,T8数据治理与机构准入,关于贯彻实施《保险公司管理规定》有关问题的通知,保监发〔2010〕26号,nfra,BOUNDARY,低,,,保险公司|保险公司分支机构|分支机构,,[title]…关于贯彻实施《保险公司管理规定》有关问题的通知 保监发〔2010〕26号。各保险公司、各保监局、机关各部门：。《保险公司管理规定》（…,4676,已提取-可全文
RFN-T8-045,T8数据治理与机构准入,关于发布《保险信息安全风险评估指标体系规范》行业标准的通知,保监发〔2010〕57号,nfra,BOUNDARY,低,,,保险公司|保险资产管理,,[meta]…《保险信息安全风险评估指标体系规范》行业标准的通知 保监发〔2010〕57号。各保监局，保监会机关各部门，国有保险公司监事会，中国保险行业协会，中国保险学会，各保险公司、保险资产管理公司，全国金融标准化技术委员会保险分技术委员会…,856,已提取-可全文
RFN-T8-046,T8数据治理与机构准入,中国保险监督管理委员会行政复议办法,中国保险监督管理委员会令[2010]1号,nfra,EXCLUDE,—,,,,,,13184,已提取-可全文
RFN-T8-047,T8数据治理与机构准入,关于建立人身险公司专管员联系机制的通知（已废止）,保监厅发〔2010〕52号,nfra,INCLUDE,高,人身保险|人身险公司,,,,[title]…关于建立人身险公司专管员联系机制的通知（已废止） 保监厅发〔2010〕52号。各保监局：。为加强监管信息的上传下达，推动监管工作…,2194,已提取-可全文
RFN-T8-048,T8数据治理与机构准入,保险公司信息披露管理办法（中国银行保险监督管理委员会令2018年第2号),保监统信〔2010〕604号,nfra,BOUNDARY,低,人身保险|人身保险公司,,,再保险公司|财产保险公司,[body]…设置情况。第十一条 保险公司披露的产品基本信息应当包括下列内容：（一）审批或者备案的保险产品目录、条款；（二）人身保险新型产品说明书；（三）中国银行保险监督管理委员会规定的其他产品基本信息。第十二条 保险公司披露的上一年度财务会…,10525,已提取-可全文
RFN-T8-049,T8数据治理与机构准入,关于印发《保险公司开业验收指引》的通知,保监发〔2011〕14号,nfra,EXCLUDE,中,,,保单|保险公司|保险机构|保险资产管理|偿付能力|分支机构,商业银行,[body]…管理部门负责人等关键岗位负责人相关材料。 （九）公司组织机构、部门设置及人员基本构成情况。 （十）与符合条件的商业银行签订的资产托管协议或合作意向书。 （十一）营业场所所有权或者使用权的证明文件及消防安全证明。 （十二）信息化建…,6912,已提取-可全文
RFN-T8-050,T8数据治理与机构准入,中国保监会关于报送年度信息披露报告的通知,保监厅发〔2012〕65号,nfra,INCLUDE,中,人寿保险|人身保险公司,,,财产保险公司,[meta]…中国保监会关于报送年度信息披露报告的通知 保监厅发〔2012〕65号。中国人寿保险（集团）公司，各人身保险公司、财产保险公司：。为进一步做好保险公司信息披露工作，方便保险消费者查询保险公司相关…,1432,已提取-可全文
RFN-T8-051,T8数据治理与机构准入,关于实施《保险专业代理机构基本服务标准》《保险经纪机构基本服务标准》《保险公估机构基本服务标准》的通知,保监发〔2013〕3号,nfra,EXCLUDE,中,,,保单|保险产品|保险公司|保险条款|保险消费者|偿付能力,保险中介机构|保险公估|保险经纪|保险经纪机构,[title]…关于实施《保险专业代理机构基本服务标准》《保险经纪机构基本服务标准》《保险公估机构基本服务标准》的通知 保监发〔2013〕3号。各保险中介机构，各保监局：。根据《保…,11624,已提取-可全文
RFN-T8-052,T8数据治理与机构准入,中国保监会关于印发《人身保险客户信息真实性管理暂行办法》的通知,保监发〔2013〕82号,nfra,INCLUDE,高,人身保险|人身保险公司,保险兼业代理|保险销售从业人员,,保险中介机构|保险经纪机构,[title]…中国保监会关于印发《人身保险客户信息真实性管理暂行办法》的通知 保监发〔2013〕82号。各保监局、各人身保险公司、各保险中介机构：。为加…,10594,已提取-可全文
RFN-T8-053,T8数据治理与机构准入,中国保监会关于印发《保险公司分支机构市场准入管理办法》的通知,保监发〔2013〕20号,nfra,BOUNDARY,低,,,保险公司|保险公司分支机构|保险机构|偿付能力|分支机构,,[title]…中国保监会关于印发《保险公司分支机构市场准入管理办法》的通知 保监发〔2013〕20号。各保险公司，各保监局，机关各部门：。为统一规范保险公司分支…,10380,已提取-可全文
RFN-T8-054,T8数据治理与机构准入,保险统计管理规定,保监会令2013年第1号,supp,EXCLUDE,中,,,保险公司|保险机构|保险资产管理|分支机构,保险中介机构,[body]…本规定： （一）保险集团公司； （二）保险控股公司； （三）政策性保险公司； （四）保险资产管理公司； （五）保险中介机构。 第四十一条 境外保险公司分公司的保险统计工作，适用保险公司的有关规定。 第四十二条 中国保监会派出机构可以…,8595,已提取-可全文
RFN-T8-055,T8数据治理与机构准入,中国保监会关于印发《保险公司业务范围分级管理办法》的通知,保监发〔2013〕41号,nfra,BOUNDARY,低,人寿保险|人身保险公司|健康保险,,,财产保险公司,[body]…，包括航空航天保险、海洋开发保险、石油天然气保险、核保险； （三）信用保证保险； （四）投资型保险。 第七条 人身保险公司基础类业务包括以下五项： （一）普通型保险，包括人寿保险和年金保险； （二）健康保险； （三）意外伤害保险；…,7453,已提取-可全文
RFN-T8-056,T8数据治理与机构准入,中国保监会办公厅关于进一步做好保险公司公开信息披露工作的通知,保监厅发〔2013〕15号,nfra,INCLUDE,中,人寿保险|人身保险公司,,,财产保险公司,[meta]…中国保监会办公厅关于进一步做好保险公司公开信息披露工作的通知 保监厅发〔2013〕15号。中国人寿保险（集团）公司，各财产保险公司、各人身保险公司：。为进一步贯彻落实《保险公司信息披露管理办法》（保监会令〔201…,2944,已提取-可全文
RFN-T8-057,T8数据治理与机构准入,中国保监会关于印发《保险公司所属非保险子公司管理暂行办法》的通知,保监发〔2014〕78号,nfra,EXCLUDE,中,,,保单|保险公司|保险消费者|保险资产管理|保险资金|偿付能力,保险公估|保险经纪机构|银行业,[body]…对其实施直接或间接控制的不属于保险类企业的境内、外公司，不包括保险公司、保险资产管理机构以及保险专业代理机构、保险经纪机构、保险公估机构。 本办法所称保险公司包括保险集团（控股）公司。 第三条  保险公司所属非保险子公司不得从事法律…,10984,已提取-可全文
RFN-T8-058,T8数据治理与机构准入,保险专业代理机构监管规定（2015年修订）,N/A,nfra,EXCLUDE,中,,,保单|保险产品|保险公司|保险销售|分支机构,保险中介机构|保险公估|保险经纪机构|商业银行,[body]…为保险专业代理公司的发起人或者股东。 保险公司员工投资保险专业代理公司的，应当书面告知所在保险公司；保险公司、保险中介机构的董事或者高级管理人员投资保险专业代理公司的，应当根据《公司法》有关规定取得股东会或者股东大会的同意。 第九条…,21720,已提取-可全文
RFN-T8-059,T8数据治理与机构准入,中国保监会关于取消和调整一批行政审批项目等事项的通知,保监发〔2015〕35号,nfra,EXCLUDE,中,,,保险公司|保险公司分支机构|保险机构|保险资产管理|分支机构|投资连结保险,保险中介机构,[body]…为后置审批的工商登记前置审批事项的后续管理措施。 四、请各保监局收到本通知后，及时转发辖内各保险公司分支机构、保险中介机构及其分支机构、国外保险机构驻华代表机构、保险行业协会、保险学会，并按照《中国保监会行政审批事项目录》（附件3）…,1326,已提取-可全文
RFN-T8-060,T8数据治理与机构准入,中国保监会关于发布《保险术语（JR/T 0032－2015》行业标准的通知,保监发〔2015〕125号,nfra,BOUNDARY,低,,,保险公司|保险资产管理,,[meta]…的通知 保监发〔2015〕125号。机关各部门，各保监局，中国保险行业协会、中国保险学会、中国精算师协会、中国保险资产管理业协会，中国保险保障基金有限责任公司、中国保险信息技术管理有限责任公司，各保险公司、保险资产管理公司，各保险专…,915,已提取-可全文
RFN-T8-061,T8数据治理与机构准入,中国保监会关于发布《保险业务代码集（JR/T 0034－2015）》行业标准的通知,保监发〔2015〕124号,nfra,BOUNDARY,低,,,保险公司|保险资产管理,,[meta]…的通知 保监发〔2015〕124号。机关各部门，各保监局，中国保险行业协会、中国保险学会、中国精算师协会、中国保险资产管理业协会，中国保险保障基金有限责任公司、中国保险信息技术管理有限责任公司，各保险公司、保险资产管理公司、保险专业…,929,已提取-可全文
RFN-T8-062,T8数据治理与机构准入,关于发布《农业保险数据规范（JR/T 0128－2015）》行业标准的通知,保监发〔2015〕77号,nfra,EXCLUDE,中,,,保险公司|保险资产管理,保险中介机构,[meta]…5）》行业标准的通知 保监发〔2015〕77号。机关各部门，各保监局，培训中心，各保险公司、保险资产管理公司、保险中介机构，中国保险行业协会、中国保险学会、中国精算师协会，中国保险资产管理业协会，中国保险保障基金有限责任公司、中国保…,843,已提取-可全文
RFN-T8-063,T8数据治理与机构准入,关于发布《保险基础数据模型（JR/T 0048－2015）》行业标准的通知,保监发〔2015〕72号,nfra,EXCLUDE,中,,,保险公司|保险资产管理,保险中介机构,"[meta]…5）》行业标准的通知 保监发〔2015〕72号。机关各部门,各保监局，培训中心，各保险公司、保险资产管理公司、保险中介机构，中国保险行业协会、中国保险学会、中国精算师协会，中国保险资产管理业协会，中国保险保障基金有限责任公司、中国保…",843,已提取-可全文
RFN-T8-064,T8数据治理与机构准入,关于发布《保险基础数据元目录（JR/T 0033－2015）》行业标准的通知,保监发〔2015〕71号,nfra,EXCLUDE,中,,,保险公司|保险资产管理,保险中介机构,[meta]…5）》行业标准的通知 保监发〔2015〕71号。机关各部门，各保监局，培训中心，各保险公司、保险资产管理公司、保险中介机构，中国保险行业协会、中国保险学会、中国精算师协会、中国保险资产管理业协会，中国保险保障基金有限责任公司、中国保…,846,已提取-可全文
RFN-T8-065,T8数据治理与机构准入,保险公司管理规定（2015修订）,中国保险监督管理委员会令2015年第3号,nfra,BOUNDARY,低,,,保险公司,,[title]…保险公司管理规定（2015修订）  中国保险监督管理委员会 法律法规 N/A     N/A…,44,已提取-缺正文
RFN-T8-066,T8数据治理与机构准入,中国保监会关于印发《保险集团并表监管统计制度》的通知,保监发〔2016〕29号,nfra,EXCLUDE,中,,,保险公司|保险资产管理|偿付能力,信托公司|证券公司|金融资产,[body]…担保、金融担保、承诺事项等。 7.保险业：保险集团公司、保险公司和保险资产管理公司。 8.非保险金融业：银行、信托公司、证券公司、基金公司、期货公司和金融租赁公司。 9.非金融业：除保险业及非保险金融业以外的公司和实体。 10.…,6047,已提取-可全文
RFN-T8-067,T8数据治理与机构准入,中国保险监督管理委员会 中国人民银行关于发布《银行保险业务人寿保险数据交换规范》行业标准的通知,保监发〔2016〕24号,nfra,INCLUDE,高,人寿保险,,,保险中介机构|商业银行,[title]…中国保险监督管理委员会 中国人民银行关于发布《银行保险业务人寿保险数据交换规范》行业标准的通知 保监发〔2016〕24号。 N/A 政策规章规范性文件 N/A N/A 保监发〔…,1098,已提取-可全文
RFN-T8-068,T8数据治理与机构准入,中国保监会关于印发《新增保险功能服务统计指标》的通知,保监发〔2016〕20号,nfra,BOUNDARY,低,人身保险,,,银行业,[body]…险：指以在出口过程中因进口商方面的商业风险或进口国方面的政治风险而遭受经济损失为保险标的的信用保险。 5.小额人身保险：指保险公司面向低收入群体提供的人身保险产品的总称。填报口径按照《关于印发〈全面推广小额人身保险方案〉的通知》…,2888,已提取-可全文
RFN-T8-069,T8数据治理与机构准入,中国保监会关于进一步加强保险公司开业验收工作的通知,保监发〔2017〕51号,nfra,BOUNDARY,低,,,保险公司|保险资产管理|分支机构,,[title]…中国保监会关于进一步加强保险公司开业验收工作的通知 保监发〔2017〕51号   各中资保险公司筹备组：   为规范保险公司筹建行为，严格开业…,3412,已提取-可全文
RFN-T8-070,T8数据治理与机构准入,2019年4月1日，中国保险业首个国家标准《保险术语（GB/T 36687-2018）》正式实施,,,—,—,,,,,,0,未在五源cleaned收录
RFN-T8-071,T8数据治理与机构准入,保险术语（GB/T 36687-2018）,国家标准（2019-04-01实施）,,—,—,,,,,,0,未在五源cleaned收录
RFN-T8-072,T8数据治理与机构准入,中国银行保险监督管理委员会派出机构监管职责规定,中国银行保险监督管理委员会令[2021]9号,nfra,EXCLUDE,中,,,保险公司|保险机构|保险资产管理|偿付能力,保险公估|保险经纪机构|信托公司|商业银行|金融资产|银行业|银行业金融机构,[meta]…督管理委员会第一条　为明确中国银行保险监督管理委员会（以下简称银保监会）派出机构监管职责，根据《中华人民共和国银行业监督管理法》《中华人民共和国商业银行法》《中华人民共和国保险法》等法律、行政法规，制定本规定。 法规部 政策规…,6414,已提取-可全文
RFN-T8-073,T8数据治理与机构准入,保险公司非现场监管暂行办法,中国银行保险监督管理委员会令[2022]3号,nfra,INCLUDE,中,人身保险公司,,,再保险公司|财产保险公司,[body]…果、拟采取的监管措施等信息。第二十四条 机构监管部门根据保险公司的业务范围和机构层级，制定适用于财产保险公司、人身保险公司和再保险公司的风险监测和非现场监管评估指引，明确风险监测指标的定义和非现场监管评估的方法，并根据保险行业和金融…,8268,已提取-可全文
RFN-T8-074,T8数据治理与机构准入,国家金融监督管理总局关于加强科技型企业全生命周期金融服务的通知,金发[2024]2号,nfra,BOUNDARY,低,,,保单|保险机构|保险资金|偿付能力|分支机构,银行业,[body]…机制，构建科技金融服务长效机制。二、持续深化科技金融组织管理机制建设（三）健全组织架构。鼓励有条件有能力的银行保险机构根据自身情况，将科技金融纳入机构战略规划和年度重点任务。建立健全科技金融工作领导协调机制，加强统筹协调和规划部…,7269,已提取-可全文
RFN-T8-075,T8数据治理与机构准入,国家金融监督管理总局办公厅关于印发保险公司县域机构统计制度的通知,金办发[2024]94号,nfra,INCLUDE,中,人寿保险|人身保险公司|健康保险,,,财产保险公司,[body]…县域机构监管和风险防控，特制定本制度。一、统计内容保险公司县域机构统计报表包括《财产保险公司县域机构统计表》《人身保险公司县域机构统计表》（详见附件），具体内容有：各行政区域的原保险保费收入、赔付支出；有关险种的保险金额、签单数量、…,3861,已提取-可全文
RFN-T8-076,T8数据治理与机构准入,国家金融监督管理总局关于印发银行保险机构数据安全管理办法的通知,金规[2024]24号,nfra,EXCLUDE,中,,,保险公司|保险机构|保险资产管理,信托公司|商业银行|金融资产|银行业|银行业金融机构,[meta]…管理总局关于印发金规〔2024〕24号 各金融监管局，各政策性银行、大型银行、股份制银行、外资银行、直销银行、金融资产管理公司、金融资产投资公司、理财公司，各保险集团（控股）公司、保险公司、保险资产管理公司、养老金管理公司、保险…,24116,已提取-可全文
RFN-T8-077,T8数据治理与机构准入,公开发行证券的公司信息披露编报规则第4号——保险公司信息披露特别规定(2024年修订),中国证券监督管理委员会公告（〔2024〕10号）,,—,—,,,,,,0,未在五源cleaned收录
RFN-T8-078,T8数据治理与机构准入,国家金融监督管理总局办公厅关于银行保险机构侵害个人信息权益乱象专项整治发现主要问题的通报,金办发[2024]25号,,—,—,,,,,,0,未在五源cleaned收录
RFN-T8-079,T8数据治理与机构准入,保险业IT服务管理基本规范,JR/T 0074—2024,,—,—,,,,,,0,未在五源cleaned收录
RFN-T8-080,T8数据治理与机构准入,国家金融监督管理总局办公厅关于加强银行业保险业移动互联网应用程序管理的通知,金办发[2024]99号,nfra,BOUNDARY,低,,,保险公司|保险资产管理|分支机构,金融资产|银行业|银行业金融机构,[meta]…型银行、股份制银行、外资银行、直销银行、金融资产管理公司、金融资产投资公司、理财公司，各保险集团（控股）公司、保险公司、保险资产管理公司、养老金管理公司，各金融控股公司：为指导银行业金融机构、保险业金融机构和金融控股公司（以下统…,5747,已提取-可全文
RFN-T8-081,T8数据治理与机构准入,国家金融监督管理总局办公厅 科技部办公厅  国家发展改革委办公厅关于印发《银行业保险业科技金融高质量发展实施方案》的通知,金办发[2025]31号,nfra,EXCLUDE,中,,,保险产品|保险公司|保险机构|保险资产管理|保险资金|分支机构,商业银行|金融资产|银行业,[title]…国家金融监督管理总局办公厅 科技部办公厅  国家发展改革委办公厅关于印发《银行业保险业科技金融高质量发展实施方案》的通知 各金融监管局；各省、自治区、直辖市、计划单列市科技厅（委、局），新疆…,10058,已提取-可全文
RFN-T8-082,T8数据治理与机构准入,国家金融监督管理总局关于修改部分规章的决定,国家金融监督管理总局令[2025]4号,nfra,EXCLUDE,中,,,保险公司|保险机构|保险资产管理|保险资金|分支机构,信托公司|商业银行|基金管理公司|金融资产|银行业,[meta]…决定 为做好有关监管制度与《中华人民共和国公司法》的衔接，国家金融监督管理总局决定对部分规章进行修改：一、在《信托公司管理办法》第四十三条增加一款，作为第二款：“信托公司按照公司章程规定，在董事会中设置由董事组成的审计委员会行使…,64940,已提取-可全文
RFN-T8-083,T8数据治理与机构准入,银行保险机构许可证管理办法,国家金融监督管理总局令[2026]2号,nfra,BOUNDARY,低,人身保险公司,保险兼业代理,,保险中介机构|保险经纪|信托公司|再保险公司|商业银行|财产保险公司|金融资产|银行业,[body]…业银行、城市商业银行、民营银行、直销银行、外资银行、农村中小银行等银行机构及其分支机构，保险集团（控股）公司、人身保险公司、财产保险公司、再保险公司、保险资产管理公司、政策性保险公司、相互保险组织等保险机构及其分支机构，金融资产管理…,9357,已提取-可全文
RFN-T8-084,T8数据治理与机构准入,再保险公司设立规定,N/A,nfra,EXCLUDE,中,,,保险公司,再保险公司,[title]…再保险公司设立规定 保监会令（2002）4号　2002年9月17日。第一条 为促进再保险市场的发展，规范再保险公司的设立…,1742,已提取-可全文
RFN-T8-085,T8数据治理与机构准入,中华人民共和国外资保险公司管理条例,中华人民共和国国务院令第336号,nfra,BOUNDARY,低,人寿保险|人身保险|健康保险,,,,[body]…务院保险监督管理机构批准。 设立外资保险公司的地区，由国务院保险监督管理机构按照有关规定确定。第六条 设立经营人身保险业务的外资保险公司和经营财产保险业务的外资保险公司，其设立形式、外资比例由国务院保险监督管理机构按照有关规定确…,10407,已提取-可全文
RFN-T8-086,T8数据治理与机构准入,中国保险监督管理委员会关于修改《保险公司设立境外保险类机构管理办法》等八部规章的决定,N/A,nfra,BOUNDARY,低,人身保险公司,,,保险公估|保险经纪|保险经纪公司|保险经纪机构,[body]…务管理规定》作出修改 （一）删去第二十三条。 （二）将第二十四条改为第二十三条，并删去“经批准的”。 八、对《人身保险公司保险条款和保险费率管理办法》作出修改 （一）将第三十四条第三项中“有《保险法》第一百三十七条规定情形的”修改为…,16116,已提取-可全文
RFN-T8-087,T8数据治理与机构准入,保险公司保险业务转让管理暂行办法,N/A,nfra,BOUNDARY,低,人身保险,,,,[body]…息、 转让方案概要及责任承担等相关事宜书面告知相关投保人、 被保险人， 并征得相关投保人、 被保险人的同意； 人身保险合同的被保险人死亡的， 转让方保险公司应当书面告知受益人并征得其同意。  保险业务转让双方应当合理实施业务转让…,3759,已提取-可全文
RFN-T8-088,T8数据治理与机构准入,保险许可证管理办法,N/A,nfra,EXCLUDE,中,,保险兼业代理,保险公司|保险公司分支机构|保险营销|保险资产管理|分支机构,保险公估|保险经纪|保险经纪机构,[body]…； （三）保险资产管理公司及其分支机构； （四）保险代理机构、保险经纪机构、保险公估机构及其分支机构； （五）保险兼业代理机构； （六）中国保监会规定的其他保险类机构。 第五条本办法所称保险许可证包括下列几种类型： （一）保险公司法…,6400,已提取-可全文
RFN-T8-089,T8数据治理与机构准入,中国保险监督管理委员会行政许可实施办法,N/A,nfra,BOUNDARY,低,,,保险机构,,[body]…员会（以下简称中国保监会）及中国保监会派出机构（以下简称派出机构）行政许可的实施，提高保险监管效率，维护公民、保险机构、其他法人和组织的合法权益，根据《中华人民共和国行政许可法》、《中华人民共和国保险法》，制定本办法。 第二条…,9343,已提取-可全文
RFN-T8-090,T8数据治理与机构准入,银行保险监管统计管理办法,N/A,nfra,EXCLUDE,中,,,保险公司|保险机构|保险资产管理|分支机构,商业银行|金融资产|银行业,[meta]…银行保险监管统计管理办法 总  则  第一章  总  则 第一条  为加强银行业保险业监管统计管理，规范监管统计行为，提升监管统计质效，落实统计监督职能，促进科学监管和行业平稳健康发展，根据…,8416,已提取-可全文
RFN-T8-091,T8数据治理与机构准入,网络数据安全管理条例,中华人民共和国国务院令第790号,gov,BOUNDARY,低,,,保险公司,,[body]…网络平台服务提供者、第三方产品和服务提供者、预装应用程序的智能终端等设备生产者应当依法承担相应责任。 国家鼓励保险公司开发网络数据损害赔偿责任险种，鼓励网络平台服务提供者、预装应用程序的智能终端等设备生产者投保。 第四十一条 提…,41145,已提取-可全文
RFN-T8-092,T8数据治理与机构准入,保险统计管理暂行规定,N/A,nfra,EXCLUDE,中,,,保险公司|保险机构|保险资产管理|分支机构,保险中介机构,[body]…、行政法规或者中国保监会有规定的，适用其规定；法律、行政法规或者中国保监会没有其他规定的，适用本规定： （一）保险中介机构； （二）保险集团公司； （三）保险控股公司； （四）政策性保险公司； （五）保险资产管理公司。 第四十二条…,8760,已提取-可全文
